"fecha","Country","Purpose","Count"
2005-01-01,"Canada","Business",924
2005-02-01,"Canada","Business",1036
2005-03-01,"Canada","Business",1301
2005-04-01,"Canada","Business",1293
2005-05-01,"Canada","Business",1115
2005-06-01,"Canada","Business",813
2005-07-01,"Canada","Business",881
2005-08-01,"Canada","Business",1446
2005-09-01,"Canada","Business",1236
2005-10-01,"Canada","Business",1244
2005-11-01,"Canada","Business",1408
2005-12-01,"Canada","Business",755
2006-01-01,"Canada","Business",865
2006-02-01,"Canada","Business",1198
2006-03-01,"Canada","Business",1400
2006-04-01,"Canada","Business",784
2006-05-01,"Canada","Business",1279
2006-06-01,"Canada","Business",1023
2006-07-01,"Canada","Business",1372
2006-08-01,"Canada","Business",1151
2006-09-01,"Canada","Business",1132
2006-10-01,"Canada","Business",1650
2006-11-01,"Canada","Business",1374
2006-12-01,"Canada","Business",623
2007-01-01,"Canada","Business",1302
2007-02-01,"Canada","Business",1260
2007-03-01,"Canada","Business",1746
2007-04-01,"Canada","Business",1444
2007-05-01,"Canada","Business",1416
2007-06-01,"Canada","Business",1264
2007-07-01,"Canada","Business",1630
2007-08-01,"Canada","Business",1290
2007-09-01,"Canada","Business",1576
2007-10-01,"Canada","Business",1674
2007-11-01,"Canada","Business",1844
2007-12-01,"Canada","Business",943
2008-01-01,"Canada","Business",1142
2008-02-01,"Canada","Business",1860
2008-03-01,"Canada","Business",1770
2008-04-01,"Canada","Business",1606
2008-05-01,"Canada","Business",1424
2008-06-01,"Canada","Business",1336
2008-07-01,"Canada","Business",2499
2008-08-01,"Canada","Business",1220
2008-09-01,"Canada","Business",1547
2008-10-01,"Canada","Business",1652
2008-11-01,"Canada","Business",1785
2008-12-01,"Canada","Business",1064
2009-01-01,"Canada","Business",1052
2009-02-01,"Canada","Business",1418
2009-03-01,"Canada","Business",1715
2009-04-01,"Canada","Business",1213
2009-05-01,"Canada","Business",1194
2009-06-01,"Canada","Business",1087
2009-07-01,"Canada","Business",1100
2009-08-01,"Canada","Business",1130
2009-09-01,"Canada","Business",1150
2009-10-01,"Canada","Business",1625
2009-11-01,"Canada","Business",1641
2009-12-01,"Canada","Business",829
2010-01-01,"Canada","Business",1199
2010-02-01,"Canada","Business",1316
2010-03-01,"Canada","Business",1580
2010-04-01,"Canada","Business",1699
2010-05-01,"Canada","Business",1583
2010-06-01,"Canada","Business",1546
2010-07-01,"Canada","Business",1174
2010-08-01,"Canada","Business",1616
2010-09-01,"Canada","Business",1463
2010-10-01,"Canada","Business",1704
2010-11-01,"Canada","Business",1956
2010-12-01,"Canada","Business",905
2011-01-01,"Canada","Business",1208
2011-02-01,"Canada","Business",1960
2011-03-01,"Canada","Business",1522
2011-04-01,"Canada","Business",1554
2011-05-01,"Canada","Business",1380
2011-06-01,"Canada","Business",1196
2011-07-01,"Canada","Business",1672
2011-08-01,"Canada","Business",1449
2011-09-01,"Canada","Business",1523
2011-10-01,"Canada","Business",1642
2011-11-01,"Canada","Business",2589
2011-12-01,"Canada","Business",900
2012-01-01,"Canada","Business",1583
2012-02-01,"Canada","Business",1835
2012-03-01,"Canada","Business",1655
2012-04-01,"Canada","Business",1619
2012-05-01,"Canada","Business",1985
2012-06-01,"Canada","Business",1617
2012-07-01,"Canada","Business",1518
2012-08-01,"Canada","Business",1650
2012-09-01,"Canada","Business",1803
2012-10-01,"Canada","Business",1754
2012-11-01,"Canada","Business",1609
2012-12-01,"Canada","Business",858
2013-01-01,"Canada","Business",1336
2013-02-01,"Canada","Business",2086
2013-03-01,"Canada","Business",1847
2013-04-01,"Canada","Business",1942
2013-05-01,"Canada","Business",1558
2013-06-01,"Canada","Business",1380
2013-07-01,"Canada","Business",1378
2013-08-01,"Canada","Business",1824
2013-09-01,"Canada","Business",1350
2013-10-01,"Canada","Business",1703
2013-11-01,"Canada","Business",1836
2013-12-01,"Canada","Business",1106
2014-01-01,"Canada","Business",1153
2014-02-01,"Canada","Business",1484
2014-03-01,"Canada","Business",1700
2014-04-01,"Canada","Business",1136
2014-05-01,"Canada","Business",1933
2014-06-01,"Canada","Business",1292
2014-07-01,"Canada","Business",1565
2014-08-01,"Canada","Business",1403
2014-09-01,"Canada","Business",1368
2014-10-01,"Canada","Business",1748
2014-11-01,"Canada","Business",2497
2014-12-01,"Canada","Business",710
2015-01-01,"Canada","Business",971
2015-02-01,"Canada","Business",1347
2015-03-01,"Canada","Business",1314
2015-04-01,"Canada","Business",1337
2015-05-01,"Canada","Business",1249
2015-06-01,"Canada","Business",1339
2015-07-01,"Canada","Business",1263
2015-08-01,"Canada","Business",1076
2015-09-01,"Canada","Business",1140
2015-10-01,"Canada","Business",1382
2015-11-01,"Canada","Business",1451
2015-12-01,"Canada","Business",604
2016-01-01,"Canada","Business",975
2016-02-01,"Canada","Business",1520
2016-03-01,"Canada","Business",1230
2016-04-01,"Canada","Business",1014
2016-05-01,"Canada","Business",1256
2016-06-01,"Canada","Business",1034
2016-07-01,"Canada","Business",1159
2016-08-01,"Canada","Business",1106
2016-09-01,"Canada","Business",1316
2016-10-01,"Canada","Business",1366
2016-11-01,"Canada","Business",1561
2016-12-01,"Canada","Business",692
2017-01-01,"Canada","Business",1004
2017-02-01,"Canada","Business",1638
2017-03-01,"Canada","Business",1371
2017-04-01,"Canada","Business",1139
2017-05-01,"Canada","Business",1071
2017-06-01,"Canada","Business",1450
2017-07-01,"Canada","Business",1413
2017-08-01,"Canada","Business",1146
2017-09-01,"Canada","Business",1326
2017-10-01,"Canada","Business",1916
2017-11-01,"Canada","Business",1951
2017-12-01,"Canada","Business",974
2018-01-01,"Canada","Business",1257
2018-02-01,"Canada","Business",1661
2018-03-01,"Canada","Business",1788
2018-04-01,"Canada","Business",1439
2018-05-01,"Canada","Business",1530
2018-06-01,"Canada","Business",1553
2018-07-01,"Canada","Business",1481
2018-08-01,"Canada","Business",1291
2018-09-01,"Canada","Business",1595
2018-10-01,"Canada","Business",2222
2018-11-01,"Canada","Business",2771
2018-12-01,"Canada","Business",1033
2019-01-01,"Canada","Business",1225
2019-02-01,"Canada","Business",1580
2019-03-01,"Canada","Business",2131
2019-04-01,"Canada","Business",1635
2019-05-01,"Canada","Business",1597
2019-06-01,"Canada","Business",1436
2019-07-01,"Canada","Business",1568
2019-08-01,"Canada","Business",1441
2019-09-01,"Canada","Business",1644
2019-10-01,"Canada","Business",2048
2019-11-01,"Canada","Business",2545
2019-12-01,"Canada","Business",1023
2020-01-01,"Canada","Business",1253
2020-02-01,"Canada","Business",1722
2005-01-01,"Canada","Education",1049
2005-02-01,"Canada","Education",895
2005-03-01,"Canada","Education",177
2005-04-01,"Canada","Education",105
2005-05-01,"Canada","Education",194
2005-06-01,"Canada","Education",195
2005-07-01,"Canada","Education",553
2005-08-01,"Canada","Education",220
2005-09-01,"Canada","Education",299
2005-10-01,"Canada","Education",241
2005-11-01,"Canada","Education",142
2005-12-01,"Canada","Education",161
2006-01-01,"Canada","Education",1370
2006-02-01,"Canada","Education",1206
2006-03-01,"Canada","Education",233
2006-04-01,"Canada","Education",300
2006-05-01,"Canada","Education",185
2006-06-01,"Canada","Education",183
2006-07-01,"Canada","Education",791
2006-08-01,"Canada","Education",187
2006-09-01,"Canada","Education",263
2006-10-01,"Canada","Education",183
2006-11-01,"Canada","Education",242
2006-12-01,"Canada","Education",189
2007-01-01,"Canada","Education",1180
2007-02-01,"Canada","Education",1070
2007-03-01,"Canada","Education",212
2007-04-01,"Canada","Education",484
2007-05-01,"Canada","Education",136
2007-06-01,"Canada","Education",192
2007-07-01,"Canada","Education",892
2007-08-01,"Canada","Education",201
2007-09-01,"Canada","Education",308
2007-10-01,"Canada","Education",234
2007-11-01,"Canada","Education",135
2007-12-01,"Canada","Education",208
2008-01-01,"Canada","Education",974
2008-02-01,"Canada","Education",1327
2008-03-01,"Canada","Education",377
2008-04-01,"Canada","Education",171
2008-05-01,"Canada","Education",186
2008-06-01,"Canada","Education",238
2008-07-01,"Canada","Education",1072
2008-08-01,"Canada","Education",151
2008-09-01,"Canada","Education",166
2008-10-01,"Canada","Education",217
2008-11-01,"Canada","Education",140
2008-12-01,"Canada","Education",266
2009-01-01,"Canada","Education",1006
2009-02-01,"Canada","Education",1318
2009-03-01,"Canada","Education",401
2009-04-01,"Canada","Education",306
2009-05-01,"Canada","Education",158
2009-06-01,"Canada","Education",280
2009-07-01,"Canada","Education",1054
2009-08-01,"Canada","Education",240
2009-09-01,"Canada","Education",228
2009-10-01,"Canada","Education",363
2009-11-01,"Canada","Education",172
2009-12-01,"Canada","Education",269
2010-01-01,"Canada","Education",991
2010-02-01,"Canada","Education",1106
2010-03-01,"Canada","Education",261
2010-04-01,"Canada","Education",448
2010-05-01,"Canada","Education",287
2010-06-01,"Canada","Education",233
2010-07-01,"Canada","Education",988
2010-08-01,"Canada","Education",154
2010-09-01,"Canada","Education",261
2010-10-01,"Canada","Education",244
2010-11-01,"Canada","Education",165
2010-12-01,"Canada","Education",260
2011-01-01,"Canada","Education",885
2011-02-01,"Canada","Education",1436
2011-03-01,"Canada","Education",254
2011-04-01,"Canada","Education",201
2011-05-01,"Canada","Education",279
2011-06-01,"Canada","Education",222
2011-07-01,"Canada","Education",852
2011-08-01,"Canada","Education",173
2011-09-01,"Canada","Education",265
2011-10-01,"Canada","Education",252
2011-11-01,"Canada","Education",127
2011-12-01,"Canada","Education",266
2012-01-01,"Canada","Education",1095
2012-02-01,"Canada","Education",1088
2012-03-01,"Canada","Education",365
2012-04-01,"Canada","Education",384
2012-05-01,"Canada","Education",286
2012-06-01,"Canada","Education",282
2012-07-01,"Canada","Education",1070
2012-08-01,"Canada","Education",312
2012-09-01,"Canada","Education",284
2012-10-01,"Canada","Education",248
2012-11-01,"Canada","Education",213
2012-12-01,"Canada","Education",343
2013-01-01,"Canada","Education",1156
2013-02-01,"Canada","Education",1325
2013-03-01,"Canada","Education",176
2013-04-01,"Canada","Education",511
2013-05-01,"Canada","Education",351
2013-06-01,"Canada","Education",317
2013-07-01,"Canada","Education",975
2013-08-01,"Canada","Education",326
2013-09-01,"Canada","Education",198
2013-10-01,"Canada","Education",236
2013-11-01,"Canada","Education",155
2013-12-01,"Canada","Education",190
2014-01-01,"Canada","Education",893
2014-02-01,"Canada","Education",1123
2014-03-01,"Canada","Education",327
2014-04-01,"Canada","Education",325
2014-05-01,"Canada","Education",150
2014-06-01,"Canada","Education",285
2014-07-01,"Canada","Education",972
2014-08-01,"Canada","Education",225
2014-09-01,"Canada","Education",381
2014-10-01,"Canada","Education",316
2014-11-01,"Canada","Education",171
2014-12-01,"Canada","Education",228
2015-01-01,"Canada","Education",953
2015-02-01,"Canada","Education",1250
2015-03-01,"Canada","Education",324
2015-04-01,"Canada","Education",396
2015-05-01,"Canada","Education",326
2015-06-01,"Canada","Education",528
2015-07-01,"Canada","Education",973
2015-08-01,"Canada","Education",301
2015-09-01,"Canada","Education",319
2015-10-01,"Canada","Education",200
2015-11-01,"Canada","Education",387
2015-12-01,"Canada","Education",362
2016-01-01,"Canada","Education",965
2016-02-01,"Canada","Education",1221
2016-03-01,"Canada","Education",233
2016-04-01,"Canada","Education",291
2016-05-01,"Canada","Education",321
2016-06-01,"Canada","Education",464
2016-07-01,"Canada","Education",943
2016-08-01,"Canada","Education",306
2016-09-01,"Canada","Education",422
2016-10-01,"Canada","Education",442
2016-11-01,"Canada","Education",240
2016-12-01,"Canada","Education",412
2017-01-01,"Canada","Education",945
2017-02-01,"Canada","Education",1604
2017-03-01,"Canada","Education",309
2017-04-01,"Canada","Education",470
2017-05-01,"Canada","Education",236
2017-06-01,"Canada","Education",460
2017-07-01,"Canada","Education",830
2017-08-01,"Canada","Education",166
2017-09-01,"Canada","Education",280
2017-10-01,"Canada","Education",255
2017-11-01,"Canada","Education",138
2017-12-01,"Canada","Education",199
2018-01-01,"Canada","Education",945
2018-02-01,"Canada","Education",1264
2018-03-01,"Canada","Education",283
2018-04-01,"Canada","Education",419
2018-05-01,"Canada","Education",274
2018-06-01,"Canada","Education",391
2018-07-01,"Canada","Education",788
2018-08-01,"Canada","Education",180
2018-09-01,"Canada","Education",281
2018-10-01,"Canada","Education",253
2018-11-01,"Canada","Education",160
2018-12-01,"Canada","Education",249
2019-01-01,"Canada","Education",1113
2019-02-01,"Canada","Education",877
2019-03-01,"Canada","Education",225
2019-04-01,"Canada","Education",225
2019-05-01,"Canada","Education",335
2019-06-01,"Canada","Education",448
2019-07-01,"Canada","Education",499
2019-08-01,"Canada","Education",245
2019-09-01,"Canada","Education",300
2019-10-01,"Canada","Education",194
2019-11-01,"Canada","Education",111
2019-12-01,"Canada","Education",268
2020-01-01,"Canada","Education",974
2020-02-01,"Canada","Education",1155
2005-01-01,"Canada","Employment",456
2005-02-01,"Canada","Employment",222
2005-03-01,"Canada","Employment",161
2005-04-01,"Canada","Employment",180
2005-05-01,"Canada","Employment",160
2005-06-01,"Canada","Employment",136
2005-07-01,"Canada","Employment",150
2005-08-01,"Canada","Employment",219
2005-09-01,"Canada","Employment",295
2005-10-01,"Canada","Employment",233
2005-11-01,"Canada","Employment",274
2005-12-01,"Canada","Employment",289
2006-01-01,"Canada","Employment",562
2006-02-01,"Canada","Employment",378
2006-03-01,"Canada","Employment",309
2006-04-01,"Canada","Employment",237
2006-05-01,"Canada","Employment",304
2006-06-01,"Canada","Employment",171
2006-07-01,"Canada","Employment",270
2006-08-01,"Canada","Employment",207
2006-09-01,"Canada","Employment",286
2006-10-01,"Canada","Employment",307
2006-11-01,"Canada","Employment",454
2006-12-01,"Canada","Employment",490
2007-01-01,"Canada","Employment",642
2007-02-01,"Canada","Employment",501
2007-03-01,"Canada","Employment",406
2007-04-01,"Canada","Employment",340
2007-05-01,"Canada","Employment",311
2007-06-01,"Canada","Employment",202
2007-07-01,"Canada","Employment",399
2007-08-01,"Canada","Employment",348
2007-09-01,"Canada","Employment",413
2007-10-01,"Canada","Employment",500
2007-11-01,"Canada","Employment",345
2007-12-01,"Canada","Employment",456
2008-01-01,"Canada","Employment",723
2008-02-01,"Canada","Employment",611
2008-03-01,"Canada","Employment",620
2008-04-01,"Canada","Employment",409
2008-05-01,"Canada","Employment",398
2008-06-01,"Canada","Employment",408
2008-07-01,"Canada","Employment",411
2008-08-01,"Canada","Employment",339
2008-09-01,"Canada","Employment",414
2008-10-01,"Canada","Employment",473
2008-11-01,"Canada","Employment",556
2008-12-01,"Canada","Employment",544
2009-01-01,"Canada","Employment",747
2009-02-01,"Canada","Employment",696
2009-03-01,"Canada","Employment",421
2009-04-01,"Canada","Employment",361
2009-05-01,"Canada","Employment",408
2009-06-01,"Canada","Employment",378
2009-07-01,"Canada","Employment",399
2009-08-01,"Canada","Employment",296
2009-09-01,"Canada","Employment",420
2009-10-01,"Canada","Employment",566
2009-11-01,"Canada","Employment",471
2009-12-01,"Canada","Employment",416
2010-01-01,"Canada","Employment",717
2010-02-01,"Canada","Employment",516
2010-03-01,"Canada","Employment",500
2010-04-01,"Canada","Employment",315
2010-05-01,"Canada","Employment",368
2010-06-01,"Canada","Employment",367
2010-07-01,"Canada","Employment",402
2010-08-01,"Canada","Employment",358
2010-09-01,"Canada","Employment",483
2010-10-01,"Canada","Employment",388
2010-11-01,"Canada","Employment",507
2010-12-01,"Canada","Employment",428
2011-01-01,"Canada","Employment",733
2011-02-01,"Canada","Employment",562
2011-03-01,"Canada","Employment",466
2011-04-01,"Canada","Employment",403
2011-05-01,"Canada","Employment",441
2011-06-01,"Canada","Employment",330
2011-07-01,"Canada","Employment",470
2011-08-01,"Canada","Employment",403
2011-09-01,"Canada","Employment",447
2011-10-01,"Canada","Employment",606
2011-11-01,"Canada","Employment",356
2011-12-01,"Canada","Employment",430
2012-01-01,"Canada","Employment",818
2012-02-01,"Canada","Employment",547
2012-03-01,"Canada","Employment",368
2012-04-01,"Canada","Employment",458
2012-05-01,"Canada","Employment",389
2012-06-01,"Canada","Employment",440
2012-07-01,"Canada","Employment",542
2012-08-01,"Canada","Employment",381
2012-09-01,"Canada","Employment",334
2012-10-01,"Canada","Employment",481
2012-11-01,"Canada","Employment",390
2012-12-01,"Canada","Employment",439
2013-01-01,"Canada","Employment",788
2013-02-01,"Canada","Employment",555
2013-03-01,"Canada","Employment",531
2013-04-01,"Canada","Employment",614
2013-05-01,"Canada","Employment",459
2013-06-01,"Canada","Employment",483
2013-07-01,"Canada","Employment",469
2013-08-01,"Canada","Employment",336
2013-09-01,"Canada","Employment",610
2013-10-01,"Canada","Employment",548
2013-11-01,"Canada","Employment",478
2013-12-01,"Canada","Employment",488
2014-01-01,"Canada","Employment",953
2014-02-01,"Canada","Employment",493
2014-03-01,"Canada","Employment",436
2014-04-01,"Canada","Employment",418
2014-05-01,"Canada","Employment",392
2014-06-01,"Canada","Employment",421
2014-07-01,"Canada","Employment",465
2014-08-01,"Canada","Employment",392
2014-09-01,"Canada","Employment",467
2014-10-01,"Canada","Employment",723
2014-11-01,"Canada","Employment",812
2014-12-01,"Canada","Employment",664
2015-01-01,"Canada","Employment",875
2015-02-01,"Canada","Employment",816
2015-03-01,"Canada","Employment",603
2015-04-01,"Canada","Employment",554
2015-05-01,"Canada","Employment",412
2015-06-01,"Canada","Employment",447
2015-07-01,"Canada","Employment",424
2015-08-01,"Canada","Employment",542
2015-09-01,"Canada","Employment",502
2015-10-01,"Canada","Employment",507
2015-11-01,"Canada","Employment",676
2015-12-01,"Canada","Employment",535
2016-01-01,"Canada","Employment",850
2016-02-01,"Canada","Employment",550
2016-03-01,"Canada","Employment",530
2016-04-01,"Canada","Employment",405
2016-05-01,"Canada","Employment",296
2016-06-01,"Canada","Employment",360
2016-07-01,"Canada","Employment",543
2016-08-01,"Canada","Employment",434
2016-09-01,"Canada","Employment",604
2016-10-01,"Canada","Employment",764
2016-11-01,"Canada","Employment",458
2016-12-01,"Canada","Employment",785
2017-01-01,"Canada","Employment",920
2017-02-01,"Canada","Employment",943
2017-03-01,"Canada","Employment",520
2017-04-01,"Canada","Employment",385
2017-05-01,"Canada","Employment",364
2017-06-01,"Canada","Employment",348
2017-07-01,"Canada","Employment",322
2017-08-01,"Canada","Employment",348
2017-09-01,"Canada","Employment",408
2017-10-01,"Canada","Employment",367
2017-11-01,"Canada","Employment",585
2017-12-01,"Canada","Employment",442
2018-01-01,"Canada","Employment",697
2018-02-01,"Canada","Employment",318
2018-03-01,"Canada","Employment",351
2018-04-01,"Canada","Employment",298
2018-05-01,"Canada","Employment",239
2018-06-01,"Canada","Employment",261
2018-07-01,"Canada","Employment",399
2018-08-01,"Canada","Employment",267
2018-09-01,"Canada","Employment",381
2018-10-01,"Canada","Employment",446
2018-11-01,"Canada","Employment",427
2018-12-01,"Canada","Employment",373
2019-01-01,"Canada","Employment",601
2019-02-01,"Canada","Employment",455
2019-03-01,"Canada","Employment",286
2019-04-01,"Canada","Employment",337
2019-05-01,"Canada","Employment",339
2019-06-01,"Canada","Employment",279
2019-07-01,"Canada","Employment",244
2019-08-01,"Canada","Employment",342
2019-09-01,"Canada","Employment",504
2019-10-01,"Canada","Employment",386
2019-11-01,"Canada","Employment",489
2019-12-01,"Canada","Employment",306
2020-01-01,"Canada","Employment",611
2020-02-01,"Canada","Employment",353
2005-01-01,"Canada","Holiday",6632
2005-02-01,"Canada","Holiday",5751
2005-03-01,"Canada","Holiday",5104
2005-04-01,"Canada","Holiday",2887
2005-05-01,"Canada","Holiday",2219
2005-06-01,"Canada","Holiday",1899
2005-07-01,"Canada","Holiday",2770
2005-08-01,"Canada","Holiday",2402
2005-09-01,"Canada","Holiday",2510
2005-10-01,"Canada","Holiday",3674
2005-11-01,"Canada","Holiday",4450
2005-12-01,"Canada","Holiday",5485
2006-01-01,"Canada","Holiday",6834
2006-02-01,"Canada","Holiday",6392
2006-03-01,"Canada","Holiday",5905
2006-04-01,"Canada","Holiday",3695
2006-05-01,"Canada","Holiday",2609
2006-06-01,"Canada","Holiday",1958
2006-07-01,"Canada","Holiday",2996
2006-08-01,"Canada","Holiday",2301
2006-09-01,"Canada","Holiday",2811
2006-10-01,"Canada","Holiday",3897
2006-11-01,"Canada","Holiday",5208
2006-12-01,"Canada","Holiday",5061
2007-01-01,"Canada","Holiday",5899
2007-02-01,"Canada","Holiday",6251
2007-03-01,"Canada","Holiday",5849
2007-04-01,"Canada","Holiday",3608
2007-05-01,"Canada","Holiday",2285
2007-06-01,"Canada","Holiday",1720
2007-07-01,"Canada","Holiday",3345
2007-08-01,"Canada","Holiday",2730
2007-09-01,"Canada","Holiday",4023
2007-10-01,"Canada","Holiday",4396
2007-11-01,"Canada","Holiday",4750
2007-12-01,"Canada","Holiday",7281
2008-01-01,"Canada","Holiday",7105
2008-02-01,"Canada","Holiday",8411
2008-03-01,"Canada","Holiday",5921
2008-04-01,"Canada","Holiday",3741
2008-05-01,"Canada","Holiday",2831
2008-06-01,"Canada","Holiday",2245
2008-07-01,"Canada","Holiday",3735
2008-08-01,"Canada","Holiday",2765
2008-09-01,"Canada","Holiday",3301
2008-10-01,"Canada","Holiday",4660
2008-11-01,"Canada","Holiday",5617
2008-12-01,"Canada","Holiday",6442
2009-01-01,"Canada","Holiday",6129
2009-02-01,"Canada","Holiday",7316
2009-03-01,"Canada","Holiday",5649
2009-04-01,"Canada","Holiday",3358
2009-05-01,"Canada","Holiday",2380
2009-06-01,"Canada","Holiday",2233
2009-07-01,"Canada","Holiday",3526
2009-08-01,"Canada","Holiday",2785
2009-09-01,"Canada","Holiday",3370
2009-10-01,"Canada","Holiday",6948
2009-11-01,"Canada","Holiday",5113
2009-12-01,"Canada","Holiday",6787
2010-01-01,"Canada","Holiday",6398
2010-02-01,"Canada","Holiday",6851
2010-03-01,"Canada","Holiday",5995
2010-04-01,"Canada","Holiday",3281
2010-05-01,"Canada","Holiday",3093
2010-06-01,"Canada","Holiday",2482
2010-07-01,"Canada","Holiday",3065
2010-08-01,"Canada","Holiday",2751
2010-09-01,"Canada","Holiday",3255
2010-10-01,"Canada","Holiday",4546
2010-11-01,"Canada","Holiday",4739
2010-12-01,"Canada","Holiday",6453
2011-01-01,"Canada","Holiday",5736
2011-02-01,"Canada","Holiday",6658
2011-03-01,"Canada","Holiday",5500
2011-04-01,"Canada","Holiday",3311
2011-05-01,"Canada","Holiday",2374
2011-06-01,"Canada","Holiday",2337
2011-07-01,"Canada","Holiday",2838
2011-08-01,"Canada","Holiday",2591
2011-09-01,"Canada","Holiday",3125
2011-10-01,"Canada","Holiday",4238
2011-11-01,"Canada","Holiday",5050
2011-12-01,"Canada","Holiday",6625
2012-01-01,"Canada","Holiday",6015
2012-02-01,"Canada","Holiday",7022
2012-03-01,"Canada","Holiday",5685
2012-04-01,"Canada","Holiday",3845
2012-05-01,"Canada","Holiday",2618
2012-06-01,"Canada","Holiday",2342
2012-07-01,"Canada","Holiday",3374
2012-08-01,"Canada","Holiday",2599
2012-09-01,"Canada","Holiday",3245
2012-10-01,"Canada","Holiday",4356
2012-11-01,"Canada","Holiday",5391
2012-12-01,"Canada","Holiday",6277
2013-01-01,"Canada","Holiday",6244
2013-02-01,"Canada","Holiday",6472
2013-03-01,"Canada","Holiday",5710
2013-04-01,"Canada","Holiday",3353
2013-05-01,"Canada","Holiday",2461
2013-06-01,"Canada","Holiday",2082
2013-07-01,"Canada","Holiday",3184
2013-08-01,"Canada","Holiday",2857
2013-09-01,"Canada","Holiday",3442
2013-10-01,"Canada","Holiday",5839
2013-11-01,"Canada","Holiday",6132
2013-12-01,"Canada","Holiday",5494
2014-01-01,"Canada","Holiday",5860
2014-02-01,"Canada","Holiday",7627
2014-03-01,"Canada","Holiday",6109
2014-04-01,"Canada","Holiday",4237
2014-05-01,"Canada","Holiday",2681
2014-06-01,"Canada","Holiday",2148
2014-07-01,"Canada","Holiday",3676
2014-08-01,"Canada","Holiday",2274
2014-09-01,"Canada","Holiday",2771
2014-10-01,"Canada","Holiday",4785
2014-11-01,"Canada","Holiday",6029
2014-12-01,"Canada","Holiday",6023
2015-01-01,"Canada","Holiday",5601
2015-02-01,"Canada","Holiday",7105
2015-03-01,"Canada","Holiday",6968
2015-04-01,"Canada","Holiday",3815
2015-05-01,"Canada","Holiday",2402
2015-06-01,"Canada","Holiday",2517
2015-07-01,"Canada","Holiday",2518
2015-08-01,"Canada","Holiday",2130
2015-09-01,"Canada","Holiday",3001
2015-10-01,"Canada","Holiday",5965
2015-11-01,"Canada","Holiday",5908
2015-12-01,"Canada","Holiday",6512
2016-01-01,"Canada","Holiday",6845
2016-02-01,"Canada","Holiday",8823
2016-03-01,"Canada","Holiday",7807
2016-04-01,"Canada","Holiday",4188
2016-05-01,"Canada","Holiday",3287
2016-06-01,"Canada","Holiday",2542
2016-07-01,"Canada","Holiday",3420
2016-08-01,"Canada","Holiday",3139
2016-09-01,"Canada","Holiday",3628
2016-10-01,"Canada","Holiday",6640
2016-11-01,"Canada","Holiday",8091
2016-12-01,"Canada","Holiday",7539
2017-01-01,"Canada","Holiday",7631
2017-02-01,"Canada","Holiday",10237
2017-03-01,"Canada","Holiday",9719
2017-04-01,"Canada","Holiday",5958
2017-05-01,"Canada","Holiday",3161
2017-06-01,"Canada","Holiday",2878
2017-07-01,"Canada","Holiday",3615
2017-08-01,"Canada","Holiday",3429
2017-09-01,"Canada","Holiday",3288
2017-10-01,"Canada","Holiday",5748
2017-11-01,"Canada","Holiday",8836
2017-12-01,"Canada","Holiday",7967
2018-01-01,"Canada","Holiday",9202
2018-02-01,"Canada","Holiday",11045
2018-03-01,"Canada","Holiday",9753
2018-04-01,"Canada","Holiday",5976
2018-05-01,"Canada","Holiday",3162
2018-06-01,"Canada","Holiday",2222
2018-07-01,"Canada","Holiday",3257
2018-08-01,"Canada","Holiday",3568
2018-09-01,"Canada","Holiday",4272
2018-10-01,"Canada","Holiday",7167
2018-11-01,"Canada","Holiday",8806
2018-12-01,"Canada","Holiday",10905
2019-01-01,"Canada","Holiday",9662
2019-02-01,"Canada","Holiday",12711
2019-03-01,"Canada","Holiday",11017
2019-04-01,"Canada","Holiday",6307
2019-05-01,"Canada","Holiday",3813
2019-06-01,"Canada","Holiday",2774
2019-07-01,"Canada","Holiday",4160
2019-08-01,"Canada","Holiday",3894
2019-09-01,"Canada","Holiday",3887
2019-10-01,"Canada","Holiday",6370
2019-11-01,"Canada","Holiday",8857
2019-12-01,"Canada","Holiday",10061
2020-01-01,"Canada","Holiday",9123
2020-02-01,"Canada","Holiday",11543
2005-01-01,"Canada","Other",564
2005-02-01,"Canada","Other",273
2005-03-01,"Canada","Other",230
2005-04-01,"Canada","Other",326
2005-05-01,"Canada","Other",244
2005-06-01,"Canada","Other",174
2005-07-01,"Canada","Other",383
2005-08-01,"Canada","Other",221
2005-09-01,"Canada","Other",467
2005-10-01,"Canada","Other",333
2005-11-01,"Canada","Other",286
2005-12-01,"Canada","Other",276
2006-01-01,"Canada","Other",554
2006-02-01,"Canada","Other",466
2006-03-01,"Canada","Other",824
2006-04-01,"Canada","Other",215
2006-05-01,"Canada","Other",371
2006-06-01,"Canada","Other",180
2006-07-01,"Canada","Other",390
2006-08-01,"Canada","Other",264
2006-09-01,"Canada","Other",236
2006-10-01,"Canada","Other",223
2006-11-01,"Canada","Other",421
2006-12-01,"Canada","Other",358
2007-01-01,"Canada","Other",599
2007-02-01,"Canada","Other",334
2007-03-01,"Canada","Other",721
2007-04-01,"Canada","Other",282
2007-05-01,"Canada","Other",279
2007-06-01,"Canada","Other",211
2007-07-01,"Canada","Other",464
2007-08-01,"Canada","Other",231
2007-09-01,"Canada","Other",527
2007-10-01,"Canada","Other",348
2007-11-01,"Canada","Other",218
2007-12-01,"Canada","Other",396
2008-01-01,"Canada","Other",554
2008-02-01,"Canada","Other",441
2008-03-01,"Canada","Other",521
2008-04-01,"Canada","Other",356
2008-05-01,"Canada","Other",295
2008-06-01,"Canada","Other",263
2008-07-01,"Canada","Other",1480
2008-08-01,"Canada","Other",470
2008-09-01,"Canada","Other",300
2008-10-01,"Canada","Other",422
2008-11-01,"Canada","Other",406
2008-12-01,"Canada","Other",347
2009-01-01,"Canada","Other",503
2009-02-01,"Canada","Other",472
2009-03-01,"Canada","Other",395
2009-04-01,"Canada","Other",375
2009-05-01,"Canada","Other",358
2009-06-01,"Canada","Other",387
2009-07-01,"Canada","Other",593
2009-08-01,"Canada","Other",321
2009-09-01,"Canada","Other",386
2009-10-01,"Canada","Other",959
2009-11-01,"Canada","Other",299
2009-12-01,"Canada","Other",500
2010-01-01,"Canada","Other",561
2010-02-01,"Canada","Other",417
2010-03-01,"Canada","Other",344
2010-04-01,"Canada","Other",552
2010-05-01,"Canada","Other",455
2010-06-01,"Canada","Other",324
2010-07-01,"Canada","Other",401
2010-08-01,"Canada","Other",407
2010-09-01,"Canada","Other",326
2010-10-01,"Canada","Other",457
2010-11-01,"Canada","Other",394
2010-12-01,"Canada","Other",486
2011-01-01,"Canada","Other",656
2011-02-01,"Canada","Other",518
2011-03-01,"Canada","Other",679
2011-04-01,"Canada","Other",304
2011-05-01,"Canada","Other",307
2011-06-01,"Canada","Other",438
2011-07-01,"Canada","Other",531
2011-08-01,"Canada","Other",466
2011-09-01,"Canada","Other",379
2011-10-01,"Canada","Other",481
2011-11-01,"Canada","Other",545
2011-12-01,"Canada","Other",577
2012-01-01,"Canada","Other",582
2012-02-01,"Canada","Other",533
2012-03-01,"Canada","Other",387
2012-04-01,"Canada","Other",421
2012-05-01,"Canada","Other",348
2012-06-01,"Canada","Other",403
2012-07-01,"Canada","Other",426
2012-08-01,"Canada","Other",344
2012-09-01,"Canada","Other",354
2012-10-01,"Canada","Other",430
2012-11-01,"Canada","Other",537
2012-12-01,"Canada","Other",546
2013-01-01,"Canada","Other",700
2013-02-01,"Canada","Other",410
2013-03-01,"Canada","Other",541
2013-04-01,"Canada","Other",459
2013-05-01,"Canada","Other",354
2013-06-01,"Canada","Other",291
2013-07-01,"Canada","Other",377
2013-08-01,"Canada","Other",381
2013-09-01,"Canada","Other",360
2013-10-01,"Canada","Other",480
2013-11-01,"Canada","Other",376
2013-12-01,"Canada","Other",290
2014-01-01,"Canada","Other",382
2014-02-01,"Canada","Other",383
2014-03-01,"Canada","Other",563
2014-04-01,"Canada","Other",398
2014-05-01,"Canada","Other",337
2014-06-01,"Canada","Other",291
2014-07-01,"Canada","Other",345
2014-08-01,"Canada","Other",313
2014-09-01,"Canada","Other",315
2014-10-01,"Canada","Other",576
2014-11-01,"Canada","Other",460
2014-12-01,"Canada","Other",445
2015-01-01,"Canada","Other",484
2015-02-01,"Canada","Other",554
2015-03-01,"Canada","Other",528
2015-04-01,"Canada","Other",309
2015-05-01,"Canada","Other",431
2015-06-01,"Canada","Other",400
2015-07-01,"Canada","Other",511
2015-08-01,"Canada","Other",532
2015-09-01,"Canada","Other",211
2015-10-01,"Canada","Other",254
2015-11-01,"Canada","Other",236
2015-12-01,"Canada","Other",310
2016-01-01,"Canada","Other",589
2016-02-01,"Canada","Other",504
2016-03-01,"Canada","Other",732
2016-04-01,"Canada","Other",376
2016-05-01,"Canada","Other",367
2016-06-01,"Canada","Other",254
2016-07-01,"Canada","Other",407
2016-08-01,"Canada","Other",433
2016-09-01,"Canada","Other",417
2016-10-01,"Canada","Other",669
2016-11-01,"Canada","Other",417
2016-12-01,"Canada","Other",510
2017-01-01,"Canada","Other",564
2017-02-01,"Canada","Other",461
2017-03-01,"Canada","Other",396
2017-04-01,"Canada","Other",436
2017-05-01,"Canada","Other",346
2017-06-01,"Canada","Other",244
2017-07-01,"Canada","Other",375
2017-08-01,"Canada","Other",331
2017-09-01,"Canada","Other",253
2017-10-01,"Canada","Other",356
2017-11-01,"Canada","Other",367
2017-12-01,"Canada","Other",243
2018-01-01,"Canada","Other",525
2018-02-01,"Canada","Other",353
2018-03-01,"Canada","Other",560
2018-04-01,"Canada","Other",482
2018-05-01,"Canada","Other",187
2018-06-01,"Canada","Other",230
2018-07-01,"Canada","Other",287
2018-08-01,"Canada","Other",265
2018-09-01,"Canada","Other",381
2018-10-01,"Canada","Other",450
2018-11-01,"Canada","Other",644
2018-12-01,"Canada","Other",504
2019-01-01,"Canada","Other",423
2019-02-01,"Canada","Other",352
2019-03-01,"Canada","Other",479
2019-04-01,"Canada","Other",376
2019-05-01,"Canada","Other",302
2019-06-01,"Canada","Other",218
2019-07-01,"Canada","Other",441
2019-08-01,"Canada","Other",385
2019-09-01,"Canada","Other",371
2019-10-01,"Canada","Other",387
2019-11-01,"Canada","Other",218
2019-12-01,"Canada","Other",324
2020-01-01,"Canada","Other",569
2020-02-01,"Canada","Other",529
2005-01-01,"Canada","Visiting Friends or Relatives",3680
2005-02-01,"Canada","Visiting Friends or Relatives",3420
2005-03-01,"Canada","Visiting Friends or Relatives",4322
2005-04-01,"Canada","Visiting Friends or Relatives",2542
2005-05-01,"Canada","Visiting Friends or Relatives",2060
2005-06-01,"Canada","Visiting Friends or Relatives",1708
2005-07-01,"Canada","Visiting Friends or Relatives",2674
2005-08-01,"Canada","Visiting Friends or Relatives",2173
2005-09-01,"Canada","Visiting Friends or Relatives",2025
2005-10-01,"Canada","Visiting Friends or Relatives",2304
2005-11-01,"Canada","Visiting Friends or Relatives",3359
2005-12-01,"Canada","Visiting Friends or Relatives",6443
2006-01-01,"Canada","Visiting Friends or Relatives",3461
2006-02-01,"Canada","Visiting Friends or Relatives",3495
2006-03-01,"Canada","Visiting Friends or Relatives",3914
2006-04-01,"Canada","Visiting Friends or Relatives",2947
2006-05-01,"Canada","Visiting Friends or Relatives",1978
2006-06-01,"Canada","Visiting Friends or Relatives",1999
2006-07-01,"Canada","Visiting Friends or Relatives",2937
2006-08-01,"Canada","Visiting Friends or Relatives",2601
2006-09-01,"Canada","Visiting Friends or Relatives",2392
2006-10-01,"Canada","Visiting Friends or Relatives",2934
2006-11-01,"Canada","Visiting Friends or Relatives",3352
2006-12-01,"Canada","Visiting Friends or Relatives",6456
2007-01-01,"Canada","Visiting Friends or Relatives",3200
2007-02-01,"Canada","Visiting Friends or Relatives",3662
2007-03-01,"Canada","Visiting Friends or Relatives",4397
2007-04-01,"Canada","Visiting Friends or Relatives",2877
2007-05-01,"Canada","Visiting Friends or Relatives",2584
2007-06-01,"Canada","Visiting Friends or Relatives",2030
2007-07-01,"Canada","Visiting Friends or Relatives",3108
2007-08-01,"Canada","Visiting Friends or Relatives",2192
2007-09-01,"Canada","Visiting Friends or Relatives",2417
2007-10-01,"Canada","Visiting Friends or Relatives",2727
2007-11-01,"Canada","Visiting Friends or Relatives",3346
2007-12-01,"Canada","Visiting Friends or Relatives",6904
2008-01-01,"Canada","Visiting Friends or Relatives",3412
2008-02-01,"Canada","Visiting Friends or Relatives",4045
2008-03-01,"Canada","Visiting Friends or Relatives",4460
2008-04-01,"Canada","Visiting Friends or Relatives",3015
2008-05-01,"Canada","Visiting Friends or Relatives",3072
2008-06-01,"Canada","Visiting Friends or Relatives",2054
2008-07-01,"Canada","Visiting Friends or Relatives",2766
2008-08-01,"Canada","Visiting Friends or Relatives",2801
2008-09-01,"Canada","Visiting Friends or Relatives",2814
2008-10-01,"Canada","Visiting Friends or Relatives",3001
2008-11-01,"Canada","Visiting Friends or Relatives",4130
2008-12-01,"Canada","Visiting Friends or Relatives",6949
2009-01-01,"Canada","Visiting Friends or Relatives",3768
2009-02-01,"Canada","Visiting Friends or Relatives",4416
2009-03-01,"Canada","Visiting Friends or Relatives",4023
2009-04-01,"Canada","Visiting Friends or Relatives",3607
2009-05-01,"Canada","Visiting Friends or Relatives",2716
2009-06-01,"Canada","Visiting Friends or Relatives",2062
2009-07-01,"Canada","Visiting Friends or Relatives",3598
2009-08-01,"Canada","Visiting Friends or Relatives",2838
2009-09-01,"Canada","Visiting Friends or Relatives",2840
2009-10-01,"Canada","Visiting Friends or Relatives",3515
2009-11-01,"Canada","Visiting Friends or Relatives",4233
2009-12-01,"Canada","Visiting Friends or Relatives",8173
2010-01-01,"Canada","Visiting Friends or Relatives",4363
2010-02-01,"Canada","Visiting Friends or Relatives",4521
2010-03-01,"Canada","Visiting Friends or Relatives",5388
2010-04-01,"Canada","Visiting Friends or Relatives",3601
2010-05-01,"Canada","Visiting Friends or Relatives",3168
2010-06-01,"Canada","Visiting Friends or Relatives",1736
2010-07-01,"Canada","Visiting Friends or Relatives",3472
2010-08-01,"Canada","Visiting Friends or Relatives",2830
2010-09-01,"Canada","Visiting Friends or Relatives",3304
2010-10-01,"Canada","Visiting Friends or Relatives",3618
2010-11-01,"Canada","Visiting Friends or Relatives",4438
2010-12-01,"Canada","Visiting Friends or Relatives",8525
2011-01-01,"Canada","Visiting Friends or Relatives",3918
2011-02-01,"Canada","Visiting Friends or Relatives",4249
2011-03-01,"Canada","Visiting Friends or Relatives",4611
2011-04-01,"Canada","Visiting Friends or Relatives",3775
2011-05-01,"Canada","Visiting Friends or Relatives",2713
2011-06-01,"Canada","Visiting Friends or Relatives",1783
2011-07-01,"Canada","Visiting Friends or Relatives",2877
2011-08-01,"Canada","Visiting Friends or Relatives",2704
2011-09-01,"Canada","Visiting Friends or Relatives",2979
2011-10-01,"Canada","Visiting Friends or Relatives",3371
2011-11-01,"Canada","Visiting Friends or Relatives",4486
2011-12-01,"Canada","Visiting Friends or Relatives",7630
2012-01-01,"Canada","Visiting Friends or Relatives",4149
2012-02-01,"Canada","Visiting Friends or Relatives",4685
2012-03-01,"Canada","Visiting Friends or Relatives",4959
2012-04-01,"Canada","Visiting Friends or Relatives",3549
2012-05-01,"Canada","Visiting Friends or Relatives",2552
2012-06-01,"Canada","Visiting Friends or Relatives",2103
2012-07-01,"Canada","Visiting Friends or Relatives",3222
2012-08-01,"Canada","Visiting Friends or Relatives",2509
2012-09-01,"Canada","Visiting Friends or Relatives",3144
2012-10-01,"Canada","Visiting Friends or Relatives",3233
2012-11-01,"Canada","Visiting Friends or Relatives",4419
2012-12-01,"Canada","Visiting Friends or Relatives",8649
2013-01-01,"Canada","Visiting Friends or Relatives",4304
2013-02-01,"Canada","Visiting Friends or Relatives",4222
2013-03-01,"Canada","Visiting Friends or Relatives",4674
2013-04-01,"Canada","Visiting Friends or Relatives",3272
2013-05-01,"Canada","Visiting Friends or Relatives",2173
2013-06-01,"Canada","Visiting Friends or Relatives",2008
2013-07-01,"Canada","Visiting Friends or Relatives",2982
2013-08-01,"Canada","Visiting Friends or Relatives",2894
2013-09-01,"Canada","Visiting Friends or Relatives",2909
2013-10-01,"Canada","Visiting Friends or Relatives",3528
2013-11-01,"Canada","Visiting Friends or Relatives",4718
2013-12-01,"Canada","Visiting Friends or Relatives",8689
2014-01-01,"Canada","Visiting Friends or Relatives",4637
2014-02-01,"Canada","Visiting Friends or Relatives",5148
2014-03-01,"Canada","Visiting Friends or Relatives",5505
2014-04-01,"Canada","Visiting Friends or Relatives",3837
2014-05-01,"Canada","Visiting Friends or Relatives",3142
2014-06-01,"Canada","Visiting Friends or Relatives",2673
2014-07-01,"Canada","Visiting Friends or Relatives",2965
2014-08-01,"Canada","Visiting Friends or Relatives",2854
2014-09-01,"Canada","Visiting Friends or Relatives",2936
2014-10-01,"Canada","Visiting Friends or Relatives",3416
2014-11-01,"Canada","Visiting Friends or Relatives",4903
2014-12-01,"Canada","Visiting Friends or Relatives",9056
2015-01-01,"Canada","Visiting Friends or Relatives",4764
2015-02-01,"Canada","Visiting Friends or Relatives",6598
2015-03-01,"Canada","Visiting Friends or Relatives",6693
2015-04-01,"Canada","Visiting Friends or Relatives",3984
2015-05-01,"Canada","Visiting Friends or Relatives",2796
2015-06-01,"Canada","Visiting Friends or Relatives",2848
2015-07-01,"Canada","Visiting Friends or Relatives",3637
2015-08-01,"Canada","Visiting Friends or Relatives",3040
2015-09-01,"Canada","Visiting Friends or Relatives",3513
2015-10-01,"Canada","Visiting Friends or Relatives",4058
2015-11-01,"Canada","Visiting Friends or Relatives",4393
2015-12-01,"Canada","Visiting Friends or Relatives",8339
2016-01-01,"Canada","Visiting Friends or Relatives",4268
2016-02-01,"Canada","Visiting Friends or Relatives",5153
2016-03-01,"Canada","Visiting Friends or Relatives",5811
2016-04-01,"Canada","Visiting Friends or Relatives",3849
2016-05-01,"Canada","Visiting Friends or Relatives",2680
2016-06-01,"Canada","Visiting Friends or Relatives",2920
2016-07-01,"Canada","Visiting Friends or Relatives",3527
2016-08-01,"Canada","Visiting Friends or Relatives",3448
2016-09-01,"Canada","Visiting Friends or Relatives",3960
2016-10-01,"Canada","Visiting Friends or Relatives",4053
2016-11-01,"Canada","Visiting Friends or Relatives",5040
2016-12-01,"Canada","Visiting Friends or Relatives",8754
2017-01-01,"Canada","Visiting Friends or Relatives",4372
2017-02-01,"Canada","Visiting Friends or Relatives",6044
2017-03-01,"Canada","Visiting Friends or Relatives",7156
2017-04-01,"Canada","Visiting Friends or Relatives",5081
2017-05-01,"Canada","Visiting Friends or Relatives",3525
2017-06-01,"Canada","Visiting Friends or Relatives",2672
2017-07-01,"Canada","Visiting Friends or Relatives",3760
2017-08-01,"Canada","Visiting Friends or Relatives",3883
2017-09-01,"Canada","Visiting Friends or Relatives",3700
2017-10-01,"Canada","Visiting Friends or Relatives",4537
2017-11-01,"Canada","Visiting Friends or Relatives",6329
2017-12-01,"Canada","Visiting Friends or Relatives",11442
2018-01-01,"Canada","Visiting Friends or Relatives",5875
2018-02-01,"Canada","Visiting Friends or Relatives",7097
2018-03-01,"Canada","Visiting Friends or Relatives",8414
2018-04-01,"Canada","Visiting Friends or Relatives",4444
2018-05-01,"Canada","Visiting Friends or Relatives",3617
2018-06-01,"Canada","Visiting Friends or Relatives",3251
2018-07-01,"Canada","Visiting Friends or Relatives",4032
2018-08-01,"Canada","Visiting Friends or Relatives",3489
2018-09-01,"Canada","Visiting Friends or Relatives",4097
2018-10-01,"Canada","Visiting Friends or Relatives",5268
2018-11-01,"Canada","Visiting Friends or Relatives",6703
2018-12-01,"Canada","Visiting Friends or Relatives",12044
2019-01-01,"Canada","Visiting Friends or Relatives",5747
2019-02-01,"Canada","Visiting Friends or Relatives",8125
2019-03-01,"Canada","Visiting Friends or Relatives",8542
2019-04-01,"Canada","Visiting Friends or Relatives",6302
2019-05-01,"Canada","Visiting Friends or Relatives",4026
2019-06-01,"Canada","Visiting Friends or Relatives",3273
2019-07-01,"Canada","Visiting Friends or Relatives",4115
2019-08-01,"Canada","Visiting Friends or Relatives",4246
2019-09-01,"Canada","Visiting Friends or Relatives",4199
2019-10-01,"Canada","Visiting Friends or Relatives",5127
2019-11-01,"Canada","Visiting Friends or Relatives",6886
2019-12-01,"Canada","Visiting Friends or Relatives",11957
2020-01-01,"Canada","Visiting Friends or Relatives",5746
2020-02-01,"Canada","Visiting Friends or Relatives",7787
2005-01-01,"China (excl SARs and Taiwan province)","Business",11886
2005-02-01,"China (excl SARs and Taiwan province)","Business",3345
2005-03-01,"China (excl SARs and Taiwan province)","Business",3379
2005-04-01,"China (excl SARs and Taiwan province)","Business",3763
2005-05-01,"China (excl SARs and Taiwan province)","Business",4116
2005-06-01,"China (excl SARs and Taiwan province)","Business",4121
2005-07-01,"China (excl SARs and Taiwan province)","Business",3876
2005-08-01,"China (excl SARs and Taiwan province)","Business",4099
2005-09-01,"China (excl SARs and Taiwan province)","Business",4596
2005-10-01,"China (excl SARs and Taiwan province)","Business",5112
2005-11-01,"China (excl SARs and Taiwan province)","Business",10392
2005-12-01,"China (excl SARs and Taiwan province)","Business",5969
2006-01-01,"China (excl SARs and Taiwan province)","Business",4304
2006-02-01,"China (excl SARs and Taiwan province)","Business",6184
2006-03-01,"China (excl SARs and Taiwan province)","Business",4670
2006-04-01,"China (excl SARs and Taiwan province)","Business",5229
2006-05-01,"China (excl SARs and Taiwan province)","Business",4650
2006-06-01,"China (excl SARs and Taiwan province)","Business",4586
2006-07-01,"China (excl SARs and Taiwan province)","Business",5509
2006-08-01,"China (excl SARs and Taiwan province)","Business",4900
2006-09-01,"China (excl SARs and Taiwan province)","Business",4756
2006-10-01,"China (excl SARs and Taiwan province)","Business",5894
2006-11-01,"China (excl SARs and Taiwan province)","Business",7768
2006-12-01,"China (excl SARs and Taiwan province)","Business",5085
2007-01-01,"China (excl SARs and Taiwan province)","Business",5367
2007-02-01,"China (excl SARs and Taiwan province)","Business",4454
2007-03-01,"China (excl SARs and Taiwan province)","Business",10880
2007-04-01,"China (excl SARs and Taiwan province)","Business",5771
2007-05-01,"China (excl SARs and Taiwan province)","Business",4623
2007-06-01,"China (excl SARs and Taiwan province)","Business",4581
2007-07-01,"China (excl SARs and Taiwan province)","Business",4636
2007-08-01,"China (excl SARs and Taiwan province)","Business",5206
2007-09-01,"China (excl SARs and Taiwan province)","Business",5293
2007-10-01,"China (excl SARs and Taiwan province)","Business",5307
2007-11-01,"China (excl SARs and Taiwan province)","Business",8135
2007-12-01,"China (excl SARs and Taiwan province)","Business",5191
2008-01-01,"China (excl SARs and Taiwan province)","Business",4676
2008-02-01,"China (excl SARs and Taiwan province)","Business",5469
2008-03-01,"China (excl SARs and Taiwan province)","Business",4891
2008-04-01,"China (excl SARs and Taiwan province)","Business",11778
2008-05-01,"China (excl SARs and Taiwan province)","Business",4690
2008-06-01,"China (excl SARs and Taiwan province)","Business",2934
2008-07-01,"China (excl SARs and Taiwan province)","Business",3915
2008-08-01,"China (excl SARs and Taiwan province)","Business",3097
2008-09-01,"China (excl SARs and Taiwan province)","Business",3072
2008-10-01,"China (excl SARs and Taiwan province)","Business",3400
2008-11-01,"China (excl SARs and Taiwan province)","Business",4764
2008-12-01,"China (excl SARs and Taiwan province)","Business",4776
2009-01-01,"China (excl SARs and Taiwan province)","Business",4013
2009-02-01,"China (excl SARs and Taiwan province)","Business",4717
2009-03-01,"China (excl SARs and Taiwan province)","Business",4099
2009-04-01,"China (excl SARs and Taiwan province)","Business",3317
2009-05-01,"China (excl SARs and Taiwan province)","Business",3067
2009-06-01,"China (excl SARs and Taiwan province)","Business",2476
2009-07-01,"China (excl SARs and Taiwan province)","Business",3525
2009-08-01,"China (excl SARs and Taiwan province)","Business",3916
2009-09-01,"China (excl SARs and Taiwan province)","Business",3569
2009-10-01,"China (excl SARs and Taiwan province)","Business",4284
2009-11-01,"China (excl SARs and Taiwan province)","Business",5609
2009-12-01,"China (excl SARs and Taiwan province)","Business",4043
2010-01-01,"China (excl SARs and Taiwan province)","Business",4496
2010-02-01,"China (excl SARs and Taiwan province)","Business",4491
2010-03-01,"China (excl SARs and Taiwan province)","Business",4719
2010-04-01,"China (excl SARs and Taiwan province)","Business",4695
2010-05-01,"China (excl SARs and Taiwan province)","Business",4670
2010-06-01,"China (excl SARs and Taiwan province)","Business",4063
2010-07-01,"China (excl SARs and Taiwan province)","Business",5162
2010-08-01,"China (excl SARs and Taiwan province)","Business",4386
2010-09-01,"China (excl SARs and Taiwan province)","Business",4460
2010-10-01,"China (excl SARs and Taiwan province)","Business",4158
2010-11-01,"China (excl SARs and Taiwan province)","Business",6042
2010-12-01,"China (excl SARs and Taiwan province)","Business",4574
2011-01-01,"China (excl SARs and Taiwan province)","Business",11174
2011-02-01,"China (excl SARs and Taiwan province)","Business",5152
2011-03-01,"China (excl SARs and Taiwan province)","Business",5843
2011-04-01,"China (excl SARs and Taiwan province)","Business",4474
2011-05-01,"China (excl SARs and Taiwan province)","Business",5414
2011-06-01,"China (excl SARs and Taiwan province)","Business",4522
2011-07-01,"China (excl SARs and Taiwan province)","Business",5646
2011-08-01,"China (excl SARs and Taiwan province)","Business",4448
2011-09-01,"China (excl SARs and Taiwan province)","Business",4967
2011-10-01,"China (excl SARs and Taiwan province)","Business",5940
2011-11-01,"China (excl SARs and Taiwan province)","Business",7827
2011-12-01,"China (excl SARs and Taiwan province)","Business",4817
2012-01-01,"China (excl SARs and Taiwan province)","Business",3873
2012-02-01,"China (excl SARs and Taiwan province)","Business",5491
2012-03-01,"China (excl SARs and Taiwan province)","Business",4950
2012-04-01,"China (excl SARs and Taiwan province)","Business",4580
2012-05-01,"China (excl SARs and Taiwan province)","Business",5604
2012-06-01,"China (excl SARs and Taiwan province)","Business",4774
2012-07-01,"China (excl SARs and Taiwan province)","Business",5453
2012-08-01,"China (excl SARs and Taiwan province)","Business",7444
2012-09-01,"China (excl SARs and Taiwan province)","Business",6199
2012-10-01,"China (excl SARs and Taiwan province)","Business",6061
2012-11-01,"China (excl SARs and Taiwan province)","Business",7663
2012-12-01,"China (excl SARs and Taiwan province)","Business",4519
2013-01-01,"China (excl SARs and Taiwan province)","Business",3997
2013-02-01,"China (excl SARs and Taiwan province)","Business",4896
2013-03-01,"China (excl SARs and Taiwan province)","Business",4496
2013-04-01,"China (excl SARs and Taiwan province)","Business",6205
2013-05-01,"China (excl SARs and Taiwan province)","Business",6612
2013-06-01,"China (excl SARs and Taiwan province)","Business",4950
2013-07-01,"China (excl SARs and Taiwan province)","Business",7783
2013-08-01,"China (excl SARs and Taiwan province)","Business",5010
2013-09-01,"China (excl SARs and Taiwan province)","Business",5248
2013-10-01,"China (excl SARs and Taiwan province)","Business",4555
2013-11-01,"China (excl SARs and Taiwan province)","Business",6676
2013-12-01,"China (excl SARs and Taiwan province)","Business",4908
2014-01-01,"China (excl SARs and Taiwan province)","Business",3960
2014-02-01,"China (excl SARs and Taiwan province)","Business",4281
2014-03-01,"China (excl SARs and Taiwan province)","Business",5129
2014-04-01,"China (excl SARs and Taiwan province)","Business",4486
2014-05-01,"China (excl SARs and Taiwan province)","Business",5627
2014-06-01,"China (excl SARs and Taiwan province)","Business",4910
2014-07-01,"China (excl SARs and Taiwan province)","Business",5583
2014-08-01,"China (excl SARs and Taiwan province)","Business",5450
2014-09-01,"China (excl SARs and Taiwan province)","Business",9274
2014-10-01,"China (excl SARs and Taiwan province)","Business",4944
2014-11-01,"China (excl SARs and Taiwan province)","Business",7747
2014-12-01,"China (excl SARs and Taiwan province)","Business",3649
2015-01-01,"China (excl SARs and Taiwan province)","Business",5752
2015-02-01,"China (excl SARs and Taiwan province)","Business",5992
2015-03-01,"China (excl SARs and Taiwan province)","Business",5372
2015-04-01,"China (excl SARs and Taiwan province)","Business",4763
2015-05-01,"China (excl SARs and Taiwan province)","Business",5369
2015-06-01,"China (excl SARs and Taiwan province)","Business",5043
2015-07-01,"China (excl SARs and Taiwan province)","Business",4520
2015-08-01,"China (excl SARs and Taiwan province)","Business",4655
2015-09-01,"China (excl SARs and Taiwan province)","Business",4904
2015-10-01,"China (excl SARs and Taiwan province)","Business",5777
2015-11-01,"China (excl SARs and Taiwan province)","Business",7404
2015-12-01,"China (excl SARs and Taiwan province)","Business",4000
2016-01-01,"China (excl SARs and Taiwan province)","Business",3866
2016-02-01,"China (excl SARs and Taiwan province)","Business",6121
2016-03-01,"China (excl SARs and Taiwan province)","Business",5010
2016-04-01,"China (excl SARs and Taiwan province)","Business",8023
2016-05-01,"China (excl SARs and Taiwan province)","Business",5809
2016-06-01,"China (excl SARs and Taiwan province)","Business",4293
2016-07-01,"China (excl SARs and Taiwan province)","Business",5711
2016-08-01,"China (excl SARs and Taiwan province)","Business",4957
2016-09-01,"China (excl SARs and Taiwan province)","Business",4688
2016-10-01,"China (excl SARs and Taiwan province)","Business",6023
2016-11-01,"China (excl SARs and Taiwan province)","Business",7165
2016-12-01,"China (excl SARs and Taiwan province)","Business",5036
2017-01-01,"China (excl SARs and Taiwan province)","Business",10448
2017-02-01,"China (excl SARs and Taiwan province)","Business",5638
2017-03-01,"China (excl SARs and Taiwan province)","Business",5736
2017-04-01,"China (excl SARs and Taiwan province)","Business",5906
2017-05-01,"China (excl SARs and Taiwan province)","Business",5725
2017-06-01,"China (excl SARs and Taiwan province)","Business",7835
2017-07-01,"China (excl SARs and Taiwan province)","Business",7007
2017-08-01,"China (excl SARs and Taiwan province)","Business",9190
2017-09-01,"China (excl SARs and Taiwan province)","Business",6451
2017-10-01,"China (excl SARs and Taiwan province)","Business",6527
2017-11-01,"China (excl SARs and Taiwan province)","Business",8157
2017-12-01,"China (excl SARs and Taiwan province)","Business",4937
2018-01-01,"China (excl SARs and Taiwan province)","Business",4629
2018-02-01,"China (excl SARs and Taiwan province)","Business",4841
2018-03-01,"China (excl SARs and Taiwan province)","Business",5561
2018-04-01,"China (excl SARs and Taiwan province)","Business",5262
2018-05-01,"China (excl SARs and Taiwan province)","Business",12072
2018-06-01,"China (excl SARs and Taiwan province)","Business",4592
2018-07-01,"China (excl SARs and Taiwan province)","Business",6965
2018-08-01,"China (excl SARs and Taiwan province)","Business",5232
2018-09-01,"China (excl SARs and Taiwan province)","Business",5594
2018-10-01,"China (excl SARs and Taiwan province)","Business",5789
2018-11-01,"China (excl SARs and Taiwan province)","Business",7306
2018-12-01,"China (excl SARs and Taiwan province)","Business",4701
2019-01-01,"China (excl SARs and Taiwan province)","Business",4638
2019-02-01,"China (excl SARs and Taiwan province)","Business",5385
2019-03-01,"China (excl SARs and Taiwan province)","Business",5960
2019-04-01,"China (excl SARs and Taiwan province)","Business",5129
2019-05-01,"China (excl SARs and Taiwan province)","Business",5706
2019-06-01,"China (excl SARs and Taiwan province)","Business",4959
2019-07-01,"China (excl SARs and Taiwan province)","Business",5923
2019-08-01,"China (excl SARs and Taiwan province)","Business",6619
2019-09-01,"China (excl SARs and Taiwan province)","Business",6351
2019-10-01,"China (excl SARs and Taiwan province)","Business",8407
2019-11-01,"China (excl SARs and Taiwan province)","Business",7760
2019-12-01,"China (excl SARs and Taiwan province)","Business",5409
2020-01-01,"China (excl SARs and Taiwan province)","Business",3833
2020-02-01,"China (excl SARs and Taiwan province)","Business",583
2005-01-01,"China (excl SARs and Taiwan province)","Education",6891
2005-02-01,"China (excl SARs and Taiwan province)","Education",8850
2005-03-01,"China (excl SARs and Taiwan province)","Education",2284
2005-04-01,"China (excl SARs and Taiwan province)","Education",1387
2005-05-01,"China (excl SARs and Taiwan province)","Education",820
2005-06-01,"China (excl SARs and Taiwan province)","Education",1035
2005-07-01,"China (excl SARs and Taiwan province)","Education",9223
2005-08-01,"China (excl SARs and Taiwan province)","Education",1946
2005-09-01,"China (excl SARs and Taiwan province)","Education",982
2005-10-01,"China (excl SARs and Taiwan province)","Education",1509
2005-11-01,"China (excl SARs and Taiwan province)","Education",1238
2005-12-01,"China (excl SARs and Taiwan province)","Education",916
2006-01-01,"China (excl SARs and Taiwan province)","Education",4699
2006-02-01,"China (excl SARs and Taiwan province)","Education",12112
2006-03-01,"China (excl SARs and Taiwan province)","Education",2606
2006-04-01,"China (excl SARs and Taiwan province)","Education",1225
2006-05-01,"China (excl SARs and Taiwan province)","Education",1050
2006-06-01,"China (excl SARs and Taiwan province)","Education",1207
2006-07-01,"China (excl SARs and Taiwan province)","Education",9132
2006-08-01,"China (excl SARs and Taiwan province)","Education",2353
2006-09-01,"China (excl SARs and Taiwan province)","Education",985
2006-10-01,"China (excl SARs and Taiwan province)","Education",1735
2006-11-01,"China (excl SARs and Taiwan province)","Education",1423
2006-12-01,"China (excl SARs and Taiwan province)","Education",1323
2007-01-01,"China (excl SARs and Taiwan province)","Education",6720
2007-02-01,"China (excl SARs and Taiwan province)","Education",9782
2007-03-01,"China (excl SARs and Taiwan province)","Education",5030
2007-04-01,"China (excl SARs and Taiwan province)","Education",1578
2007-05-01,"China (excl SARs and Taiwan province)","Education",957
2007-06-01,"China (excl SARs and Taiwan province)","Education",1419
2007-07-01,"China (excl SARs and Taiwan province)","Education",10606
2007-08-01,"China (excl SARs and Taiwan province)","Education",3167
2007-09-01,"China (excl SARs and Taiwan province)","Education",1192
2007-10-01,"China (excl SARs and Taiwan province)","Education",2108
2007-11-01,"China (excl SARs and Taiwan province)","Education",1539
2007-12-01,"China (excl SARs and Taiwan province)","Education",1355
2008-01-01,"China (excl SARs and Taiwan province)","Education",7725
2008-02-01,"China (excl SARs and Taiwan province)","Education",13704
2008-03-01,"China (excl SARs and Taiwan province)","Education",4832
2008-04-01,"China (excl SARs and Taiwan province)","Education",1974
2008-05-01,"China (excl SARs and Taiwan province)","Education",1005
2008-06-01,"China (excl SARs and Taiwan province)","Education",1303
2008-07-01,"China (excl SARs and Taiwan province)","Education",11548
2008-08-01,"China (excl SARs and Taiwan province)","Education",3267
2008-09-01,"China (excl SARs and Taiwan province)","Education",1173
2008-10-01,"China (excl SARs and Taiwan province)","Education",2250
2008-11-01,"China (excl SARs and Taiwan province)","Education",1564
2008-12-01,"China (excl SARs and Taiwan province)","Education",1429
2009-01-01,"China (excl SARs and Taiwan province)","Education",7581
2009-02-01,"China (excl SARs and Taiwan province)","Education",18093
2009-03-01,"China (excl SARs and Taiwan province)","Education",5873
2009-04-01,"China (excl SARs and Taiwan province)","Education",3031
2009-05-01,"China (excl SARs and Taiwan province)","Education",1488
2009-06-01,"China (excl SARs and Taiwan province)","Education",2466
2009-07-01,"China (excl SARs and Taiwan province)","Education",13163
2009-08-01,"China (excl SARs and Taiwan province)","Education",4973
2009-09-01,"China (excl SARs and Taiwan province)","Education",2221
2009-10-01,"China (excl SARs and Taiwan province)","Education",3583
2009-11-01,"China (excl SARs and Taiwan province)","Education",2349
2009-12-01,"China (excl SARs and Taiwan province)","Education",1914
2010-01-01,"China (excl SARs and Taiwan province)","Education",10546
2010-02-01,"China (excl SARs and Taiwan province)","Education",20047
2010-03-01,"China (excl SARs and Taiwan province)","Education",9696
2010-04-01,"China (excl SARs and Taiwan province)","Education",3102
2010-05-01,"China (excl SARs and Taiwan province)","Education",1674
2010-06-01,"China (excl SARs and Taiwan province)","Education",2724
2010-07-01,"China (excl SARs and Taiwan province)","Education",17627
2010-08-01,"China (excl SARs and Taiwan province)","Education",6440
2010-09-01,"China (excl SARs and Taiwan province)","Education",2192
2010-10-01,"China (excl SARs and Taiwan province)","Education",3349
2010-11-01,"China (excl SARs and Taiwan province)","Education",3105
2010-12-01,"China (excl SARs and Taiwan province)","Education",1934
2011-01-01,"China (excl SARs and Taiwan province)","Education",9215
2011-02-01,"China (excl SARs and Taiwan province)","Education",27149
2011-03-01,"China (excl SARs and Taiwan province)","Education",8399
2011-04-01,"China (excl SARs and Taiwan province)","Education",2768
2011-05-01,"China (excl SARs and Taiwan province)","Education",2553
2011-06-01,"China (excl SARs and Taiwan province)","Education",2467
2011-07-01,"China (excl SARs and Taiwan province)","Education",19060
2011-08-01,"China (excl SARs and Taiwan province)","Education",6504
2011-09-01,"China (excl SARs and Taiwan province)","Education",2815
2011-10-01,"China (excl SARs and Taiwan province)","Education",3610
2011-11-01,"China (excl SARs and Taiwan province)","Education",2976
2011-12-01,"China (excl SARs and Taiwan province)","Education",2765
2012-01-01,"China (excl SARs and Taiwan province)","Education",9037
2012-02-01,"China (excl SARs and Taiwan province)","Education",29359
2012-03-01,"China (excl SARs and Taiwan province)","Education",7094
2012-04-01,"China (excl SARs and Taiwan province)","Education",3598
2012-05-01,"China (excl SARs and Taiwan province)","Education",1847
2012-06-01,"China (excl SARs and Taiwan province)","Education",2780
2012-07-01,"China (excl SARs and Taiwan province)","Education",20867
2012-08-01,"China (excl SARs and Taiwan province)","Education",6350
2012-09-01,"China (excl SARs and Taiwan province)","Education",2845
2012-10-01,"China (excl SARs and Taiwan province)","Education",3685
2012-11-01,"China (excl SARs and Taiwan province)","Education",2932
2012-12-01,"China (excl SARs and Taiwan province)","Education",2684
2013-01-01,"China (excl SARs and Taiwan province)","Education",10376
2013-02-01,"China (excl SARs and Taiwan province)","Education",25058
2013-03-01,"China (excl SARs and Taiwan province)","Education",11323
2013-04-01,"China (excl SARs and Taiwan province)","Education",3937
2013-05-01,"China (excl SARs and Taiwan province)","Education",2109
2013-06-01,"China (excl SARs and Taiwan province)","Education",3487
2013-07-01,"China (excl SARs and Taiwan province)","Education",20865
2013-08-01,"China (excl SARs and Taiwan province)","Education",7114
2013-09-01,"China (excl SARs and Taiwan province)","Education",2797
2013-10-01,"China (excl SARs and Taiwan province)","Education",4580
2013-11-01,"China (excl SARs and Taiwan province)","Education",2896
2013-12-01,"China (excl SARs and Taiwan province)","Education",2699
2014-01-01,"China (excl SARs and Taiwan province)","Education",9007
2014-02-01,"China (excl SARs and Taiwan province)","Education",28431
2014-03-01,"China (excl SARs and Taiwan province)","Education",10009
2014-04-01,"China (excl SARs and Taiwan province)","Education",3600
2014-05-01,"China (excl SARs and Taiwan province)","Education",2326
2014-06-01,"China (excl SARs and Taiwan province)","Education",3385
2014-07-01,"China (excl SARs and Taiwan province)","Education",22266
2014-08-01,"China (excl SARs and Taiwan province)","Education",7684
2014-09-01,"China (excl SARs and Taiwan province)","Education",3165
2014-10-01,"China (excl SARs and Taiwan province)","Education",5677
2014-11-01,"China (excl SARs and Taiwan province)","Education",3958
2014-12-01,"China (excl SARs and Taiwan province)","Education",3602
2015-01-01,"China (excl SARs and Taiwan province)","Education",13647
2015-02-01,"China (excl SARs and Taiwan province)","Education",27097
2015-03-01,"China (excl SARs and Taiwan province)","Education",16804
2015-04-01,"China (excl SARs and Taiwan province)","Education",5537
2015-05-01,"China (excl SARs and Taiwan province)","Education",3161
2015-06-01,"China (excl SARs and Taiwan province)","Education",4701
2015-07-01,"China (excl SARs and Taiwan province)","Education",28803
2015-08-01,"China (excl SARs and Taiwan province)","Education",9135
2015-09-01,"China (excl SARs and Taiwan province)","Education",4289
2015-10-01,"China (excl SARs and Taiwan province)","Education",8194
2015-11-01,"China (excl SARs and Taiwan province)","Education",5555
2015-12-01,"China (excl SARs and Taiwan province)","Education",5552
2016-01-01,"China (excl SARs and Taiwan province)","Education",17572
2016-02-01,"China (excl SARs and Taiwan province)","Education",39630
2016-03-01,"China (excl SARs and Taiwan province)","Education",13413
2016-04-01,"China (excl SARs and Taiwan province)","Education",6887
2016-05-01,"China (excl SARs and Taiwan province)","Education",3517
2016-06-01,"China (excl SARs and Taiwan province)","Education",5353
2016-07-01,"China (excl SARs and Taiwan province)","Education",39354
2016-08-01,"China (excl SARs and Taiwan province)","Education",9122
2016-09-01,"China (excl SARs and Taiwan province)","Education",6287
2016-10-01,"China (excl SARs and Taiwan province)","Education",10412
2016-11-01,"China (excl SARs and Taiwan province)","Education",5364
2016-12-01,"China (excl SARs and Taiwan province)","Education",5710
2017-01-01,"China (excl SARs and Taiwan province)","Education",20042
2017-02-01,"China (excl SARs and Taiwan province)","Education",53452
2017-03-01,"China (excl SARs and Taiwan province)","Education",15099
2017-04-01,"China (excl SARs and Taiwan province)","Education",10443
2017-05-01,"China (excl SARs and Taiwan province)","Education",4473
2017-06-01,"China (excl SARs and Taiwan province)","Education",7777
2017-07-01,"China (excl SARs and Taiwan province)","Education",49845
2017-08-01,"China (excl SARs and Taiwan province)","Education",12205
2017-09-01,"China (excl SARs and Taiwan province)","Education",7144
2017-10-01,"China (excl SARs and Taiwan province)","Education",13466
2017-11-01,"China (excl SARs and Taiwan province)","Education",6564
2017-12-01,"China (excl SARs and Taiwan province)","Education",7668
2018-01-01,"China (excl SARs and Taiwan province)","Education",27501
2018-02-01,"China (excl SARs and Taiwan province)","Education",55459
2018-03-01,"China (excl SARs and Taiwan province)","Education",22945
2018-04-01,"China (excl SARs and Taiwan province)","Education",14894
2018-05-01,"China (excl SARs and Taiwan province)","Education",6211
2018-06-01,"China (excl SARs and Taiwan province)","Education",9421
2018-07-01,"China (excl SARs and Taiwan province)","Education",63081
2018-08-01,"China (excl SARs and Taiwan province)","Education",14767
2018-09-01,"China (excl SARs and Taiwan province)","Education",9514
2018-10-01,"China (excl SARs and Taiwan province)","Education",14714
2018-11-01,"China (excl SARs and Taiwan province)","Education",8680
2018-12-01,"China (excl SARs and Taiwan province)","Education",8739
2019-01-01,"China (excl SARs and Taiwan province)","Education",25747
2019-02-01,"China (excl SARs and Taiwan province)","Education",66932
2019-03-01,"China (excl SARs and Taiwan province)","Education",23977
2019-04-01,"China (excl SARs and Taiwan province)","Education",12407
2019-05-01,"China (excl SARs and Taiwan province)","Education",8914
2019-06-01,"China (excl SARs and Taiwan province)","Education",11721
2019-07-01,"China (excl SARs and Taiwan province)","Education",56677
2019-08-01,"China (excl SARs and Taiwan province)","Education",21484
2019-09-01,"China (excl SARs and Taiwan province)","Education",12354
2019-10-01,"China (excl SARs and Taiwan province)","Education",17448
2019-11-01,"China (excl SARs and Taiwan province)","Education",8572
2019-12-01,"China (excl SARs and Taiwan province)","Education",9158
2020-01-01,"China (excl SARs and Taiwan province)","Education",25402
2020-02-01,"China (excl SARs and Taiwan province)","Education",12340
2005-01-01,"China (excl SARs and Taiwan province)","Employment",434
2005-02-01,"China (excl SARs and Taiwan province)","Employment",296
2005-03-01,"China (excl SARs and Taiwan province)","Employment",431
2005-04-01,"China (excl SARs and Taiwan province)","Employment",208
2005-05-01,"China (excl SARs and Taiwan province)","Employment",162
2005-06-01,"China (excl SARs and Taiwan province)","Employment",105
2005-07-01,"China (excl SARs and Taiwan province)","Employment",303
2005-08-01,"China (excl SARs and Taiwan province)","Employment",263
2005-09-01,"China (excl SARs and Taiwan province)","Employment",154
2005-10-01,"China (excl SARs and Taiwan province)","Employment",344
2005-11-01,"China (excl SARs and Taiwan province)","Employment",299
2005-12-01,"China (excl SARs and Taiwan province)","Employment",440
2006-01-01,"China (excl SARs and Taiwan province)","Employment",443
2006-02-01,"China (excl SARs and Taiwan province)","Employment",462
2006-03-01,"China (excl SARs and Taiwan province)","Employment",330
2006-04-01,"China (excl SARs and Taiwan province)","Employment",393
2006-05-01,"China (excl SARs and Taiwan province)","Employment",395
2006-06-01,"China (excl SARs and Taiwan province)","Employment",295
2006-07-01,"China (excl SARs and Taiwan province)","Employment",631
2006-08-01,"China (excl SARs and Taiwan province)","Employment",600
2006-09-01,"China (excl SARs and Taiwan province)","Employment",413
2006-10-01,"China (excl SARs and Taiwan province)","Employment",328
2006-11-01,"China (excl SARs and Taiwan province)","Employment",342
2006-12-01,"China (excl SARs and Taiwan province)","Employment",456
2007-01-01,"China (excl SARs and Taiwan province)","Employment",590
2007-02-01,"China (excl SARs and Taiwan province)","Employment",1071
2007-03-01,"China (excl SARs and Taiwan province)","Employment",466
2007-04-01,"China (excl SARs and Taiwan province)","Employment",517
2007-05-01,"China (excl SARs and Taiwan province)","Employment",393
2007-06-01,"China (excl SARs and Taiwan province)","Employment",284
2007-07-01,"China (excl SARs and Taiwan province)","Employment",502
2007-08-01,"China (excl SARs and Taiwan province)","Employment",427
2007-09-01,"China (excl SARs and Taiwan province)","Employment",371
2007-10-01,"China (excl SARs and Taiwan province)","Employment",350
2007-11-01,"China (excl SARs and Taiwan province)","Employment",389
2007-12-01,"China (excl SARs and Taiwan province)","Employment",551
2008-01-01,"China (excl SARs and Taiwan province)","Employment",975
2008-02-01,"China (excl SARs and Taiwan province)","Employment",1272
2008-03-01,"China (excl SARs and Taiwan province)","Employment",506
2008-04-01,"China (excl SARs and Taiwan province)","Employment",628
2008-05-01,"China (excl SARs and Taiwan province)","Employment",478
2008-06-01,"China (excl SARs and Taiwan province)","Employment",364
2008-07-01,"China (excl SARs and Taiwan province)","Employment",757
2008-08-01,"China (excl SARs and Taiwan province)","Employment",448
2008-09-01,"China (excl SARs and Taiwan province)","Employment",551
2008-10-01,"China (excl SARs and Taiwan province)","Employment",594
2008-11-01,"China (excl SARs and Taiwan province)","Employment",488
2008-12-01,"China (excl SARs and Taiwan province)","Employment",692
2009-01-01,"China (excl SARs and Taiwan province)","Employment",988
2009-02-01,"China (excl SARs and Taiwan province)","Employment",917
2009-03-01,"China (excl SARs and Taiwan province)","Employment",640
2009-04-01,"China (excl SARs and Taiwan province)","Employment",648
2009-05-01,"China (excl SARs and Taiwan province)","Employment",331
2009-06-01,"China (excl SARs and Taiwan province)","Employment",260
2009-07-01,"China (excl SARs and Taiwan province)","Employment",475
2009-08-01,"China (excl SARs and Taiwan province)","Employment",489
2009-09-01,"China (excl SARs and Taiwan province)","Employment",451
2009-10-01,"China (excl SARs and Taiwan province)","Employment",553
2009-11-01,"China (excl SARs and Taiwan province)","Employment",585
2009-12-01,"China (excl SARs and Taiwan province)","Employment",591
2010-01-01,"China (excl SARs and Taiwan province)","Employment",1055
2010-02-01,"China (excl SARs and Taiwan province)","Employment",1469
2010-03-01,"China (excl SARs and Taiwan province)","Employment",976
2010-04-01,"China (excl SARs and Taiwan province)","Employment",710
2010-05-01,"China (excl SARs and Taiwan province)","Employment",447
2010-06-01,"China (excl SARs and Taiwan province)","Employment",515
2010-07-01,"China (excl SARs and Taiwan province)","Employment",790
2010-08-01,"China (excl SARs and Taiwan province)","Employment",708
2010-09-01,"China (excl SARs and Taiwan province)","Employment",624
2010-10-01,"China (excl SARs and Taiwan province)","Employment",522
2010-11-01,"China (excl SARs and Taiwan province)","Employment",599
2010-12-01,"China (excl SARs and Taiwan province)","Employment",445
2011-01-01,"China (excl SARs and Taiwan province)","Employment",1242
2011-02-01,"China (excl SARs and Taiwan province)","Employment",1771
2011-03-01,"China (excl SARs and Taiwan province)","Employment",997
2011-04-01,"China (excl SARs and Taiwan province)","Employment",830
2011-05-01,"China (excl SARs and Taiwan province)","Employment",697
2011-06-01,"China (excl SARs and Taiwan province)","Employment",557
2011-07-01,"China (excl SARs and Taiwan province)","Employment",876
2011-08-01,"China (excl SARs and Taiwan province)","Employment",800
2011-09-01,"China (excl SARs and Taiwan province)","Employment",699
2011-10-01,"China (excl SARs and Taiwan province)","Employment",1062
2011-11-01,"China (excl SARs and Taiwan province)","Employment",655
2011-12-01,"China (excl SARs and Taiwan province)","Employment",814
2012-01-01,"China (excl SARs and Taiwan province)","Employment",1591
2012-02-01,"China (excl SARs and Taiwan province)","Employment",1430
2012-03-01,"China (excl SARs and Taiwan province)","Employment",1466
2012-04-01,"China (excl SARs and Taiwan province)","Employment",1648
2012-05-01,"China (excl SARs and Taiwan province)","Employment",1171
2012-06-01,"China (excl SARs and Taiwan province)","Employment",822
2012-07-01,"China (excl SARs and Taiwan province)","Employment",1436
2012-08-01,"China (excl SARs and Taiwan province)","Employment",1771
2012-09-01,"China (excl SARs and Taiwan province)","Employment",913
2012-10-01,"China (excl SARs and Taiwan province)","Employment",967
2012-11-01,"China (excl SARs and Taiwan province)","Employment",875
2012-12-01,"China (excl SARs and Taiwan province)","Employment",834
2013-01-01,"China (excl SARs and Taiwan province)","Employment",1408
2013-02-01,"China (excl SARs and Taiwan province)","Employment",1920
2013-03-01,"China (excl SARs and Taiwan province)","Employment",1682
2013-04-01,"China (excl SARs and Taiwan province)","Employment",1338
2013-05-01,"China (excl SARs and Taiwan province)","Employment",796
2013-06-01,"China (excl SARs and Taiwan province)","Employment",737
2013-07-01,"China (excl SARs and Taiwan province)","Employment",1005
2013-08-01,"China (excl SARs and Taiwan province)","Employment",944
2013-09-01,"China (excl SARs and Taiwan province)","Employment",1078
2013-10-01,"China (excl SARs and Taiwan province)","Employment",957
2013-11-01,"China (excl SARs and Taiwan province)","Employment",971
2013-12-01,"China (excl SARs and Taiwan province)","Employment",914
2014-01-01,"China (excl SARs and Taiwan province)","Employment",2461
2014-02-01,"China (excl SARs and Taiwan province)","Employment",2905
2014-03-01,"China (excl SARs and Taiwan province)","Employment",1321
2014-04-01,"China (excl SARs and Taiwan province)","Employment",1331
2014-05-01,"China (excl SARs and Taiwan province)","Employment",979
2014-06-01,"China (excl SARs and Taiwan province)","Employment",889
2014-07-01,"China (excl SARs and Taiwan province)","Employment",1340
2014-08-01,"China (excl SARs and Taiwan province)","Employment",1357
2014-09-01,"China (excl SARs and Taiwan province)","Employment",1268
2014-10-01,"China (excl SARs and Taiwan province)","Employment",2174
2014-11-01,"China (excl SARs and Taiwan province)","Employment",1986
2014-12-01,"China (excl SARs and Taiwan province)","Employment",2434
2015-01-01,"China (excl SARs and Taiwan province)","Employment",3329
2015-02-01,"China (excl SARs and Taiwan province)","Employment",5798
2015-03-01,"China (excl SARs and Taiwan province)","Employment",2392
2015-04-01,"China (excl SARs and Taiwan province)","Employment",3336
2015-05-01,"China (excl SARs and Taiwan province)","Employment",2630
2015-06-01,"China (excl SARs and Taiwan province)","Employment",2220
2015-07-01,"China (excl SARs and Taiwan province)","Employment",2890
2015-08-01,"China (excl SARs and Taiwan province)","Employment",2698
2015-09-01,"China (excl SARs and Taiwan province)","Employment",2026
2015-10-01,"China (excl SARs and Taiwan province)","Employment",1721
2015-11-01,"China (excl SARs and Taiwan province)","Employment",2844
2015-12-01,"China (excl SARs and Taiwan province)","Employment",2290
2016-01-01,"China (excl SARs and Taiwan province)","Employment",2595
2016-02-01,"China (excl SARs and Taiwan province)","Employment",4076
2016-03-01,"China (excl SARs and Taiwan province)","Employment",2218
2016-04-01,"China (excl SARs and Taiwan province)","Employment",1887
2016-05-01,"China (excl SARs and Taiwan province)","Employment",1584
2016-06-01,"China (excl SARs and Taiwan province)","Employment",1781
2016-07-01,"China (excl SARs and Taiwan province)","Employment",2471
2016-08-01,"China (excl SARs and Taiwan province)","Employment",1948
2016-09-01,"China (excl SARs and Taiwan province)","Employment",2196
2016-10-01,"China (excl SARs and Taiwan province)","Employment",2805
2016-11-01,"China (excl SARs and Taiwan province)","Employment",1649
2016-12-01,"China (excl SARs and Taiwan province)","Employment",1985
2017-01-01,"China (excl SARs and Taiwan province)","Employment",4980
2017-02-01,"China (excl SARs and Taiwan province)","Employment",5141
2017-03-01,"China (excl SARs and Taiwan province)","Employment",2221
2017-04-01,"China (excl SARs and Taiwan province)","Employment",1855
2017-05-01,"China (excl SARs and Taiwan province)","Employment",1641
2017-06-01,"China (excl SARs and Taiwan province)","Employment",1903
2017-07-01,"China (excl SARs and Taiwan province)","Employment",1958
2017-08-01,"China (excl SARs and Taiwan province)","Employment",1564
2017-09-01,"China (excl SARs and Taiwan province)","Employment",1466
2017-10-01,"China (excl SARs and Taiwan province)","Employment",1720
2017-11-01,"China (excl SARs and Taiwan province)","Employment",1381
2017-12-01,"China (excl SARs and Taiwan province)","Employment",1149
2018-01-01,"China (excl SARs and Taiwan province)","Employment",2517
2018-02-01,"China (excl SARs and Taiwan province)","Employment",2150
2018-03-01,"China (excl SARs and Taiwan province)","Employment",2663
2018-04-01,"China (excl SARs and Taiwan province)","Employment",1626
2018-05-01,"China (excl SARs and Taiwan province)","Employment",1243
2018-06-01,"China (excl SARs and Taiwan province)","Employment",1422
2018-07-01,"China (excl SARs and Taiwan province)","Employment",1311
2018-08-01,"China (excl SARs and Taiwan province)","Employment",1360
2018-09-01,"China (excl SARs and Taiwan province)","Employment",1378
2018-10-01,"China (excl SARs and Taiwan province)","Employment",1807
2018-11-01,"China (excl SARs and Taiwan province)","Employment",1285
2018-12-01,"China (excl SARs and Taiwan province)","Employment",1200
2019-01-01,"China (excl SARs and Taiwan province)","Employment",3069
2019-02-01,"China (excl SARs and Taiwan province)","Employment",3187
2019-03-01,"China (excl SARs and Taiwan province)","Employment",1724
2019-04-01,"China (excl SARs and Taiwan province)","Employment",1609
2019-05-01,"China (excl SARs and Taiwan province)","Employment",1499
2019-06-01,"China (excl SARs and Taiwan province)","Employment",1605
2019-07-01,"China (excl SARs and Taiwan province)","Employment",1251
2019-08-01,"China (excl SARs and Taiwan province)","Employment",1570
2019-09-01,"China (excl SARs and Taiwan province)","Employment",1482
2019-10-01,"China (excl SARs and Taiwan province)","Employment",1717
2019-11-01,"China (excl SARs and Taiwan province)","Employment",1529
2019-12-01,"China (excl SARs and Taiwan province)","Employment",1191
2020-01-01,"China (excl SARs and Taiwan province)","Employment",3626
2020-02-01,"China (excl SARs and Taiwan province)","Employment",883
2005-01-01,"China (excl SARs and Taiwan province)","Holiday",13069
2005-02-01,"China (excl SARs and Taiwan province)","Holiday",22347
2005-03-01,"China (excl SARs and Taiwan province)","Holiday",7602
2005-04-01,"China (excl SARs and Taiwan province)","Holiday",10139
2005-05-01,"China (excl SARs and Taiwan province)","Holiday",8118
2005-06-01,"China (excl SARs and Taiwan province)","Holiday",5588
2005-07-01,"China (excl SARs and Taiwan province)","Holiday",10090
2005-08-01,"China (excl SARs and Taiwan province)","Holiday",10634
2005-09-01,"China (excl SARs and Taiwan province)","Holiday",7377
2005-10-01,"China (excl SARs and Taiwan province)","Holiday",8555
2005-11-01,"China (excl SARs and Taiwan province)","Holiday",12667
2005-12-01,"China (excl SARs and Taiwan province)","Holiday",12676
2006-01-01,"China (excl SARs and Taiwan province)","Holiday",17656
2006-02-01,"China (excl SARs and Taiwan province)","Holiday",12665
2006-03-01,"China (excl SARs and Taiwan province)","Holiday",9288
2006-04-01,"China (excl SARs and Taiwan province)","Holiday",13103
2006-05-01,"China (excl SARs and Taiwan province)","Holiday",10002
2006-06-01,"China (excl SARs and Taiwan province)","Holiday",6462
2006-07-01,"China (excl SARs and Taiwan province)","Holiday",10525
2006-08-01,"China (excl SARs and Taiwan province)","Holiday",10620
2006-09-01,"China (excl SARs and Taiwan province)","Holiday",10423
2006-10-01,"China (excl SARs and Taiwan province)","Holiday",11284
2006-11-01,"China (excl SARs and Taiwan province)","Holiday",14657
2006-12-01,"China (excl SARs and Taiwan province)","Holiday",13771
2007-01-01,"China (excl SARs and Taiwan province)","Holiday",11696
2007-02-01,"China (excl SARs and Taiwan province)","Holiday",31589
2007-03-01,"China (excl SARs and Taiwan province)","Holiday",10054
2007-04-01,"China (excl SARs and Taiwan province)","Holiday",13762
2007-05-01,"China (excl SARs and Taiwan province)","Holiday",9733
2007-06-01,"China (excl SARs and Taiwan province)","Holiday",8226
2007-07-01,"China (excl SARs and Taiwan province)","Holiday",11421
2007-08-01,"China (excl SARs and Taiwan province)","Holiday",14743
2007-09-01,"China (excl SARs and Taiwan province)","Holiday",10777
2007-10-01,"China (excl SARs and Taiwan province)","Holiday",12617
2007-11-01,"China (excl SARs and Taiwan province)","Holiday",18503
2007-12-01,"China (excl SARs and Taiwan province)","Holiday",16061
2008-01-01,"China (excl SARs and Taiwan province)","Holiday",16377
2008-02-01,"China (excl SARs and Taiwan province)","Holiday",28675
2008-03-01,"China (excl SARs and Taiwan province)","Holiday",13029
2008-04-01,"China (excl SARs and Taiwan province)","Holiday",15845
2008-05-01,"China (excl SARs and Taiwan province)","Holiday",11725
2008-06-01,"China (excl SARs and Taiwan province)","Holiday",7761
2008-07-01,"China (excl SARs and Taiwan province)","Holiday",11904
2008-08-01,"China (excl SARs and Taiwan province)","Holiday",9837
2008-09-01,"China (excl SARs and Taiwan province)","Holiday",9694
2008-10-01,"China (excl SARs and Taiwan province)","Holiday",10153
2008-11-01,"China (excl SARs and Taiwan province)","Holiday",15838
2008-12-01,"China (excl SARs and Taiwan province)","Holiday",16485
2009-01-01,"China (excl SARs and Taiwan province)","Holiday",32705
2009-02-01,"China (excl SARs and Taiwan province)","Holiday",16923
2009-03-01,"China (excl SARs and Taiwan province)","Holiday",17661
2009-04-01,"China (excl SARs and Taiwan province)","Holiday",17616
2009-05-01,"China (excl SARs and Taiwan province)","Holiday",8170
2009-06-01,"China (excl SARs and Taiwan province)","Holiday",3208
2009-07-01,"China (excl SARs and Taiwan province)","Holiday",5255
2009-08-01,"China (excl SARs and Taiwan province)","Holiday",7878
2009-09-01,"China (excl SARs and Taiwan province)","Holiday",9787
2009-10-01,"China (excl SARs and Taiwan province)","Holiday",11965
2009-11-01,"China (excl SARs and Taiwan province)","Holiday",15049
2009-12-01,"China (excl SARs and Taiwan province)","Holiday",14754
2010-01-01,"China (excl SARs and Taiwan province)","Holiday",14004
2010-02-01,"China (excl SARs and Taiwan province)","Holiday",35864
2010-03-01,"China (excl SARs and Taiwan province)","Holiday",11790
2010-04-01,"China (excl SARs and Taiwan province)","Holiday",16427
2010-05-01,"China (excl SARs and Taiwan province)","Holiday",12762
2010-06-01,"China (excl SARs and Taiwan province)","Holiday",8266
2010-07-01,"China (excl SARs and Taiwan province)","Holiday",13559
2010-08-01,"China (excl SARs and Taiwan province)","Holiday",16974
2010-09-01,"China (excl SARs and Taiwan province)","Holiday",13106
2010-10-01,"China (excl SARs and Taiwan province)","Holiday",13604
2010-11-01,"China (excl SARs and Taiwan province)","Holiday",23254
2010-12-01,"China (excl SARs and Taiwan province)","Holiday",22506
2011-01-01,"China (excl SARs and Taiwan province)","Holiday",26909
2011-02-01,"China (excl SARs and Taiwan province)","Holiday",34418
2011-03-01,"China (excl SARs and Taiwan province)","Holiday",16550
2011-04-01,"China (excl SARs and Taiwan province)","Holiday",18140
2011-05-01,"China (excl SARs and Taiwan province)","Holiday",13942
2011-06-01,"China (excl SARs and Taiwan province)","Holiday",11269
2011-07-01,"China (excl SARs and Taiwan province)","Holiday",16386
2011-08-01,"China (excl SARs and Taiwan province)","Holiday",22489
2011-09-01,"China (excl SARs and Taiwan province)","Holiday",15744
2011-10-01,"China (excl SARs and Taiwan province)","Holiday",19030
2011-11-01,"China (excl SARs and Taiwan province)","Holiday",28108
2011-12-01,"China (excl SARs and Taiwan province)","Holiday",25414
2012-01-01,"China (excl SARs and Taiwan province)","Holiday",47797
2012-02-01,"China (excl SARs and Taiwan province)","Holiday",22599
2012-03-01,"China (excl SARs and Taiwan province)","Holiday",29343
2012-04-01,"China (excl SARs and Taiwan province)","Holiday",27843
2012-05-01,"China (excl SARs and Taiwan province)","Holiday",17673
2012-06-01,"China (excl SARs and Taiwan province)","Holiday",14824
2012-07-01,"China (excl SARs and Taiwan province)","Holiday",20176
2012-08-01,"China (excl SARs and Taiwan province)","Holiday",25043
2012-09-01,"China (excl SARs and Taiwan province)","Holiday",21424
2012-10-01,"China (excl SARs and Taiwan province)","Holiday",24391
2012-11-01,"China (excl SARs and Taiwan province)","Holiday",32955
2012-12-01,"China (excl SARs and Taiwan province)","Holiday",29603
2013-01-01,"China (excl SARs and Taiwan province)","Holiday",30695
2013-02-01,"China (excl SARs and Taiwan province)","Holiday",64333
2013-03-01,"China (excl SARs and Taiwan province)","Holiday",31761
2013-04-01,"China (excl SARs and Taiwan province)","Holiday",36454
2013-05-01,"China (excl SARs and Taiwan province)","Holiday",25606
2013-06-01,"China (excl SARs and Taiwan province)","Holiday",18785
2013-07-01,"China (excl SARs and Taiwan province)","Holiday",28192
2013-08-01,"China (excl SARs and Taiwan province)","Holiday",35292
2013-09-01,"China (excl SARs and Taiwan province)","Holiday",35469
2013-10-01,"China (excl SARs and Taiwan province)","Holiday",21334
2013-11-01,"China (excl SARs and Taiwan province)","Holiday",27381
2013-12-01,"China (excl SARs and Taiwan province)","Holiday",28184
2014-01-01,"China (excl SARs and Taiwan province)","Holiday",60718
2014-02-01,"China (excl SARs and Taiwan province)","Holiday",55065
2014-03-01,"China (excl SARs and Taiwan province)","Holiday",38130
2014-04-01,"China (excl SARs and Taiwan province)","Holiday",37578
2014-05-01,"China (excl SARs and Taiwan province)","Holiday",27646
2014-06-01,"China (excl SARs and Taiwan province)","Holiday",21816
2014-07-01,"China (excl SARs and Taiwan province)","Holiday",36506
2014-08-01,"China (excl SARs and Taiwan province)","Holiday",43223
2014-09-01,"China (excl SARs and Taiwan province)","Holiday",32779
2014-10-01,"China (excl SARs and Taiwan province)","Holiday",32106
2014-11-01,"China (excl SARs and Taiwan province)","Holiday",39678
2014-12-01,"China (excl SARs and Taiwan province)","Holiday",36781
2015-01-01,"China (excl SARs and Taiwan province)","Holiday",33327
2015-02-01,"China (excl SARs and Taiwan province)","Holiday",95672
2015-03-01,"China (excl SARs and Taiwan province)","Holiday",39839
2015-04-01,"China (excl SARs and Taiwan province)","Holiday",43796
2015-05-01,"China (excl SARs and Taiwan province)","Holiday",35815
2015-06-01,"China (excl SARs and Taiwan province)","Holiday",26693
2015-07-01,"China (excl SARs and Taiwan province)","Holiday",38831
2015-08-01,"China (excl SARs and Taiwan province)","Holiday",48586
2015-09-01,"China (excl SARs and Taiwan province)","Holiday",45153
2015-10-01,"China (excl SARs and Taiwan province)","Holiday",43711
2015-11-01,"China (excl SARs and Taiwan province)","Holiday",53802
2015-12-01,"China (excl SARs and Taiwan province)","Holiday",57071
2016-01-01,"China (excl SARs and Taiwan province)","Holiday",68627
2016-02-01,"China (excl SARs and Taiwan province)","Holiday",101949
2016-03-01,"China (excl SARs and Taiwan province)","Holiday",62745
2016-04-01,"China (excl SARs and Taiwan province)","Holiday",63173
2016-05-01,"China (excl SARs and Taiwan province)","Holiday",44540
2016-06-01,"China (excl SARs and Taiwan province)","Holiday",34459
2016-07-01,"China (excl SARs and Taiwan province)","Holiday",51594
2016-08-01,"China (excl SARs and Taiwan province)","Holiday",59166
2016-09-01,"China (excl SARs and Taiwan province)","Holiday",49137
2016-10-01,"China (excl SARs and Taiwan province)","Holiday",47570
2016-11-01,"China (excl SARs and Taiwan province)","Holiday",62052
2016-12-01,"China (excl SARs and Taiwan province)","Holiday",58080
2017-01-01,"China (excl SARs and Taiwan province)","Holiday",104174
2017-02-01,"China (excl SARs and Taiwan province)","Holiday",58028
2017-03-01,"China (excl SARs and Taiwan province)","Holiday",65518
2017-04-01,"China (excl SARs and Taiwan province)","Holiday",63652
2017-05-01,"China (excl SARs and Taiwan province)","Holiday",49587
2017-06-01,"China (excl SARs and Taiwan province)","Holiday",36572
2017-07-01,"China (excl SARs and Taiwan province)","Holiday",64497
2017-08-01,"China (excl SARs and Taiwan province)","Holiday",70129
2017-09-01,"China (excl SARs and Taiwan province)","Holiday",59714
2017-10-01,"China (excl SARs and Taiwan province)","Holiday",56652
2017-11-01,"China (excl SARs and Taiwan province)","Holiday",62082
2017-12-01,"China (excl SARs and Taiwan province)","Holiday",66247
2018-01-01,"China (excl SARs and Taiwan province)","Holiday",59370
2018-02-01,"China (excl SARs and Taiwan province)","Holiday",132208
2018-03-01,"China (excl SARs and Taiwan province)","Holiday",65618
2018-04-01,"China (excl SARs and Taiwan province)","Holiday",65645
2018-05-01,"China (excl SARs and Taiwan province)","Holiday",50272
2018-06-01,"China (excl SARs and Taiwan province)","Holiday",37926
2018-07-01,"China (excl SARs and Taiwan province)","Holiday",57769
2018-08-01,"China (excl SARs and Taiwan province)","Holiday",71180
2018-09-01,"China (excl SARs and Taiwan province)","Holiday",57182
2018-10-01,"China (excl SARs and Taiwan province)","Holiday",56246
2018-11-01,"China (excl SARs and Taiwan province)","Holiday",59712
2018-12-01,"China (excl SARs and Taiwan province)","Holiday",65891
2019-01-01,"China (excl SARs and Taiwan province)","Holiday",78989
2019-02-01,"China (excl SARs and Taiwan province)","Holiday",103600
2019-03-01,"China (excl SARs and Taiwan province)","Holiday",68845
2019-04-01,"China (excl SARs and Taiwan province)","Holiday",56059
2019-05-01,"China (excl SARs and Taiwan province)","Holiday",55351
2019-06-01,"China (excl SARs and Taiwan province)","Holiday",38268
2019-07-01,"China (excl SARs and Taiwan province)","Holiday",59900
2019-08-01,"China (excl SARs and Taiwan province)","Holiday",74098
2019-09-01,"China (excl SARs and Taiwan province)","Holiday",53995
2019-10-01,"China (excl SARs and Taiwan province)","Holiday",51212
2019-11-01,"China (excl SARs and Taiwan province)","Holiday",58370
2019-12-01,"China (excl SARs and Taiwan province)","Holiday",59863
2020-01-01,"China (excl SARs and Taiwan province)","Holiday",91675
2020-02-01,"China (excl SARs and Taiwan province)","Holiday",3557
2005-01-01,"China (excl SARs and Taiwan province)","Other",2000
2005-02-01,"China (excl SARs and Taiwan province)","Other",836
2005-03-01,"China (excl SARs and Taiwan province)","Other",633
2005-04-01,"China (excl SARs and Taiwan province)","Other",721
2005-05-01,"China (excl SARs and Taiwan province)","Other",720
2005-06-01,"China (excl SARs and Taiwan province)","Other",889
2005-07-01,"China (excl SARs and Taiwan province)","Other",1841
2005-08-01,"China (excl SARs and Taiwan province)","Other",1248
2005-09-01,"China (excl SARs and Taiwan province)","Other",1250
2005-10-01,"China (excl SARs and Taiwan province)","Other",1131
2005-11-01,"China (excl SARs and Taiwan province)","Other",1791
2005-12-01,"China (excl SARs and Taiwan province)","Other",1386
2006-01-01,"China (excl SARs and Taiwan province)","Other",1330
2006-02-01,"China (excl SARs and Taiwan province)","Other",1341
2006-03-01,"China (excl SARs and Taiwan province)","Other",1229
2006-04-01,"China (excl SARs and Taiwan province)","Other",1165
2006-05-01,"China (excl SARs and Taiwan province)","Other",1172
2006-06-01,"China (excl SARs and Taiwan province)","Other",1023
2006-07-01,"China (excl SARs and Taiwan province)","Other",1882
2006-08-01,"China (excl SARs and Taiwan province)","Other",1424
2006-09-01,"China (excl SARs and Taiwan province)","Other",1133
2006-10-01,"China (excl SARs and Taiwan province)","Other",1284
2006-11-01,"China (excl SARs and Taiwan province)","Other",2071
2006-12-01,"China (excl SARs and Taiwan province)","Other",1332
2007-01-01,"China (excl SARs and Taiwan province)","Other",1556
2007-02-01,"China (excl SARs and Taiwan province)","Other",1773
2007-03-01,"China (excl SARs and Taiwan province)","Other",1421
2007-04-01,"China (excl SARs and Taiwan province)","Other",1160
2007-05-01,"China (excl SARs and Taiwan province)","Other",1017
2007-06-01,"China (excl SARs and Taiwan province)","Other",1081
2007-07-01,"China (excl SARs and Taiwan province)","Other",1712
2007-08-01,"China (excl SARs and Taiwan province)","Other",1416
2007-09-01,"China (excl SARs and Taiwan province)","Other",1007
2007-10-01,"China (excl SARs and Taiwan province)","Other",1696
2007-11-01,"China (excl SARs and Taiwan province)","Other",2004
2007-12-01,"China (excl SARs and Taiwan province)","Other",1188
2008-01-01,"China (excl SARs and Taiwan province)","Other",1911
2008-02-01,"China (excl SARs and Taiwan province)","Other",2239
2008-03-01,"China (excl SARs and Taiwan province)","Other",1684
2008-04-01,"China (excl SARs and Taiwan province)","Other",1419
2008-05-01,"China (excl SARs and Taiwan province)","Other",1328
2008-06-01,"China (excl SARs and Taiwan province)","Other",1171
2008-07-01,"China (excl SARs and Taiwan province)","Other",1977
2008-08-01,"China (excl SARs and Taiwan province)","Other",1061
2008-09-01,"China (excl SARs and Taiwan province)","Other",574
2008-10-01,"China (excl SARs and Taiwan province)","Other",1114
2008-11-01,"China (excl SARs and Taiwan province)","Other",1603
2008-12-01,"China (excl SARs and Taiwan province)","Other",1617
2009-01-01,"China (excl SARs and Taiwan province)","Other",2783
2009-02-01,"China (excl SARs and Taiwan province)","Other",1818
2009-03-01,"China (excl SARs and Taiwan province)","Other",959
2009-04-01,"China (excl SARs and Taiwan province)","Other",1104
2009-05-01,"China (excl SARs and Taiwan province)","Other",1094
2009-06-01,"China (excl SARs and Taiwan province)","Other",708
2009-07-01,"China (excl SARs and Taiwan province)","Other",1811
2009-08-01,"China (excl SARs and Taiwan province)","Other",1385
2009-09-01,"China (excl SARs and Taiwan province)","Other",956
2009-10-01,"China (excl SARs and Taiwan province)","Other",1234
2009-11-01,"China (excl SARs and Taiwan province)","Other",1499
2009-12-01,"China (excl SARs and Taiwan province)","Other",959
2010-01-01,"China (excl SARs and Taiwan province)","Other",1557
2010-02-01,"China (excl SARs and Taiwan province)","Other",2036
2010-03-01,"China (excl SARs and Taiwan province)","Other",1719
2010-04-01,"China (excl SARs and Taiwan province)","Other",1203
2010-05-01,"China (excl SARs and Taiwan province)","Other",1283
2010-06-01,"China (excl SARs and Taiwan province)","Other",1284
2010-07-01,"China (excl SARs and Taiwan province)","Other",2457
2010-08-01,"China (excl SARs and Taiwan province)","Other",1492
2010-09-01,"China (excl SARs and Taiwan province)","Other",1219
2010-10-01,"China (excl SARs and Taiwan province)","Other",1394
2010-11-01,"China (excl SARs and Taiwan province)","Other",2012
2010-12-01,"China (excl SARs and Taiwan province)","Other",1734
2011-01-01,"China (excl SARs and Taiwan province)","Other",2330
2011-02-01,"China (excl SARs and Taiwan province)","Other",2671
2011-03-01,"China (excl SARs and Taiwan province)","Other",2093
2011-04-01,"China (excl SARs and Taiwan province)","Other",1476
2011-05-01,"China (excl SARs and Taiwan province)","Other",1675
2011-06-01,"China (excl SARs and Taiwan province)","Other",1504
2011-07-01,"China (excl SARs and Taiwan province)","Other",3121
2011-08-01,"China (excl SARs and Taiwan province)","Other",2177
2011-09-01,"China (excl SARs and Taiwan province)","Other",1834
2011-10-01,"China (excl SARs and Taiwan province)","Other",1806
2011-11-01,"China (excl SARs and Taiwan province)","Other",2206
2011-12-01,"China (excl SARs and Taiwan province)","Other",1621
2012-01-01,"China (excl SARs and Taiwan province)","Other",2746
2012-02-01,"China (excl SARs and Taiwan province)","Other",2263
2012-03-01,"China (excl SARs and Taiwan province)","Other",1513
2012-04-01,"China (excl SARs and Taiwan province)","Other",1769
2012-05-01,"China (excl SARs and Taiwan province)","Other",1729
2012-06-01,"China (excl SARs and Taiwan province)","Other",1517
2012-07-01,"China (excl SARs and Taiwan province)","Other",3071
2012-08-01,"China (excl SARs and Taiwan province)","Other",1923
2012-09-01,"China (excl SARs and Taiwan province)","Other",2061
2012-10-01,"China (excl SARs and Taiwan province)","Other",1806
2012-11-01,"China (excl SARs and Taiwan province)","Other",2398
2012-12-01,"China (excl SARs and Taiwan province)","Other",1754
2013-01-01,"China (excl SARs and Taiwan province)","Other",3059
2013-02-01,"China (excl SARs and Taiwan province)","Other",2589
2013-03-01,"China (excl SARs and Taiwan province)","Other",2126
2013-04-01,"China (excl SARs and Taiwan province)","Other",1895
2013-05-01,"China (excl SARs and Taiwan province)","Other",1975
2013-06-01,"China (excl SARs and Taiwan province)","Other",1412
2013-07-01,"China (excl SARs and Taiwan province)","Other",3247
2013-08-01,"China (excl SARs and Taiwan province)","Other",1985
2013-09-01,"China (excl SARs and Taiwan province)","Other",1840
2013-10-01,"China (excl SARs and Taiwan province)","Other",1581
2013-11-01,"China (excl SARs and Taiwan province)","Other",2266
2013-12-01,"China (excl SARs and Taiwan province)","Other",1021
2014-01-01,"China (excl SARs and Taiwan province)","Other",2388
2014-02-01,"China (excl SARs and Taiwan province)","Other",2479
2014-03-01,"China (excl SARs and Taiwan province)","Other",1851
2014-04-01,"China (excl SARs and Taiwan province)","Other",1531
2014-05-01,"China (excl SARs and Taiwan province)","Other",1583
2014-06-01,"China (excl SARs and Taiwan province)","Other",1316
2014-07-01,"China (excl SARs and Taiwan province)","Other",2501
2014-08-01,"China (excl SARs and Taiwan province)","Other",2192
2014-09-01,"China (excl SARs and Taiwan province)","Other",1574
2014-10-01,"China (excl SARs and Taiwan province)","Other",2584
2014-11-01,"China (excl SARs and Taiwan province)","Other",2788
2014-12-01,"China (excl SARs and Taiwan province)","Other",2198
2015-01-01,"China (excl SARs and Taiwan province)","Other",2739
2015-02-01,"China (excl SARs and Taiwan province)","Other",4284
2015-03-01,"China (excl SARs and Taiwan province)","Other",2506
2015-04-01,"China (excl SARs and Taiwan province)","Other",2099
2015-05-01,"China (excl SARs and Taiwan province)","Other",2249
2015-06-01,"China (excl SARs and Taiwan province)","Other",1855
2015-07-01,"China (excl SARs and Taiwan province)","Other",3761
2015-08-01,"China (excl SARs and Taiwan province)","Other",2375
2015-09-01,"China (excl SARs and Taiwan province)","Other",2119
2015-10-01,"China (excl SARs and Taiwan province)","Other",2729
2015-11-01,"China (excl SARs and Taiwan province)","Other",2328
2015-12-01,"China (excl SARs and Taiwan province)","Other",2013
2016-01-01,"China (excl SARs and Taiwan province)","Other",4043
2016-02-01,"China (excl SARs and Taiwan province)","Other",4042
2016-03-01,"China (excl SARs and Taiwan province)","Other",2102
2016-04-01,"China (excl SARs and Taiwan province)","Other",2742
2016-05-01,"China (excl SARs and Taiwan province)","Other",3060
2016-06-01,"China (excl SARs and Taiwan province)","Other",2127
2016-07-01,"China (excl SARs and Taiwan province)","Other",3835
2016-08-01,"China (excl SARs and Taiwan province)","Other",2956
2016-09-01,"China (excl SARs and Taiwan province)","Other",2214
2016-10-01,"China (excl SARs and Taiwan province)","Other",3499
2016-11-01,"China (excl SARs and Taiwan province)","Other",3101
2016-12-01,"China (excl SARs and Taiwan province)","Other",2572
2017-01-01,"China (excl SARs and Taiwan province)","Other",3667
2017-02-01,"China (excl SARs and Taiwan province)","Other",4159
2017-03-01,"China (excl SARs and Taiwan province)","Other",2849
2017-04-01,"China (excl SARs and Taiwan province)","Other",2675
2017-05-01,"China (excl SARs and Taiwan province)","Other",2335
2017-06-01,"China (excl SARs and Taiwan province)","Other",1869
2017-07-01,"China (excl SARs and Taiwan province)","Other",5024
2017-08-01,"China (excl SARs and Taiwan province)","Other",3317
2017-09-01,"China (excl SARs and Taiwan province)","Other",2179
2017-10-01,"China (excl SARs and Taiwan province)","Other",3367
2017-11-01,"China (excl SARs and Taiwan province)","Other",3095
2017-12-01,"China (excl SARs and Taiwan province)","Other",1706
2018-01-01,"China (excl SARs and Taiwan province)","Other",3810
2018-02-01,"China (excl SARs and Taiwan province)","Other",3838
2018-03-01,"China (excl SARs and Taiwan province)","Other",2874
2018-04-01,"China (excl SARs and Taiwan province)","Other",3085
2018-05-01,"China (excl SARs and Taiwan province)","Other",2668
2018-06-01,"China (excl SARs and Taiwan province)","Other",2340
2018-07-01,"China (excl SARs and Taiwan province)","Other",4081
2018-08-01,"China (excl SARs and Taiwan province)","Other",2894
2018-09-01,"China (excl SARs and Taiwan province)","Other",2558
2018-10-01,"China (excl SARs and Taiwan province)","Other",3140
2018-11-01,"China (excl SARs and Taiwan province)","Other",3633
2018-12-01,"China (excl SARs and Taiwan province)","Other",3050
2019-01-01,"China (excl SARs and Taiwan province)","Other",4479
2019-02-01,"China (excl SARs and Taiwan province)","Other",4058
2019-03-01,"China (excl SARs and Taiwan province)","Other",3007
2019-04-01,"China (excl SARs and Taiwan province)","Other",2736
2019-05-01,"China (excl SARs and Taiwan province)","Other",2897
2019-06-01,"China (excl SARs and Taiwan province)","Other",2101
2019-07-01,"China (excl SARs and Taiwan province)","Other",4138
2019-08-01,"China (excl SARs and Taiwan province)","Other",2805
2019-09-01,"China (excl SARs and Taiwan province)","Other",2329
2019-10-01,"China (excl SARs and Taiwan province)","Other",3142
2019-11-01,"China (excl SARs and Taiwan province)","Other",3072
2019-12-01,"China (excl SARs and Taiwan province)","Other",2193
2020-01-01,"China (excl SARs and Taiwan province)","Other",3745
2020-02-01,"China (excl SARs and Taiwan province)","Other",719
2005-01-01,"China (excl SARs and Taiwan province)","Visiting Friends or Relatives",3495
2005-02-01,"China (excl SARs and Taiwan province)","Visiting Friends or Relatives",2803
2005-03-01,"China (excl SARs and Taiwan province)","Visiting Friends or Relatives",2838
2005-04-01,"China (excl SARs and Taiwan province)","Visiting Friends or Relatives",2503
2005-05-01,"China (excl SARs and Taiwan province)","Visiting Friends or Relatives",1702
2005-06-01,"China (excl SARs and Taiwan province)","Visiting Friends or Relatives",2378
2005-07-01,"China (excl SARs and Taiwan province)","Visiting Friends or Relatives",3230
2005-08-01,"China (excl SARs and Taiwan province)","Visiting Friends or Relatives",2433
2005-09-01,"China (excl SARs and Taiwan province)","Visiting Friends or Relatives",2756
2005-10-01,"China (excl SARs and Taiwan province)","Visiting Friends or Relatives",2658
2005-11-01,"China (excl SARs and Taiwan province)","Visiting Friends or Relatives",2669
2005-12-01,"China (excl SARs and Taiwan province)","Visiting Friends or Relatives",4767
2006-01-01,"China (excl SARs and Taiwan province)","Visiting Friends or Relatives",3778
2006-02-01,"China (excl SARs and Taiwan province)","Visiting Friends or Relatives",2275
2006-03-01,"China (excl SARs and Taiwan province)","Visiting Friends or Relatives",3226
2006-04-01,"China (excl SARs and Taiwan province)","Visiting Friends or Relatives",3066
2006-05-01,"China (excl SARs and Taiwan province)","Visiting Friends or Relatives",2535
2006-06-01,"China (excl SARs and Taiwan province)","Visiting Friends or Relatives",3160
2006-07-01,"China (excl SARs and Taiwan province)","Visiting Friends or Relatives",4067
2006-08-01,"China (excl SARs and Taiwan province)","Visiting Friends or Relatives",3080
2006-09-01,"China (excl SARs and Taiwan province)","Visiting Friends or Relatives",3728
2006-10-01,"China (excl SARs and Taiwan province)","Visiting Friends or Relatives",2948
2006-11-01,"China (excl SARs and Taiwan province)","Visiting Friends or Relatives",3155
2006-12-01,"China (excl SARs and Taiwan province)","Visiting Friends or Relatives",5232
2007-01-01,"China (excl SARs and Taiwan province)","Visiting Friends or Relatives",2179
2007-02-01,"China (excl SARs and Taiwan province)","Visiting Friends or Relatives",4949
2007-03-01,"China (excl SARs and Taiwan province)","Visiting Friends or Relatives",3779
2007-04-01,"China (excl SARs and Taiwan province)","Visiting Friends or Relatives",3776
2007-05-01,"China (excl SARs and Taiwan province)","Visiting Friends or Relatives",2863
2007-06-01,"China (excl SARs and Taiwan province)","Visiting Friends or Relatives",3599
2007-07-01,"China (excl SARs and Taiwan province)","Visiting Friends or Relatives",4053
2007-08-01,"China (excl SARs and Taiwan province)","Visiting Friends or Relatives",4131
2007-09-01,"China (excl SARs and Taiwan province)","Visiting Friends or Relatives",4715
2007-10-01,"China (excl SARs and Taiwan province)","Visiting Friends or Relatives",3332
2007-11-01,"China (excl SARs and Taiwan province)","Visiting Friends or Relatives",4190
2007-12-01,"China (excl SARs and Taiwan province)","Visiting Friends or Relatives",6009
2008-01-01,"China (excl SARs and Taiwan province)","Visiting Friends or Relatives",3727
2008-02-01,"China (excl SARs and Taiwan province)","Visiting Friends or Relatives",4563
2008-03-01,"China (excl SARs and Taiwan province)","Visiting Friends or Relatives",4697
2008-04-01,"China (excl SARs and Taiwan province)","Visiting Friends or Relatives",3687
2008-05-01,"China (excl SARs and Taiwan province)","Visiting Friends or Relatives",3804
2008-06-01,"China (excl SARs and Taiwan province)","Visiting Friends or Relatives",4449
2008-07-01,"China (excl SARs and Taiwan province)","Visiting Friends or Relatives",4215
2008-08-01,"China (excl SARs and Taiwan province)","Visiting Friends or Relatives",4123
2008-09-01,"China (excl SARs and Taiwan province)","Visiting Friends or Relatives",4224
2008-10-01,"China (excl SARs and Taiwan province)","Visiting Friends or Relatives",3623
2008-11-01,"China (excl SARs and Taiwan province)","Visiting Friends or Relatives",4631
2008-12-01,"China (excl SARs and Taiwan province)","Visiting Friends or Relatives",6557
2009-01-01,"China (excl SARs and Taiwan province)","Visiting Friends or Relatives",6093
2009-02-01,"China (excl SARs and Taiwan province)","Visiting Friends or Relatives",4005
2009-03-01,"China (excl SARs and Taiwan province)","Visiting Friends or Relatives",4705
2009-04-01,"China (excl SARs and Taiwan province)","Visiting Friends or Relatives",5004
2009-05-01,"China (excl SARs and Taiwan province)","Visiting Friends or Relatives",4546
2009-06-01,"China (excl SARs and Taiwan province)","Visiting Friends or Relatives",4987
2009-07-01,"China (excl SARs and Taiwan province)","Visiting Friends or Relatives",5911
2009-08-01,"China (excl SARs and Taiwan province)","Visiting Friends or Relatives",4376
2009-09-01,"China (excl SARs and Taiwan province)","Visiting Friends or Relatives",5642
2009-10-01,"China (excl SARs and Taiwan province)","Visiting Friends or Relatives",5135
2009-11-01,"China (excl SARs and Taiwan province)","Visiting Friends or Relatives",6118
2009-12-01,"China (excl SARs and Taiwan province)","Visiting Friends or Relatives",8529
2010-01-01,"China (excl SARs and Taiwan province)","Visiting Friends or Relatives",5171
2010-02-01,"China (excl SARs and Taiwan province)","Visiting Friends or Relatives",9035
2010-03-01,"China (excl SARs and Taiwan province)","Visiting Friends or Relatives",6234
2010-04-01,"China (excl SARs and Taiwan province)","Visiting Friends or Relatives",6084
2010-05-01,"China (excl SARs and Taiwan province)","Visiting Friends or Relatives",5074
2010-06-01,"China (excl SARs and Taiwan province)","Visiting Friends or Relatives",5970
2010-07-01,"China (excl SARs and Taiwan province)","Visiting Friends or Relatives",8102
2010-08-01,"China (excl SARs and Taiwan province)","Visiting Friends or Relatives",6789
2010-09-01,"China (excl SARs and Taiwan province)","Visiting Friends or Relatives",7476
2010-10-01,"China (excl SARs and Taiwan province)","Visiting Friends or Relatives",5762
2010-11-01,"China (excl SARs and Taiwan province)","Visiting Friends or Relatives",7202
2010-12-01,"China (excl SARs and Taiwan province)","Visiting Friends or Relatives",10199
2011-01-01,"China (excl SARs and Taiwan province)","Visiting Friends or Relatives",9015
2011-02-01,"China (excl SARs and Taiwan province)","Visiting Friends or Relatives",6823
2011-03-01,"China (excl SARs and Taiwan province)","Visiting Friends or Relatives",7444
2011-04-01,"China (excl SARs and Taiwan province)","Visiting Friends or Relatives",7394
2011-05-01,"China (excl SARs and Taiwan province)","Visiting Friends or Relatives",5933
2011-06-01,"China (excl SARs and Taiwan province)","Visiting Friends or Relatives",7613
2011-07-01,"China (excl SARs and Taiwan province)","Visiting Friends or Relatives",8848
2011-08-01,"China (excl SARs and Taiwan province)","Visiting Friends or Relatives",7932
2011-09-01,"China (excl SARs and Taiwan province)","Visiting Friends or Relatives",8050
2011-10-01,"China (excl SARs and Taiwan province)","Visiting Friends or Relatives",6268
2011-11-01,"China (excl SARs and Taiwan province)","Visiting Friends or Relatives",8706
2011-12-01,"China (excl SARs and Taiwan province)","Visiting Friends or Relatives",12099
2012-01-01,"China (excl SARs and Taiwan province)","Visiting Friends or Relatives",12356
2012-02-01,"China (excl SARs and Taiwan province)","Visiting Friends or Relatives",6461
2012-03-01,"China (excl SARs and Taiwan province)","Visiting Friends or Relatives",10036
2012-04-01,"China (excl SARs and Taiwan province)","Visiting Friends or Relatives",7921
2012-05-01,"China (excl SARs and Taiwan province)","Visiting Friends or Relatives",7020
2012-06-01,"China (excl SARs and Taiwan province)","Visiting Friends or Relatives",9110
2012-07-01,"China (excl SARs and Taiwan province)","Visiting Friends or Relatives",9776
2012-08-01,"China (excl SARs and Taiwan province)","Visiting Friends or Relatives",9451
2012-09-01,"China (excl SARs and Taiwan province)","Visiting Friends or Relatives",10167
2012-10-01,"China (excl SARs and Taiwan province)","Visiting Friends or Relatives",7945
2012-11-01,"China (excl SARs and Taiwan province)","Visiting Friends or Relatives",10343
2012-12-01,"China (excl SARs and Taiwan province)","Visiting Friends or Relatives",14627
2013-01-01,"China (excl SARs and Taiwan province)","Visiting Friends or Relatives",8787
2013-02-01,"China (excl SARs and Taiwan province)","Visiting Friends or Relatives",13265
2013-03-01,"China (excl SARs and Taiwan province)","Visiting Friends or Relatives",11671
2013-04-01,"China (excl SARs and Taiwan province)","Visiting Friends or Relatives",9073
2013-05-01,"China (excl SARs and Taiwan province)","Visiting Friends or Relatives",8297
2013-06-01,"China (excl SARs and Taiwan province)","Visiting Friends or Relatives",10047
2013-07-01,"China (excl SARs and Taiwan province)","Visiting Friends or Relatives",12036
2013-08-01,"China (excl SARs and Taiwan province)","Visiting Friends or Relatives",11196
2013-09-01,"China (excl SARs and Taiwan province)","Visiting Friends or Relatives",11907
2013-10-01,"China (excl SARs and Taiwan province)","Visiting Friends or Relatives",10004
2013-11-01,"China (excl SARs and Taiwan province)","Visiting Friends or Relatives",11782
2013-12-01,"China (excl SARs and Taiwan province)","Visiting Friends or Relatives",17831
2014-01-01,"China (excl SARs and Taiwan province)","Visiting Friends or Relatives",19184
2014-02-01,"China (excl SARs and Taiwan province)","Visiting Friends or Relatives",12785
2014-03-01,"China (excl SARs and Taiwan province)","Visiting Friends or Relatives",13688
2014-04-01,"China (excl SARs and Taiwan province)","Visiting Friends or Relatives",12592
2014-05-01,"China (excl SARs and Taiwan province)","Visiting Friends or Relatives",10920
2014-06-01,"China (excl SARs and Taiwan province)","Visiting Friends or Relatives",13868
2014-07-01,"China (excl SARs and Taiwan province)","Visiting Friends or Relatives",15238
2014-08-01,"China (excl SARs and Taiwan province)","Visiting Friends or Relatives",13959
2014-09-01,"China (excl SARs and Taiwan province)","Visiting Friends or Relatives",14269
2014-10-01,"China (excl SARs and Taiwan province)","Visiting Friends or Relatives",11623
2014-11-01,"China (excl SARs and Taiwan province)","Visiting Friends or Relatives",14437
2014-12-01,"China (excl SARs and Taiwan province)","Visiting Friends or Relatives",22851
2015-01-01,"China (excl SARs and Taiwan province)","Visiting Friends or Relatives",15369
2015-02-01,"China (excl SARs and Taiwan province)","Visiting Friends or Relatives",26661
2015-03-01,"China (excl SARs and Taiwan province)","Visiting Friends or Relatives",16871
2015-04-01,"China (excl SARs and Taiwan province)","Visiting Friends or Relatives",13834
2015-05-01,"China (excl SARs and Taiwan province)","Visiting Friends or Relatives",13488
2015-06-01,"China (excl SARs and Taiwan province)","Visiting Friends or Relatives",15082
2015-07-01,"China (excl SARs and Taiwan province)","Visiting Friends or Relatives",16494
2015-08-01,"China (excl SARs and Taiwan province)","Visiting Friends or Relatives",18487
2015-09-01,"China (excl SARs and Taiwan province)","Visiting Friends or Relatives",18539
2015-10-01,"China (excl SARs and Taiwan province)","Visiting Friends or Relatives",14402
2015-11-01,"China (excl SARs and Taiwan province)","Visiting Friends or Relatives",15971
2015-12-01,"China (excl SARs and Taiwan province)","Visiting Friends or Relatives",23165
2016-01-01,"China (excl SARs and Taiwan province)","Visiting Friends or Relatives",18583
2016-02-01,"China (excl SARs and Taiwan province)","Visiting Friends or Relatives",19187
2016-03-01,"China (excl SARs and Taiwan province)","Visiting Friends or Relatives",17166
2016-04-01,"China (excl SARs and Taiwan province)","Visiting Friends or Relatives",15186
2016-05-01,"China (excl SARs and Taiwan province)","Visiting Friends or Relatives",13484
2016-06-01,"China (excl SARs and Taiwan province)","Visiting Friends or Relatives",18034
2016-07-01,"China (excl SARs and Taiwan province)","Visiting Friends or Relatives",16829
2016-08-01,"China (excl SARs and Taiwan province)","Visiting Friends or Relatives",16223
2016-09-01,"China (excl SARs and Taiwan province)","Visiting Friends or Relatives",17871
2016-10-01,"China (excl SARs and Taiwan province)","Visiting Friends or Relatives",15985
2016-11-01,"China (excl SARs and Taiwan province)","Visiting Friends or Relatives",17760
2016-12-01,"China (excl SARs and Taiwan province)","Visiting Friends or Relatives",26039
2017-01-01,"China (excl SARs and Taiwan province)","Visiting Friends or Relatives",23555
2017-02-01,"China (excl SARs and Taiwan province)","Visiting Friends or Relatives",17010
2017-03-01,"China (excl SARs and Taiwan province)","Visiting Friends or Relatives",19704
2017-04-01,"China (excl SARs and Taiwan province)","Visiting Friends or Relatives",17276
2017-05-01,"China (excl SARs and Taiwan province)","Visiting Friends or Relatives",16352
2017-06-01,"China (excl SARs and Taiwan province)","Visiting Friends or Relatives",20412
2017-07-01,"China (excl SARs and Taiwan province)","Visiting Friends or Relatives",21496
2017-08-01,"China (excl SARs and Taiwan province)","Visiting Friends or Relatives",19972
2017-09-01,"China (excl SARs and Taiwan province)","Visiting Friends or Relatives",20733
2017-10-01,"China (excl SARs and Taiwan province)","Visiting Friends or Relatives",18668
2017-11-01,"China (excl SARs and Taiwan province)","Visiting Friends or Relatives",20067
2017-12-01,"China (excl SARs and Taiwan province)","Visiting Friends or Relatives",29838
2018-01-01,"China (excl SARs and Taiwan province)","Visiting Friends or Relatives",20488
2018-02-01,"China (excl SARs and Taiwan province)","Visiting Friends or Relatives",28911
2018-03-01,"China (excl SARs and Taiwan province)","Visiting Friends or Relatives",22879
2018-04-01,"China (excl SARs and Taiwan province)","Visiting Friends or Relatives",18745
2018-05-01,"China (excl SARs and Taiwan province)","Visiting Friends or Relatives",17071
2018-06-01,"China (excl SARs and Taiwan province)","Visiting Friends or Relatives",21656
2018-07-01,"China (excl SARs and Taiwan province)","Visiting Friends or Relatives",20296
2018-08-01,"China (excl SARs and Taiwan province)","Visiting Friends or Relatives",21630
2018-09-01,"China (excl SARs and Taiwan province)","Visiting Friends or Relatives",21415
2018-10-01,"China (excl SARs and Taiwan province)","Visiting Friends or Relatives",19629
2018-11-01,"China (excl SARs and Taiwan province)","Visiting Friends or Relatives",22291
2018-12-01,"China (excl SARs and Taiwan province)","Visiting Friends or Relatives",31761
2019-01-01,"China (excl SARs and Taiwan province)","Visiting Friends or Relatives",25926
2019-02-01,"China (excl SARs and Taiwan province)","Visiting Friends or Relatives",23116
2019-03-01,"China (excl SARs and Taiwan province)","Visiting Friends or Relatives",20862
2019-04-01,"China (excl SARs and Taiwan province)","Visiting Friends or Relatives",18299
2019-05-01,"China (excl SARs and Taiwan province)","Visiting Friends or Relatives",20324
2019-06-01,"China (excl SARs and Taiwan province)","Visiting Friends or Relatives",22031
2019-07-01,"China (excl SARs and Taiwan province)","Visiting Friends or Relatives",22500
2019-08-01,"China (excl SARs and Taiwan province)","Visiting Friends or Relatives",21703
2019-09-01,"China (excl SARs and Taiwan province)","Visiting Friends or Relatives",22474
2019-10-01,"China (excl SARs and Taiwan province)","Visiting Friends or Relatives",20786
2019-11-01,"China (excl SARs and Taiwan province)","Visiting Friends or Relatives",22084
2019-12-01,"China (excl SARs and Taiwan province)","Visiting Friends or Relatives",33984
2020-01-01,"China (excl SARs and Taiwan province)","Visiting Friends or Relatives",28325
2020-02-01,"China (excl SARs and Taiwan province)","Visiting Friends or Relatives",3252
2005-01-01,"France","Business",705
2005-02-01,"France","Business",708
2005-03-01,"France","Business",750
2005-04-01,"France","Business",927
2005-05-01,"France","Business",629
2005-06-01,"France","Business",781
2005-07-01,"France","Business",571
2005-08-01,"France","Business",967
2005-09-01,"France","Business",721
2005-10-01,"France","Business",1045
2005-11-01,"France","Business",1210
2005-12-01,"France","Business",552
2006-01-01,"France","Business",626
2006-02-01,"France","Business",798
2006-03-01,"France","Business",913
2006-04-01,"France","Business",684
2006-05-01,"France","Business",553
2006-06-01,"France","Business",653
2006-07-01,"France","Business",807
2006-08-01,"France","Business",921
2006-09-01,"France","Business",872
2006-10-01,"France","Business",959
2006-11-01,"France","Business",1077
2006-12-01,"France","Business",563
2007-01-01,"France","Business",871
2007-02-01,"France","Business",747
2007-03-01,"France","Business",1236
2007-04-01,"France","Business",759
2007-05-01,"France","Business",740
2007-06-01,"France","Business",734
2007-07-01,"France","Business",1193
2007-08-01,"France","Business",610
2007-09-01,"France","Business",1035
2007-10-01,"France","Business",1227
2007-11-01,"France","Business",1264
2007-12-01,"France","Business",613
2008-01-01,"France","Business",903
2008-02-01,"France","Business",1013
2008-03-01,"France","Business",1082
2008-04-01,"France","Business",903
2008-05-01,"France","Business",840
2008-06-01,"France","Business",992
2008-07-01,"France","Business",1432
2008-08-01,"France","Business",933
2008-09-01,"France","Business",1203
2008-10-01,"France","Business",1238
2008-11-01,"France","Business",1171
2008-12-01,"France","Business",522
2009-01-01,"France","Business",742
2009-02-01,"France","Business",967
2009-03-01,"France","Business",1020
2009-04-01,"France","Business",750
2009-05-01,"France","Business",651
2009-06-01,"France","Business",812
2009-07-01,"France","Business",834
2009-08-01,"France","Business",728
2009-09-01,"France","Business",729
2009-10-01,"France","Business",827
2009-11-01,"France","Business",1342
2009-12-01,"France","Business",673
2010-01-01,"France","Business",1036
2010-02-01,"France","Business",1067
2010-03-01,"France","Business",1193
2010-04-01,"France","Business",787
2010-05-01,"France","Business",706
2010-06-01,"France","Business",1178
2010-07-01,"France","Business",1113
2010-08-01,"France","Business",804
2010-09-01,"France","Business",1087
2010-10-01,"France","Business",1200
2010-11-01,"France","Business",1199
2010-12-01,"France","Business",584
2011-01-01,"France","Business",931
2011-02-01,"France","Business",1067
2011-03-01,"France","Business",1185
2011-04-01,"France","Business",820
2011-05-01,"France","Business",890
2011-06-01,"France","Business",791
2011-07-01,"France","Business",849
2011-08-01,"France","Business",814
2011-09-01,"France","Business",1182
2011-10-01,"France","Business",1267
2011-11-01,"France","Business",1226
2011-12-01,"France","Business",598
2012-01-01,"France","Business",827
2012-02-01,"France","Business",1121
2012-03-01,"France","Business",973
2012-04-01,"France","Business",929
2012-05-01,"France","Business",959
2012-06-01,"France","Business",968
2012-07-01,"France","Business",1053
2012-08-01,"France","Business",879
2012-09-01,"France","Business",1105
2012-10-01,"France","Business",1264
2012-11-01,"France","Business",1328
2012-12-01,"France","Business",751
2013-01-01,"France","Business",966
2013-02-01,"France","Business",1095
2013-03-01,"France","Business",1045
2013-04-01,"France","Business",1059
2013-05-01,"France","Business",714
2013-06-01,"France","Business",954
2013-07-01,"France","Business",813
2013-08-01,"France","Business",525
2013-09-01,"France","Business",881
2013-10-01,"France","Business",1206
2013-11-01,"France","Business",1270
2013-12-01,"France","Business",746
2014-01-01,"France","Business",587
2014-02-01,"France","Business",1002
2014-03-01,"France","Business",1087
2014-04-01,"France","Business",763
2014-05-01,"France","Business",1172
2014-06-01,"France","Business",793
2014-07-01,"France","Business",1117
2014-08-01,"France","Business",535
2014-09-01,"France","Business",1116
2014-10-01,"France","Business",1155
2014-11-01,"France","Business",1703
2014-12-01,"France","Business",466
2015-01-01,"France","Business",839
2015-02-01,"France","Business",1007
2015-03-01,"France","Business",1055
2015-04-01,"France","Business",822
2015-05-01,"France","Business",859
2015-06-01,"France","Business",840
2015-07-01,"France","Business",818
2015-08-01,"France","Business",803
2015-09-01,"France","Business",991
2015-10-01,"France","Business",1238
2015-11-01,"France","Business",1207
2015-12-01,"France","Business",478
2016-01-01,"France","Business",976
2016-02-01,"France","Business",1222
2016-03-01,"France","Business",945
2016-04-01,"France","Business",717
2016-05-01,"France","Business",778
2016-06-01,"France","Business",740
2016-07-01,"France","Business",818
2016-08-01,"France","Business",728
2016-09-01,"France","Business",1070
2016-10-01,"France","Business",925
2016-11-01,"France","Business",898
2016-12-01,"France","Business",595
2017-01-01,"France","Business",778
2017-02-01,"France","Business",956
2017-03-01,"France","Business",1132
2017-04-01,"France","Business",714
2017-05-01,"France","Business",893
2017-06-01,"France","Business",904
2017-07-01,"France","Business",971
2017-08-01,"France","Business",649
2017-09-01,"France","Business",1403
2017-10-01,"France","Business",1364
2017-11-01,"France","Business",1516
2017-12-01,"France","Business",605
2018-01-01,"France","Business",1009
2018-02-01,"France","Business",1401
2018-03-01,"France","Business",1382
2018-04-01,"France","Business",1043
2018-05-01,"France","Business",1194
2018-06-01,"France","Business",1084
2018-07-01,"France","Business",932
2018-08-01,"France","Business",851
2018-09-01,"France","Business",1593
2018-10-01,"France","Business",1544
2018-11-01,"France","Business",1612
2018-12-01,"France","Business",673
2019-01-01,"France","Business",1087
2019-02-01,"France","Business",1030
2019-03-01,"France","Business",1237
2019-04-01,"France","Business",737
2019-05-01,"France","Business",1179
2019-06-01,"France","Business",1175
2019-07-01,"France","Business",1127
2019-08-01,"France","Business",871
2019-09-01,"France","Business",1236
2019-10-01,"France","Business",1420
2019-11-01,"France","Business",1703
2019-12-01,"France","Business",793
2020-01-01,"France","Business",956
2020-02-01,"France","Business",1208
2005-01-01,"France","Education",473
2005-02-01,"France","Education",592
2005-03-01,"France","Education",155
2005-04-01,"France","Education",250
2005-05-01,"France","Education",136
2005-06-01,"France","Education",400
2005-07-01,"France","Education",632
2005-08-01,"France","Education",164
2005-09-01,"France","Education",352
2005-10-01,"France","Education",237
2005-11-01,"France","Education",153
2005-12-01,"France","Education",138
2006-01-01,"France","Education",483
2006-02-01,"France","Education",686
2006-03-01,"France","Education",253
2006-04-01,"France","Education",448
2006-05-01,"France","Education",138
2006-06-01,"France","Education",429
2006-07-01,"France","Education",823
2006-08-01,"France","Education",296
2006-09-01,"France","Education",384
2006-10-01,"France","Education",248
2006-11-01,"France","Education",168
2006-12-01,"France","Education",182
2007-01-01,"France","Education",701
2007-02-01,"France","Education",644
2007-03-01,"France","Education",273
2007-04-01,"France","Education",272
2007-05-01,"France","Education",198
2007-06-01,"France","Education",405
2007-07-01,"France","Education",914
2007-08-01,"France","Education",227
2007-09-01,"France","Education",341
2007-10-01,"France","Education",229
2007-11-01,"France","Education",147
2007-12-01,"France","Education",151
2008-01-01,"France","Education",568
2008-02-01,"France","Education",886
2008-03-01,"France","Education",284
2008-04-01,"France","Education",418
2008-05-01,"France","Education",206
2008-06-01,"France","Education",477
2008-07-01,"France","Education",1071
2008-08-01,"France","Education",272
2008-09-01,"France","Education",333
2008-10-01,"France","Education",313
2008-11-01,"France","Education",192
2008-12-01,"France","Education",203
2009-01-01,"France","Education",601
2009-02-01,"France","Education",871
2009-03-01,"France","Education",303
2009-04-01,"France","Education",345
2009-05-01,"France","Education",288
2009-06-01,"France","Education",473
2009-07-01,"France","Education",1009
2009-08-01,"France","Education",292
2009-09-01,"France","Education",500
2009-10-01,"France","Education",362
2009-11-01,"France","Education",213
2009-12-01,"France","Education",237
2010-01-01,"France","Education",763
2010-02-01,"France","Education",967
2010-03-01,"France","Education",480
2010-04-01,"France","Education",317
2010-05-01,"France","Education",354
2010-06-01,"France","Education",464
2010-07-01,"France","Education",1121
2010-08-01,"France","Education",339
2010-09-01,"France","Education",440
2010-10-01,"France","Education",381
2010-11-01,"France","Education",170
2010-12-01,"France","Education",264
2011-01-01,"France","Education",860
2011-02-01,"France","Education",1027
2011-03-01,"France","Education",244
2011-04-01,"France","Education",304
2011-05-01,"France","Education",395
2011-06-01,"France","Education",515
2011-07-01,"France","Education",1236
2011-08-01,"France","Education",230
2011-09-01,"France","Education",357
2011-10-01,"France","Education",320
2011-11-01,"France","Education",173
2011-12-01,"France","Education",229
2012-01-01,"France","Education",745
2012-02-01,"France","Education",1118
2012-03-01,"France","Education",318
2012-04-01,"France","Education",230
2012-05-01,"France","Education",284
2012-06-01,"France","Education",545
2012-07-01,"France","Education",1209
2012-08-01,"France","Education",410
2012-09-01,"France","Education",457
2012-10-01,"France","Education",240
2012-11-01,"France","Education",351
2012-12-01,"France","Education",208
2013-01-01,"France","Education",744
2013-02-01,"France","Education",969
2013-03-01,"France","Education",310
2013-04-01,"France","Education",360
2013-05-01,"France","Education",375
2013-06-01,"France","Education",449
2013-07-01,"France","Education",973
2013-08-01,"France","Education",316
2013-09-01,"France","Education",374
2013-10-01,"France","Education",394
2013-11-01,"France","Education",181
2013-12-01,"France","Education",208
2014-01-01,"France","Education",756
2014-02-01,"France","Education",1196
2014-03-01,"France","Education",245
2014-04-01,"France","Education",204
2014-05-01,"France","Education",277
2014-06-01,"France","Education",530
2014-07-01,"France","Education",1074
2014-08-01,"France","Education",320
2014-09-01,"France","Education",311
2014-10-01,"France","Education",455
2014-11-01,"France","Education",272
2014-12-01,"France","Education",329
2015-01-01,"France","Education",659
2015-02-01,"France","Education",1026
2015-03-01,"France","Education",442
2015-04-01,"France","Education",432
2015-05-01,"France","Education",259
2015-06-01,"France","Education",627
2015-07-01,"France","Education",1164
2015-08-01,"France","Education",393
2015-09-01,"France","Education",404
2015-10-01,"France","Education",354
2015-11-01,"France","Education",507
2015-12-01,"France","Education",354
2016-01-01,"France","Education",681
2016-02-01,"France","Education",1043
2016-03-01,"France","Education",336
2016-04-01,"France","Education",369
2016-05-01,"France","Education",454
2016-06-01,"France","Education",771
2016-07-01,"France","Education",1549
2016-08-01,"France","Education",354
2016-09-01,"France","Education",538
2016-10-01,"France","Education",537
2016-11-01,"France","Education",209
2016-12-01,"France","Education",340
2017-01-01,"France","Education",1012
2017-02-01,"France","Education",1071
2017-03-01,"France","Education",290
2017-04-01,"France","Education",450
2017-05-01,"France","Education",297
2017-06-01,"France","Education",664
2017-07-01,"France","Education",1135
2017-08-01,"France","Education",348
2017-09-01,"France","Education",549
2017-10-01,"France","Education",369
2017-11-01,"France","Education",233
2017-12-01,"France","Education",338
2018-01-01,"France","Education",679
2018-02-01,"France","Education",1144
2018-03-01,"France","Education",334
2018-04-01,"France","Education",398
2018-05-01,"France","Education",407
2018-06-01,"France","Education",696
2018-07-01,"France","Education",1238
2018-08-01,"France","Education",339
2018-09-01,"France","Education",597
2018-10-01,"France","Education",388
2018-11-01,"France","Education",274
2018-12-01,"France","Education",232
2019-01-01,"France","Education",593
2019-02-01,"France","Education",1124
2019-03-01,"France","Education",186
2019-04-01,"France","Education",320
2019-05-01,"France","Education",480
2019-06-01,"France","Education",605
2019-07-01,"France","Education",1175
2019-08-01,"France","Education",271
2019-09-01,"France","Education",709
2019-10-01,"France","Education",359
2019-11-01,"France","Education",205
2019-12-01,"France","Education",252
2020-01-01,"France","Education",755
2020-02-01,"France","Education",853
2005-01-01,"France","Employment",324
2005-02-01,"France","Employment",144
2005-03-01,"France","Employment",89
2005-04-01,"France","Employment",98
2005-05-01,"France","Employment",121
2005-06-01,"France","Employment",115
2005-07-01,"France","Employment",137
2005-08-01,"France","Employment",161
2005-09-01,"France","Employment",245
2005-10-01,"France","Employment",202
2005-11-01,"France","Employment",268
2005-12-01,"France","Employment",127
2006-01-01,"France","Employment",215
2006-02-01,"France","Employment",247
2006-03-01,"France","Employment",125
2006-04-01,"France","Employment",147
2006-05-01,"France","Employment",72
2006-06-01,"France","Employment",161
2006-07-01,"France","Employment",235
2006-08-01,"France","Employment",240
2006-09-01,"France","Employment",218
2006-10-01,"France","Employment",265
2006-11-01,"France","Employment",286
2006-12-01,"France","Employment",178
2007-01-01,"France","Employment",359
2007-02-01,"France","Employment",245
2007-03-01,"France","Employment",211
2007-04-01,"France","Employment",220
2007-05-01,"France","Employment",149
2007-06-01,"France","Employment",207
2007-07-01,"France","Employment",286
2007-08-01,"France","Employment",284
2007-09-01,"France","Employment",204
2007-10-01,"France","Employment",229
2007-11-01,"France","Employment",368
2007-12-01,"France","Employment",194
2008-01-01,"France","Employment",566
2008-02-01,"France","Employment",226
2008-03-01,"France","Employment",276
2008-04-01,"France","Employment",250
2008-05-01,"France","Employment",200
2008-06-01,"France","Employment",335
2008-07-01,"France","Employment",455
2008-08-01,"France","Employment",328
2008-09-01,"France","Employment",503
2008-10-01,"France","Employment",414
2008-11-01,"France","Employment",434
2008-12-01,"France","Employment",314
2009-01-01,"France","Employment",587
2009-02-01,"France","Employment",420
2009-03-01,"France","Employment",353
2009-04-01,"France","Employment",288
2009-05-01,"France","Employment",229
2009-06-01,"France","Employment",386
2009-07-01,"France","Employment",387
2009-08-01,"France","Employment",440
2009-09-01,"France","Employment",623
2009-10-01,"France","Employment",622
2009-11-01,"France","Employment",473
2009-12-01,"France","Employment",441
2010-01-01,"France","Employment",609
2010-02-01,"France","Employment",414
2010-03-01,"France","Employment",349
2010-04-01,"France","Employment",334
2010-05-01,"France","Employment",267
2010-06-01,"France","Employment",405
2010-07-01,"France","Employment",369
2010-08-01,"France","Employment",423
2010-09-01,"France","Employment",523
2010-10-01,"France","Employment",614
2010-11-01,"France","Employment",589
2010-12-01,"France","Employment",414
2011-01-01,"France","Employment",503
2011-02-01,"France","Employment",461
2011-03-01,"France","Employment",376
2011-04-01,"France","Employment",416
2011-05-01,"France","Employment",249
2011-06-01,"France","Employment",431
2011-07-01,"France","Employment",409
2011-08-01,"France","Employment",316
2011-09-01,"France","Employment",733
2011-10-01,"France","Employment",813
2011-11-01,"France","Employment",645
2011-12-01,"France","Employment",450
2012-01-01,"France","Employment",773
2012-02-01,"France","Employment",532
2012-03-01,"France","Employment",430
2012-04-01,"France","Employment",372
2012-05-01,"France","Employment",404
2012-06-01,"France","Employment",571
2012-07-01,"France","Employment",406
2012-08-01,"France","Employment",448
2012-09-01,"France","Employment",890
2012-10-01,"France","Employment",854
2012-11-01,"France","Employment",841
2012-12-01,"France","Employment",580
2013-01-01,"France","Employment",869
2013-02-01,"France","Employment",663
2013-03-01,"France","Employment",567
2013-04-01,"France","Employment",563
2013-05-01,"France","Employment",495
2013-06-01,"France","Employment",605
2013-07-01,"France","Employment",574
2013-08-01,"France","Employment",512
2013-09-01,"France","Employment",880
2013-10-01,"France","Employment",1029
2013-11-01,"France","Employment",1011
2013-12-01,"France","Employment",591
2014-01-01,"France","Employment",1104
2014-02-01,"France","Employment",638
2014-03-01,"France","Employment",664
2014-04-01,"France","Employment",425
2014-05-01,"France","Employment",446
2014-06-01,"France","Employment",536
2014-07-01,"France","Employment",636
2014-08-01,"France","Employment",666
2014-09-01,"France","Employment",999
2014-10-01,"France","Employment",1319
2014-11-01,"France","Employment",895
2014-12-01,"France","Employment",977
2015-01-01,"France","Employment",1508
2015-02-01,"France","Employment",840
2015-03-01,"France","Employment",880
2015-04-01,"France","Employment",688
2015-05-01,"France","Employment",733
2015-06-01,"France","Employment",666
2015-07-01,"France","Employment",734
2015-08-01,"France","Employment",850
2015-09-01,"France","Employment",996
2015-10-01,"France","Employment",759
2015-11-01,"France","Employment",896
2015-12-01,"France","Employment",797
2016-01-01,"France","Employment",1123
2016-02-01,"France","Employment",727
2016-03-01,"France","Employment",528
2016-04-01,"France","Employment",525
2016-05-01,"France","Employment",487
2016-06-01,"France","Employment",497
2016-07-01,"France","Employment",619
2016-08-01,"France","Employment",737
2016-09-01,"France","Employment",1007
2016-10-01,"France","Employment",970
2016-11-01,"France","Employment",777
2016-12-01,"France","Employment",787
2017-01-01,"France","Employment",1096
2017-02-01,"France","Employment",939
2017-03-01,"France","Employment",502
2017-04-01,"France","Employment",475
2017-05-01,"France","Employment",440
2017-06-01,"France","Employment",523
2017-07-01,"France","Employment",455
2017-08-01,"France","Employment",603
2017-09-01,"France","Employment",1015
2017-10-01,"France","Employment",887
2017-11-01,"France","Employment",704
2017-12-01,"France","Employment",562
2018-01-01,"France","Employment",1237
2018-02-01,"France","Employment",609
2018-03-01,"France","Employment",651
2018-04-01,"France","Employment",571
2018-05-01,"France","Employment",635
2018-06-01,"France","Employment",674
2018-07-01,"France","Employment",566
2018-08-01,"France","Employment",538
2018-09-01,"France","Employment",1060
2018-10-01,"France","Employment",903
2018-11-01,"France","Employment",872
2018-12-01,"France","Employment",530
2019-01-01,"France","Employment",1152
2019-02-01,"France","Employment",635
2019-03-01,"France","Employment",643
2019-04-01,"France","Employment",533
2019-05-01,"France","Employment",567
2019-06-01,"France","Employment",681
2019-07-01,"France","Employment",479
2019-08-01,"France","Employment",539
2019-09-01,"France","Employment",1053
2019-10-01,"France","Employment",1068
2019-11-01,"France","Employment",796
2019-12-01,"France","Employment",440
2020-01-01,"France","Employment",1118
2020-02-01,"France","Employment",782
2005-01-01,"France","Holiday",2346
2005-02-01,"France","Holiday",2973
2005-03-01,"France","Holiday",2042
2005-04-01,"France","Holiday",2022
2005-05-01,"France","Holiday",1433
2005-06-01,"France","Holiday",1679
2005-07-01,"France","Holiday",5415
2005-08-01,"France","Holiday",3437
2005-09-01,"France","Holiday",2046
2005-10-01,"France","Holiday",2974
2005-11-01,"France","Holiday",3071
2005-12-01,"France","Holiday",3746
2006-01-01,"France","Holiday",2937
2006-02-01,"France","Holiday",3036
2006-03-01,"France","Holiday",2191
2006-04-01,"France","Holiday",2037
2006-05-01,"France","Holiday",1531
2006-06-01,"France","Holiday",1970
2006-07-01,"France","Holiday",5218
2006-08-01,"France","Holiday",3845
2006-09-01,"France","Holiday",2357
2006-10-01,"France","Holiday",2910
2006-11-01,"France","Holiday",3337
2006-12-01,"France","Holiday",3773
2007-01-01,"France","Holiday",2783
2007-02-01,"France","Holiday",3395
2007-03-01,"France","Holiday",2570
2007-04-01,"France","Holiday",2226
2007-05-01,"France","Holiday",1603
2007-06-01,"France","Holiday",2001
2007-07-01,"France","Holiday",5640
2007-08-01,"France","Holiday",4039
2007-09-01,"France","Holiday",2605
2007-10-01,"France","Holiday",3030
2007-11-01,"France","Holiday",4169
2007-12-01,"France","Holiday",4343
2008-01-01,"France","Holiday",3712
2008-02-01,"France","Holiday",4027
2008-03-01,"France","Holiday",3115
2008-04-01,"France","Holiday",2830
2008-05-01,"France","Holiday",1890
2008-06-01,"France","Holiday",2617
2008-07-01,"France","Holiday",7113
2008-08-01,"France","Holiday",4467
2008-09-01,"France","Holiday",3360
2008-10-01,"France","Holiday",3715
2008-11-01,"France","Holiday",4386
2008-12-01,"France","Holiday",5216
2009-01-01,"France","Holiday",4069
2009-02-01,"France","Holiday",4277
2009-03-01,"France","Holiday",3793
2009-04-01,"France","Holiday",3340
2009-05-01,"France","Holiday",2913
2009-06-01,"France","Holiday",3167
2009-07-01,"France","Holiday",6591
2009-08-01,"France","Holiday",5037
2009-09-01,"France","Holiday",3955
2009-10-01,"France","Holiday",5302
2009-11-01,"France","Holiday",5397
2009-12-01,"France","Holiday",6471
2010-01-01,"France","Holiday",5117
2010-02-01,"France","Holiday",5235
2010-03-01,"France","Holiday",4236
2010-04-01,"France","Holiday",3209
2010-05-01,"France","Holiday",2760
2010-06-01,"France","Holiday",3016
2010-07-01,"France","Holiday",6894
2010-08-01,"France","Holiday",5108
2010-09-01,"France","Holiday",4041
2010-10-01,"France","Holiday",5298
2010-11-01,"France","Holiday",4886
2010-12-01,"France","Holiday",5923
2011-01-01,"France","Holiday",4667
2011-02-01,"France","Holiday",4986
2011-03-01,"France","Holiday",3712
2011-04-01,"France","Holiday",3392
2011-05-01,"France","Holiday",2266
2011-06-01,"France","Holiday",2681
2011-07-01,"France","Holiday",6074
2011-08-01,"France","Holiday",5081
2011-09-01,"France","Holiday",4017
2011-10-01,"France","Holiday",5730
2011-11-01,"France","Holiday",4762
2011-12-01,"France","Holiday",6356
2012-01-01,"France","Holiday",4789
2012-02-01,"France","Holiday",5097
2012-03-01,"France","Holiday",4071
2012-04-01,"France","Holiday",3531
2012-05-01,"France","Holiday",2240
2012-06-01,"France","Holiday",2751
2012-07-01,"France","Holiday",6367
2012-08-01,"France","Holiday",4939
2012-09-01,"France","Holiday",4020
2012-10-01,"France","Holiday",5162
2012-11-01,"France","Holiday",5360
2012-12-01,"France","Holiday",6754
2013-01-01,"France","Holiday",4722
2013-02-01,"France","Holiday",5150
2013-03-01,"France","Holiday",4404
2013-04-01,"France","Holiday",3594
2013-05-01,"France","Holiday",2777
2013-06-01,"France","Holiday",2882
2013-07-01,"France","Holiday",6325
2013-08-01,"France","Holiday",5531
2013-09-01,"France","Holiday",4125
2013-10-01,"France","Holiday",5543
2013-11-01,"France","Holiday",5372
2013-12-01,"France","Holiday",6581
2014-01-01,"France","Holiday",5537
2014-02-01,"France","Holiday",5886
2014-03-01,"France","Holiday",4612
2014-04-01,"France","Holiday",3891
2014-05-01,"France","Holiday",3050
2014-06-01,"France","Holiday",3218
2014-07-01,"France","Holiday",6805
2014-08-01,"France","Holiday",5918
2014-09-01,"France","Holiday",4391
2014-10-01,"France","Holiday",5530
2014-11-01,"France","Holiday",5360
2014-12-01,"France","Holiday",6607
2015-01-01,"France","Holiday",4979
2015-02-01,"France","Holiday",5292
2015-03-01,"France","Holiday",4779
2015-04-01,"France","Holiday",3793
2015-05-01,"France","Holiday",3092
2015-06-01,"France","Holiday",2798
2015-07-01,"France","Holiday",6585
2015-08-01,"France","Holiday",5168
2015-09-01,"France","Holiday",4192
2015-10-01,"France","Holiday",5775
2015-11-01,"France","Holiday",5674
2015-12-01,"France","Holiday",7895
2016-01-01,"France","Holiday",5836
2016-02-01,"France","Holiday",6404
2016-03-01,"France","Holiday",5494
2016-04-01,"France","Holiday",3983
2016-05-01,"France","Holiday",3349
2016-06-01,"France","Holiday",3515
2016-07-01,"France","Holiday",7402
2016-08-01,"France","Holiday",6339
2016-09-01,"France","Holiday",4661
2016-10-01,"France","Holiday",6327
2016-11-01,"France","Holiday",5790
2016-12-01,"France","Holiday",8068
2017-01-01,"France","Holiday",6022
2017-02-01,"France","Holiday",6740
2017-03-01,"France","Holiday",5075
2017-04-01,"France","Holiday",4167
2017-05-01,"France","Holiday",3259
2017-06-01,"France","Holiday",3555
2017-07-01,"France","Holiday",7639
2017-08-01,"France","Holiday",5969
2017-09-01,"France","Holiday",4765
2017-10-01,"France","Holiday",6167
2017-11-01,"France","Holiday",6043
2017-12-01,"France","Holiday",7840
2018-01-01,"France","Holiday",6356
2018-02-01,"France","Holiday",6564
2018-03-01,"France","Holiday",5844
2018-04-01,"France","Holiday",4892
2018-05-01,"France","Holiday",3364
2018-06-01,"France","Holiday",3255
2018-07-01,"France","Holiday",8107
2018-08-01,"France","Holiday",6691
2018-09-01,"France","Holiday",5670
2018-10-01,"France","Holiday",8026
2018-11-01,"France","Holiday",7488
2018-12-01,"France","Holiday",9253
2019-01-01,"France","Holiday",7962
2019-02-01,"France","Holiday",7837
2019-03-01,"France","Holiday",6524
2019-04-01,"France","Holiday",4868
2019-05-01,"France","Holiday",4319
2019-06-01,"France","Holiday",3808
2019-07-01,"France","Holiday",8219
2019-08-01,"France","Holiday",6861
2019-09-01,"France","Holiday",5387
2019-10-01,"France","Holiday",7263
2019-11-01,"France","Holiday",7264
2019-12-01,"France","Holiday",9224
2020-01-01,"France","Holiday",6477
2020-02-01,"France","Holiday",7597
2005-01-01,"France","Other",341
2005-02-01,"France","Other",225
2005-03-01,"France","Other",319
2005-04-01,"France","Other",160
2005-05-01,"France","Other",132
2005-06-01,"France","Other",277
2005-07-01,"France","Other",302
2005-08-01,"France","Other",213
2005-09-01,"France","Other",413
2005-10-01,"France","Other",415
2005-11-01,"France","Other",387
2005-12-01,"France","Other",279
2006-01-01,"France","Other",427
2006-02-01,"France","Other",402
2006-03-01,"France","Other",282
2006-04-01,"France","Other",250
2006-05-01,"France","Other",182
2006-06-01,"France","Other",282
2006-07-01,"France","Other",347
2006-08-01,"France","Other",257
2006-09-01,"France","Other",419
2006-10-01,"France","Other",423
2006-11-01,"France","Other",318
2006-12-01,"France","Other",228
2007-01-01,"France","Other",461
2007-02-01,"France","Other",366
2007-03-01,"France","Other",449
2007-04-01,"France","Other",229
2007-05-01,"France","Other",195
2007-06-01,"France","Other",461
2007-07-01,"France","Other",268
2007-08-01,"France","Other",312
2007-09-01,"France","Other",457
2007-10-01,"France","Other",452
2007-11-01,"France","Other",555
2007-12-01,"France","Other",367
2008-01-01,"France","Other",519
2008-02-01,"France","Other",347
2008-03-01,"France","Other",305
2008-04-01,"France","Other",422
2008-05-01,"France","Other",241
2008-06-01,"France","Other",356
2008-07-01,"France","Other",2286
2008-08-01,"France","Other",351
2008-09-01,"France","Other",545
2008-10-01,"France","Other",626
2008-11-01,"France","Other",562
2008-12-01,"France","Other",427
2009-01-01,"France","Other",671
2009-02-01,"France","Other",527
2009-03-01,"France","Other",430
2009-04-01,"France","Other",427
2009-05-01,"France","Other",383
2009-06-01,"France","Other",426
2009-07-01,"France","Other",534
2009-08-01,"France","Other",598
2009-09-01,"France","Other",576
2009-10-01,"France","Other",872
2009-11-01,"France","Other",497
2009-12-01,"France","Other",454
2010-01-01,"France","Other",808
2010-02-01,"France","Other",412
2010-03-01,"France","Other",546
2010-04-01,"France","Other",338
2010-05-01,"France","Other",354
2010-06-01,"France","Other",468
2010-07-01,"France","Other",546
2010-08-01,"France","Other",471
2010-09-01,"France","Other",696
2010-10-01,"France","Other",562
2010-11-01,"France","Other",505
2010-12-01,"France","Other",452
2011-01-01,"France","Other",740
2011-02-01,"France","Other",553
2011-03-01,"France","Other",547
2011-04-01,"France","Other",318
2011-05-01,"France","Other",248
2011-06-01,"France","Other",464
2011-07-01,"France","Other",322
2011-08-01,"France","Other",459
2011-09-01,"France","Other",709
2011-10-01,"France","Other",858
2011-11-01,"France","Other",667
2011-12-01,"France","Other",549
2012-01-01,"France","Other",774
2012-02-01,"France","Other",429
2012-03-01,"France","Other",443
2012-04-01,"France","Other",371
2012-05-01,"France","Other",439
2012-06-01,"France","Other",329
2012-07-01,"France","Other",538
2012-08-01,"France","Other",393
2012-09-01,"France","Other",599
2012-10-01,"France","Other",761
2012-11-01,"France","Other",735
2012-12-01,"France","Other",460
2013-01-01,"France","Other",897
2013-02-01,"France","Other",614
2013-03-01,"France","Other",542
2013-04-01,"France","Other",437
2013-05-01,"France","Other",573
2013-06-01,"France","Other",522
2013-07-01,"France","Other",526
2013-08-01,"France","Other",507
2013-09-01,"France","Other",946
2013-10-01,"France","Other",726
2013-11-01,"France","Other",735
2013-12-01,"France","Other",495
2014-01-01,"France","Other",864
2014-02-01,"France","Other",632
2014-03-01,"France","Other",390
2014-04-01,"France","Other",520
2014-05-01,"France","Other",521
2014-06-01,"France","Other",381
2014-07-01,"France","Other",483
2014-08-01,"France","Other",618
2014-09-01,"France","Other",638
2014-10-01,"France","Other",890
2014-11-01,"France","Other",848
2014-12-01,"France","Other",634
2015-01-01,"France","Other",918
2015-02-01,"France","Other",581
2015-03-01,"France","Other",703
2015-04-01,"France","Other",513
2015-05-01,"France","Other",409
2015-06-01,"France","Other",542
2015-07-01,"France","Other",637
2015-08-01,"France","Other",432
2015-09-01,"France","Other",544
2015-10-01,"France","Other",702
2015-11-01,"France","Other",572
2015-12-01,"France","Other",480
2016-01-01,"France","Other",911
2016-02-01,"France","Other",712
2016-03-01,"France","Other",445
2016-04-01,"France","Other",441
2016-05-01,"France","Other",548
2016-06-01,"France","Other",537
2016-07-01,"France","Other",528
2016-08-01,"France","Other",563
2016-09-01,"France","Other",712
2016-10-01,"France","Other",926
2016-11-01,"France","Other",761
2016-12-01,"France","Other",580
2017-01-01,"France","Other",596
2017-02-01,"France","Other",474
2017-03-01,"France","Other",462
2017-04-01,"France","Other",350
2017-05-01,"France","Other",287
2017-06-01,"France","Other",258
2017-07-01,"France","Other",529
2017-08-01,"France","Other",430
2017-09-01,"France","Other",632
2017-10-01,"France","Other",660
2017-11-01,"France","Other",547
2017-12-01,"France","Other",498
2018-01-01,"France","Other",577
2018-02-01,"France","Other",363
2018-03-01,"France","Other",458
2018-04-01,"France","Other",446
2018-05-01,"France","Other",486
2018-06-01,"France","Other",378
2018-07-01,"France","Other",528
2018-08-01,"France","Other",462
2018-09-01,"France","Other",793
2018-10-01,"France","Other",886
2018-11-01,"France","Other",674
2018-12-01,"France","Other",697
2019-01-01,"France","Other",822
2019-02-01,"France","Other",467
2019-03-01,"France","Other",612
2019-04-01,"France","Other",494
2019-05-01,"France","Other",393
2019-06-01,"France","Other",333
2019-07-01,"France","Other",449
2019-08-01,"France","Other",464
2019-09-01,"France","Other",705
2019-10-01,"France","Other",899
2019-11-01,"France","Other",700
2019-12-01,"France","Other",495
2020-01-01,"France","Other",769
2020-02-01,"France","Other",430
2005-01-01,"France","Visiting Friends or Relatives",1085
2005-02-01,"France","Visiting Friends or Relatives",1325
2005-03-01,"France","Visiting Friends or Relatives",1293
2005-04-01,"France","Visiting Friends or Relatives",995
2005-05-01,"France","Visiting Friends or Relatives",566
2005-06-01,"France","Visiting Friends or Relatives",690
2005-07-01,"France","Visiting Friends or Relatives",1696
2005-08-01,"France","Visiting Friends or Relatives",1013
2005-09-01,"France","Visiting Friends or Relatives",598
2005-10-01,"France","Visiting Friends or Relatives",828
2005-11-01,"France","Visiting Friends or Relatives",1099
2005-12-01,"France","Visiting Friends or Relatives",2644
2006-01-01,"France","Visiting Friends or Relatives",1363
2006-02-01,"France","Visiting Friends or Relatives",1671
2006-03-01,"France","Visiting Friends or Relatives",1009
2006-04-01,"France","Visiting Friends or Relatives",1020
2006-05-01,"France","Visiting Friends or Relatives",551
2006-06-01,"France","Visiting Friends or Relatives",660
2006-07-01,"France","Visiting Friends or Relatives",1589
2006-08-01,"France","Visiting Friends or Relatives",1100
2006-09-01,"France","Visiting Friends or Relatives",830
2006-10-01,"France","Visiting Friends or Relatives",1075
2006-11-01,"France","Visiting Friends or Relatives",1146
2006-12-01,"France","Visiting Friends or Relatives",2386
2007-01-01,"France","Visiting Friends or Relatives",1305
2007-02-01,"France","Visiting Friends or Relatives",1480
2007-03-01,"France","Visiting Friends or Relatives",1063
2007-04-01,"France","Visiting Friends or Relatives",895
2007-05-01,"France","Visiting Friends or Relatives",586
2007-06-01,"France","Visiting Friends or Relatives",879
2007-07-01,"France","Visiting Friends or Relatives",2036
2007-08-01,"France","Visiting Friends or Relatives",1227
2007-09-01,"France","Visiting Friends or Relatives",1005
2007-10-01,"France","Visiting Friends or Relatives",1323
2007-11-01,"France","Visiting Friends or Relatives",1388
2007-12-01,"France","Visiting Friends or Relatives",3035
2008-01-01,"France","Visiting Friends or Relatives",1543
2008-02-01,"France","Visiting Friends or Relatives",1604
2008-03-01,"France","Visiting Friends or Relatives",1446
2008-04-01,"France","Visiting Friends or Relatives",1517
2008-05-01,"France","Visiting Friends or Relatives",655
2008-06-01,"France","Visiting Friends or Relatives",1062
2008-07-01,"France","Visiting Friends or Relatives",1599
2008-08-01,"France","Visiting Friends or Relatives",1330
2008-09-01,"France","Visiting Friends or Relatives",1156
2008-10-01,"France","Visiting Friends or Relatives",1503
2008-11-01,"France","Visiting Friends or Relatives",1501
2008-12-01,"France","Visiting Friends or Relatives",3477
2009-01-01,"France","Visiting Friends or Relatives",1586
2009-02-01,"France","Visiting Friends or Relatives",1965
2009-03-01,"France","Visiting Friends or Relatives",1370
2009-04-01,"France","Visiting Friends or Relatives",1644
2009-05-01,"France","Visiting Friends or Relatives",767
2009-06-01,"France","Visiting Friends or Relatives",1011
2009-07-01,"France","Visiting Friends or Relatives",2006
2009-08-01,"France","Visiting Friends or Relatives",1414
2009-09-01,"France","Visiting Friends or Relatives",1161
2009-10-01,"France","Visiting Friends or Relatives",1482
2009-11-01,"France","Visiting Friends or Relatives",2015
2009-12-01,"France","Visiting Friends or Relatives",4008
2010-01-01,"France","Visiting Friends or Relatives",2272
2010-02-01,"France","Visiting Friends or Relatives",2206
2010-03-01,"France","Visiting Friends or Relatives",1312
2010-04-01,"France","Visiting Friends or Relatives",1192
2010-05-01,"France","Visiting Friends or Relatives",1155
2010-06-01,"France","Visiting Friends or Relatives",967
2010-07-01,"France","Visiting Friends or Relatives",2356
2010-08-01,"France","Visiting Friends or Relatives",1713
2010-09-01,"France","Visiting Friends or Relatives",1181
2010-10-01,"France","Visiting Friends or Relatives",1971
2010-11-01,"France","Visiting Friends or Relatives",1792
2010-12-01,"France","Visiting Friends or Relatives",3934
2011-01-01,"France","Visiting Friends or Relatives",1910
2011-02-01,"France","Visiting Friends or Relatives",2092
2011-03-01,"France","Visiting Friends or Relatives",1613
2011-04-01,"France","Visiting Friends or Relatives",1495
2011-05-01,"France","Visiting Friends or Relatives",853
2011-06-01,"France","Visiting Friends or Relatives",1113
2011-07-01,"France","Visiting Friends or Relatives",2055
2011-08-01,"France","Visiting Friends or Relatives",1714
2011-09-01,"France","Visiting Friends or Relatives",1544
2011-10-01,"France","Visiting Friends or Relatives",1788
2011-11-01,"France","Visiting Friends or Relatives",1790
2011-12-01,"France","Visiting Friends or Relatives",4397
2012-01-01,"France","Visiting Friends or Relatives",1955
2012-02-01,"France","Visiting Friends or Relatives",2564
2012-03-01,"France","Visiting Friends or Relatives",1919
2012-04-01,"France","Visiting Friends or Relatives",1641
2012-05-01,"France","Visiting Friends or Relatives",1164
2012-06-01,"France","Visiting Friends or Relatives",1260
2012-07-01,"France","Visiting Friends or Relatives",2117
2012-08-01,"France","Visiting Friends or Relatives",1687
2012-09-01,"France","Visiting Friends or Relatives",1311
2012-10-01,"France","Visiting Friends or Relatives",1854
2012-11-01,"France","Visiting Friends or Relatives",1915
2012-12-01,"France","Visiting Friends or Relatives",4778
2013-01-01,"France","Visiting Friends or Relatives",2308
2013-02-01,"France","Visiting Friends or Relatives",2200
2013-03-01,"France","Visiting Friends or Relatives",2375
2013-04-01,"France","Visiting Friends or Relatives",1798
2013-05-01,"France","Visiting Friends or Relatives",971
2013-06-01,"France","Visiting Friends or Relatives",1059
2013-07-01,"France","Visiting Friends or Relatives",2277
2013-08-01,"France","Visiting Friends or Relatives",1579
2013-09-01,"France","Visiting Friends or Relatives",1606
2013-10-01,"France","Visiting Friends or Relatives",1785
2013-11-01,"France","Visiting Friends or Relatives",2173
2013-12-01,"France","Visiting Friends or Relatives",4871
2014-01-01,"France","Visiting Friends or Relatives",2265
2014-02-01,"France","Visiting Friends or Relatives",3036
2014-03-01,"France","Visiting Friends or Relatives",2300
2014-04-01,"France","Visiting Friends or Relatives",2089
2014-05-01,"France","Visiting Friends or Relatives",1361
2014-06-01,"France","Visiting Friends or Relatives",1655
2014-07-01,"France","Visiting Friends or Relatives",2614
2014-08-01,"France","Visiting Friends or Relatives",1811
2014-09-01,"France","Visiting Friends or Relatives",1609
2014-10-01,"France","Visiting Friends or Relatives",2010
2014-11-01,"France","Visiting Friends or Relatives",2042
2014-12-01,"France","Visiting Friends or Relatives",5728
2015-01-01,"France","Visiting Friends or Relatives",2969
2015-02-01,"France","Visiting Friends or Relatives",3038
2015-03-01,"France","Visiting Friends or Relatives",2362
2015-04-01,"France","Visiting Friends or Relatives",1946
2015-05-01,"France","Visiting Friends or Relatives",1429
2015-06-01,"France","Visiting Friends or Relatives",1261
2015-07-01,"France","Visiting Friends or Relatives",2541
2015-08-01,"France","Visiting Friends or Relatives",2485
2015-09-01,"France","Visiting Friends or Relatives",2321
2015-10-01,"France","Visiting Friends or Relatives",2321
2015-11-01,"France","Visiting Friends or Relatives",1874
2015-12-01,"France","Visiting Friends or Relatives",5175
2016-01-01,"France","Visiting Friends or Relatives",2531
2016-02-01,"France","Visiting Friends or Relatives",2747
2016-03-01,"France","Visiting Friends or Relatives",2566
2016-04-01,"France","Visiting Friends or Relatives",1678
2016-05-01,"France","Visiting Friends or Relatives",1263
2016-06-01,"France","Visiting Friends or Relatives",1288
2016-07-01,"France","Visiting Friends or Relatives",2189
2016-08-01,"France","Visiting Friends or Relatives",1596
2016-09-01,"France","Visiting Friends or Relatives",1857
2016-10-01,"France","Visiting Friends or Relatives",1864
2016-11-01,"France","Visiting Friends or Relatives",2288
2016-12-01,"France","Visiting Friends or Relatives",6032
2017-01-01,"France","Visiting Friends or Relatives",2778
2017-02-01,"France","Visiting Friends or Relatives",2740
2017-03-01,"France","Visiting Friends or Relatives",2588
2017-04-01,"France","Visiting Friends or Relatives",2001
2017-05-01,"France","Visiting Friends or Relatives",1331
2017-06-01,"France","Visiting Friends or Relatives",1425
2017-07-01,"France","Visiting Friends or Relatives",2681
2017-08-01,"France","Visiting Friends or Relatives",2003
2017-09-01,"France","Visiting Friends or Relatives",1719
2017-10-01,"France","Visiting Friends or Relatives",2173
2017-11-01,"France","Visiting Friends or Relatives",2500
2017-12-01,"France","Visiting Friends or Relatives",5875
2018-01-01,"France","Visiting Friends or Relatives",2764
2018-02-01,"France","Visiting Friends or Relatives",3110
2018-03-01,"France","Visiting Friends or Relatives",2892
2018-04-01,"France","Visiting Friends or Relatives",2476
2018-05-01,"France","Visiting Friends or Relatives",1314
2018-06-01,"France","Visiting Friends or Relatives",1552
2018-07-01,"France","Visiting Friends or Relatives",2499
2018-08-01,"France","Visiting Friends or Relatives",2020
2018-09-01,"France","Visiting Friends or Relatives",1487
2018-10-01,"France","Visiting Friends or Relatives",2250
2018-11-01,"France","Visiting Friends or Relatives",2349
2018-12-01,"France","Visiting Friends or Relatives",5872
2019-01-01,"France","Visiting Friends or Relatives",2510
2019-02-01,"France","Visiting Friends or Relatives",3185
2019-03-01,"France","Visiting Friends or Relatives",2223
2019-04-01,"France","Visiting Friends or Relatives",2220
2019-05-01,"France","Visiting Friends or Relatives",1069
2019-06-01,"France","Visiting Friends or Relatives",1281
2019-07-01,"France","Visiting Friends or Relatives",2593
2019-08-01,"France","Visiting Friends or Relatives",1943
2019-09-01,"France","Visiting Friends or Relatives",1405
2019-10-01,"France","Visiting Friends or Relatives",2304
2019-11-01,"France","Visiting Friends or Relatives",2425
2019-12-01,"France","Visiting Friends or Relatives",5746
2020-01-01,"France","Visiting Friends or Relatives",2732
2020-02-01,"France","Visiting Friends or Relatives",3451
2005-01-01,"Germany","Business",1320
2005-02-01,"Germany","Business",1507
2005-03-01,"Germany","Business",1273
2005-04-01,"Germany","Business",1127
2005-05-01,"Germany","Business",1094
2005-06-01,"Germany","Business",976
2005-07-01,"Germany","Business",1429
2005-08-01,"Germany","Business",1594
2005-09-01,"Germany","Business",1534
2005-10-01,"Germany","Business",1618
2005-11-01,"Germany","Business",1932
2005-12-01,"Germany","Business",836
2006-01-01,"Germany","Business",1443
2006-02-01,"Germany","Business",1437
2006-03-01,"Germany","Business",1973
2006-04-01,"Germany","Business",1066
2006-05-01,"Germany","Business",1347
2006-06-01,"Germany","Business",1347
2006-07-01,"Germany","Business",1456
2006-08-01,"Germany","Business",1519
2006-09-01,"Germany","Business",1522
2006-10-01,"Germany","Business",1674
2006-11-01,"Germany","Business",1768
2006-12-01,"Germany","Business",652
2007-01-01,"Germany","Business",1111
2007-02-01,"Germany","Business",1809
2007-03-01,"Germany","Business",2230
2007-04-01,"Germany","Business",1281
2007-05-01,"Germany","Business",1221
2007-06-01,"Germany","Business",1207
2007-07-01,"Germany","Business",1882
2007-08-01,"Germany","Business",1294
2007-09-01,"Germany","Business",1672
2007-10-01,"Germany","Business",1873
2007-11-01,"Germany","Business",1767
2007-12-01,"Germany","Business",848
2008-01-01,"Germany","Business",1485
2008-02-01,"Germany","Business",2335
2008-03-01,"Germany","Business",1907
2008-04-01,"Germany","Business",1630
2008-05-01,"Germany","Business",1248
2008-06-01,"Germany","Business",1507
2008-07-01,"Germany","Business",2292
2008-08-01,"Germany","Business",1515
2008-09-01,"Germany","Business",1678
2008-10-01,"Germany","Business",1790
2008-11-01,"Germany","Business",1816
2008-12-01,"Germany","Business",907
2009-01-01,"Germany","Business",1130
2009-02-01,"Germany","Business",1539
2009-03-01,"Germany","Business",1671
2009-04-01,"Germany","Business",1076
2009-05-01,"Germany","Business",1227
2009-06-01,"Germany","Business",943
2009-07-01,"Germany","Business",1261
2009-08-01,"Germany","Business",1397
2009-09-01,"Germany","Business",1346
2009-10-01,"Germany","Business",1527
2009-11-01,"Germany","Business",1796
2009-12-01,"Germany","Business",789
2010-01-01,"Germany","Business",1177
2010-02-01,"Germany","Business",1942
2010-03-01,"Germany","Business",1790
2010-04-01,"Germany","Business",1350
2010-05-01,"Germany","Business",1502
2010-06-01,"Germany","Business",1285
2010-07-01,"Germany","Business",1648
2010-08-01,"Germany","Business",1362
2010-09-01,"Germany","Business",1668
2010-10-01,"Germany","Business",1701
2010-11-01,"Germany","Business",2002
2010-12-01,"Germany","Business",1024
2011-01-01,"Germany","Business",1617
2011-02-01,"Germany","Business",1812
2011-03-01,"Germany","Business",2028
2011-04-01,"Germany","Business",1097
2011-05-01,"Germany","Business",1529
2011-06-01,"Germany","Business",1293
2011-07-01,"Germany","Business",1467
2011-08-01,"Germany","Business",1567
2011-09-01,"Germany","Business",1508
2011-10-01,"Germany","Business",1602
2011-11-01,"Germany","Business",2262
2011-12-01,"Germany","Business",872
2012-01-01,"Germany","Business",1381
2012-02-01,"Germany","Business",2270
2012-03-01,"Germany","Business",1574
2012-04-01,"Germany","Business",1377
2012-05-01,"Germany","Business",1421
2012-06-01,"Germany","Business",1181
2012-07-01,"Germany","Business",1496
2012-08-01,"Germany","Business",1553
2012-09-01,"Germany","Business",1431
2012-10-01,"Germany","Business",1726
2012-11-01,"Germany","Business",1882
2012-12-01,"Germany","Business",921
2013-01-01,"Germany","Business",1373
2013-02-01,"Germany","Business",1961
2013-03-01,"Germany","Business",1455
2013-04-01,"Germany","Business",1334
2013-05-01,"Germany","Business",1259
2013-06-01,"Germany","Business",1314
2013-07-01,"Germany","Business",1521
2013-08-01,"Germany","Business",1300
2013-09-01,"Germany","Business",1372
2013-10-01,"Germany","Business",1684
2013-11-01,"Germany","Business",1847
2013-12-01,"Germany","Business",865
2014-01-01,"Germany","Business",1194
2014-02-01,"Germany","Business",1602
2014-03-01,"Germany","Business",1868
2014-04-01,"Germany","Business",1148
2014-05-01,"Germany","Business",1669
2014-06-01,"Germany","Business",1223
2014-07-01,"Germany","Business",1322
2014-08-01,"Germany","Business",1220
2014-09-01,"Germany","Business",1395
2014-10-01,"Germany","Business",1604
2014-11-01,"Germany","Business",1817
2014-12-01,"Germany","Business",794
2015-01-01,"Germany","Business",1429
2015-02-01,"Germany","Business",1558
2015-03-01,"Germany","Business",1608
2015-04-01,"Germany","Business",1340
2015-05-01,"Germany","Business",1433
2015-06-01,"Germany","Business",931
2015-07-01,"Germany","Business",1074
2015-08-01,"Germany","Business",1270
2015-09-01,"Germany","Business",1417
2015-10-01,"Germany","Business",1917
2015-11-01,"Germany","Business",1602
2015-12-01,"Germany","Business",838
2016-01-01,"Germany","Business",1057
2016-02-01,"Germany","Business",1848
2016-03-01,"Germany","Business",1423
2016-04-01,"Germany","Business",1332
2016-05-01,"Germany","Business",1225
2016-06-01,"Germany","Business",1021
2016-07-01,"Germany","Business",1486
2016-08-01,"Germany","Business",1103
2016-09-01,"Germany","Business",1169
2016-10-01,"Germany","Business",1679
2016-11-01,"Germany","Business",1993
2016-12-01,"Germany","Business",819
2017-01-01,"Germany","Business",1243
2017-02-01,"Germany","Business",1617
2017-03-01,"Germany","Business",1916
2017-04-01,"Germany","Business",1045
2017-05-01,"Germany","Business",1503
2017-06-01,"Germany","Business",1254
2017-07-01,"Germany","Business",1391
2017-08-01,"Germany","Business",1351
2017-09-01,"Germany","Business",1581
2017-10-01,"Germany","Business",2292
2017-11-01,"Germany","Business",2077
2017-12-01,"Germany","Business",1066
2018-01-01,"Germany","Business",1542
2018-02-01,"Germany","Business",1972
2018-03-01,"Germany","Business",1671
2018-04-01,"Germany","Business",1495
2018-05-01,"Germany","Business",1392
2018-06-01,"Germany","Business",1350
2018-07-01,"Germany","Business",1816
2018-08-01,"Germany","Business",1181
2018-09-01,"Germany","Business",1655
2018-10-01,"Germany","Business",2331
2018-11-01,"Germany","Business",2426
2018-12-01,"Germany","Business",963
2019-01-01,"Germany","Business",1589
2019-02-01,"Germany","Business",2082
2019-03-01,"Germany","Business",2232
2019-04-01,"Germany","Business",1106
2019-05-01,"Germany","Business",1752
2019-06-01,"Germany","Business",1650
2019-07-01,"Germany","Business",1725
2019-08-01,"Germany","Business",1484
2019-09-01,"Germany","Business",1691
2019-10-01,"Germany","Business",1879
2019-11-01,"Germany","Business",2424
2019-12-01,"Germany","Business",952
2020-01-01,"Germany","Business",1369
2020-02-01,"Germany","Business",1700
2005-01-01,"Germany","Education",815
2005-02-01,"Germany","Education",1258
2005-03-01,"Germany","Education",505
2005-04-01,"Germany","Education",379
2005-05-01,"Germany","Education",215
2005-06-01,"Germany","Education",403
2005-07-01,"Germany","Education",2062
2005-08-01,"Germany","Education",534
2005-09-01,"Germany","Education",483
2005-10-01,"Germany","Education",483
2005-11-01,"Germany","Education",257
2005-12-01,"Germany","Education",297
2006-01-01,"Germany","Education",773
2006-02-01,"Germany","Education",1706
2006-03-01,"Germany","Education",491
2006-04-01,"Germany","Education",380
2006-05-01,"Germany","Education",196
2006-06-01,"Germany","Education",283
2006-07-01,"Germany","Education",2062
2006-08-01,"Germany","Education",575
2006-09-01,"Germany","Education",649
2006-10-01,"Germany","Education",583
2006-11-01,"Germany","Education",211
2006-12-01,"Germany","Education",311
2007-01-01,"Germany","Education",910
2007-02-01,"Germany","Education",1747
2007-03-01,"Germany","Education",521
2007-04-01,"Germany","Education",372
2007-05-01,"Germany","Education",207
2007-06-01,"Germany","Education",436
2007-07-01,"Germany","Education",2220
2007-08-01,"Germany","Education",587
2007-09-01,"Germany","Education",614
2007-10-01,"Germany","Education",384
2007-11-01,"Germany","Education",239
2007-12-01,"Germany","Education",289
2008-01-01,"Germany","Education",1047
2008-02-01,"Germany","Education",1630
2008-03-01,"Germany","Education",585
2008-04-01,"Germany","Education",394
2008-05-01,"Germany","Education",238
2008-06-01,"Germany","Education",430
2008-07-01,"Germany","Education",2238
2008-08-01,"Germany","Education",702
2008-09-01,"Germany","Education",627
2008-10-01,"Germany","Education",463
2008-11-01,"Germany","Education",244
2008-12-01,"Germany","Education",398
2009-01-01,"Germany","Education",997
2009-02-01,"Germany","Education",1602
2009-03-01,"Germany","Education",477
2009-04-01,"Germany","Education",500
2009-05-01,"Germany","Education",178
2009-06-01,"Germany","Education",364
2009-07-01,"Germany","Education",2531
2009-08-01,"Germany","Education",626
2009-09-01,"Germany","Education",624
2009-10-01,"Germany","Education",578
2009-11-01,"Germany","Education",322
2009-12-01,"Germany","Education",343
2010-01-01,"Germany","Education",1064
2010-02-01,"Germany","Education",1961
2010-03-01,"Germany","Education",616
2010-04-01,"Germany","Education",332
2010-05-01,"Germany","Education",206
2010-06-01,"Germany","Education",368
2010-07-01,"Germany","Education",2574
2010-08-01,"Germany","Education",414
2010-09-01,"Germany","Education",615
2010-10-01,"Germany","Education",564
2010-11-01,"Germany","Education",165
2010-12-01,"Germany","Education",261
2011-01-01,"Germany","Education",868
2011-02-01,"Germany","Education",1687
2011-03-01,"Germany","Education",485
2011-04-01,"Germany","Education",239
2011-05-01,"Germany","Education",267
2011-06-01,"Germany","Education",368
2011-07-01,"Germany","Education",1933
2011-08-01,"Germany","Education",368
2011-09-01,"Germany","Education",541
2011-10-01,"Germany","Education",424
2011-11-01,"Germany","Education",193
2011-12-01,"Germany","Education",287
2012-01-01,"Germany","Education",726
2012-02-01,"Germany","Education",1607
2012-03-01,"Germany","Education",462
2012-04-01,"Germany","Education",310
2012-05-01,"Germany","Education",175
2012-06-01,"Germany","Education",354
2012-07-01,"Germany","Education",1723
2012-08-01,"Germany","Education",548
2012-09-01,"Germany","Education",636
2012-10-01,"Germany","Education",418
2012-11-01,"Germany","Education",287
2012-12-01,"Germany","Education",326
2013-01-01,"Germany","Education",950
2013-02-01,"Germany","Education",1439
2013-03-01,"Germany","Education",353
2013-04-01,"Germany","Education",348
2013-05-01,"Germany","Education",246
2013-06-01,"Germany","Education",364
2013-07-01,"Germany","Education",1859
2013-08-01,"Germany","Education",499
2013-09-01,"Germany","Education",467
2013-10-01,"Germany","Education",446
2013-11-01,"Germany","Education",281
2013-12-01,"Germany","Education",245
2014-01-01,"Germany","Education",769
2014-02-01,"Germany","Education",1241
2014-03-01,"Germany","Education",313
2014-04-01,"Germany","Education",342
2014-05-01,"Germany","Education",165
2014-06-01,"Germany","Education",298
2014-07-01,"Germany","Education",1752
2014-08-01,"Germany","Education",486
2014-09-01,"Germany","Education",478
2014-10-01,"Germany","Education",657
2014-11-01,"Germany","Education",375
2014-12-01,"Germany","Education",360
2015-01-01,"Germany","Education",878
2015-02-01,"Germany","Education",1101
2015-03-01,"Germany","Education",334
2015-04-01,"Germany","Education",421
2015-05-01,"Germany","Education",254
2015-06-01,"Germany","Education",394
2015-07-01,"Germany","Education",2188
2015-08-01,"Germany","Education",412
2015-09-01,"Germany","Education",623
2015-10-01,"Germany","Education",632
2015-11-01,"Germany","Education",482
2015-12-01,"Germany","Education",592
2016-01-01,"Germany","Education",745
2016-02-01,"Germany","Education",1375
2016-03-01,"Germany","Education",493
2016-04-01,"Germany","Education",327
2016-05-01,"Germany","Education",199
2016-06-01,"Germany","Education",348
2016-07-01,"Germany","Education",2014
2016-08-01,"Germany","Education",391
2016-09-01,"Germany","Education",561
2016-10-01,"Germany","Education",1043
2016-11-01,"Germany","Education",343
2016-12-01,"Germany","Education",522
2017-01-01,"Germany","Education",954
2017-02-01,"Germany","Education",1668
2017-03-01,"Germany","Education",606
2017-04-01,"Germany","Education",418
2017-05-01,"Germany","Education",192
2017-06-01,"Germany","Education",376
2017-07-01,"Germany","Education",1591
2017-08-01,"Germany","Education",402
2017-09-01,"Germany","Education",750
2017-10-01,"Germany","Education",647
2017-11-01,"Germany","Education",242
2017-12-01,"Germany","Education",376
2018-01-01,"Germany","Education",979
2018-02-01,"Germany","Education",978
2018-03-01,"Germany","Education",384
2018-04-01,"Germany","Education",244
2018-05-01,"Germany","Education",202
2018-06-01,"Germany","Education",371
2018-07-01,"Germany","Education",1587
2018-08-01,"Germany","Education",422
2018-09-01,"Germany","Education",590
2018-10-01,"Germany","Education",588
2018-11-01,"Germany","Education",232
2018-12-01,"Germany","Education",298
2019-01-01,"Germany","Education",831
2019-02-01,"Germany","Education",985
2019-03-01,"Germany","Education",402
2019-04-01,"Germany","Education",286
2019-05-01,"Germany","Education",202
2019-06-01,"Germany","Education",268
2019-07-01,"Germany","Education",1381
2019-08-01,"Germany","Education",460
2019-09-01,"Germany","Education",456
2019-10-01,"Germany","Education",543
2019-11-01,"Germany","Education",200
2019-12-01,"Germany","Education",252
2020-01-01,"Germany","Education",724
2020-02-01,"Germany","Education",900
2005-01-01,"Germany","Employment",246
2005-02-01,"Germany","Employment",175
2005-03-01,"Germany","Employment",139
2005-04-01,"Germany","Employment",142
2005-05-01,"Germany","Employment",135
2005-06-01,"Germany","Employment",144
2005-07-01,"Germany","Employment",276
2005-08-01,"Germany","Employment",243
2005-09-01,"Germany","Employment",375
2005-10-01,"Germany","Employment",437
2005-11-01,"Germany","Employment",356
2005-12-01,"Germany","Employment",359
2006-01-01,"Germany","Employment",525
2006-02-01,"Germany","Employment",455
2006-03-01,"Germany","Employment",446
2006-04-01,"Germany","Employment",363
2006-05-01,"Germany","Employment",197
2006-06-01,"Germany","Employment",304
2006-07-01,"Germany","Employment",340
2006-08-01,"Germany","Employment",498
2006-09-01,"Germany","Employment",596
2006-10-01,"Germany","Employment",492
2006-11-01,"Germany","Employment",471
2006-12-01,"Germany","Employment",411
2007-01-01,"Germany","Employment",520
2007-02-01,"Germany","Employment",649
2007-03-01,"Germany","Employment",462
2007-04-01,"Germany","Employment",308
2007-05-01,"Germany","Employment",254
2007-06-01,"Germany","Employment",325
2007-07-01,"Germany","Employment",381
2007-08-01,"Germany","Employment",416
2007-09-01,"Germany","Employment",547
2007-10-01,"Germany","Employment",452
2007-11-01,"Germany","Employment",588
2007-12-01,"Germany","Employment",411
2008-01-01,"Germany","Employment",532
2008-02-01,"Germany","Employment",452
2008-03-01,"Germany","Employment",596
2008-04-01,"Germany","Employment",450
2008-05-01,"Germany","Employment",247
2008-06-01,"Germany","Employment",338
2008-07-01,"Germany","Employment",633
2008-08-01,"Germany","Employment",569
2008-09-01,"Germany","Employment",546
2008-10-01,"Germany","Employment",615
2008-11-01,"Germany","Employment",542
2008-12-01,"Germany","Employment",513
2009-01-01,"Germany","Employment",474
2009-02-01,"Germany","Employment",374
2009-03-01,"Germany","Employment",374
2009-04-01,"Germany","Employment",317
2009-05-01,"Germany","Employment",213
2009-06-01,"Germany","Employment",327
2009-07-01,"Germany","Employment",448
2009-08-01,"Germany","Employment",440
2009-09-01,"Germany","Employment",557
2009-10-01,"Germany","Employment",510
2009-11-01,"Germany","Employment",346
2009-12-01,"Germany","Employment",452
2010-01-01,"Germany","Employment",575
2010-02-01,"Germany","Employment",528
2010-03-01,"Germany","Employment",493
2010-04-01,"Germany","Employment",428
2010-05-01,"Germany","Employment",202
2010-06-01,"Germany","Employment",236
2010-07-01,"Germany","Employment",455
2010-08-01,"Germany","Employment",509
2010-09-01,"Germany","Employment",601
2010-10-01,"Germany","Employment",487
2010-11-01,"Germany","Employment",330
2010-12-01,"Germany","Employment",413
2011-01-01,"Germany","Employment",547
2011-02-01,"Germany","Employment",456
2011-03-01,"Germany","Employment",450
2011-04-01,"Germany","Employment",294
2011-05-01,"Germany","Employment",204
2011-06-01,"Germany","Employment",230
2011-07-01,"Germany","Employment",415
2011-08-01,"Germany","Employment",391
2011-09-01,"Germany","Employment",606
2011-10-01,"Germany","Employment",501
2011-11-01,"Germany","Employment",386
2011-12-01,"Germany","Employment",485
2012-01-01,"Germany","Employment",562
2012-02-01,"Germany","Employment",491
2012-03-01,"Germany","Employment",331
2012-04-01,"Germany","Employment",260
2012-05-01,"Germany","Employment",244
2012-06-01,"Germany","Employment",237
2012-07-01,"Germany","Employment",429
2012-08-01,"Germany","Employment",508
2012-09-01,"Germany","Employment",535
2012-10-01,"Germany","Employment",470
2012-11-01,"Germany","Employment",267
2012-12-01,"Germany","Employment",295
2013-01-01,"Germany","Employment",570
2013-02-01,"Germany","Employment",354
2013-03-01,"Germany","Employment",438
2013-04-01,"Germany","Employment",370
2013-05-01,"Germany","Employment",221
2013-06-01,"Germany","Employment",245
2013-07-01,"Germany","Employment",397
2013-08-01,"Germany","Employment",611
2013-09-01,"Germany","Employment",555
2013-10-01,"Germany","Employment",648
2013-11-01,"Germany","Employment",370
2013-12-01,"Germany","Employment",353
2014-01-01,"Germany","Employment",584
2014-02-01,"Germany","Employment",419
2014-03-01,"Germany","Employment",295
2014-04-01,"Germany","Employment",293
2014-05-01,"Germany","Employment",200
2014-06-01,"Germany","Employment",193
2014-07-01,"Germany","Employment",488
2014-08-01,"Germany","Employment",465
2014-09-01,"Germany","Employment",615
2014-10-01,"Germany","Employment",957
2014-11-01,"Germany","Employment",852
2014-12-01,"Germany","Employment",1021
2015-01-01,"Germany","Employment",902
2015-02-01,"Germany","Employment",760
2015-03-01,"Germany","Employment",556
2015-04-01,"Germany","Employment",587
2015-05-01,"Germany","Employment",444
2015-06-01,"Germany","Employment",349
2015-07-01,"Germany","Employment",701
2015-08-01,"Germany","Employment",889
2015-09-01,"Germany","Employment",610
2015-10-01,"Germany","Employment",634
2015-11-01,"Germany","Employment",610
2015-12-01,"Germany","Employment",664
2016-01-01,"Germany","Employment",665
2016-02-01,"Germany","Employment",419
2016-03-01,"Germany","Employment",383
2016-04-01,"Germany","Employment",319
2016-05-01,"Germany","Employment",209
2016-06-01,"Germany","Employment",343
2016-07-01,"Germany","Employment",567
2016-08-01,"Germany","Employment",555
2016-09-01,"Germany","Employment",721
2016-10-01,"Germany","Employment",1032
2016-11-01,"Germany","Employment",476
2016-12-01,"Germany","Employment",682
2017-01-01,"Germany","Employment",866
2017-02-01,"Germany","Employment",670
2017-03-01,"Germany","Employment",426
2017-04-01,"Germany","Employment",306
2017-05-01,"Germany","Employment",275
2017-06-01,"Germany","Employment",346
2017-07-01,"Germany","Employment",403
2017-08-01,"Germany","Employment",545
2017-09-01,"Germany","Employment",529
2017-10-01,"Germany","Employment",447
2017-11-01,"Germany","Employment",427
2017-12-01,"Germany","Employment",285
2018-01-01,"Germany","Employment",475
2018-02-01,"Germany","Employment",350
2018-03-01,"Germany","Employment",322
2018-04-01,"Germany","Employment",189
2018-05-01,"Germany","Employment",202
2018-06-01,"Germany","Employment",137
2018-07-01,"Germany","Employment",346
2018-08-01,"Germany","Employment",350
2018-09-01,"Germany","Employment",469
2018-10-01,"Germany","Employment",425
2018-11-01,"Germany","Employment",282
2018-12-01,"Germany","Employment",242
2019-01-01,"Germany","Employment",403
2019-02-01,"Germany","Employment",279
2019-03-01,"Germany","Employment",264
2019-04-01,"Germany","Employment",174
2019-05-01,"Germany","Employment",159
2019-06-01,"Germany","Employment",211
2019-07-01,"Germany","Employment",294
2019-08-01,"Germany","Employment",487
2019-09-01,"Germany","Employment",478
2019-10-01,"Germany","Employment",525
2019-11-01,"Germany","Employment",239
2019-12-01,"Germany","Employment",212
2020-01-01,"Germany","Employment",435
2020-02-01,"Germany","Employment",282
2005-01-01,"Germany","Holiday",7769
2005-02-01,"Germany","Holiday",9474
2005-03-01,"Germany","Holiday",9267
2005-04-01,"Germany","Holiday",5600
2005-05-01,"Germany","Holiday",3830
2005-06-01,"Germany","Holiday",3447
2005-07-01,"Germany","Holiday",7273
2005-08-01,"Germany","Holiday",7302
2005-09-01,"Germany","Holiday",7273
2005-10-01,"Germany","Holiday",10828
2005-11-01,"Germany","Holiday",9098
2005-12-01,"Germany","Holiday",9845
2006-01-01,"Germany","Holiday",8388
2006-02-01,"Germany","Holiday",9344
2006-03-01,"Germany","Holiday",8810
2006-04-01,"Germany","Holiday",7084
2006-05-01,"Germany","Holiday",3796
2006-06-01,"Germany","Holiday",3288
2006-07-01,"Germany","Holiday",5675
2006-08-01,"Germany","Holiday",6974
2006-09-01,"Germany","Holiday",7015
2006-10-01,"Germany","Holiday",9969
2006-11-01,"Germany","Holiday",9176
2006-12-01,"Germany","Holiday",10185
2007-01-01,"Germany","Holiday",7829
2007-02-01,"Germany","Holiday",9624
2007-03-01,"Germany","Holiday",9029
2007-04-01,"Germany","Holiday",5780
2007-05-01,"Germany","Holiday",4013
2007-06-01,"Germany","Holiday",3704
2007-07-01,"Germany","Holiday",6793
2007-08-01,"Germany","Holiday",6637
2007-09-01,"Germany","Holiday",7150
2007-10-01,"Germany","Holiday",9352
2007-11-01,"Germany","Holiday",8879
2007-12-01,"Germany","Holiday",11300
2008-01-01,"Germany","Holiday",8163
2008-02-01,"Germany","Holiday",9483
2008-03-01,"Germany","Holiday",9809
2008-04-01,"Germany","Holiday",6008
2008-05-01,"Germany","Holiday",3734
2008-06-01,"Germany","Holiday",4112
2008-07-01,"Germany","Holiday",7790
2008-08-01,"Germany","Holiday",6216
2008-09-01,"Germany","Holiday",7073
2008-10-01,"Germany","Holiday",9487
2008-11-01,"Germany","Holiday",8825
2008-12-01,"Germany","Holiday",11784
2009-01-01,"Germany","Holiday",7530
2009-02-01,"Germany","Holiday",10475
2009-03-01,"Germany","Holiday",8872
2009-04-01,"Germany","Holiday",6664
2009-05-01,"Germany","Holiday",4134
2009-06-01,"Germany","Holiday",3693
2009-07-01,"Germany","Holiday",6975
2009-08-01,"Germany","Holiday",7257
2009-09-01,"Germany","Holiday",7647
2009-10-01,"Germany","Holiday",10164
2009-11-01,"Germany","Holiday",9316
2009-12-01,"Germany","Holiday",12982
2010-01-01,"Germany","Holiday",8313
2010-02-01,"Germany","Holiday",10196
2010-03-01,"Germany","Holiday",10379
2010-04-01,"Germany","Holiday",5535
2010-05-01,"Germany","Holiday",3940
2010-06-01,"Germany","Holiday",3400
2010-07-01,"Germany","Holiday",6656
2010-08-01,"Germany","Holiday",6894
2010-09-01,"Germany","Holiday",7887
2010-10-01,"Germany","Holiday",9921
2010-11-01,"Germany","Holiday",8995
2010-12-01,"Germany","Holiday",11693
2011-01-01,"Germany","Holiday",8469
2011-02-01,"Germany","Holiday",10538
2011-03-01,"Germany","Holiday",9165
2011-04-01,"Germany","Holiday",5967
2011-05-01,"Germany","Holiday",3826
2011-06-01,"Germany","Holiday",3761
2011-07-01,"Germany","Holiday",5662
2011-08-01,"Germany","Holiday",6394
2011-09-01,"Germany","Holiday",7093
2011-10-01,"Germany","Holiday",9464
2011-11-01,"Germany","Holiday",7996
2011-12-01,"Germany","Holiday",10753
2012-01-01,"Germany","Holiday",7664
2012-02-01,"Germany","Holiday",10137
2012-03-01,"Germany","Holiday",8194
2012-04-01,"Germany","Holiday",5657
2012-05-01,"Germany","Holiday",3356
2012-06-01,"Germany","Holiday",3103
2012-07-01,"Germany","Holiday",5751
2012-08-01,"Germany","Holiday",6187
2012-09-01,"Germany","Holiday",7138
2012-10-01,"Germany","Holiday",9827
2012-11-01,"Germany","Holiday",9369
2012-12-01,"Germany","Holiday",12041
2013-01-01,"Germany","Holiday",7751
2013-02-01,"Germany","Holiday",11069
2013-03-01,"Germany","Holiday",9417
2013-04-01,"Germany","Holiday",5972
2013-05-01,"Germany","Holiday",3750
2013-06-01,"Germany","Holiday",3838
2013-07-01,"Germany","Holiday",6058
2013-08-01,"Germany","Holiday",6642
2013-09-01,"Germany","Holiday",7815
2013-10-01,"Germany","Holiday",9652
2013-11-01,"Germany","Holiday",9549
2013-12-01,"Germany","Holiday",13455
2014-01-01,"Germany","Holiday",8435
2014-02-01,"Germany","Holiday",13264
2014-03-01,"Germany","Holiday",10227
2014-04-01,"Germany","Holiday",6911
2014-05-01,"Germany","Holiday",4800
2014-06-01,"Germany","Holiday",3314
2014-07-01,"Germany","Holiday",6835
2014-08-01,"Germany","Holiday",8289
2014-09-01,"Germany","Holiday",8098
2014-10-01,"Germany","Holiday",10476
2014-11-01,"Germany","Holiday",9729
2014-12-01,"Germany","Holiday",13371
2015-01-01,"Germany","Holiday",8804
2015-02-01,"Germany","Holiday",10702
2015-03-01,"Germany","Holiday",11032
2015-04-01,"Germany","Holiday",6537
2015-05-01,"Germany","Holiday",4708
2015-06-01,"Germany","Holiday",3618
2015-07-01,"Germany","Holiday",6082
2015-08-01,"Germany","Holiday",6961
2015-09-01,"Germany","Holiday",7836
2015-10-01,"Germany","Holiday",11639
2015-11-01,"Germany","Holiday",10510
2015-12-01,"Germany","Holiday",14186
2016-01-01,"Germany","Holiday",10544
2016-02-01,"Germany","Holiday",13564
2016-03-01,"Germany","Holiday",12705
2016-04-01,"Germany","Holiday",7426
2016-05-01,"Germany","Holiday",5392
2016-06-01,"Germany","Holiday",4143
2016-07-01,"Germany","Holiday",7184
2016-08-01,"Germany","Holiday",8796
2016-09-01,"Germany","Holiday",8759
2016-10-01,"Germany","Holiday",13113
2016-11-01,"Germany","Holiday",11942
2016-12-01,"Germany","Holiday",16400
2017-01-01,"Germany","Holiday",12640
2017-02-01,"Germany","Holiday",14345
2017-03-01,"Germany","Holiday",13544
2017-04-01,"Germany","Holiday",9728
2017-05-01,"Germany","Holiday",5365
2017-06-01,"Germany","Holiday",4080
2017-07-01,"Germany","Holiday",7464
2017-08-01,"Germany","Holiday",7854
2017-09-01,"Germany","Holiday",8975
2017-10-01,"Germany","Holiday",13531
2017-11-01,"Germany","Holiday",11837
2017-12-01,"Germany","Holiday",17003
2018-01-01,"Germany","Holiday",11849
2018-02-01,"Germany","Holiday",16095
2018-03-01,"Germany","Holiday",14878
2018-04-01,"Germany","Holiday",8254
2018-05-01,"Germany","Holiday",5520
2018-06-01,"Germany","Holiday",4459
2018-07-01,"Germany","Holiday",8331
2018-08-01,"Germany","Holiday",7673
2018-09-01,"Germany","Holiday",9127
2018-10-01,"Germany","Holiday",12039
2018-11-01,"Germany","Holiday",11883
2018-12-01,"Germany","Holiday",19100
2019-01-01,"Germany","Holiday",11836
2019-02-01,"Germany","Holiday",18405
2019-03-01,"Germany","Holiday",14267
2019-04-01,"Germany","Holiday",8397
2019-05-01,"Germany","Holiday",5391
2019-06-01,"Germany","Holiday",4468
2019-07-01,"Germany","Holiday",7891
2019-08-01,"Germany","Holiday",7654
2019-09-01,"Germany","Holiday",8545
2019-10-01,"Germany","Holiday",12201
2019-11-01,"Germany","Holiday",12060
2019-12-01,"Germany","Holiday",19105
2020-01-01,"Germany","Holiday",11812
2020-02-01,"Germany","Holiday",14390
2005-01-01,"Germany","Other",339
2005-02-01,"Germany","Other",535
2005-03-01,"Germany","Other",321
2005-04-01,"Germany","Other",247
2005-05-01,"Germany","Other",285
2005-06-01,"Germany","Other",231
2005-07-01,"Germany","Other",322
2005-08-01,"Germany","Other",368
2005-09-01,"Germany","Other",605
2005-10-01,"Germany","Other",419
2005-11-01,"Germany","Other",409
2005-12-01,"Germany","Other",309
2006-01-01,"Germany","Other",554
2006-02-01,"Germany","Other",396
2006-03-01,"Germany","Other",525
2006-04-01,"Germany","Other",262
2006-05-01,"Germany","Other",345
2006-06-01,"Germany","Other",279
2006-07-01,"Germany","Other",431
2006-08-01,"Germany","Other",566
2006-09-01,"Germany","Other",546
2006-10-01,"Germany","Other",507
2006-11-01,"Germany","Other",415
2006-12-01,"Germany","Other",222
2007-01-01,"Germany","Other",529
2007-02-01,"Germany","Other",502
2007-03-01,"Germany","Other",591
2007-04-01,"Germany","Other",287
2007-05-01,"Germany","Other",340
2007-06-01,"Germany","Other",378
2007-07-01,"Germany","Other",537
2007-08-01,"Germany","Other",717
2007-09-01,"Germany","Other",709
2007-10-01,"Germany","Other",679
2007-11-01,"Germany","Other",432
2007-12-01,"Germany","Other",355
2008-01-01,"Germany","Other",608
2008-02-01,"Germany","Other",556
2008-03-01,"Germany","Other",507
2008-04-01,"Germany","Other",384
2008-05-01,"Germany","Other",261
2008-06-01,"Germany","Other",439
2008-07-01,"Germany","Other",2311
2008-08-01,"Germany","Other",798
2008-09-01,"Germany","Other",826
2008-10-01,"Germany","Other",682
2008-11-01,"Germany","Other",532
2008-12-01,"Germany","Other",378
2009-01-01,"Germany","Other",639
2009-02-01,"Germany","Other",621
2009-03-01,"Germany","Other",711
2009-04-01,"Germany","Other",422
2009-05-01,"Germany","Other",332
2009-06-01,"Germany","Other",421
2009-07-01,"Germany","Other",668
2009-08-01,"Germany","Other",683
2009-09-01,"Germany","Other",1060
2009-10-01,"Germany","Other",1008
2009-11-01,"Germany","Other",696
2009-12-01,"Germany","Other",533
2010-01-01,"Germany","Other",662
2010-02-01,"Germany","Other",759
2010-03-01,"Germany","Other",598
2010-04-01,"Germany","Other",487
2010-05-01,"Germany","Other",297
2010-06-01,"Germany","Other",271
2010-07-01,"Germany","Other",673
2010-08-01,"Germany","Other",733
2010-09-01,"Germany","Other",1013
2010-10-01,"Germany","Other",812
2010-11-01,"Germany","Other",691
2010-12-01,"Germany","Other",452
2011-01-01,"Germany","Other",801
2011-02-01,"Germany","Other",700
2011-03-01,"Germany","Other",673
2011-04-01,"Germany","Other",519
2011-05-01,"Germany","Other",413
2011-06-01,"Germany","Other",436
2011-07-01,"Germany","Other",744
2011-08-01,"Germany","Other",1004
2011-09-01,"Germany","Other",1131
2011-10-01,"Germany","Other",951
2011-11-01,"Germany","Other",644
2011-12-01,"Germany","Other",466
2012-01-01,"Germany","Other",685
2012-02-01,"Germany","Other",588
2012-03-01,"Germany","Other",597
2012-04-01,"Germany","Other",483
2012-05-01,"Germany","Other",320
2012-06-01,"Germany","Other",366
2012-07-01,"Germany","Other",763
2012-08-01,"Germany","Other",920
2012-09-01,"Germany","Other",1256
2012-10-01,"Germany","Other",1080
2012-11-01,"Germany","Other",949
2012-12-01,"Germany","Other",570
2013-01-01,"Germany","Other",924
2013-02-01,"Germany","Other",793
2013-03-01,"Germany","Other",560
2013-04-01,"Germany","Other",568
2013-05-01,"Germany","Other",357
2013-06-01,"Germany","Other",458
2013-07-01,"Germany","Other",813
2013-08-01,"Germany","Other",1019
2013-09-01,"Germany","Other",1340
2013-10-01,"Germany","Other",1335
2013-11-01,"Germany","Other",697
2013-12-01,"Germany","Other",574
2014-01-01,"Germany","Other",895
2014-02-01,"Germany","Other",761
2014-03-01,"Germany","Other",786
2014-04-01,"Germany","Other",620
2014-05-01,"Germany","Other",463
2014-06-01,"Germany","Other",417
2014-07-01,"Germany","Other",810
2014-08-01,"Germany","Other",949
2014-09-01,"Germany","Other",1237
2014-10-01,"Germany","Other",1397
2014-11-01,"Germany","Other",716
2014-12-01,"Germany","Other",687
2015-01-01,"Germany","Other",933
2015-02-01,"Germany","Other",724
2015-03-01,"Germany","Other",826
2015-04-01,"Germany","Other",438
2015-05-01,"Germany","Other",397
2015-06-01,"Germany","Other",382
2015-07-01,"Germany","Other",868
2015-08-01,"Germany","Other",944
2015-09-01,"Germany","Other",1162
2015-10-01,"Germany","Other",1231
2015-11-01,"Germany","Other",889
2015-12-01,"Germany","Other",633
2016-01-01,"Germany","Other",892
2016-02-01,"Germany","Other",726
2016-03-01,"Germany","Other",703
2016-04-01,"Germany","Other",679
2016-05-01,"Germany","Other",495
2016-06-01,"Germany","Other",399
2016-07-01,"Germany","Other",763
2016-08-01,"Germany","Other",794
2016-09-01,"Germany","Other",1399
2016-10-01,"Germany","Other",1369
2016-11-01,"Germany","Other",895
2016-12-01,"Germany","Other",659
2017-01-01,"Germany","Other",761
2017-02-01,"Germany","Other",792
2017-03-01,"Germany","Other",777
2017-04-01,"Germany","Other",523
2017-05-01,"Germany","Other",380
2017-06-01,"Germany","Other",338
2017-07-01,"Germany","Other",714
2017-08-01,"Germany","Other",844
2017-09-01,"Germany","Other",1102
2017-10-01,"Germany","Other",1252
2017-11-01,"Germany","Other",749
2017-12-01,"Germany","Other",617
2018-01-01,"Germany","Other",734
2018-02-01,"Germany","Other",650
2018-03-01,"Germany","Other",647
2018-04-01,"Germany","Other",530
2018-05-01,"Germany","Other",441
2018-06-01,"Germany","Other",330
2018-07-01,"Germany","Other",620
2018-08-01,"Germany","Other",710
2018-09-01,"Germany","Other",1068
2018-10-01,"Germany","Other",1066
2018-11-01,"Germany","Other",853
2018-12-01,"Germany","Other",719
2019-01-01,"Germany","Other",783
2019-02-01,"Germany","Other",579
2019-03-01,"Germany","Other",559
2019-04-01,"Germany","Other",326
2019-05-01,"Germany","Other",338
2019-06-01,"Germany","Other",235
2019-07-01,"Germany","Other",646
2019-08-01,"Germany","Other",848
2019-09-01,"Germany","Other",937
2019-10-01,"Germany","Other",1190
2019-11-01,"Germany","Other",702
2019-12-01,"Germany","Other",470
2020-01-01,"Germany","Other",726
2020-02-01,"Germany","Other",560
2005-01-01,"Germany","Visiting Friends or Relatives",2094
2005-02-01,"Germany","Visiting Friends or Relatives",2731
2005-03-01,"Germany","Visiting Friends or Relatives",3384
2005-04-01,"Germany","Visiting Friends or Relatives",1701
2005-05-01,"Germany","Visiting Friends or Relatives",1135
2005-06-01,"Germany","Visiting Friends or Relatives",1143
2005-07-01,"Germany","Visiting Friends or Relatives",2293
2005-08-01,"Germany","Visiting Friends or Relatives",1761
2005-09-01,"Germany","Visiting Friends or Relatives",1899
2005-10-01,"Germany","Visiting Friends or Relatives",2040
2005-11-01,"Germany","Visiting Friends or Relatives",2278
2005-12-01,"Germany","Visiting Friends or Relatives",4257
2006-01-01,"Germany","Visiting Friends or Relatives",2209
2006-02-01,"Germany","Visiting Friends or Relatives",2658
2006-03-01,"Germany","Visiting Friends or Relatives",2481
2006-04-01,"Germany","Visiting Friends or Relatives",2212
2006-05-01,"Germany","Visiting Friends or Relatives",887
2006-06-01,"Germany","Visiting Friends or Relatives",1343
2006-07-01,"Germany","Visiting Friends or Relatives",2137
2006-08-01,"Germany","Visiting Friends or Relatives",1705
2006-09-01,"Germany","Visiting Friends or Relatives",1901
2006-10-01,"Germany","Visiting Friends or Relatives",2320
2006-11-01,"Germany","Visiting Friends or Relatives",2077
2006-12-01,"Germany","Visiting Friends or Relatives",4616
2007-01-01,"Germany","Visiting Friends or Relatives",2432
2007-02-01,"Germany","Visiting Friends or Relatives",2660
2007-03-01,"Germany","Visiting Friends or Relatives",3104
2007-04-01,"Germany","Visiting Friends or Relatives",1808
2007-05-01,"Germany","Visiting Friends or Relatives",1063
2007-06-01,"Germany","Visiting Friends or Relatives",1224
2007-07-01,"Germany","Visiting Friends or Relatives",2187
2007-08-01,"Germany","Visiting Friends or Relatives",2152
2007-09-01,"Germany","Visiting Friends or Relatives",2043
2007-10-01,"Germany","Visiting Friends or Relatives",2589
2007-11-01,"Germany","Visiting Friends or Relatives",2483
2007-12-01,"Germany","Visiting Friends or Relatives",4479
2008-01-01,"Germany","Visiting Friends or Relatives",2701
2008-02-01,"Germany","Visiting Friends or Relatives",2825
2008-03-01,"Germany","Visiting Friends or Relatives",3633
2008-04-01,"Germany","Visiting Friends or Relatives",1776
2008-05-01,"Germany","Visiting Friends or Relatives",1207
2008-06-01,"Germany","Visiting Friends or Relatives",1439
2008-07-01,"Germany","Visiting Friends or Relatives",1961
2008-08-01,"Germany","Visiting Friends or Relatives",2224
2008-09-01,"Germany","Visiting Friends or Relatives",2203
2008-10-01,"Germany","Visiting Friends or Relatives",2340
2008-11-01,"Germany","Visiting Friends or Relatives",2359
2008-12-01,"Germany","Visiting Friends or Relatives",5296
2009-01-01,"Germany","Visiting Friends or Relatives",2429
2009-02-01,"Germany","Visiting Friends or Relatives",3330
2009-03-01,"Germany","Visiting Friends or Relatives",3109
2009-04-01,"Germany","Visiting Friends or Relatives",2256
2009-05-01,"Germany","Visiting Friends or Relatives",1382
2009-06-01,"Germany","Visiting Friends or Relatives",1310
2009-07-01,"Germany","Visiting Friends or Relatives",2440
2009-08-01,"Germany","Visiting Friends or Relatives",2379
2009-09-01,"Germany","Visiting Friends or Relatives",2036
2009-10-01,"Germany","Visiting Friends or Relatives",2595
2009-11-01,"Germany","Visiting Friends or Relatives",3064
2009-12-01,"Germany","Visiting Friends or Relatives",5860
2010-01-01,"Germany","Visiting Friends or Relatives",2966
2010-02-01,"Germany","Visiting Friends or Relatives",2677
2010-03-01,"Germany","Visiting Friends or Relatives",3600
2010-04-01,"Germany","Visiting Friends or Relatives",1765
2010-05-01,"Germany","Visiting Friends or Relatives",1397
2010-06-01,"Germany","Visiting Friends or Relatives",1367
2010-07-01,"Germany","Visiting Friends or Relatives",2332
2010-08-01,"Germany","Visiting Friends or Relatives",2164
2010-09-01,"Germany","Visiting Friends or Relatives",1953
2010-10-01,"Germany","Visiting Friends or Relatives",2770
2010-11-01,"Germany","Visiting Friends or Relatives",3136
2010-12-01,"Germany","Visiting Friends or Relatives",5965
2011-01-01,"Germany","Visiting Friends or Relatives",2960
2011-02-01,"Germany","Visiting Friends or Relatives",3311
2011-03-01,"Germany","Visiting Friends or Relatives",3006
2011-04-01,"Germany","Visiting Friends or Relatives",2418
2011-05-01,"Germany","Visiting Friends or Relatives",1152
2011-06-01,"Germany","Visiting Friends or Relatives",1168
2011-07-01,"Germany","Visiting Friends or Relatives",2240
2011-08-01,"Germany","Visiting Friends or Relatives",2015
2011-09-01,"Germany","Visiting Friends or Relatives",1921
2011-10-01,"Germany","Visiting Friends or Relatives",2713
2011-11-01,"Germany","Visiting Friends or Relatives",2792
2011-12-01,"Germany","Visiting Friends or Relatives",5863
2012-01-01,"Germany","Visiting Friends or Relatives",2811
2012-02-01,"Germany","Visiting Friends or Relatives",3903
2012-03-01,"Germany","Visiting Friends or Relatives",4068
2012-04-01,"Germany","Visiting Friends or Relatives",1962
2012-05-01,"Germany","Visiting Friends or Relatives",1282
2012-06-01,"Germany","Visiting Friends or Relatives",1297
2012-07-01,"Germany","Visiting Friends or Relatives",2299
2012-08-01,"Germany","Visiting Friends or Relatives",2081
2012-09-01,"Germany","Visiting Friends or Relatives",2067
2012-10-01,"Germany","Visiting Friends or Relatives",2856
2012-11-01,"Germany","Visiting Friends or Relatives",2800
2012-12-01,"Germany","Visiting Friends or Relatives",5885
2013-01-01,"Germany","Visiting Friends or Relatives",2786
2013-02-01,"Germany","Visiting Friends or Relatives",3701
2013-03-01,"Germany","Visiting Friends or Relatives",4112
2013-04-01,"Germany","Visiting Friends or Relatives",1968
2013-05-01,"Germany","Visiting Friends or Relatives",1226
2013-06-01,"Germany","Visiting Friends or Relatives",1274
2013-07-01,"Germany","Visiting Friends or Relatives",2352
2013-08-01,"Germany","Visiting Friends or Relatives",2402
2013-09-01,"Germany","Visiting Friends or Relatives",2491
2013-10-01,"Germany","Visiting Friends or Relatives",2895
2013-11-01,"Germany","Visiting Friends or Relatives",3216
2013-12-01,"Germany","Visiting Friends or Relatives",7347
2014-01-01,"Germany","Visiting Friends or Relatives",3970
2014-02-01,"Germany","Visiting Friends or Relatives",4244
2014-03-01,"Germany","Visiting Friends or Relatives",3769
2014-04-01,"Germany","Visiting Friends or Relatives",3386
2014-05-01,"Germany","Visiting Friends or Relatives",1465
2014-06-01,"Germany","Visiting Friends or Relatives",1140
2014-07-01,"Germany","Visiting Friends or Relatives",2539
2014-08-01,"Germany","Visiting Friends or Relatives",2652
2014-09-01,"Germany","Visiting Friends or Relatives",2583
2014-10-01,"Germany","Visiting Friends or Relatives",3068
2014-11-01,"Germany","Visiting Friends or Relatives",3087
2014-12-01,"Germany","Visiting Friends or Relatives",7857
2015-01-01,"Germany","Visiting Friends or Relatives",4122
2015-02-01,"Germany","Visiting Friends or Relatives",4623
2015-03-01,"Germany","Visiting Friends or Relatives",5075
2015-04-01,"Germany","Visiting Friends or Relatives",2399
2015-05-01,"Germany","Visiting Friends or Relatives",1654
2015-06-01,"Germany","Visiting Friends or Relatives",1500
2015-07-01,"Germany","Visiting Friends or Relatives",2416
2015-08-01,"Germany","Visiting Friends or Relatives",3176
2015-09-01,"Germany","Visiting Friends or Relatives",2907
2015-10-01,"Germany","Visiting Friends or Relatives",3077
2015-11-01,"Germany","Visiting Friends or Relatives",2989
2015-12-01,"Germany","Visiting Friends or Relatives",6864
2016-01-01,"Germany","Visiting Friends or Relatives",3288
2016-02-01,"Germany","Visiting Friends or Relatives",3986
2016-03-01,"Germany","Visiting Friends or Relatives",4980
2016-04-01,"Germany","Visiting Friends or Relatives",2125
2016-05-01,"Germany","Visiting Friends or Relatives",1334
2016-06-01,"Germany","Visiting Friends or Relatives",1400
2016-07-01,"Germany","Visiting Friends or Relatives",2575
2016-08-01,"Germany","Visiting Friends or Relatives",2321
2016-09-01,"Germany","Visiting Friends or Relatives",2545
2016-10-01,"Germany","Visiting Friends or Relatives",3667
2016-11-01,"Germany","Visiting Friends or Relatives",2992
2016-12-01,"Germany","Visiting Friends or Relatives",7429
2017-01-01,"Germany","Visiting Friends or Relatives",3752
2017-02-01,"Germany","Visiting Friends or Relatives",3695
2017-03-01,"Germany","Visiting Friends or Relatives",4333
2017-04-01,"Germany","Visiting Friends or Relatives",3184
2017-05-01,"Germany","Visiting Friends or Relatives",1755
2017-06-01,"Germany","Visiting Friends or Relatives",1684
2017-07-01,"Germany","Visiting Friends or Relatives",2503
2017-08-01,"Germany","Visiting Friends or Relatives",2426
2017-09-01,"Germany","Visiting Friends or Relatives",2735
2017-10-01,"Germany","Visiting Friends or Relatives",3166
2017-11-01,"Germany","Visiting Friends or Relatives",3517
2017-12-01,"Germany","Visiting Friends or Relatives",8309
2018-01-01,"Germany","Visiting Friends or Relatives",3776
2018-02-01,"Germany","Visiting Friends or Relatives",4445
2018-03-01,"Germany","Visiting Friends or Relatives",4877
2018-04-01,"Germany","Visiting Friends or Relatives",2351
2018-05-01,"Germany","Visiting Friends or Relatives",1632
2018-06-01,"Germany","Visiting Friends or Relatives",1521
2018-07-01,"Germany","Visiting Friends or Relatives",2694
2018-08-01,"Germany","Visiting Friends or Relatives",2446
2018-09-01,"Germany","Visiting Friends or Relatives",2470
2018-10-01,"Germany","Visiting Friends or Relatives",2589
2018-11-01,"Germany","Visiting Friends or Relatives",2908
2018-12-01,"Germany","Visiting Friends or Relatives",7547
2019-01-01,"Germany","Visiting Friends or Relatives",3252
2019-02-01,"Germany","Visiting Friends or Relatives",3900
2019-03-01,"Germany","Visiting Friends or Relatives",4244
2019-04-01,"Germany","Visiting Friends or Relatives",3162
2019-05-01,"Germany","Visiting Friends or Relatives",1402
2019-06-01,"Germany","Visiting Friends or Relatives",1521
2019-07-01,"Germany","Visiting Friends or Relatives",2671
2019-08-01,"Germany","Visiting Friends or Relatives",2259
2019-09-01,"Germany","Visiting Friends or Relatives",2315
2019-10-01,"Germany","Visiting Friends or Relatives",2627
2019-11-01,"Germany","Visiting Friends or Relatives",2971
2019-12-01,"Germany","Visiting Friends or Relatives",8389
2020-01-01,"Germany","Visiting Friends or Relatives",3442
2020-02-01,"Germany","Visiting Friends or Relatives",4155
2005-01-01,"Hong Kong (SAR of China)","Business",1172
2005-02-01,"Hong Kong (SAR of China)","Business",1477
2005-03-01,"Hong Kong (SAR of China)","Business",1546
2005-04-01,"Hong Kong (SAR of China)","Business",2037
2005-05-01,"Hong Kong (SAR of China)","Business",1589
2005-06-01,"Hong Kong (SAR of China)","Business",1432
2005-07-01,"Hong Kong (SAR of China)","Business",1530
2005-08-01,"Hong Kong (SAR of China)","Business",1744
2005-09-01,"Hong Kong (SAR of China)","Business",1920
2005-10-01,"Hong Kong (SAR of China)","Business",1396
2005-11-01,"Hong Kong (SAR of China)","Business",2190
2005-12-01,"Hong Kong (SAR of China)","Business",1124
2006-01-01,"Hong Kong (SAR of China)","Business",1017
2006-02-01,"Hong Kong (SAR of China)","Business",1913
2006-03-01,"Hong Kong (SAR of China)","Business",2089
2006-04-01,"Hong Kong (SAR of China)","Business",1168
2006-05-01,"Hong Kong (SAR of China)","Business",1563
2006-06-01,"Hong Kong (SAR of China)","Business",1472
2006-07-01,"Hong Kong (SAR of China)","Business",1785
2006-08-01,"Hong Kong (SAR of China)","Business",1653
2006-09-01,"Hong Kong (SAR of China)","Business",1680
2006-10-01,"Hong Kong (SAR of China)","Business",1926
2006-11-01,"Hong Kong (SAR of China)","Business",1867
2006-12-01,"Hong Kong (SAR of China)","Business",1111
2007-01-01,"Hong Kong (SAR of China)","Business",1405
2007-02-01,"Hong Kong (SAR of China)","Business",1879
2007-03-01,"Hong Kong (SAR of China)","Business",2139
2007-04-01,"Hong Kong (SAR of China)","Business",1677
2007-05-01,"Hong Kong (SAR of China)","Business",1951
2007-06-01,"Hong Kong (SAR of China)","Business",1997
2007-07-01,"Hong Kong (SAR of China)","Business",1825
2007-08-01,"Hong Kong (SAR of China)","Business",2043
2007-09-01,"Hong Kong (SAR of China)","Business",1643
2007-10-01,"Hong Kong (SAR of China)","Business",1643
2007-11-01,"Hong Kong (SAR of China)","Business",1773
2007-12-01,"Hong Kong (SAR of China)","Business",974
2008-01-01,"Hong Kong (SAR of China)","Business",1365
2008-02-01,"Hong Kong (SAR of China)","Business",1597
2008-03-01,"Hong Kong (SAR of China)","Business",2090
2008-04-01,"Hong Kong (SAR of China)","Business",1775
2008-05-01,"Hong Kong (SAR of China)","Business",1814
2008-06-01,"Hong Kong (SAR of China)","Business",1472
2008-07-01,"Hong Kong (SAR of China)","Business",1704
2008-08-01,"Hong Kong (SAR of China)","Business",1537
2008-09-01,"Hong Kong (SAR of China)","Business",1474
2008-10-01,"Hong Kong (SAR of China)","Business",1417
2008-11-01,"Hong Kong (SAR of China)","Business",1721
2008-12-01,"Hong Kong (SAR of China)","Business",960
2009-01-01,"Hong Kong (SAR of China)","Business",910
2009-02-01,"Hong Kong (SAR of China)","Business",1484
2009-03-01,"Hong Kong (SAR of China)","Business",1782
2009-04-01,"Hong Kong (SAR of China)","Business",1148
2009-05-01,"Hong Kong (SAR of China)","Business",1276
2009-06-01,"Hong Kong (SAR of China)","Business",1306
2009-07-01,"Hong Kong (SAR of China)","Business",1564
2009-08-01,"Hong Kong (SAR of China)","Business",1602
2009-09-01,"Hong Kong (SAR of China)","Business",1592
2009-10-01,"Hong Kong (SAR of China)","Business",1427
2009-11-01,"Hong Kong (SAR of China)","Business",1875
2009-12-01,"Hong Kong (SAR of China)","Business",1460
2010-01-01,"Hong Kong (SAR of China)","Business",1315
2010-02-01,"Hong Kong (SAR of China)","Business",2005
2010-03-01,"Hong Kong (SAR of China)","Business",2169
2010-04-01,"Hong Kong (SAR of China)","Business",1639
2010-05-01,"Hong Kong (SAR of China)","Business",1818
2010-06-01,"Hong Kong (SAR of China)","Business",1684
2010-07-01,"Hong Kong (SAR of China)","Business",1758
2010-08-01,"Hong Kong (SAR of China)","Business",1709
2010-09-01,"Hong Kong (SAR of China)","Business",1693
2010-10-01,"Hong Kong (SAR of China)","Business",2042
2010-11-01,"Hong Kong (SAR of China)","Business",2369
2010-12-01,"Hong Kong (SAR of China)","Business",1342
2011-01-01,"Hong Kong (SAR of China)","Business",1463
2011-02-01,"Hong Kong (SAR of China)","Business",1883
2011-03-01,"Hong Kong (SAR of China)","Business",2286
2011-04-01,"Hong Kong (SAR of China)","Business",1664
2011-05-01,"Hong Kong (SAR of China)","Business",2386
2011-06-01,"Hong Kong (SAR of China)","Business",1663
2011-07-01,"Hong Kong (SAR of China)","Business",1673
2011-08-01,"Hong Kong (SAR of China)","Business",1657
2011-09-01,"Hong Kong (SAR of China)","Business",1506
2011-10-01,"Hong Kong (SAR of China)","Business",1991
2011-11-01,"Hong Kong (SAR of China)","Business",2249
2011-12-01,"Hong Kong (SAR of China)","Business",965
2012-01-01,"Hong Kong (SAR of China)","Business",1029
2012-02-01,"Hong Kong (SAR of China)","Business",2291
2012-03-01,"Hong Kong (SAR of China)","Business",2574
2012-04-01,"Hong Kong (SAR of China)","Business",1565
2012-05-01,"Hong Kong (SAR of China)","Business",1700
2012-06-01,"Hong Kong (SAR of China)","Business",1783
2012-07-01,"Hong Kong (SAR of China)","Business",1425
2012-08-01,"Hong Kong (SAR of China)","Business",1935
2012-09-01,"Hong Kong (SAR of China)","Business",1535
2012-10-01,"Hong Kong (SAR of China)","Business",2168
2012-11-01,"Hong Kong (SAR of China)","Business",2010
2012-12-01,"Hong Kong (SAR of China)","Business",1112
2013-01-01,"Hong Kong (SAR of China)","Business",1224
2013-02-01,"Hong Kong (SAR of China)","Business",1543
2013-03-01,"Hong Kong (SAR of China)","Business",2134
2013-04-01,"Hong Kong (SAR of China)","Business",1817
2013-05-01,"Hong Kong (SAR of China)","Business",1881
2013-06-01,"Hong Kong (SAR of China)","Business",1823
2013-07-01,"Hong Kong (SAR of China)","Business",1757
2013-08-01,"Hong Kong (SAR of China)","Business",1741
2013-09-01,"Hong Kong (SAR of China)","Business",1822
2013-10-01,"Hong Kong (SAR of China)","Business",2088
2013-11-01,"Hong Kong (SAR of China)","Business",2307
2013-12-01,"Hong Kong (SAR of China)","Business",1345
2014-01-01,"Hong Kong (SAR of China)","Business",1329
2014-02-01,"Hong Kong (SAR of China)","Business",1920
2014-03-01,"Hong Kong (SAR of China)","Business",2340
2014-04-01,"Hong Kong (SAR of China)","Business",1867
2014-05-01,"Hong Kong (SAR of China)","Business",1868
2014-06-01,"Hong Kong (SAR of China)","Business",1661
2014-07-01,"Hong Kong (SAR of China)","Business",1734
2014-08-01,"Hong Kong (SAR of China)","Business",2232
2014-09-01,"Hong Kong (SAR of China)","Business",1724
2014-10-01,"Hong Kong (SAR of China)","Business",2221
2014-11-01,"Hong Kong (SAR of China)","Business",2591
2014-12-01,"Hong Kong (SAR of China)","Business",1307
2015-01-01,"Hong Kong (SAR of China)","Business",1304
2015-02-01,"Hong Kong (SAR of China)","Business",1711
2015-03-01,"Hong Kong (SAR of China)","Business",2072
2015-04-01,"Hong Kong (SAR of China)","Business",1578
2015-05-01,"Hong Kong (SAR of China)","Business",2201
2015-06-01,"Hong Kong (SAR of China)","Business",1651
2015-07-01,"Hong Kong (SAR of China)","Business",1877
2015-08-01,"Hong Kong (SAR of China)","Business",1906
2015-09-01,"Hong Kong (SAR of China)","Business",1628
2015-10-01,"Hong Kong (SAR of China)","Business",2396
2015-11-01,"Hong Kong (SAR of China)","Business",2457
2015-12-01,"Hong Kong (SAR of China)","Business",950
2016-01-01,"Hong Kong (SAR of China)","Business",1275
2016-02-01,"Hong Kong (SAR of China)","Business",1974
2016-03-01,"Hong Kong (SAR of China)","Business",1651
2016-04-01,"Hong Kong (SAR of China)","Business",2214
2016-05-01,"Hong Kong (SAR of China)","Business",2185
2016-06-01,"Hong Kong (SAR of China)","Business",1531
2016-07-01,"Hong Kong (SAR of China)","Business",1836
2016-08-01,"Hong Kong (SAR of China)","Business",2168
2016-09-01,"Hong Kong (SAR of China)","Business",1688
2016-10-01,"Hong Kong (SAR of China)","Business",1985
2016-11-01,"Hong Kong (SAR of China)","Business",2487
2016-12-01,"Hong Kong (SAR of China)","Business",1438
2017-01-01,"Hong Kong (SAR of China)","Business",1312
2017-02-01,"Hong Kong (SAR of China)","Business",1993
2017-03-01,"Hong Kong (SAR of China)","Business",2731
2017-04-01,"Hong Kong (SAR of China)","Business",2701
2017-05-01,"Hong Kong (SAR of China)","Business",2855
2017-06-01,"Hong Kong (SAR of China)","Business",2149
2017-07-01,"Hong Kong (SAR of China)","Business",2254
2017-08-01,"Hong Kong (SAR of China)","Business",2984
2017-09-01,"Hong Kong (SAR of China)","Business",2714
2017-10-01,"Hong Kong (SAR of China)","Business",3107
2017-11-01,"Hong Kong (SAR of China)","Business",3021
2017-12-01,"Hong Kong (SAR of China)","Business",1356
2018-01-01,"Hong Kong (SAR of China)","Business",2119
2018-02-01,"Hong Kong (SAR of China)","Business",2490
2018-03-01,"Hong Kong (SAR of China)","Business",2495
2018-04-01,"Hong Kong (SAR of China)","Business",3083
2018-05-01,"Hong Kong (SAR of China)","Business",2916
2018-06-01,"Hong Kong (SAR of China)","Business",2118
2018-07-01,"Hong Kong (SAR of China)","Business",2182
2018-08-01,"Hong Kong (SAR of China)","Business",2229
2018-09-01,"Hong Kong (SAR of China)","Business",2126
2018-10-01,"Hong Kong (SAR of China)","Business",2833
2018-11-01,"Hong Kong (SAR of China)","Business",2246
2018-12-01,"Hong Kong (SAR of China)","Business",1429
2019-01-01,"Hong Kong (SAR of China)","Business",1298
2019-02-01,"Hong Kong (SAR of China)","Business",1908
2019-03-01,"Hong Kong (SAR of China)","Business",2710
2019-04-01,"Hong Kong (SAR of China)","Business",1842
2019-05-01,"Hong Kong (SAR of China)","Business",2245
2019-06-01,"Hong Kong (SAR of China)","Business",1870
2019-07-01,"Hong Kong (SAR of China)","Business",2148
2019-08-01,"Hong Kong (SAR of China)","Business",2745
2019-09-01,"Hong Kong (SAR of China)","Business",2170
2019-10-01,"Hong Kong (SAR of China)","Business",2588
2019-11-01,"Hong Kong (SAR of China)","Business",2667
2019-12-01,"Hong Kong (SAR of China)","Business",1641
2020-01-01,"Hong Kong (SAR of China)","Business",1119
2020-02-01,"Hong Kong (SAR of China)","Business",1563
2005-01-01,"Hong Kong (SAR of China)","Education",1939
2005-02-01,"Hong Kong (SAR of China)","Education",3776
2005-03-01,"Hong Kong (SAR of China)","Education",1150
2005-04-01,"Hong Kong (SAR of China)","Education",736
2005-05-01,"Hong Kong (SAR of China)","Education",243
2005-06-01,"Hong Kong (SAR of China)","Education",539
2005-07-01,"Hong Kong (SAR of China)","Education",3827
2005-08-01,"Hong Kong (SAR of China)","Education",727
2005-09-01,"Hong Kong (SAR of China)","Education",457
2005-10-01,"Hong Kong (SAR of China)","Education",756
2005-11-01,"Hong Kong (SAR of China)","Education",224
2005-12-01,"Hong Kong (SAR of China)","Education",292
2006-01-01,"Hong Kong (SAR of China)","Education",1832
2006-02-01,"Hong Kong (SAR of China)","Education",3992
2006-03-01,"Hong Kong (SAR of China)","Education",981
2006-04-01,"Hong Kong (SAR of China)","Education",706
2006-05-01,"Hong Kong (SAR of China)","Education",298
2006-06-01,"Hong Kong (SAR of China)","Education",596
2006-07-01,"Hong Kong (SAR of China)","Education",3062
2006-08-01,"Hong Kong (SAR of China)","Education",709
2006-09-01,"Hong Kong (SAR of China)","Education",389
2006-10-01,"Hong Kong (SAR of China)","Education",854
2006-11-01,"Hong Kong (SAR of China)","Education",295
2006-12-01,"Hong Kong (SAR of China)","Education",231
2007-01-01,"Hong Kong (SAR of China)","Education",2026
2007-02-01,"Hong Kong (SAR of China)","Education",3444
2007-03-01,"Hong Kong (SAR of China)","Education",1058
2007-04-01,"Hong Kong (SAR of China)","Education",888
2007-05-01,"Hong Kong (SAR of China)","Education",278
2007-06-01,"Hong Kong (SAR of China)","Education",762
2007-07-01,"Hong Kong (SAR of China)","Education",2617
2007-08-01,"Hong Kong (SAR of China)","Education",569
2007-09-01,"Hong Kong (SAR of China)","Education",383
2007-10-01,"Hong Kong (SAR of China)","Education",688
2007-11-01,"Hong Kong (SAR of China)","Education",284
2007-12-01,"Hong Kong (SAR of China)","Education",265
2008-01-01,"Hong Kong (SAR of China)","Education",1802
2008-02-01,"Hong Kong (SAR of China)","Education",3521
2008-03-01,"Hong Kong (SAR of China)","Education",1446
2008-04-01,"Hong Kong (SAR of China)","Education",693
2008-05-01,"Hong Kong (SAR of China)","Education",412
2008-06-01,"Hong Kong (SAR of China)","Education",628
2008-07-01,"Hong Kong (SAR of China)","Education",2639
2008-08-01,"Hong Kong (SAR of China)","Education",508
2008-09-01,"Hong Kong (SAR of China)","Education",322
2008-10-01,"Hong Kong (SAR of China)","Education",895
2008-11-01,"Hong Kong (SAR of China)","Education",265
2008-12-01,"Hong Kong (SAR of China)","Education",223
2009-01-01,"Hong Kong (SAR of China)","Education",1660
2009-02-01,"Hong Kong (SAR of China)","Education",3414
2009-03-01,"Hong Kong (SAR of China)","Education",1160
2009-04-01,"Hong Kong (SAR of China)","Education",843
2009-05-01,"Hong Kong (SAR of China)","Education",318
2009-06-01,"Hong Kong (SAR of China)","Education",404
2009-07-01,"Hong Kong (SAR of China)","Education",2658
2009-08-01,"Hong Kong (SAR of China)","Education",608
2009-09-01,"Hong Kong (SAR of China)","Education",386
2009-10-01,"Hong Kong (SAR of China)","Education",876
2009-11-01,"Hong Kong (SAR of China)","Education",344
2009-12-01,"Hong Kong (SAR of China)","Education",277
2010-01-01,"Hong Kong (SAR of China)","Education",2189
2010-02-01,"Hong Kong (SAR of China)","Education",4068
2010-03-01,"Hong Kong (SAR of China)","Education",1282
2010-04-01,"Hong Kong (SAR of China)","Education",650
2010-05-01,"Hong Kong (SAR of China)","Education",460
2010-06-01,"Hong Kong (SAR of China)","Education",571
2010-07-01,"Hong Kong (SAR of China)","Education",3023
2010-08-01,"Hong Kong (SAR of China)","Education",631
2010-09-01,"Hong Kong (SAR of China)","Education",392
2010-10-01,"Hong Kong (SAR of China)","Education",767
2010-11-01,"Hong Kong (SAR of China)","Education",265
2010-12-01,"Hong Kong (SAR of China)","Education",260
2011-01-01,"Hong Kong (SAR of China)","Education",1553
2011-02-01,"Hong Kong (SAR of China)","Education",4270
2011-03-01,"Hong Kong (SAR of China)","Education",1021
2011-04-01,"Hong Kong (SAR of China)","Education",611
2011-05-01,"Hong Kong (SAR of China)","Education",375
2011-06-01,"Hong Kong (SAR of China)","Education",473
2011-07-01,"Hong Kong (SAR of China)","Education",2808
2011-08-01,"Hong Kong (SAR of China)","Education",606
2011-09-01,"Hong Kong (SAR of China)","Education",289
2011-10-01,"Hong Kong (SAR of China)","Education",725
2011-11-01,"Hong Kong (SAR of China)","Education",259
2011-12-01,"Hong Kong (SAR of China)","Education",320
2012-01-01,"Hong Kong (SAR of China)","Education",1504
2012-02-01,"Hong Kong (SAR of China)","Education",3850
2012-03-01,"Hong Kong (SAR of China)","Education",702
2012-04-01,"Hong Kong (SAR of China)","Education",571
2012-05-01,"Hong Kong (SAR of China)","Education",354
2012-06-01,"Hong Kong (SAR of China)","Education",450
2012-07-01,"Hong Kong (SAR of China)","Education",3143
2012-08-01,"Hong Kong (SAR of China)","Education",646
2012-09-01,"Hong Kong (SAR of China)","Education",281
2012-10-01,"Hong Kong (SAR of China)","Education",666
2012-11-01,"Hong Kong (SAR of China)","Education",243
2012-12-01,"Hong Kong (SAR of China)","Education",272
2013-01-01,"Hong Kong (SAR of China)","Education",1349
2013-02-01,"Hong Kong (SAR of China)","Education",3254
2013-03-01,"Hong Kong (SAR of China)","Education",1272
2013-04-01,"Hong Kong (SAR of China)","Education",659
2013-05-01,"Hong Kong (SAR of China)","Education",370
2013-06-01,"Hong Kong (SAR of China)","Education",460
2013-07-01,"Hong Kong (SAR of China)","Education",3280
2013-08-01,"Hong Kong (SAR of China)","Education",618
2013-09-01,"Hong Kong (SAR of China)","Education",405
2013-10-01,"Hong Kong (SAR of China)","Education",814
2013-11-01,"Hong Kong (SAR of China)","Education",516
2013-12-01,"Hong Kong (SAR of China)","Education",352
2014-01-01,"Hong Kong (SAR of China)","Education",1206
2014-02-01,"Hong Kong (SAR of China)","Education",3393
2014-03-01,"Hong Kong (SAR of China)","Education",1189
2014-04-01,"Hong Kong (SAR of China)","Education",1018
2014-05-01,"Hong Kong (SAR of China)","Education",371
2014-06-01,"Hong Kong (SAR of China)","Education",644
2014-07-01,"Hong Kong (SAR of China)","Education",2823
2014-08-01,"Hong Kong (SAR of China)","Education",787
2014-09-01,"Hong Kong (SAR of China)","Education",257
2014-10-01,"Hong Kong (SAR of China)","Education",613
2014-11-01,"Hong Kong (SAR of China)","Education",468
2014-12-01,"Hong Kong (SAR of China)","Education",260
2015-01-01,"Hong Kong (SAR of China)","Education",1514
2015-02-01,"Hong Kong (SAR of China)","Education",2915
2015-03-01,"Hong Kong (SAR of China)","Education",1790
2015-04-01,"Hong Kong (SAR of China)","Education",1143
2015-05-01,"Hong Kong (SAR of China)","Education",465
2015-06-01,"Hong Kong (SAR of China)","Education",659
2015-07-01,"Hong Kong (SAR of China)","Education",3706
2015-08-01,"Hong Kong (SAR of China)","Education",994
2015-09-01,"Hong Kong (SAR of China)","Education",294
2015-10-01,"Hong Kong (SAR of China)","Education",923
2015-11-01,"Hong Kong (SAR of China)","Education",682
2015-12-01,"Hong Kong (SAR of China)","Education",604
2016-01-01,"Hong Kong (SAR of China)","Education",1733
2016-02-01,"Hong Kong (SAR of China)","Education",3545
2016-03-01,"Hong Kong (SAR of China)","Education",1042
2016-04-01,"Hong Kong (SAR of China)","Education",970
2016-05-01,"Hong Kong (SAR of China)","Education",490
2016-06-01,"Hong Kong (SAR of China)","Education",746
2016-07-01,"Hong Kong (SAR of China)","Education",3960
2016-08-01,"Hong Kong (SAR of China)","Education",866
2016-09-01,"Hong Kong (SAR of China)","Education",485
2016-10-01,"Hong Kong (SAR of China)","Education",1403
2016-11-01,"Hong Kong (SAR of China)","Education",414
2016-12-01,"Hong Kong (SAR of China)","Education",446
2017-01-01,"Hong Kong (SAR of China)","Education",1867
2017-02-01,"Hong Kong (SAR of China)","Education",4305
2017-03-01,"Hong Kong (SAR of China)","Education",905
2017-04-01,"Hong Kong (SAR of China)","Education",1110
2017-05-01,"Hong Kong (SAR of China)","Education",484
2017-06-01,"Hong Kong (SAR of China)","Education",660
2017-07-01,"Hong Kong (SAR of China)","Education",4076
2017-08-01,"Hong Kong (SAR of China)","Education",658
2017-09-01,"Hong Kong (SAR of China)","Education",553
2017-10-01,"Hong Kong (SAR of China)","Education",968
2017-11-01,"Hong Kong (SAR of China)","Education",366
2017-12-01,"Hong Kong (SAR of China)","Education",496
2018-01-01,"Hong Kong (SAR of China)","Education",1851
2018-02-01,"Hong Kong (SAR of China)","Education",3862
2018-03-01,"Hong Kong (SAR of China)","Education",1319
2018-04-01,"Hong Kong (SAR of China)","Education",1264
2018-05-01,"Hong Kong (SAR of China)","Education",539
2018-06-01,"Hong Kong (SAR of China)","Education",1139
2018-07-01,"Hong Kong (SAR of China)","Education",4196
2018-08-01,"Hong Kong (SAR of China)","Education",927
2018-09-01,"Hong Kong (SAR of China)","Education",618
2018-10-01,"Hong Kong (SAR of China)","Education",954
2018-11-01,"Hong Kong (SAR of China)","Education",463
2018-12-01,"Hong Kong (SAR of China)","Education",590
2019-01-01,"Hong Kong (SAR of China)","Education",1696
2019-02-01,"Hong Kong (SAR of China)","Education",3832
2019-03-01,"Hong Kong (SAR of China)","Education",1036
2019-04-01,"Hong Kong (SAR of China)","Education",1116
2019-05-01,"Hong Kong (SAR of China)","Education",795
2019-06-01,"Hong Kong (SAR of China)","Education",1137
2019-07-01,"Hong Kong (SAR of China)","Education",3399
2019-08-01,"Hong Kong (SAR of China)","Education",969
2019-09-01,"Hong Kong (SAR of China)","Education",720
2019-10-01,"Hong Kong (SAR of China)","Education",969
2019-11-01,"Hong Kong (SAR of China)","Education",478
2019-12-01,"Hong Kong (SAR of China)","Education",705
2020-01-01,"Hong Kong (SAR of China)","Education",1810
2020-02-01,"Hong Kong (SAR of China)","Education",4155
2005-01-01,"Hong Kong (SAR of China)","Employment",113
2005-02-01,"Hong Kong (SAR of China)","Employment",152
2005-03-01,"Hong Kong (SAR of China)","Employment",316
2005-04-01,"Hong Kong (SAR of China)","Employment",47
2005-05-01,"Hong Kong (SAR of China)","Employment",38
2005-06-01,"Hong Kong (SAR of China)","Employment",121
2005-07-01,"Hong Kong (SAR of China)","Employment",160
2005-08-01,"Hong Kong (SAR of China)","Employment",116
2005-09-01,"Hong Kong (SAR of China)","Employment",164
2005-10-01,"Hong Kong (SAR of China)","Employment",257
2005-11-01,"Hong Kong (SAR of China)","Employment",98
2005-12-01,"Hong Kong (SAR of China)","Employment",281
2006-01-01,"Hong Kong (SAR of China)","Employment",328
2006-02-01,"Hong Kong (SAR of China)","Employment",245
2006-03-01,"Hong Kong (SAR of China)","Employment",146
2006-04-01,"Hong Kong (SAR of China)","Employment",490
2006-05-01,"Hong Kong (SAR of China)","Employment",158
2006-06-01,"Hong Kong (SAR of China)","Employment",207
2006-07-01,"Hong Kong (SAR of China)","Employment",181
2006-08-01,"Hong Kong (SAR of China)","Employment",226
2006-09-01,"Hong Kong (SAR of China)","Employment",378
2006-10-01,"Hong Kong (SAR of China)","Employment",301
2006-11-01,"Hong Kong (SAR of China)","Employment",363
2006-12-01,"Hong Kong (SAR of China)","Employment",543
2007-01-01,"Hong Kong (SAR of China)","Employment",283
2007-02-01,"Hong Kong (SAR of China)","Employment",405
2007-03-01,"Hong Kong (SAR of China)","Employment",322
2007-04-01,"Hong Kong (SAR of China)","Employment",354
2007-05-01,"Hong Kong (SAR of China)","Employment",97
2007-06-01,"Hong Kong (SAR of China)","Employment",253
2007-07-01,"Hong Kong (SAR of China)","Employment",213
2007-08-01,"Hong Kong (SAR of China)","Employment",387
2007-09-01,"Hong Kong (SAR of China)","Employment",180
2007-10-01,"Hong Kong (SAR of China)","Employment",165
2007-11-01,"Hong Kong (SAR of China)","Employment",239
2007-12-01,"Hong Kong (SAR of China)","Employment",289
2008-01-01,"Hong Kong (SAR of China)","Employment",201
2008-02-01,"Hong Kong (SAR of China)","Employment",378
2008-03-01,"Hong Kong (SAR of China)","Employment",270
2008-04-01,"Hong Kong (SAR of China)","Employment",119
2008-05-01,"Hong Kong (SAR of China)","Employment",276
2008-06-01,"Hong Kong (SAR of China)","Employment",242
2008-07-01,"Hong Kong (SAR of China)","Employment",192
2008-08-01,"Hong Kong (SAR of China)","Employment",186
2008-09-01,"Hong Kong (SAR of China)","Employment",229
2008-10-01,"Hong Kong (SAR of China)","Employment",164
2008-11-01,"Hong Kong (SAR of China)","Employment",214
2008-12-01,"Hong Kong (SAR of China)","Employment",304
2009-01-01,"Hong Kong (SAR of China)","Employment",356
2009-02-01,"Hong Kong (SAR of China)","Employment",278
2009-03-01,"Hong Kong (SAR of China)","Employment",230
2009-04-01,"Hong Kong (SAR of China)","Employment",268
2009-05-01,"Hong Kong (SAR of China)","Employment",160
2009-06-01,"Hong Kong (SAR of China)","Employment",162
2009-07-01,"Hong Kong (SAR of China)","Employment",209
2009-08-01,"Hong Kong (SAR of China)","Employment",190
2009-09-01,"Hong Kong (SAR of China)","Employment",250
2009-10-01,"Hong Kong (SAR of China)","Employment",271
2009-11-01,"Hong Kong (SAR of China)","Employment",181
2009-12-01,"Hong Kong (SAR of China)","Employment",254
2010-01-01,"Hong Kong (SAR of China)","Employment",189
2010-02-01,"Hong Kong (SAR of China)","Employment",328
2010-03-01,"Hong Kong (SAR of China)","Employment",372
2010-04-01,"Hong Kong (SAR of China)","Employment",228
2010-05-01,"Hong Kong (SAR of China)","Employment",141
2010-06-01,"Hong Kong (SAR of China)","Employment",183
2010-07-01,"Hong Kong (SAR of China)","Employment",259
2010-08-01,"Hong Kong (SAR of China)","Employment",333
2010-09-01,"Hong Kong (SAR of China)","Employment",199
2010-10-01,"Hong Kong (SAR of China)","Employment",232
2010-11-01,"Hong Kong (SAR of China)","Employment",236
2010-12-01,"Hong Kong (SAR of China)","Employment",215
2011-01-01,"Hong Kong (SAR of China)","Employment",235
2011-02-01,"Hong Kong (SAR of China)","Employment",362
2011-03-01,"Hong Kong (SAR of China)","Employment",251
2011-04-01,"Hong Kong (SAR of China)","Employment",266
2011-05-01,"Hong Kong (SAR of China)","Employment",202
2011-06-01,"Hong Kong (SAR of China)","Employment",222
2011-07-01,"Hong Kong (SAR of China)","Employment",250
2011-08-01,"Hong Kong (SAR of China)","Employment",145
2011-09-01,"Hong Kong (SAR of China)","Employment",293
2011-10-01,"Hong Kong (SAR of China)","Employment",236
2011-11-01,"Hong Kong (SAR of China)","Employment",224
2011-12-01,"Hong Kong (SAR of China)","Employment",436
2012-01-01,"Hong Kong (SAR of China)","Employment",450
2012-02-01,"Hong Kong (SAR of China)","Employment",304
2012-03-01,"Hong Kong (SAR of China)","Employment",283
2012-04-01,"Hong Kong (SAR of China)","Employment",292
2012-05-01,"Hong Kong (SAR of China)","Employment",246
2012-06-01,"Hong Kong (SAR of China)","Employment",387
2012-07-01,"Hong Kong (SAR of China)","Employment",461
2012-08-01,"Hong Kong (SAR of China)","Employment",391
2012-09-01,"Hong Kong (SAR of China)","Employment",256
2012-10-01,"Hong Kong (SAR of China)","Employment",211
2012-11-01,"Hong Kong (SAR of China)","Employment",138
2012-12-01,"Hong Kong (SAR of China)","Employment",232
2013-01-01,"Hong Kong (SAR of China)","Employment",334
2013-02-01,"Hong Kong (SAR of China)","Employment",376
2013-03-01,"Hong Kong (SAR of China)","Employment",467
2013-04-01,"Hong Kong (SAR of China)","Employment",321
2013-05-01,"Hong Kong (SAR of China)","Employment",244
2013-06-01,"Hong Kong (SAR of China)","Employment",280
2013-07-01,"Hong Kong (SAR of China)","Employment",227
2013-08-01,"Hong Kong (SAR of China)","Employment",240
2013-09-01,"Hong Kong (SAR of China)","Employment",245
2013-10-01,"Hong Kong (SAR of China)","Employment",305
2013-11-01,"Hong Kong (SAR of China)","Employment",218
2013-12-01,"Hong Kong (SAR of China)","Employment",435
2014-01-01,"Hong Kong (SAR of China)","Employment",381
2014-02-01,"Hong Kong (SAR of China)","Employment",373
2014-03-01,"Hong Kong (SAR of China)","Employment",297
2014-04-01,"Hong Kong (SAR of China)","Employment",321
2014-05-01,"Hong Kong (SAR of China)","Employment",234
2014-06-01,"Hong Kong (SAR of China)","Employment",214
2014-07-01,"Hong Kong (SAR of China)","Employment",349
2014-08-01,"Hong Kong (SAR of China)","Employment",315
2014-09-01,"Hong Kong (SAR of China)","Employment",284
2014-10-01,"Hong Kong (SAR of China)","Employment",718
2014-11-01,"Hong Kong (SAR of China)","Employment",372
2014-12-01,"Hong Kong (SAR of China)","Employment",620
2015-01-01,"Hong Kong (SAR of China)","Employment",404
2015-02-01,"Hong Kong (SAR of China)","Employment",622
2015-03-01,"Hong Kong (SAR of China)","Employment",699
2015-04-01,"Hong Kong (SAR of China)","Employment",723
2015-05-01,"Hong Kong (SAR of China)","Employment",548
2015-06-01,"Hong Kong (SAR of China)","Employment",573
2015-07-01,"Hong Kong (SAR of China)","Employment",775
2015-08-01,"Hong Kong (SAR of China)","Employment",685
2015-09-01,"Hong Kong (SAR of China)","Employment",417
2015-10-01,"Hong Kong (SAR of China)","Employment",285
2015-11-01,"Hong Kong (SAR of China)","Employment",576
2015-12-01,"Hong Kong (SAR of China)","Employment",529
2016-01-01,"Hong Kong (SAR of China)","Employment",461
2016-02-01,"Hong Kong (SAR of China)","Employment",560
2016-03-01,"Hong Kong (SAR of China)","Employment",606
2016-04-01,"Hong Kong (SAR of China)","Employment",293
2016-05-01,"Hong Kong (SAR of China)","Employment",265
2016-06-01,"Hong Kong (SAR of China)","Employment",392
2016-07-01,"Hong Kong (SAR of China)","Employment",360
2016-08-01,"Hong Kong (SAR of China)","Employment",233
2016-09-01,"Hong Kong (SAR of China)","Employment",411
2016-10-01,"Hong Kong (SAR of China)","Employment",944
2016-11-01,"Hong Kong (SAR of China)","Employment",442
2016-12-01,"Hong Kong (SAR of China)","Employment",574
2017-01-01,"Hong Kong (SAR of China)","Employment",838
2017-02-01,"Hong Kong (SAR of China)","Employment",729
2017-03-01,"Hong Kong (SAR of China)","Employment",311
2017-04-01,"Hong Kong (SAR of China)","Employment",581
2017-05-01,"Hong Kong (SAR of China)","Employment",330
2017-06-01,"Hong Kong (SAR of China)","Employment",501
2017-07-01,"Hong Kong (SAR of China)","Employment",360
2017-08-01,"Hong Kong (SAR of China)","Employment",287
2017-09-01,"Hong Kong (SAR of China)","Employment",338
2017-10-01,"Hong Kong (SAR of China)","Employment",342
2017-11-01,"Hong Kong (SAR of China)","Employment",312
2017-12-01,"Hong Kong (SAR of China)","Employment",178
2018-01-01,"Hong Kong (SAR of China)","Employment",278
2018-02-01,"Hong Kong (SAR of China)","Employment",266
2018-03-01,"Hong Kong (SAR of China)","Employment",234
2018-04-01,"Hong Kong (SAR of China)","Employment",291
2018-05-01,"Hong Kong (SAR of China)","Employment",211
2018-06-01,"Hong Kong (SAR of China)","Employment",276
2018-07-01,"Hong Kong (SAR of China)","Employment",206
2018-08-01,"Hong Kong (SAR of China)","Employment",194
2018-09-01,"Hong Kong (SAR of China)","Employment",233
2018-10-01,"Hong Kong (SAR of China)","Employment",304
2018-11-01,"Hong Kong (SAR of China)","Employment",280
2018-12-01,"Hong Kong (SAR of China)","Employment",183
2019-01-01,"Hong Kong (SAR of China)","Employment",340
2019-02-01,"Hong Kong (SAR of China)","Employment",336
2019-03-01,"Hong Kong (SAR of China)","Employment",214
2019-04-01,"Hong Kong (SAR of China)","Employment",150
2019-05-01,"Hong Kong (SAR of China)","Employment",264
2019-06-01,"Hong Kong (SAR of China)","Employment",182
2019-07-01,"Hong Kong (SAR of China)","Employment",203
2019-08-01,"Hong Kong (SAR of China)","Employment",171
2019-09-01,"Hong Kong (SAR of China)","Employment",178
2019-10-01,"Hong Kong (SAR of China)","Employment",231
2019-11-01,"Hong Kong (SAR of China)","Employment",261
2019-12-01,"Hong Kong (SAR of China)","Employment",183
2020-01-01,"Hong Kong (SAR of China)","Employment",288
2020-02-01,"Hong Kong (SAR of China)","Employment",473
2005-01-01,"Hong Kong (SAR of China)","Holiday",3687
2005-02-01,"Hong Kong (SAR of China)","Holiday",10073
2005-03-01,"Hong Kong (SAR of China)","Holiday",7096
2005-04-01,"Hong Kong (SAR of China)","Holiday",4608
2005-05-01,"Hong Kong (SAR of China)","Holiday",3786
2005-06-01,"Hong Kong (SAR of China)","Holiday",5006
2005-07-01,"Hong Kong (SAR of China)","Holiday",7205
2005-08-01,"Hong Kong (SAR of China)","Holiday",6449
2005-09-01,"Hong Kong (SAR of China)","Holiday",4016
2005-10-01,"Hong Kong (SAR of China)","Holiday",5448
2005-11-01,"Hong Kong (SAR of China)","Holiday",4587
2005-12-01,"Hong Kong (SAR of China)","Holiday",10512
2006-01-01,"Hong Kong (SAR of China)","Holiday",6587
2006-02-01,"Hong Kong (SAR of China)","Holiday",3493
2006-03-01,"Hong Kong (SAR of China)","Holiday",4186
2006-04-01,"Hong Kong (SAR of China)","Holiday",8498
2006-05-01,"Hong Kong (SAR of China)","Holiday",3445
2006-06-01,"Hong Kong (SAR of China)","Holiday",3382
2006-07-01,"Hong Kong (SAR of China)","Holiday",7038
2006-08-01,"Hong Kong (SAR of China)","Holiday",5364
2006-09-01,"Hong Kong (SAR of China)","Holiday",3661
2006-10-01,"Hong Kong (SAR of China)","Holiday",4647
2006-11-01,"Hong Kong (SAR of China)","Holiday",4180
2006-12-01,"Hong Kong (SAR of China)","Holiday",8159
2007-01-01,"Hong Kong (SAR of China)","Holiday",2067
2007-02-01,"Hong Kong (SAR of China)","Holiday",8043
2007-03-01,"Hong Kong (SAR of China)","Holiday",4743
2007-04-01,"Hong Kong (SAR of China)","Holiday",6239
2007-05-01,"Hong Kong (SAR of China)","Holiday",3006
2007-06-01,"Hong Kong (SAR of China)","Holiday",3723
2007-07-01,"Hong Kong (SAR of China)","Holiday",4376
2007-08-01,"Hong Kong (SAR of China)","Holiday",5596
2007-09-01,"Hong Kong (SAR of China)","Holiday",3076
2007-10-01,"Hong Kong (SAR of China)","Holiday",4022
2007-11-01,"Hong Kong (SAR of China)","Holiday",3854
2007-12-01,"Hong Kong (SAR of China)","Holiday",7877
2008-01-01,"Hong Kong (SAR of China)","Holiday",2544
2008-02-01,"Hong Kong (SAR of China)","Holiday",7148
2008-03-01,"Hong Kong (SAR of China)","Holiday",6249
2008-04-01,"Hong Kong (SAR of China)","Holiday",3080
2008-05-01,"Hong Kong (SAR of China)","Holiday",3465
2008-06-01,"Hong Kong (SAR of China)","Holiday",3755
2008-07-01,"Hong Kong (SAR of China)","Holiday",3894
2008-08-01,"Hong Kong (SAR of China)","Holiday",3507
2008-09-01,"Hong Kong (SAR of China)","Holiday",2864
2008-10-01,"Hong Kong (SAR of China)","Holiday",3917
2008-11-01,"Hong Kong (SAR of China)","Holiday",3755
2008-12-01,"Hong Kong (SAR of China)","Holiday",8142
2009-01-01,"Hong Kong (SAR of China)","Holiday",7452
2009-02-01,"Hong Kong (SAR of China)","Holiday",3686
2009-03-01,"Hong Kong (SAR of China)","Holiday",4706
2009-04-01,"Hong Kong (SAR of China)","Holiday",8719
2009-05-01,"Hong Kong (SAR of China)","Holiday",3453
2009-06-01,"Hong Kong (SAR of China)","Holiday",3746
2009-07-01,"Hong Kong (SAR of China)","Holiday",4427
2009-08-01,"Hong Kong (SAR of China)","Holiday",4555
2009-09-01,"Hong Kong (SAR of China)","Holiday",3602
2009-10-01,"Hong Kong (SAR of China)","Holiday",5078
2009-11-01,"Hong Kong (SAR of China)","Holiday",3672
2009-12-01,"Hong Kong (SAR of China)","Holiday",7977
2010-01-01,"Hong Kong (SAR of China)","Holiday",2456
2010-02-01,"Hong Kong (SAR of China)","Holiday",7044
2010-03-01,"Hong Kong (SAR of China)","Holiday",5607
2010-04-01,"Hong Kong (SAR of China)","Holiday",5489
2010-05-01,"Hong Kong (SAR of China)","Holiday",3283
2010-06-01,"Hong Kong (SAR of China)","Holiday",3846
2010-07-01,"Hong Kong (SAR of China)","Holiday",5967
2010-08-01,"Hong Kong (SAR of China)","Holiday",6707
2010-09-01,"Hong Kong (SAR of China)","Holiday",4391
2010-10-01,"Hong Kong (SAR of China)","Holiday",4579
2010-11-01,"Hong Kong (SAR of China)","Holiday",4082
2010-12-01,"Hong Kong (SAR of China)","Holiday",8842
2011-01-01,"Hong Kong (SAR of China)","Holiday",4825
2011-02-01,"Hong Kong (SAR of China)","Holiday",5637
2011-03-01,"Hong Kong (SAR of China)","Holiday",4059
2011-04-01,"Hong Kong (SAR of China)","Holiday",9029
2011-05-01,"Hong Kong (SAR of China)","Holiday",3451
2011-06-01,"Hong Kong (SAR of China)","Holiday",3564
2011-07-01,"Hong Kong (SAR of China)","Holiday",5502
2011-08-01,"Hong Kong (SAR of China)","Holiday",5678
2011-09-01,"Hong Kong (SAR of China)","Holiday",3749
2011-10-01,"Hong Kong (SAR of China)","Holiday",4276
2011-11-01,"Hong Kong (SAR of China)","Holiday",4661
2011-12-01,"Hong Kong (SAR of China)","Holiday",9174
2012-01-01,"Hong Kong (SAR of China)","Holiday",7385
2012-02-01,"Hong Kong (SAR of China)","Holiday",3817
2012-03-01,"Hong Kong (SAR of China)","Holiday",6311
2012-04-01,"Hong Kong (SAR of China)","Holiday",7642
2012-05-01,"Hong Kong (SAR of China)","Holiday",3709
2012-06-01,"Hong Kong (SAR of China)","Holiday",4224
2012-07-01,"Hong Kong (SAR of China)","Holiday",5302
2012-08-01,"Hong Kong (SAR of China)","Holiday",6839
2012-09-01,"Hong Kong (SAR of China)","Holiday",5251
2012-10-01,"Hong Kong (SAR of China)","Holiday",5550
2012-11-01,"Hong Kong (SAR of China)","Holiday",4926
2012-12-01,"Hong Kong (SAR of China)","Holiday",10677
2013-01-01,"Hong Kong (SAR of China)","Holiday",3095
2013-02-01,"Hong Kong (SAR of China)","Holiday",11018
2013-03-01,"Hong Kong (SAR of China)","Holiday",9827
2013-04-01,"Hong Kong (SAR of China)","Holiday",4253
2013-05-01,"Hong Kong (SAR of China)","Holiday",3592
2013-06-01,"Hong Kong (SAR of China)","Holiday",5688
2013-07-01,"Hong Kong (SAR of China)","Holiday",6428
2013-08-01,"Hong Kong (SAR of China)","Holiday",7370
2013-09-01,"Hong Kong (SAR of China)","Holiday",5530
2013-10-01,"Hong Kong (SAR of China)","Holiday",5811
2013-11-01,"Hong Kong (SAR of China)","Holiday",6548
2013-12-01,"Hong Kong (SAR of China)","Holiday",12881
2014-01-01,"Hong Kong (SAR of China)","Holiday",8256
2014-02-01,"Hong Kong (SAR of China)","Holiday",7940
2014-03-01,"Hong Kong (SAR of China)","Holiday",6547
2014-04-01,"Hong Kong (SAR of China)","Holiday",11578
2014-05-01,"Hong Kong (SAR of China)","Holiday",6455
2014-06-01,"Hong Kong (SAR of China)","Holiday",5347
2014-07-01,"Hong Kong (SAR of China)","Holiday",7056
2014-08-01,"Hong Kong (SAR of China)","Holiday",9449
2014-09-01,"Hong Kong (SAR of China)","Holiday",6095
2014-10-01,"Hong Kong (SAR of China)","Holiday",5868
2014-11-01,"Hong Kong (SAR of China)","Holiday",6749
2014-12-01,"Hong Kong (SAR of China)","Holiday",12856
2015-01-01,"Hong Kong (SAR of China)","Holiday",4342
2015-02-01,"Hong Kong (SAR of China)","Holiday",10573
2015-03-01,"Hong Kong (SAR of China)","Holiday",8627
2015-04-01,"Hong Kong (SAR of China)","Holiday",9394
2015-05-01,"Hong Kong (SAR of China)","Holiday",5025
2015-06-01,"Hong Kong (SAR of China)","Holiday",5465
2015-07-01,"Hong Kong (SAR of China)","Holiday",8026
2015-08-01,"Hong Kong (SAR of China)","Holiday",9615
2015-09-01,"Hong Kong (SAR of China)","Holiday",6961
2015-10-01,"Hong Kong (SAR of China)","Holiday",8361
2015-11-01,"Hong Kong (SAR of China)","Holiday",8143
2015-12-01,"Hong Kong (SAR of China)","Holiday",15413
2016-01-01,"Hong Kong (SAR of China)","Holiday",5790
2016-02-01,"Hong Kong (SAR of China)","Holiday",15376
2016-03-01,"Hong Kong (SAR of China)","Holiday",17333
2016-04-01,"Hong Kong (SAR of China)","Holiday",6804
2016-05-01,"Hong Kong (SAR of China)","Holiday",6399
2016-06-01,"Hong Kong (SAR of China)","Holiday",8642
2016-07-01,"Hong Kong (SAR of China)","Holiday",10622
2016-08-01,"Hong Kong (SAR of China)","Holiday",12694
2016-09-01,"Hong Kong (SAR of China)","Holiday",6877
2016-10-01,"Hong Kong (SAR of China)","Holiday",8658
2016-11-01,"Hong Kong (SAR of China)","Holiday",9113
2016-12-01,"Hong Kong (SAR of China)","Holiday",19432
2017-01-01,"Hong Kong (SAR of China)","Holiday",12729
2017-02-01,"Hong Kong (SAR of China)","Holiday",8672
2017-03-01,"Hong Kong (SAR of China)","Holiday",8712
2017-04-01,"Hong Kong (SAR of China)","Holiday",19638
2017-05-01,"Hong Kong (SAR of China)","Holiday",8809
2017-06-01,"Hong Kong (SAR of China)","Holiday",7443
2017-07-01,"Hong Kong (SAR of China)","Holiday",11639
2017-08-01,"Hong Kong (SAR of China)","Holiday",16088
2017-09-01,"Hong Kong (SAR of China)","Holiday",9436
2017-10-01,"Hong Kong (SAR of China)","Holiday",10916
2017-11-01,"Hong Kong (SAR of China)","Holiday",11024
2017-12-01,"Hong Kong (SAR of China)","Holiday",21061
2018-01-01,"Hong Kong (SAR of China)","Holiday",7138
2018-02-01,"Hong Kong (SAR of China)","Holiday",19812
2018-03-01,"Hong Kong (SAR of China)","Holiday",21218
2018-04-01,"Hong Kong (SAR of China)","Holiday",9889
2018-05-01,"Hong Kong (SAR of China)","Holiday",9174
2018-06-01,"Hong Kong (SAR of China)","Holiday",10679
2018-07-01,"Hong Kong (SAR of China)","Holiday",14294
2018-08-01,"Hong Kong (SAR of China)","Holiday",18044
2018-09-01,"Hong Kong (SAR of China)","Holiday",10992
2018-10-01,"Hong Kong (SAR of China)","Holiday",11676
2018-11-01,"Hong Kong (SAR of China)","Holiday",11754
2018-12-01,"Hong Kong (SAR of China)","Holiday",22483
2019-01-01,"Hong Kong (SAR of China)","Holiday",8176
2019-02-01,"Hong Kong (SAR of China)","Holiday",20764
2019-03-01,"Hong Kong (SAR of China)","Holiday",12118
2019-04-01,"Hong Kong (SAR of China)","Holiday",18950
2019-05-01,"Hong Kong (SAR of China)","Holiday",11080
2019-06-01,"Hong Kong (SAR of China)","Holiday",10440
2019-07-01,"Hong Kong (SAR of China)","Holiday",15975
2019-08-01,"Hong Kong (SAR of China)","Holiday",20904
2019-09-01,"Hong Kong (SAR of China)","Holiday",9891
2019-10-01,"Hong Kong (SAR of China)","Holiday",11147
2019-11-01,"Hong Kong (SAR of China)","Holiday",12489
2019-12-01,"Hong Kong (SAR of China)","Holiday",20852
2020-01-01,"Hong Kong (SAR of China)","Holiday",15651
2020-02-01,"Hong Kong (SAR of China)","Holiday",9516
2005-01-01,"Hong Kong (SAR of China)","Other",249
2005-02-01,"Hong Kong (SAR of China)","Other",142
2005-03-01,"Hong Kong (SAR of China)","Other",411
2005-04-01,"Hong Kong (SAR of China)","Other",289
2005-05-01,"Hong Kong (SAR of China)","Other",123
2005-06-01,"Hong Kong (SAR of China)","Other",129
2005-07-01,"Hong Kong (SAR of China)","Other",450
2005-08-01,"Hong Kong (SAR of China)","Other",236
2005-09-01,"Hong Kong (SAR of China)","Other",266
2005-10-01,"Hong Kong (SAR of China)","Other",144
2005-11-01,"Hong Kong (SAR of China)","Other",25
2005-12-01,"Hong Kong (SAR of China)","Other",116
2006-01-01,"Hong Kong (SAR of China)","Other",136
2006-02-01,"Hong Kong (SAR of China)","Other",367
2006-03-01,"Hong Kong (SAR of China)","Other",286
2006-04-01,"Hong Kong (SAR of China)","Other",291
2006-05-01,"Hong Kong (SAR of China)","Other",106
2006-06-01,"Hong Kong (SAR of China)","Other",112
2006-07-01,"Hong Kong (SAR of China)","Other",577
2006-08-01,"Hong Kong (SAR of China)","Other",312
2006-09-01,"Hong Kong (SAR of China)","Other",144
2006-10-01,"Hong Kong (SAR of China)","Other",290
2006-11-01,"Hong Kong (SAR of China)","Other",136
2006-12-01,"Hong Kong (SAR of China)","Other",120
2007-01-01,"Hong Kong (SAR of China)","Other",287
2007-02-01,"Hong Kong (SAR of China)","Other",238
2007-03-01,"Hong Kong (SAR of China)","Other",269
2007-04-01,"Hong Kong (SAR of China)","Other",343
2007-05-01,"Hong Kong (SAR of China)","Other",270
2007-06-01,"Hong Kong (SAR of China)","Other",200
2007-07-01,"Hong Kong (SAR of China)","Other",396
2007-08-01,"Hong Kong (SAR of China)","Other",247
2007-09-01,"Hong Kong (SAR of China)","Other",186
2007-10-01,"Hong Kong (SAR of China)","Other",225
2007-11-01,"Hong Kong (SAR of China)","Other",185
2007-12-01,"Hong Kong (SAR of China)","Other",189
2008-01-01,"Hong Kong (SAR of China)","Other",223
2008-02-01,"Hong Kong (SAR of China)","Other",263
2008-03-01,"Hong Kong (SAR of China)","Other",247
2008-04-01,"Hong Kong (SAR of China)","Other",150
2008-05-01,"Hong Kong (SAR of China)","Other",195
2008-06-01,"Hong Kong (SAR of China)","Other",318
2008-07-01,"Hong Kong (SAR of China)","Other",595
2008-08-01,"Hong Kong (SAR of China)","Other",265
2008-09-01,"Hong Kong (SAR of China)","Other",225
2008-10-01,"Hong Kong (SAR of China)","Other",267
2008-11-01,"Hong Kong (SAR of China)","Other",294
2008-12-01,"Hong Kong (SAR of China)","Other",201
2009-01-01,"Hong Kong (SAR of China)","Other",190
2009-02-01,"Hong Kong (SAR of China)","Other",289
2009-03-01,"Hong Kong (SAR of China)","Other",349
2009-04-01,"Hong Kong (SAR of China)","Other",350
2009-05-01,"Hong Kong (SAR of China)","Other",162
2009-06-01,"Hong Kong (SAR of China)","Other",259
2009-07-01,"Hong Kong (SAR of China)","Other",229
2009-08-01,"Hong Kong (SAR of China)","Other",189
2009-09-01,"Hong Kong (SAR of China)","Other",195
2009-10-01,"Hong Kong (SAR of China)","Other",319
2009-11-01,"Hong Kong (SAR of China)","Other",108
2009-12-01,"Hong Kong (SAR of China)","Other",229
2010-01-01,"Hong Kong (SAR of China)","Other",151
2010-02-01,"Hong Kong (SAR of China)","Other",276
2010-03-01,"Hong Kong (SAR of China)","Other",224
2010-04-01,"Hong Kong (SAR of China)","Other",319
2010-05-01,"Hong Kong (SAR of China)","Other",306
2010-06-01,"Hong Kong (SAR of China)","Other",161
2010-07-01,"Hong Kong (SAR of China)","Other",299
2010-08-01,"Hong Kong (SAR of China)","Other",307
2010-09-01,"Hong Kong (SAR of China)","Other",241
2010-10-01,"Hong Kong (SAR of China)","Other",244
2010-11-01,"Hong Kong (SAR of China)","Other",232
2010-12-01,"Hong Kong (SAR of China)","Other",290
2011-01-01,"Hong Kong (SAR of China)","Other",430
2011-02-01,"Hong Kong (SAR of China)","Other",291
2011-03-01,"Hong Kong (SAR of China)","Other",381
2011-04-01,"Hong Kong (SAR of China)","Other",226
2011-05-01,"Hong Kong (SAR of China)","Other",223
2011-06-01,"Hong Kong (SAR of China)","Other",275
2011-07-01,"Hong Kong (SAR of China)","Other",325
2011-08-01,"Hong Kong (SAR of China)","Other",253
2011-09-01,"Hong Kong (SAR of China)","Other",290
2011-10-01,"Hong Kong (SAR of China)","Other",341
2011-11-01,"Hong Kong (SAR of China)","Other",252
2011-12-01,"Hong Kong (SAR of China)","Other",325
2012-01-01,"Hong Kong (SAR of China)","Other",240
2012-02-01,"Hong Kong (SAR of China)","Other",335
2012-03-01,"Hong Kong (SAR of China)","Other",467
2012-04-01,"Hong Kong (SAR of China)","Other",376
2012-05-01,"Hong Kong (SAR of China)","Other",319
2012-06-01,"Hong Kong (SAR of China)","Other",219
2012-07-01,"Hong Kong (SAR of China)","Other",394
2012-08-01,"Hong Kong (SAR of China)","Other",356
2012-09-01,"Hong Kong (SAR of China)","Other",335
2012-10-01,"Hong Kong (SAR of China)","Other",432
2012-11-01,"Hong Kong (SAR of China)","Other",365
2012-12-01,"Hong Kong (SAR of China)","Other",257
2013-01-01,"Hong Kong (SAR of China)","Other",310
2013-02-01,"Hong Kong (SAR of China)","Other",334
2013-03-01,"Hong Kong (SAR of China)","Other",598
2013-04-01,"Hong Kong (SAR of China)","Other",377
2013-05-01,"Hong Kong (SAR of China)","Other",292
2013-06-01,"Hong Kong (SAR of China)","Other",409
2013-07-01,"Hong Kong (SAR of China)","Other",488
2013-08-01,"Hong Kong (SAR of China)","Other",360
2013-09-01,"Hong Kong (SAR of China)","Other",302
2013-10-01,"Hong Kong (SAR of China)","Other",287
2013-11-01,"Hong Kong (SAR of China)","Other",368
2013-12-01,"Hong Kong (SAR of China)","Other",358
2014-01-01,"Hong Kong (SAR of China)","Other",380
2014-02-01,"Hong Kong (SAR of China)","Other",425
2014-03-01,"Hong Kong (SAR of China)","Other",433
2014-04-01,"Hong Kong (SAR of China)","Other",421
2014-05-01,"Hong Kong (SAR of China)","Other",423
2014-06-01,"Hong Kong (SAR of China)","Other",321
2014-07-01,"Hong Kong (SAR of China)","Other",312
2014-08-01,"Hong Kong (SAR of China)","Other",344
2014-09-01,"Hong Kong (SAR of China)","Other",446
2014-10-01,"Hong Kong (SAR of China)","Other",397
2014-11-01,"Hong Kong (SAR of China)","Other",528
2014-12-01,"Hong Kong (SAR of China)","Other",501
2015-01-01,"Hong Kong (SAR of China)","Other",443
2015-02-01,"Hong Kong (SAR of China)","Other",487
2015-03-01,"Hong Kong (SAR of China)","Other",515
2015-04-01,"Hong Kong (SAR of China)","Other",412
2015-05-01,"Hong Kong (SAR of China)","Other",404
2015-06-01,"Hong Kong (SAR of China)","Other",531
2015-07-01,"Hong Kong (SAR of China)","Other",509
2015-08-01,"Hong Kong (SAR of China)","Other",356
2015-09-01,"Hong Kong (SAR of China)","Other",333
2015-10-01,"Hong Kong (SAR of China)","Other",503
2015-11-01,"Hong Kong (SAR of China)","Other",351
2015-12-01,"Hong Kong (SAR of China)","Other",387
2016-01-01,"Hong Kong (SAR of China)","Other",429
2016-02-01,"Hong Kong (SAR of China)","Other",316
2016-03-01,"Hong Kong (SAR of China)","Other",348
2016-04-01,"Hong Kong (SAR of China)","Other",553
2016-05-01,"Hong Kong (SAR of China)","Other",510
2016-06-01,"Hong Kong (SAR of China)","Other",528
2016-07-01,"Hong Kong (SAR of China)","Other",444
2016-08-01,"Hong Kong (SAR of China)","Other",418
2016-09-01,"Hong Kong (SAR of China)","Other",471
2016-10-01,"Hong Kong (SAR of China)","Other",692
2016-11-01,"Hong Kong (SAR of China)","Other",434
2016-12-01,"Hong Kong (SAR of China)","Other",383
2017-01-01,"Hong Kong (SAR of China)","Other",251
2017-02-01,"Hong Kong (SAR of China)","Other",502
2017-03-01,"Hong Kong (SAR of China)","Other",330
2017-04-01,"Hong Kong (SAR of China)","Other",311
2017-05-01,"Hong Kong (SAR of China)","Other",215
2017-06-01,"Hong Kong (SAR of China)","Other",399
2017-07-01,"Hong Kong (SAR of China)","Other",526
2017-08-01,"Hong Kong (SAR of China)","Other",353
2017-09-01,"Hong Kong (SAR of China)","Other",290
2017-10-01,"Hong Kong (SAR of China)","Other",368
2017-11-01,"Hong Kong (SAR of China)","Other",346
2017-12-01,"Hong Kong (SAR of China)","Other",326
2018-01-01,"Hong Kong (SAR of China)","Other",310
2018-02-01,"Hong Kong (SAR of China)","Other",326
2018-03-01,"Hong Kong (SAR of China)","Other",429
2018-04-01,"Hong Kong (SAR of China)","Other",264
2018-05-01,"Hong Kong (SAR of China)","Other",321
2018-06-01,"Hong Kong (SAR of China)","Other",403
2018-07-01,"Hong Kong (SAR of China)","Other",418
2018-08-01,"Hong Kong (SAR of China)","Other",411
2018-09-01,"Hong Kong (SAR of China)","Other",341
2018-10-01,"Hong Kong (SAR of China)","Other",439
2018-11-01,"Hong Kong (SAR of China)","Other",482
2018-12-01,"Hong Kong (SAR of China)","Other",522
2019-01-01,"Hong Kong (SAR of China)","Other",397
2019-02-01,"Hong Kong (SAR of China)","Other",451
2019-03-01,"Hong Kong (SAR of China)","Other",375
2019-04-01,"Hong Kong (SAR of China)","Other",392
2019-05-01,"Hong Kong (SAR of China)","Other",285
2019-06-01,"Hong Kong (SAR of China)","Other",324
2019-07-01,"Hong Kong (SAR of China)","Other",686
2019-08-01,"Hong Kong (SAR of China)","Other",278
2019-09-01,"Hong Kong (SAR of China)","Other",191
2019-10-01,"Hong Kong (SAR of China)","Other",249
2019-11-01,"Hong Kong (SAR of China)","Other",282
2019-12-01,"Hong Kong (SAR of China)","Other",305
2020-01-01,"Hong Kong (SAR of China)","Other",404
2020-02-01,"Hong Kong (SAR of China)","Other",316
2005-01-01,"Hong Kong (SAR of China)","Visiting Friends or Relatives",2297
2005-02-01,"Hong Kong (SAR of China)","Visiting Friends or Relatives",3494
2005-03-01,"Hong Kong (SAR of China)","Visiting Friends or Relatives",4187
2005-04-01,"Hong Kong (SAR of China)","Visiting Friends or Relatives",3562
2005-05-01,"Hong Kong (SAR of China)","Visiting Friends or Relatives",3412
2005-06-01,"Hong Kong (SAR of China)","Visiting Friends or Relatives",5014
2005-07-01,"Hong Kong (SAR of China)","Visiting Friends or Relatives",3983
2005-08-01,"Hong Kong (SAR of China)","Visiting Friends or Relatives",3554
2005-09-01,"Hong Kong (SAR of China)","Visiting Friends or Relatives",3359
2005-10-01,"Hong Kong (SAR of China)","Visiting Friends or Relatives",3137
2005-11-01,"Hong Kong (SAR of China)","Visiting Friends or Relatives",2904
2005-12-01,"Hong Kong (SAR of China)","Visiting Friends or Relatives",6530
2006-01-01,"Hong Kong (SAR of China)","Visiting Friends or Relatives",3626
2006-02-01,"Hong Kong (SAR of China)","Visiting Friends or Relatives",2845
2006-03-01,"Hong Kong (SAR of China)","Visiting Friends or Relatives",4015
2006-04-01,"Hong Kong (SAR of China)","Visiting Friends or Relatives",5349
2006-05-01,"Hong Kong (SAR of China)","Visiting Friends or Relatives",3128
2006-06-01,"Hong Kong (SAR of China)","Visiting Friends or Relatives",3522
2006-07-01,"Hong Kong (SAR of China)","Visiting Friends or Relatives",4412
2006-08-01,"Hong Kong (SAR of China)","Visiting Friends or Relatives",3251
2006-09-01,"Hong Kong (SAR of China)","Visiting Friends or Relatives",3507
2006-10-01,"Hong Kong (SAR of China)","Visiting Friends or Relatives",3386
2006-11-01,"Hong Kong (SAR of China)","Visiting Friends or Relatives",2894
2006-12-01,"Hong Kong (SAR of China)","Visiting Friends or Relatives",5530
2007-01-01,"Hong Kong (SAR of China)","Visiting Friends or Relatives",2506
2007-02-01,"Hong Kong (SAR of China)","Visiting Friends or Relatives",3361
2007-03-01,"Hong Kong (SAR of China)","Visiting Friends or Relatives",3430
2007-04-01,"Hong Kong (SAR of China)","Visiting Friends or Relatives",4538
2007-05-01,"Hong Kong (SAR of China)","Visiting Friends or Relatives",2701
2007-06-01,"Hong Kong (SAR of China)","Visiting Friends or Relatives",4012
2007-07-01,"Hong Kong (SAR of China)","Visiting Friends or Relatives",3384
2007-08-01,"Hong Kong (SAR of China)","Visiting Friends or Relatives",3570
2007-09-01,"Hong Kong (SAR of China)","Visiting Friends or Relatives",3468
2007-10-01,"Hong Kong (SAR of China)","Visiting Friends or Relatives",2986
2007-11-01,"Hong Kong (SAR of China)","Visiting Friends or Relatives",3200
2007-12-01,"Hong Kong (SAR of China)","Visiting Friends or Relatives",4529
2008-01-01,"Hong Kong (SAR of China)","Visiting Friends or Relatives",1990
2008-02-01,"Hong Kong (SAR of China)","Visiting Friends or Relatives",3436
2008-03-01,"Hong Kong (SAR of China)","Visiting Friends or Relatives",4054
2008-04-01,"Hong Kong (SAR of China)","Visiting Friends or Relatives",3245
2008-05-01,"Hong Kong (SAR of China)","Visiting Friends or Relatives",3126
2008-06-01,"Hong Kong (SAR of China)","Visiting Friends or Relatives",4096
2008-07-01,"Hong Kong (SAR of China)","Visiting Friends or Relatives",2748
2008-08-01,"Hong Kong (SAR of China)","Visiting Friends or Relatives",3247
2008-09-01,"Hong Kong (SAR of China)","Visiting Friends or Relatives",3255
2008-10-01,"Hong Kong (SAR of China)","Visiting Friends or Relatives",3104
2008-11-01,"Hong Kong (SAR of China)","Visiting Friends or Relatives",2788
2008-12-01,"Hong Kong (SAR of China)","Visiting Friends or Relatives",5779
2009-01-01,"Hong Kong (SAR of China)","Visiting Friends or Relatives",2926
2009-02-01,"Hong Kong (SAR of China)","Visiting Friends or Relatives",3353
2009-03-01,"Hong Kong (SAR of China)","Visiting Friends or Relatives",3750
2009-04-01,"Hong Kong (SAR of China)","Visiting Friends or Relatives",6300
2009-05-01,"Hong Kong (SAR of China)","Visiting Friends or Relatives",3693
2009-06-01,"Hong Kong (SAR of China)","Visiting Friends or Relatives",2923
2009-07-01,"Hong Kong (SAR of China)","Visiting Friends or Relatives",3547
2009-08-01,"Hong Kong (SAR of China)","Visiting Friends or Relatives",3795
2009-09-01,"Hong Kong (SAR of China)","Visiting Friends or Relatives",4039
2009-10-01,"Hong Kong (SAR of China)","Visiting Friends or Relatives",3535
2009-11-01,"Hong Kong (SAR of China)","Visiting Friends or Relatives",3287
2009-12-01,"Hong Kong (SAR of China)","Visiting Friends or Relatives",5706
2010-01-01,"Hong Kong (SAR of China)","Visiting Friends or Relatives",2216
2010-02-01,"Hong Kong (SAR of China)","Visiting Friends or Relatives",3482
2010-03-01,"Hong Kong (SAR of China)","Visiting Friends or Relatives",4170
2010-04-01,"Hong Kong (SAR of China)","Visiting Friends or Relatives",4062
2010-05-01,"Hong Kong (SAR of China)","Visiting Friends or Relatives",2565
2010-06-01,"Hong Kong (SAR of China)","Visiting Friends or Relatives",3814
2010-07-01,"Hong Kong (SAR of China)","Visiting Friends or Relatives",3809
2010-08-01,"Hong Kong (SAR of China)","Visiting Friends or Relatives",3841
2010-09-01,"Hong Kong (SAR of China)","Visiting Friends or Relatives",4171
2010-10-01,"Hong Kong (SAR of China)","Visiting Friends or Relatives",3884
2010-11-01,"Hong Kong (SAR of China)","Visiting Friends or Relatives",3721
2010-12-01,"Hong Kong (SAR of China)","Visiting Friends or Relatives",6361
2011-01-01,"Hong Kong (SAR of China)","Visiting Friends or Relatives",3345
2011-02-01,"Hong Kong (SAR of China)","Visiting Friends or Relatives",3709
2011-03-01,"Hong Kong (SAR of China)","Visiting Friends or Relatives",4162
2011-04-01,"Hong Kong (SAR of China)","Visiting Friends or Relatives",5860
2011-05-01,"Hong Kong (SAR of China)","Visiting Friends or Relatives",3138
2011-06-01,"Hong Kong (SAR of China)","Visiting Friends or Relatives",3738
2011-07-01,"Hong Kong (SAR of China)","Visiting Friends or Relatives",4127
2011-08-01,"Hong Kong (SAR of China)","Visiting Friends or Relatives",3820
2011-09-01,"Hong Kong (SAR of China)","Visiting Friends or Relatives",3733
2011-10-01,"Hong Kong (SAR of China)","Visiting Friends or Relatives",3650
2011-11-01,"Hong Kong (SAR of China)","Visiting Friends or Relatives",3231
2011-12-01,"Hong Kong (SAR of China)","Visiting Friends or Relatives",6346
2012-01-01,"Hong Kong (SAR of China)","Visiting Friends or Relatives",3305
2012-02-01,"Hong Kong (SAR of China)","Visiting Friends or Relatives",2747
2012-03-01,"Hong Kong (SAR of China)","Visiting Friends or Relatives",5097
2012-04-01,"Hong Kong (SAR of China)","Visiting Friends or Relatives",4817
2012-05-01,"Hong Kong (SAR of China)","Visiting Friends or Relatives",2583
2012-06-01,"Hong Kong (SAR of China)","Visiting Friends or Relatives",3679
2012-07-01,"Hong Kong (SAR of China)","Visiting Friends or Relatives",3873
2012-08-01,"Hong Kong (SAR of China)","Visiting Friends or Relatives",4461
2012-09-01,"Hong Kong (SAR of China)","Visiting Friends or Relatives",4289
2012-10-01,"Hong Kong (SAR of China)","Visiting Friends or Relatives",3712
2012-11-01,"Hong Kong (SAR of China)","Visiting Friends or Relatives",3511
2012-12-01,"Hong Kong (SAR of China)","Visiting Friends or Relatives",7641
2013-01-01,"Hong Kong (SAR of China)","Visiting Friends or Relatives",2832
2013-02-01,"Hong Kong (SAR of China)","Visiting Friends or Relatives",5047
2013-03-01,"Hong Kong (SAR of China)","Visiting Friends or Relatives",6139
2013-04-01,"Hong Kong (SAR of China)","Visiting Friends or Relatives",3777
2013-05-01,"Hong Kong (SAR of China)","Visiting Friends or Relatives",3754
2013-06-01,"Hong Kong (SAR of China)","Visiting Friends or Relatives",4143
2013-07-01,"Hong Kong (SAR of China)","Visiting Friends or Relatives",4408
2013-08-01,"Hong Kong (SAR of China)","Visiting Friends or Relatives",4646
2013-09-01,"Hong Kong (SAR of China)","Visiting Friends or Relatives",5318
2013-10-01,"Hong Kong (SAR of China)","Visiting Friends or Relatives",4208
2013-11-01,"Hong Kong (SAR of China)","Visiting Friends or Relatives",4687
2013-12-01,"Hong Kong (SAR of China)","Visiting Friends or Relatives",8789
2014-01-01,"Hong Kong (SAR of China)","Visiting Friends or Relatives",4773
2014-02-01,"Hong Kong (SAR of China)","Visiting Friends or Relatives",4609
2014-03-01,"Hong Kong (SAR of China)","Visiting Friends or Relatives",5247
2014-04-01,"Hong Kong (SAR of China)","Visiting Friends or Relatives",7314
2014-05-01,"Hong Kong (SAR of China)","Visiting Friends or Relatives",3879
2014-06-01,"Hong Kong (SAR of China)","Visiting Friends or Relatives",4487
2014-07-01,"Hong Kong (SAR of China)","Visiting Friends or Relatives",4548
2014-08-01,"Hong Kong (SAR of China)","Visiting Friends or Relatives",4654
2014-09-01,"Hong Kong (SAR of China)","Visiting Friends or Relatives",4536
2014-10-01,"Hong Kong (SAR of China)","Visiting Friends or Relatives",4488
2014-11-01,"Hong Kong (SAR of China)","Visiting Friends or Relatives",4572
2014-12-01,"Hong Kong (SAR of China)","Visiting Friends or Relatives",8766
2015-01-01,"Hong Kong (SAR of China)","Visiting Friends or Relatives",3463
2015-02-01,"Hong Kong (SAR of China)","Visiting Friends or Relatives",5906
2015-03-01,"Hong Kong (SAR of China)","Visiting Friends or Relatives",7083
2015-04-01,"Hong Kong (SAR of China)","Visiting Friends or Relatives",5485
2015-05-01,"Hong Kong (SAR of China)","Visiting Friends or Relatives",4746
2015-06-01,"Hong Kong (SAR of China)","Visiting Friends or Relatives",5070
2015-07-01,"Hong Kong (SAR of China)","Visiting Friends or Relatives",5660
2015-08-01,"Hong Kong (SAR of China)","Visiting Friends or Relatives",6452
2015-09-01,"Hong Kong (SAR of China)","Visiting Friends or Relatives",5544
2015-10-01,"Hong Kong (SAR of China)","Visiting Friends or Relatives",4858
2015-11-01,"Hong Kong (SAR of China)","Visiting Friends or Relatives",4244
2015-12-01,"Hong Kong (SAR of China)","Visiting Friends or Relatives",9788
2016-01-01,"Hong Kong (SAR of China)","Visiting Friends or Relatives",3890
2016-02-01,"Hong Kong (SAR of China)","Visiting Friends or Relatives",6801
2016-03-01,"Hong Kong (SAR of China)","Visiting Friends or Relatives",8106
2016-04-01,"Hong Kong (SAR of China)","Visiting Friends or Relatives",4519
2016-05-01,"Hong Kong (SAR of China)","Visiting Friends or Relatives",4062
2016-06-01,"Hong Kong (SAR of China)","Visiting Friends or Relatives",5317
2016-07-01,"Hong Kong (SAR of China)","Visiting Friends or Relatives",5901
2016-08-01,"Hong Kong (SAR of China)","Visiting Friends or Relatives",5681
2016-09-01,"Hong Kong (SAR of China)","Visiting Friends or Relatives",5323
2016-10-01,"Hong Kong (SAR of China)","Visiting Friends or Relatives",5222
2016-11-01,"Hong Kong (SAR of China)","Visiting Friends or Relatives",5107
2016-12-01,"Hong Kong (SAR of China)","Visiting Friends or Relatives",10358
2017-01-01,"Hong Kong (SAR of China)","Visiting Friends or Relatives",5010
2017-02-01,"Hong Kong (SAR of China)","Visiting Friends or Relatives",4876
2017-03-01,"Hong Kong (SAR of China)","Visiting Friends or Relatives",6141
2017-04-01,"Hong Kong (SAR of China)","Visiting Friends or Relatives",8285
2017-05-01,"Hong Kong (SAR of China)","Visiting Friends or Relatives",5207
2017-06-01,"Hong Kong (SAR of China)","Visiting Friends or Relatives",5403
2017-07-01,"Hong Kong (SAR of China)","Visiting Friends or Relatives",6571
2017-08-01,"Hong Kong (SAR of China)","Visiting Friends or Relatives",7374
2017-09-01,"Hong Kong (SAR of China)","Visiting Friends or Relatives",6328
2017-10-01,"Hong Kong (SAR of China)","Visiting Friends or Relatives",6458
2017-11-01,"Hong Kong (SAR of China)","Visiting Friends or Relatives",5945
2017-12-01,"Hong Kong (SAR of China)","Visiting Friends or Relatives",12466
2018-01-01,"Hong Kong (SAR of China)","Visiting Friends or Relatives",4163
2018-02-01,"Hong Kong (SAR of China)","Visiting Friends or Relatives",7333
2018-03-01,"Hong Kong (SAR of China)","Visiting Friends or Relatives",10436
2018-04-01,"Hong Kong (SAR of China)","Visiting Friends or Relatives",6048
2018-05-01,"Hong Kong (SAR of China)","Visiting Friends or Relatives",5866
2018-06-01,"Hong Kong (SAR of China)","Visiting Friends or Relatives",6123
2018-07-01,"Hong Kong (SAR of China)","Visiting Friends or Relatives",7827
2018-08-01,"Hong Kong (SAR of China)","Visiting Friends or Relatives",7923
2018-09-01,"Hong Kong (SAR of China)","Visiting Friends or Relatives",6356
2018-10-01,"Hong Kong (SAR of China)","Visiting Friends or Relatives",6448
2018-11-01,"Hong Kong (SAR of China)","Visiting Friends or Relatives",7046
2018-12-01,"Hong Kong (SAR of China)","Visiting Friends or Relatives",12302
2019-01-01,"Hong Kong (SAR of China)","Visiting Friends or Relatives",5239
2019-02-01,"Hong Kong (SAR of China)","Visiting Friends or Relatives",7235
2019-03-01,"Hong Kong (SAR of China)","Visiting Friends or Relatives",6634
2019-04-01,"Hong Kong (SAR of China)","Visiting Friends or Relatives",8576
2019-05-01,"Hong Kong (SAR of China)","Visiting Friends or Relatives",6454
2019-06-01,"Hong Kong (SAR of China)","Visiting Friends or Relatives",6768
2019-07-01,"Hong Kong (SAR of China)","Visiting Friends or Relatives",8701
2019-08-01,"Hong Kong (SAR of China)","Visiting Friends or Relatives",8732
2019-09-01,"Hong Kong (SAR of China)","Visiting Friends or Relatives",6759
2019-10-01,"Hong Kong (SAR of China)","Visiting Friends or Relatives",7592
2019-11-01,"Hong Kong (SAR of China)","Visiting Friends or Relatives",6680
2019-12-01,"Hong Kong (SAR of China)","Visiting Friends or Relatives",13376
2020-01-01,"Hong Kong (SAR of China)","Visiting Friends or Relatives",7556
2020-02-01,"Hong Kong (SAR of China)","Visiting Friends or Relatives",8934
2005-01-01,"India","Business",1249
2005-02-01,"India","Business",1110
2005-03-01,"India","Business",1089
2005-04-01,"India","Business",991
2005-05-01,"India","Business",1574
2005-06-01,"India","Business",1033
2005-07-01,"India","Business",1600
2005-08-01,"India","Business",1630
2005-09-01,"India","Business",1744
2005-10-01,"India","Business",1464
2005-11-01,"India","Business",2107
2005-12-01,"India","Business",1043
2006-01-01,"India","Business",1087
2006-02-01,"India","Business",1628
2006-03-01,"India","Business",1674
2006-04-01,"India","Business",1934
2006-05-01,"India","Business",1659
2006-06-01,"India","Business",1630
2006-07-01,"India","Business",1968
2006-08-01,"India","Business",2089
2006-09-01,"India","Business",1609
2006-10-01,"India","Business",1659
2006-11-01,"India","Business",1751
2006-12-01,"India","Business",1108
2007-01-01,"India","Business",1430
2007-02-01,"India","Business",1647
2007-03-01,"India","Business",1869
2007-04-01,"India","Business",2049
2007-05-01,"India","Business",2124
2007-06-01,"India","Business",1807
2007-07-01,"India","Business",1894
2007-08-01,"India","Business",2516
2007-09-01,"India","Business",1889
2007-10-01,"India","Business",1801
2007-11-01,"India","Business",2320
2007-12-01,"India","Business",2002
2008-01-01,"India","Business",1669
2008-02-01,"India","Business",2385
2008-03-01,"India","Business",2184
2008-04-01,"India","Business",1768
2008-05-01,"India","Business",2397
2008-06-01,"India","Business",2030
2008-07-01,"India","Business",2648
2008-08-01,"India","Business",2762
2008-09-01,"India","Business",1778
2008-10-01,"India","Business",1632
2008-11-01,"India","Business",2577
2008-12-01,"India","Business",1173
2009-01-01,"India","Business",1509
2009-02-01,"India","Business",2021
2009-03-01,"India","Business",2031
2009-04-01,"India","Business",1659
2009-05-01,"India","Business",2186
2009-06-01,"India","Business",1942
2009-07-01,"India","Business",1530
2009-08-01,"India","Business",2310
2009-09-01,"India","Business",1592
2009-10-01,"India","Business",1847
2009-11-01,"India","Business",2099
2009-12-01,"India","Business",1279
2010-01-01,"India","Business",1977
2010-02-01,"India","Business",2172
2010-03-01,"India","Business",2638
2010-04-01,"India","Business",2459
2010-05-01,"India","Business",2448
2010-06-01,"India","Business",2517
2010-07-01,"India","Business",2505
2010-08-01,"India","Business",2736
2010-09-01,"India","Business",2467
2010-10-01,"India","Business",2398
2010-11-01,"India","Business",2699
2010-12-01,"India","Business",1700
2011-01-01,"India","Business",2121
2011-02-01,"India","Business",2506
2011-03-01,"India","Business",3392
2011-04-01,"India","Business",1996
2011-05-01,"India","Business",2593
2011-06-01,"India","Business",2224
2011-07-01,"India","Business",2635
2011-08-01,"India","Business",1874
2011-09-01,"India","Business",2880
2011-10-01,"India","Business",2260
2011-11-01,"India","Business",2865
2011-12-01,"India","Business",1785
2012-01-01,"India","Business",1950
2012-02-01,"India","Business",2695
2012-03-01,"India","Business",2605
2012-04-01,"India","Business",2158
2012-05-01,"India","Business",2795
2012-06-01,"India","Business",2212
2012-07-01,"India","Business",2317
2012-08-01,"India","Business",2423
2012-09-01,"India","Business",2227
2012-10-01,"India","Business",2670
2012-11-01,"India","Business",2525
2012-12-01,"India","Business",4020
2013-01-01,"India","Business",1526
2013-02-01,"India","Business",2093
2013-03-01,"India","Business",2001
2013-04-01,"India","Business",2527
2013-05-01,"India","Business",2097
2013-06-01,"India","Business",2598
2013-07-01,"India","Business",1742
2013-08-01,"India","Business",2012
2013-09-01,"India","Business",2290
2013-10-01,"India","Business",1998
2013-11-01,"India","Business",2028
2013-12-01,"India","Business",2512
2014-01-01,"India","Business",1391
2014-02-01,"India","Business",1672
2014-03-01,"India","Business",2204
2014-04-01,"India","Business",2100
2014-05-01,"India","Business",2846
2014-06-01,"India","Business",2272
2014-07-01,"India","Business",2346
2014-08-01,"India","Business",2233
2014-09-01,"India","Business",1679
2014-10-01,"India","Business",2296
2014-11-01,"India","Business",3040
2014-12-01,"India","Business",1426
2015-01-01,"India","Business",1863
2015-02-01,"India","Business",2475
2015-03-01,"India","Business",2906
2015-04-01,"India","Business",2227
2015-05-01,"India","Business",2838
2015-06-01,"India","Business",2162
2015-07-01,"India","Business",2214
2015-08-01,"India","Business",2276
2015-09-01,"India","Business",2066
2015-10-01,"India","Business",2600
2015-11-01,"India","Business",2666
2015-12-01,"India","Business",1212
2016-01-01,"India","Business",1746
2016-02-01,"India","Business",2500
2016-03-01,"India","Business",2688
2016-04-01,"India","Business",2478
2016-05-01,"India","Business",3100
2016-06-01,"India","Business",2274
2016-07-01,"India","Business",2193
2016-08-01,"India","Business",2125
2016-09-01,"India","Business",2612
2016-10-01,"India","Business",2572
2016-11-01,"India","Business",3124
2016-12-01,"India","Business",1345
2017-01-01,"India","Business",1974
2017-02-01,"India","Business",4024
2017-03-01,"India","Business",2860
2017-04-01,"India","Business",3461
2017-05-01,"India","Business",3923
2017-06-01,"India","Business",2409
2017-07-01,"India","Business",2779
2017-08-01,"India","Business",3352
2017-09-01,"India","Business",3259
2017-10-01,"India","Business",3545
2017-11-01,"India","Business",4173
2017-12-01,"India","Business",2349
2018-01-01,"India","Business",2545
2018-02-01,"India","Business",3154
2018-03-01,"India","Business",3147
2018-04-01,"India","Business",3365
2018-05-01,"India","Business",3509
2018-06-01,"India","Business",3352
2018-07-01,"India","Business",3578
2018-08-01,"India","Business",3730
2018-09-01,"India","Business",4286
2018-10-01,"India","Business",4006
2018-11-01,"India","Business",3497
2018-12-01,"India","Business",2811
2019-01-01,"India","Business",3206
2019-02-01,"India","Business",3411
2019-03-01,"India","Business",3815
2019-04-01,"India","Business",3044
2019-05-01,"India","Business",3953
2019-06-01,"India","Business",4097
2019-07-01,"India","Business",3496
2019-08-01,"India","Business",5253
2019-09-01,"India","Business",4669
2019-10-01,"India","Business",3463
2019-11-01,"India","Business",4880
2019-12-01,"India","Business",2686
2020-01-01,"India","Business",2368
2020-02-01,"India","Business",3258
2005-01-01,"India","Education",636
2005-02-01,"India","Education",869
2005-03-01,"India","Education",714
2005-04-01,"India","Education",186
2005-05-01,"India","Education",354
2005-06-01,"India","Education",135
2005-07-01,"India","Education",811
2005-08-01,"India","Education",465
2005-09-01,"India","Education",259
2005-10-01,"India","Education",308
2005-11-01,"India","Education",250
2005-12-01,"India","Education",361
2006-01-01,"India","Education",681
2006-02-01,"India","Education",1225
2006-03-01,"India","Education",866
2006-04-01,"India","Education",346
2006-05-01,"India","Education",419
2006-06-01,"India","Education",363
2006-07-01,"India","Education",906
2006-08-01,"India","Education",441
2006-09-01,"India","Education",433
2006-10-01,"India","Education",324
2006-11-01,"India","Education",590
2006-12-01,"India","Education",266
2007-01-01,"India","Education",731
2007-02-01,"India","Education",1269
2007-03-01,"India","Education",1030
2007-04-01,"India","Education",456
2007-05-01,"India","Education",613
2007-06-01,"India","Education",455
2007-07-01,"India","Education",893
2007-08-01,"India","Education",492
2007-09-01,"India","Education",387
2007-10-01,"India","Education",351
2007-11-01,"India","Education",375
2007-12-01,"India","Education",549
2008-01-01,"India","Education",1066
2008-02-01,"India","Education",1496
2008-03-01,"India","Education",1090
2008-04-01,"India","Education",577
2008-05-01,"India","Education",583
2008-06-01,"India","Education",387
2008-07-01,"India","Education",938
2008-08-01,"India","Education",766
2008-09-01,"India","Education",392
2008-10-01,"India","Education",429
2008-11-01,"India","Education",534
2008-12-01,"India","Education",521
2009-01-01,"India","Education",1718
2009-02-01,"India","Education",2459
2009-03-01,"India","Education",1622
2009-04-01,"India","Education",728
2009-05-01,"India","Education",753
2009-06-01,"India","Education",725
2009-07-01,"India","Education",1416
2009-08-01,"India","Education",868
2009-09-01,"India","Education",642
2009-10-01,"India","Education",751
2009-11-01,"India","Education",675
2009-12-01,"India","Education",812
2010-01-01,"India","Education",1885
2010-02-01,"India","Education",2604
2010-03-01,"India","Education",1762
2010-04-01,"India","Education",818
2010-05-01,"India","Education",882
2010-06-01,"India","Education",808
2010-07-01,"India","Education",1272
2010-08-01,"India","Education",933
2010-09-01,"India","Education",686
2010-10-01,"India","Education",833
2010-11-01,"India","Education",1211
2010-12-01,"India","Education",1222
2011-01-01,"India","Education",1776
2011-02-01,"India","Education",3060
2011-03-01,"India","Education",2274
2011-04-01,"India","Education",857
2011-05-01,"India","Education",979
2011-06-01,"India","Education",674
2011-07-01,"India","Education",846
2011-08-01,"India","Education",723
2011-09-01,"India","Education",626
2011-10-01,"India","Education",493
2011-11-01,"India","Education",949
2011-12-01,"India","Education",698
2012-01-01,"India","Education",1341
2012-02-01,"India","Education",2307
2012-03-01,"India","Education",1550
2012-04-01,"India","Education",1021
2012-05-01,"India","Education",828
2012-06-01,"India","Education",576
2012-07-01,"India","Education",813
2012-08-01,"India","Education",741
2012-09-01,"India","Education",654
2012-10-01,"India","Education",557
2012-11-01,"India","Education",646
2012-12-01,"India","Education",807
2013-01-01,"India","Education",1134
2013-02-01,"India","Education",1708
2013-03-01,"India","Education",1299
2013-04-01,"India","Education",728
2013-05-01,"India","Education",739
2013-06-01,"India","Education",603
2013-07-01,"India","Education",959
2013-08-01,"India","Education",823
2013-09-01,"India","Education",422
2013-10-01,"India","Education",618
2013-11-01,"India","Education",618
2013-12-01,"India","Education",645
2014-01-01,"India","Education",1178
2014-02-01,"India","Education",1824
2014-03-01,"India","Education",1221
2014-04-01,"India","Education",621
2014-05-01,"India","Education",683
2014-06-01,"India","Education",611
2014-07-01,"India","Education",1010
2014-08-01,"India","Education",883
2014-09-01,"India","Education",639
2014-10-01,"India","Education",712
2014-11-01,"India","Education",681
2014-12-01,"India","Education",809
2015-01-01,"India","Education",1290
2015-02-01,"India","Education",1805
2015-03-01,"India","Education",1512
2015-04-01,"India","Education",847
2015-05-01,"India","Education",860
2015-06-01,"India","Education",646
2015-07-01,"India","Education",1539
2015-08-01,"India","Education",1149
2015-09-01,"India","Education",517
2015-10-01,"India","Education",514
2015-11-01,"India","Education",1032
2015-12-01,"India","Education",1117
2016-01-01,"India","Education",1527
2016-02-01,"India","Education",2542
2016-03-01,"India","Education",1503
2016-04-01,"India","Education",845
2016-05-01,"India","Education",814
2016-06-01,"India","Education",743
2016-07-01,"India","Education",1718
2016-08-01,"India","Education",1076
2016-09-01,"India","Education",842
2016-10-01,"India","Education",1128
2016-11-01,"India","Education",1204
2016-12-01,"India","Education",1255
2017-01-01,"India","Education",2023
2017-02-01,"India","Education",3608
2017-03-01,"India","Education",2203
2017-04-01,"India","Education",1257
2017-05-01,"India","Education",965
2017-06-01,"India","Education",684
2017-07-01,"India","Education",1813
2017-08-01,"India","Education",930
2017-09-01,"India","Education",934
2017-10-01,"India","Education",957
2017-11-01,"India","Education",1373
2017-12-01,"India","Education",1370
2018-01-01,"India","Education",2445
2018-02-01,"India","Education",3279
2018-03-01,"India","Education",2675
2018-04-01,"India","Education",1102
2018-05-01,"India","Education",1238
2018-06-01,"India","Education",1125
2018-07-01,"India","Education",2904
2018-08-01,"India","Education",1227
2018-09-01,"India","Education",1316
2018-10-01,"India","Education",750
2018-11-01,"India","Education",1826
2018-12-01,"India","Education",1474
2019-01-01,"India","Education",2600
2019-02-01,"India","Education",4361
2019-03-01,"India","Education",3088
2019-04-01,"India","Education",1346
2019-05-01,"India","Education",1434
2019-06-01,"India","Education",1217
2019-07-01,"India","Education",2718
2019-08-01,"India","Education",1554
2019-09-01,"India","Education",1101
2019-10-01,"India","Education",1101
2019-11-01,"India","Education",2158
2019-12-01,"India","Education",2276
2020-01-01,"India","Education",2825
2020-02-01,"India","Education",5569
2005-01-01,"India","Employment",301
2005-02-01,"India","Employment",246
2005-03-01,"India","Employment",205
2005-04-01,"India","Employment",267
2005-05-01,"India","Employment",380
2005-06-01,"India","Employment",329
2005-07-01,"India","Employment",282
2005-08-01,"India","Employment",211
2005-09-01,"India","Employment",378
2005-10-01,"India","Employment",523
2005-11-01,"India","Employment",495
2005-12-01,"India","Employment",663
2006-01-01,"India","Employment",427
2006-02-01,"India","Employment",515
2006-03-01,"India","Employment",435
2006-04-01,"India","Employment",621
2006-05-01,"India","Employment",1133
2006-06-01,"India","Employment",834
2006-07-01,"India","Employment",443
2006-08-01,"India","Employment",398
2006-09-01,"India","Employment",366
2006-10-01,"India","Employment",618
2006-11-01,"India","Employment",345
2006-12-01,"India","Employment",617
2007-01-01,"India","Employment",434
2007-02-01,"India","Employment",565
2007-03-01,"India","Employment",436
2007-04-01,"India","Employment",438
2007-05-01,"India","Employment",1036
2007-06-01,"India","Employment",758
2007-07-01,"India","Employment",364
2007-08-01,"India","Employment",437
2007-09-01,"India","Employment",499
2007-10-01,"India","Employment",517
2007-11-01,"India","Employment",506
2007-12-01,"India","Employment",1118
2008-01-01,"India","Employment",656
2008-02-01,"India","Employment",521
2008-03-01,"India","Employment",593
2008-04-01,"India","Employment",994
2008-05-01,"India","Employment",1121
2008-06-01,"India","Employment",917
2008-07-01,"India","Employment",504
2008-08-01,"India","Employment",735
2008-09-01,"India","Employment",478
2008-10-01,"India","Employment",574
2008-11-01,"India","Employment",756
2008-12-01,"India","Employment",866
2009-01-01,"India","Employment",782
2009-02-01,"India","Employment",915
2009-03-01,"India","Employment",618
2009-04-01,"India","Employment",731
2009-05-01,"India","Employment",1236
2009-06-01,"India","Employment",765
2009-07-01,"India","Employment",670
2009-08-01,"India","Employment",585
2009-09-01,"India","Employment",676
2009-10-01,"India","Employment",537
2009-11-01,"India","Employment",732
2009-12-01,"India","Employment",992
2010-01-01,"India","Employment",799
2010-02-01,"India","Employment",707
2010-03-01,"India","Employment",789
2010-04-01,"India","Employment",1110
2010-05-01,"India","Employment",852
2010-06-01,"India","Employment",922
2010-07-01,"India","Employment",706
2010-08-01,"India","Employment",534
2010-09-01,"India","Employment",759
2010-10-01,"India","Employment",636
2010-11-01,"India","Employment",851
2010-12-01,"India","Employment",988
2011-01-01,"India","Employment",863
2011-02-01,"India","Employment",1191
2011-03-01,"India","Employment",768
2011-04-01,"India","Employment",1039
2011-05-01,"India","Employment",1366
2011-06-01,"India","Employment",1007
2011-07-01,"India","Employment",781
2011-08-01,"India","Employment",930
2011-09-01,"India","Employment",809
2011-10-01,"India","Employment",982
2011-11-01,"India","Employment",1163
2011-12-01,"India","Employment",741
2012-01-01,"India","Employment",1321
2012-02-01,"India","Employment",1266
2012-03-01,"India","Employment",1055
2012-04-01,"India","Employment",953
2012-05-01,"India","Employment",1126
2012-06-01,"India","Employment",1047
2012-07-01,"India","Employment",778
2012-08-01,"India","Employment",831
2012-09-01,"India","Employment",794
2012-10-01,"India","Employment",899
2012-11-01,"India","Employment",963
2012-12-01,"India","Employment",1225
2013-01-01,"India","Employment",1608
2013-02-01,"India","Employment",1359
2013-03-01,"India","Employment",1385
2013-04-01,"India","Employment",1014
2013-05-01,"India","Employment",1163
2013-06-01,"India","Employment",941
2013-07-01,"India","Employment",728
2013-08-01,"India","Employment",869
2013-09-01,"India","Employment",954
2013-10-01,"India","Employment",794
2013-11-01,"India","Employment",1005
2013-12-01,"India","Employment",1011
2014-01-01,"India","Employment",1357
2014-02-01,"India","Employment",1222
2014-03-01,"India","Employment",1423
2014-04-01,"India","Employment",1192
2014-05-01,"India","Employment",1361
2014-06-01,"India","Employment",947
2014-07-01,"India","Employment",660
2014-08-01,"India","Employment",1194
2014-09-01,"India","Employment",1174
2014-10-01,"India","Employment",1028
2014-11-01,"India","Employment",1375
2014-12-01,"India","Employment",1311
2015-01-01,"India","Employment",1668
2015-02-01,"India","Employment",1675
2015-03-01,"India","Employment",1663
2015-04-01,"India","Employment",1599
2015-05-01,"India","Employment",1790
2015-06-01,"India","Employment",1302
2015-07-01,"India","Employment",1029
2015-08-01,"India","Employment",1452
2015-09-01,"India","Employment",1162
2015-10-01,"India","Employment",1209
2015-11-01,"India","Employment",1542
2015-12-01,"India","Employment",1486
2016-01-01,"India","Employment",2213
2016-02-01,"India","Employment",1386
2016-03-01,"India","Employment",1798
2016-04-01,"India","Employment",1669
2016-05-01,"India","Employment",1890
2016-06-01,"India","Employment",1582
2016-07-01,"India","Employment",1550
2016-08-01,"India","Employment",1117
2016-09-01,"India","Employment",1178
2016-10-01,"India","Employment",1381
2016-11-01,"India","Employment",1907
2016-12-01,"India","Employment",1826
2017-01-01,"India","Employment",2442
2017-02-01,"India","Employment",2330
2017-03-01,"India","Employment",1474
2017-04-01,"India","Employment",1419
2017-05-01,"India","Employment",1796
2017-06-01,"India","Employment",1578
2017-07-01,"India","Employment",1267
2017-08-01,"India","Employment",1128
2017-09-01,"India","Employment",1377
2017-10-01,"India","Employment",1647
2017-11-01,"India","Employment",1782
2017-12-01,"India","Employment",1402
2018-01-01,"India","Employment",2747
2018-02-01,"India","Employment",1986
2018-03-01,"India","Employment",2049
2018-04-01,"India","Employment",1860
2018-05-01,"India","Employment",1752
2018-06-01,"India","Employment",1419
2018-07-01,"India","Employment",1337
2018-08-01,"India","Employment",1521
2018-09-01,"India","Employment",1777
2018-10-01,"India","Employment",1544
2018-11-01,"India","Employment",1842
2018-12-01,"India","Employment",1393
2019-01-01,"India","Employment",3145
2019-02-01,"India","Employment",2316
2019-03-01,"India","Employment",2089
2019-04-01,"India","Employment",1509
2019-05-01,"India","Employment",1994
2019-06-01,"India","Employment",1710
2019-07-01,"India","Employment",1200
2019-08-01,"India","Employment",1453
2019-09-01,"India","Employment",1628
2019-10-01,"India","Employment",1433
2019-11-01,"India","Employment",2239
2019-12-01,"India","Employment",1762
2020-01-01,"India","Employment",3537
2020-02-01,"India","Employment",2381
2005-01-01,"India","Holiday",878
2005-02-01,"India","Holiday",1204
2005-03-01,"India","Holiday",1214
2005-04-01,"India","Holiday",1418
2005-05-01,"India","Holiday",3539
2005-06-01,"India","Holiday",2102
2005-07-01,"India","Holiday",1113
2005-08-01,"India","Holiday",818
2005-09-01,"India","Holiday",1032
2005-10-01,"India","Holiday",1768
2005-11-01,"India","Holiday",1465
2005-12-01,"India","Holiday",1772
2006-01-01,"India","Holiday",985
2006-02-01,"India","Holiday",1198
2006-03-01,"India","Holiday",1330
2006-04-01,"India","Holiday",1451
2006-05-01,"India","Holiday",4153
2006-06-01,"India","Holiday",2400
2006-07-01,"India","Holiday",926
2006-08-01,"India","Holiday",869
2006-09-01,"India","Holiday",1317
2006-10-01,"India","Holiday",1552
2006-11-01,"India","Holiday",1224
2006-12-01,"India","Holiday",2158
2007-01-01,"India","Holiday",1049
2007-02-01,"India","Holiday",1409
2007-03-01,"India","Holiday",1263
2007-04-01,"India","Holiday",1815
2007-05-01,"India","Holiday",3957
2007-06-01,"India","Holiday",1772
2007-07-01,"India","Holiday",1074
2007-08-01,"India","Holiday",1241
2007-09-01,"India","Holiday",1140
2007-10-01,"India","Holiday",1450
2007-11-01,"India","Holiday",1859
2007-12-01,"India","Holiday",2838
2008-01-01,"India","Holiday",1459
2008-02-01,"India","Holiday",1908
2008-03-01,"India","Holiday",1798
2008-04-01,"India","Holiday",2298
2008-05-01,"India","Holiday",4349
2008-06-01,"India","Holiday",2961
2008-07-01,"India","Holiday",1149
2008-08-01,"India","Holiday",1304
2008-09-01,"India","Holiday",1245
2008-10-01,"India","Holiday",1833
2008-11-01,"India","Holiday",1463
2008-12-01,"India","Holiday",3141
2009-01-01,"India","Holiday",1166
2009-02-01,"India","Holiday",1369
2009-03-01,"India","Holiday",1668
2009-04-01,"India","Holiday",2175
2009-05-01,"India","Holiday",4457
2009-06-01,"India","Holiday",2164
2009-07-01,"India","Holiday",1241
2009-08-01,"India","Holiday",1135
2009-09-01,"India","Holiday",1198
2009-10-01,"India","Holiday",1186
2009-11-01,"India","Holiday",1625
2009-12-01,"India","Holiday",3098
2010-01-01,"India","Holiday",1424
2010-02-01,"India","Holiday",1630
2010-03-01,"India","Holiday",1431
2010-04-01,"India","Holiday",1989
2010-05-01,"India","Holiday",3449
2010-06-01,"India","Holiday",2335
2010-07-01,"India","Holiday",1503
2010-08-01,"India","Holiday",1009
2010-09-01,"India","Holiday",1341
2010-10-01,"India","Holiday",1848
2010-11-01,"India","Holiday",2077
2010-12-01,"India","Holiday",3537
2011-01-01,"India","Holiday",1718
2011-02-01,"India","Holiday",1624
2011-03-01,"India","Holiday",2109
2011-04-01,"India","Holiday",2287
2011-05-01,"India","Holiday",3314
2011-06-01,"India","Holiday",1946
2011-07-01,"India","Holiday",1324
2011-08-01,"India","Holiday",1269
2011-09-01,"India","Holiday",1577
2011-10-01,"India","Holiday",1803
2011-11-01,"India","Holiday",2390
2011-12-01,"India","Holiday",3760
2012-01-01,"India","Holiday",1668
2012-02-01,"India","Holiday",2320
2012-03-01,"India","Holiday",2046
2012-04-01,"India","Holiday",2572
2012-05-01,"India","Holiday",3919
2012-06-01,"India","Holiday",2409
2012-07-01,"India","Holiday",1382
2012-08-01,"India","Holiday",1759
2012-09-01,"India","Holiday",2206
2012-10-01,"India","Holiday",2343
2012-11-01,"India","Holiday",3321
2012-12-01,"India","Holiday",5264
2013-01-01,"India","Holiday",1896
2013-02-01,"India","Holiday",2988
2013-03-01,"India","Holiday",3051
2013-04-01,"India","Holiday",2970
2013-05-01,"India","Holiday",4146
2013-06-01,"India","Holiday",3261
2013-07-01,"India","Holiday",1347
2013-08-01,"India","Holiday",1694
2013-09-01,"India","Holiday",2058
2013-10-01,"India","Holiday",2416
2013-11-01,"India","Holiday",3155
2013-12-01,"India","Holiday",4650
2014-01-01,"India","Holiday",2225
2014-02-01,"India","Holiday",2943
2014-03-01,"India","Holiday",2776
2014-04-01,"India","Holiday",3252
2014-05-01,"India","Holiday",6316
2014-06-01,"India","Holiday",4673
2014-07-01,"India","Holiday",2090
2014-08-01,"India","Holiday",2185
2014-09-01,"India","Holiday",2770
2014-10-01,"India","Holiday",3287
2014-11-01,"India","Holiday",2809
2014-12-01,"India","Holiday",5881
2015-01-01,"India","Holiday",2399
2015-02-01,"India","Holiday",6461
2015-03-01,"India","Holiday",5742
2015-04-01,"India","Holiday",4738
2015-05-01,"India","Holiday",5849
2015-06-01,"India","Holiday",3862
2015-07-01,"India","Holiday",2144
2015-08-01,"India","Holiday",2177
2015-09-01,"India","Holiday",2244
2015-10-01,"India","Holiday",3271
2015-11-01,"India","Holiday",4738
2015-12-01,"India","Holiday",7260
2016-01-01,"India","Holiday",3180
2016-02-01,"India","Holiday",4610
2016-03-01,"India","Holiday",5052
2016-04-01,"India","Holiday",4764
2016-05-01,"India","Holiday",8290
2016-06-01,"India","Holiday",4722
2016-07-01,"India","Holiday",2788
2016-08-01,"India","Holiday",3980
2016-09-01,"India","Holiday",4366
2016-10-01,"India","Holiday",4662
2016-11-01,"India","Holiday",5530
2016-12-01,"India","Holiday",7864
2017-01-01,"India","Holiday",3672
2017-02-01,"India","Holiday",4923
2017-03-01,"India","Holiday",4792
2017-04-01,"India","Holiday",6321
2017-05-01,"India","Holiday",9622
2017-06-01,"India","Holiday",5651
2017-07-01,"India","Holiday",3238
2017-08-01,"India","Holiday",4209
2017-09-01,"India","Holiday",5190
2017-10-01,"India","Holiday",5382
2017-11-01,"India","Holiday",5858
2017-12-01,"India","Holiday",8653
2018-01-01,"India","Holiday",4390
2018-02-01,"India","Holiday",5032
2018-03-01,"India","Holiday",6785
2018-04-01,"India","Holiday",6191
2018-05-01,"India","Holiday",10350
2018-06-01,"India","Holiday",5254
2018-07-01,"India","Holiday",3026
2018-08-01,"India","Holiday",3744
2018-09-01,"India","Holiday",4163
2018-10-01,"India","Holiday",4513
2018-11-01,"India","Holiday",7080
2018-12-01,"India","Holiday",8889
2019-01-01,"India","Holiday",3974
2019-02-01,"India","Holiday",5137
2019-03-01,"India","Holiday",4983
2019-04-01,"India","Holiday",5725
2019-05-01,"India","Holiday",9677
2019-06-01,"India","Holiday",6802
2019-07-01,"India","Holiday",3634
2019-08-01,"India","Holiday",4782
2019-09-01,"India","Holiday",5435
2019-10-01,"India","Holiday",5582
2019-11-01,"India","Holiday",6486
2019-12-01,"India","Holiday",9243
2020-01-01,"India","Holiday",3223
2020-02-01,"India","Holiday",4971
2005-01-01,"India","Other",572
2005-02-01,"India","Other",305
2005-03-01,"India","Other",513
2005-04-01,"India","Other",414
2005-05-01,"India","Other",376
2005-06-01,"India","Other",348
2005-07-01,"India","Other",529
2005-08-01,"India","Other",276
2005-09-01,"India","Other",476
2005-10-01,"India","Other",603
2005-11-01,"India","Other",410
2005-12-01,"India","Other",372
2006-01-01,"India","Other",415
2006-02-01,"India","Other",479
2006-03-01,"India","Other",1393
2006-04-01,"India","Other",370
2006-05-01,"India","Other",602
2006-06-01,"India","Other",464
2006-07-01,"India","Other",525
2006-08-01,"India","Other",501
2006-09-01,"India","Other",708
2006-10-01,"India","Other",537
2006-11-01,"India","Other",488
2006-12-01,"India","Other",567
2007-01-01,"India","Other",515
2007-02-01,"India","Other",620
2007-03-01,"India","Other",687
2007-04-01,"India","Other",726
2007-05-01,"India","Other",718
2007-06-01,"India","Other",616
2007-07-01,"India","Other",376
2007-08-01,"India","Other",509
2007-09-01,"India","Other",562
2007-10-01,"India","Other",481
2007-11-01,"India","Other",765
2007-12-01,"India","Other",540
2008-01-01,"India","Other",612
2008-02-01,"India","Other",672
2008-03-01,"India","Other",800
2008-04-01,"India","Other",718
2008-05-01,"India","Other",771
2008-06-01,"India","Other",758
2008-07-01,"India","Other",783
2008-08-01,"India","Other",746
2008-09-01,"India","Other",436
2008-10-01,"India","Other",594
2008-11-01,"India","Other",534
2008-12-01,"India","Other",485
2009-01-01,"India","Other",746
2009-02-01,"India","Other",625
2009-03-01,"India","Other",552
2009-04-01,"India","Other",632
2009-05-01,"India","Other",545
2009-06-01,"India","Other",602
2009-07-01,"India","Other",740
2009-08-01,"India","Other",633
2009-09-01,"India","Other",456
2009-10-01,"India","Other",666
2009-11-01,"India","Other",905
2009-12-01,"India","Other",785
2010-01-01,"India","Other",690
2010-02-01,"India","Other",880
2010-03-01,"India","Other",769
2010-04-01,"India","Other",764
2010-05-01,"India","Other",840
2010-06-01,"India","Other",618
2010-07-01,"India","Other",712
2010-08-01,"India","Other",775
2010-09-01,"India","Other",640
2010-10-01,"India","Other",758
2010-11-01,"India","Other",726
2010-12-01,"India","Other",683
2011-01-01,"India","Other",806
2011-02-01,"India","Other",1078
2011-03-01,"India","Other",1276
2011-04-01,"India","Other",754
2011-05-01,"India","Other",843
2011-06-01,"India","Other",616
2011-07-01,"India","Other",682
2011-08-01,"India","Other",736
2011-09-01,"India","Other",763
2011-10-01,"India","Other",1040
2011-11-01,"India","Other",1143
2011-12-01,"India","Other",798
2012-01-01,"India","Other",1069
2012-02-01,"India","Other",913
2012-03-01,"India","Other",1277
2012-04-01,"India","Other",1220
2012-05-01,"India","Other",858
2012-06-01,"India","Other",882
2012-07-01,"India","Other",945
2012-08-01,"India","Other",866
2012-09-01,"India","Other",1005
2012-10-01,"India","Other",944
2012-11-01,"India","Other",1169
2012-12-01,"India","Other",1055
2013-01-01,"India","Other",844
2013-02-01,"India","Other",1135
2013-03-01,"India","Other",1205
2013-04-01,"India","Other",988
2013-05-01,"India","Other",1036
2013-06-01,"India","Other",1011
2013-07-01,"India","Other",895
2013-08-01,"India","Other",801
2013-09-01,"India","Other",1074
2013-10-01,"India","Other",977
2013-11-01,"India","Other",1459
2013-12-01,"India","Other",895
2014-01-01,"India","Other",839
2014-02-01,"India","Other",1227
2014-03-01,"India","Other",1009
2014-04-01,"India","Other",1108
2014-05-01,"India","Other",1201
2014-06-01,"India","Other",887
2014-07-01,"India","Other",854
2014-08-01,"India","Other",1189
2014-09-01,"India","Other",867
2014-10-01,"India","Other",1448
2014-11-01,"India","Other",1312
2014-12-01,"India","Other",1278
2015-01-01,"India","Other",1377
2015-02-01,"India","Other",1260
2015-03-01,"India","Other",1838
2015-04-01,"India","Other",1296
2015-05-01,"India","Other",1454
2015-06-01,"India","Other",1405
2015-07-01,"India","Other",937
2015-08-01,"India","Other",1106
2015-09-01,"India","Other",911
2015-10-01,"India","Other",1360
2015-11-01,"India","Other",1305
2015-12-01,"India","Other",1165
2016-01-01,"India","Other",1356
2016-02-01,"India","Other",1426
2016-03-01,"India","Other",1307
2016-04-01,"India","Other",1549
2016-05-01,"India","Other",1686
2016-06-01,"India","Other",1308
2016-07-01,"India","Other",1229
2016-08-01,"India","Other",940
2016-09-01,"India","Other",1159
2016-10-01,"India","Other",1490
2016-11-01,"India","Other",1393
2016-12-01,"India","Other",1014
2017-01-01,"India","Other",1216
2017-02-01,"India","Other",1155
2017-03-01,"India","Other",1724
2017-04-01,"India","Other",1499
2017-05-01,"India","Other",1346
2017-06-01,"India","Other",1315
2017-07-01,"India","Other",930
2017-08-01,"India","Other",1052
2017-09-01,"India","Other",1087
2017-10-01,"India","Other",1092
2017-11-01,"India","Other",1139
2017-12-01,"India","Other",1143
2018-01-01,"India","Other",1296
2018-02-01,"India","Other",1718
2018-03-01,"India","Other",1725
2018-04-01,"India","Other",1466
2018-05-01,"India","Other",1379
2018-06-01,"India","Other",1106
2018-07-01,"India","Other",1256
2018-08-01,"India","Other",1168
2018-09-01,"India","Other",1261
2018-10-01,"India","Other",1168
2018-11-01,"India","Other",1668
2018-12-01,"India","Other",1705
2019-01-01,"India","Other",1238
2019-02-01,"India","Other",1634
2019-03-01,"India","Other",1479
2019-04-01,"India","Other",1032
2019-05-01,"India","Other",1391
2019-06-01,"India","Other",1332
2019-07-01,"India","Other",995
2019-08-01,"India","Other",1416
2019-09-01,"India","Other",1205
2019-10-01,"India","Other",1266
2019-11-01,"India","Other",1676
2019-12-01,"India","Other",1365
2020-01-01,"India","Other",1537
2020-02-01,"India","Other",1646
2005-01-01,"India","Visiting Friends or Relatives",861
2005-02-01,"India","Visiting Friends or Relatives",1071
2005-03-01,"India","Visiting Friends or Relatives",1272
2005-04-01,"India","Visiting Friends or Relatives",1467
2005-05-01,"India","Visiting Friends or Relatives",1702
2005-06-01,"India","Visiting Friends or Relatives",1223
2005-07-01,"India","Visiting Friends or Relatives",1105
2005-08-01,"India","Visiting Friends or Relatives",1006
2005-09-01,"India","Visiting Friends or Relatives",1308
2005-10-01,"India","Visiting Friends or Relatives",1453
2005-11-01,"India","Visiting Friends or Relatives",1226
2005-12-01,"India","Visiting Friends or Relatives",2319
2006-01-01,"India","Visiting Friends or Relatives",1148
2006-02-01,"India","Visiting Friends or Relatives",1036
2006-03-01,"India","Visiting Friends or Relatives",1453
2006-04-01,"India","Visiting Friends or Relatives",2014
2006-05-01,"India","Visiting Friends or Relatives",2521
2006-06-01,"India","Visiting Friends or Relatives",1735
2006-07-01,"India","Visiting Friends or Relatives",1463
2006-08-01,"India","Visiting Friends or Relatives",1317
2006-09-01,"India","Visiting Friends or Relatives",1565
2006-10-01,"India","Visiting Friends or Relatives",1768
2006-11-01,"India","Visiting Friends or Relatives",1907
2006-12-01,"India","Visiting Friends or Relatives",2761
2007-01-01,"India","Visiting Friends or Relatives",1390
2007-02-01,"India","Visiting Friends or Relatives",1491
2007-03-01,"India","Visiting Friends or Relatives",1963
2007-04-01,"India","Visiting Friends or Relatives",2098
2007-05-01,"India","Visiting Friends or Relatives",2492
2007-06-01,"India","Visiting Friends or Relatives",2061
2007-07-01,"India","Visiting Friends or Relatives",1502
2007-08-01,"India","Visiting Friends or Relatives",1581
2007-09-01,"India","Visiting Friends or Relatives",2031
2007-10-01,"India","Visiting Friends or Relatives",2003
2007-11-01,"India","Visiting Friends or Relatives",2291
2007-12-01,"India","Visiting Friends or Relatives",3413
2008-01-01,"India","Visiting Friends or Relatives",1537
2008-02-01,"India","Visiting Friends or Relatives",1940
2008-03-01,"India","Visiting Friends or Relatives",2719
2008-04-01,"India","Visiting Friends or Relatives",3200
2008-05-01,"India","Visiting Friends or Relatives",3616
2008-06-01,"India","Visiting Friends or Relatives",2738
2008-07-01,"India","Visiting Friends or Relatives",1970
2008-08-01,"India","Visiting Friends or Relatives",2516
2008-09-01,"India","Visiting Friends or Relatives",3005
2008-10-01,"India","Visiting Friends or Relatives",2722
2008-11-01,"India","Visiting Friends or Relatives",3096
2008-12-01,"India","Visiting Friends or Relatives",4463
2009-01-01,"India","Visiting Friends or Relatives",2044
2009-02-01,"India","Visiting Friends or Relatives",2607
2009-03-01,"India","Visiting Friends or Relatives",2975
2009-04-01,"India","Visiting Friends or Relatives",4318
2009-05-01,"India","Visiting Friends or Relatives",4374
2009-06-01,"India","Visiting Friends or Relatives",3681
2009-07-01,"India","Visiting Friends or Relatives",3478
2009-08-01,"India","Visiting Friends or Relatives",3381
2009-09-01,"India","Visiting Friends or Relatives",3858
2009-10-01,"India","Visiting Friends or Relatives",4133
2009-11-01,"India","Visiting Friends or Relatives",3974
2009-12-01,"India","Visiting Friends or Relatives",5800
2010-01-01,"India","Visiting Friends or Relatives",2566
2010-02-01,"India","Visiting Friends or Relatives",3573
2010-03-01,"India","Visiting Friends or Relatives",4525
2010-04-01,"India","Visiting Friends or Relatives",4451
2010-05-01,"India","Visiting Friends or Relatives",5278
2010-06-01,"India","Visiting Friends or Relatives",4491
2010-07-01,"India","Visiting Friends or Relatives",3411
2010-08-01,"India","Visiting Friends or Relatives",4347
2010-09-01,"India","Visiting Friends or Relatives",4054
2010-10-01,"India","Visiting Friends or Relatives",4241
2010-11-01,"India","Visiting Friends or Relatives",5067
2010-12-01,"India","Visiting Friends or Relatives",6853
2011-01-01,"India","Visiting Friends or Relatives",3264
2011-02-01,"India","Visiting Friends or Relatives",3931
2011-03-01,"India","Visiting Friends or Relatives",4228
2011-04-01,"India","Visiting Friends or Relatives",5656
2011-05-01,"India","Visiting Friends or Relatives",5523
2011-06-01,"India","Visiting Friends or Relatives",4768
2011-07-01,"India","Visiting Friends or Relatives",4010
2011-08-01,"India","Visiting Friends or Relatives",3904
2011-09-01,"India","Visiting Friends or Relatives",4690
2011-10-01,"India","Visiting Friends or Relatives",4892
2011-11-01,"India","Visiting Friends or Relatives",5133
2011-12-01,"India","Visiting Friends or Relatives",8776
2012-01-01,"India","Visiting Friends or Relatives",3508
2012-02-01,"India","Visiting Friends or Relatives",5225
2012-03-01,"India","Visiting Friends or Relatives",5680
2012-04-01,"India","Visiting Friends or Relatives",5857
2012-05-01,"India","Visiting Friends or Relatives",6002
2012-06-01,"India","Visiting Friends or Relatives",5192
2012-07-01,"India","Visiting Friends or Relatives",3969
2012-08-01,"India","Visiting Friends or Relatives",4771
2012-09-01,"India","Visiting Friends or Relatives",4835
2012-10-01,"India","Visiting Friends or Relatives",4737
2012-11-01,"India","Visiting Friends or Relatives",6186
2012-12-01,"India","Visiting Friends or Relatives",10190
2013-01-01,"India","Visiting Friends or Relatives",5144
2013-02-01,"India","Visiting Friends or Relatives",5709
2013-03-01,"India","Visiting Friends or Relatives",7019
2013-04-01,"India","Visiting Friends or Relatives",6696
2013-05-01,"India","Visiting Friends or Relatives",7113
2013-06-01,"India","Visiting Friends or Relatives",6329
2013-07-01,"India","Visiting Friends or Relatives",5263
2013-08-01,"India","Visiting Friends or Relatives",6206
2013-09-01,"India","Visiting Friends or Relatives",6972
2013-10-01,"India","Visiting Friends or Relatives",6802
2013-11-01,"India","Visiting Friends or Relatives",8032
2013-12-01,"India","Visiting Friends or Relatives",11060
2014-01-01,"India","Visiting Friends or Relatives",5048
2014-02-01,"India","Visiting Friends or Relatives",7687
2014-03-01,"India","Visiting Friends or Relatives",7729
2014-04-01,"India","Visiting Friends or Relatives",8798
2014-05-01,"India","Visiting Friends or Relatives",9305
2014-06-01,"India","Visiting Friends or Relatives",7865
2014-07-01,"India","Visiting Friends or Relatives",5816
2014-08-01,"India","Visiting Friends or Relatives",7121
2014-09-01,"India","Visiting Friends or Relatives",7155
2014-10-01,"India","Visiting Friends or Relatives",7490
2014-11-01,"India","Visiting Friends or Relatives",8779
2014-12-01,"India","Visiting Friends or Relatives",12252
2015-01-01,"India","Visiting Friends or Relatives",7048
2015-02-01,"India","Visiting Friends or Relatives",9595
2015-03-01,"India","Visiting Friends or Relatives",10061
2015-04-01,"India","Visiting Friends or Relatives",9689
2015-05-01,"India","Visiting Friends or Relatives",10432
2015-06-01,"India","Visiting Friends or Relatives",8743
2015-07-01,"India","Visiting Friends or Relatives",6815
2015-08-01,"India","Visiting Friends or Relatives",9011
2015-09-01,"India","Visiting Friends or Relatives",9341
2015-10-01,"India","Visiting Friends or Relatives",7779
2015-11-01,"India","Visiting Friends or Relatives",9037
2015-12-01,"India","Visiting Friends or Relatives",14037
2016-01-01,"India","Visiting Friends or Relatives",6293
2016-02-01,"India","Visiting Friends or Relatives",8544
2016-03-01,"India","Visiting Friends or Relatives",11317
2016-04-01,"India","Visiting Friends or Relatives",10795
2016-05-01,"India","Visiting Friends or Relatives",11819
2016-06-01,"India","Visiting Friends or Relatives",10927
2016-07-01,"India","Visiting Friends or Relatives",6909
2016-08-01,"India","Visiting Friends or Relatives",10836
2016-09-01,"India","Visiting Friends or Relatives",9622
2016-10-01,"India","Visiting Friends or Relatives",9298
2016-11-01,"India","Visiting Friends or Relatives",10646
2016-12-01,"India","Visiting Friends or Relatives",16128
2017-01-01,"India","Visiting Friends or Relatives",6633
2017-02-01,"India","Visiting Friends or Relatives",10280
2017-03-01,"India","Visiting Friends or Relatives",11421
2017-04-01,"India","Visiting Friends or Relatives",11602
2017-05-01,"India","Visiting Friends or Relatives",13463
2017-06-01,"India","Visiting Friends or Relatives",13043
2017-07-01,"India","Visiting Friends or Relatives",9560
2017-08-01,"India","Visiting Friends or Relatives",12245
2017-09-01,"India","Visiting Friends or Relatives",12204
2017-10-01,"India","Visiting Friends or Relatives",11445
2017-11-01,"India","Visiting Friends or Relatives",13433
2017-12-01,"India","Visiting Friends or Relatives",19160
2018-01-01,"India","Visiting Friends or Relatives",9925
2018-02-01,"India","Visiting Friends or Relatives",12786
2018-03-01,"India","Visiting Friends or Relatives",16568
2018-04-01,"India","Visiting Friends or Relatives",17025
2018-05-01,"India","Visiting Friends or Relatives",19841
2018-06-01,"India","Visiting Friends or Relatives",16990
2018-07-01,"India","Visiting Friends or Relatives",10837
2018-08-01,"India","Visiting Friends or Relatives",15453
2018-09-01,"India","Visiting Friends or Relatives",14485
2018-10-01,"India","Visiting Friends or Relatives",14579
2018-11-01,"India","Visiting Friends or Relatives",16370
2018-12-01,"India","Visiting Friends or Relatives",22985
2019-01-01,"India","Visiting Friends or Relatives",10495
2019-02-01,"India","Visiting Friends or Relatives",15564
2019-03-01,"India","Visiting Friends or Relatives",18535
2019-04-01,"India","Visiting Friends or Relatives",18265
2019-05-01,"India","Visiting Friends or Relatives",22103
2019-06-01,"India","Visiting Friends or Relatives",19173
2019-07-01,"India","Visiting Friends or Relatives",14000
2019-08-01,"India","Visiting Friends or Relatives",18847
2019-09-01,"India","Visiting Friends or Relatives",17986
2019-10-01,"India","Visiting Friends or Relatives",16198
2019-11-01,"India","Visiting Friends or Relatives",19938
2019-12-01,"India","Visiting Friends or Relatives",27305
2020-01-01,"India","Visiting Friends or Relatives",10964
2020-02-01,"India","Visiting Friends or Relatives",19645
2005-01-01,"Indonesia","Business",492
2005-02-01,"Indonesia","Business",922
2005-03-01,"Indonesia","Business",929
2005-04-01,"Indonesia","Business",866
2005-05-01,"Indonesia","Business",789
2005-06-01,"Indonesia","Business",680
2005-07-01,"Indonesia","Business",695
2005-08-01,"Indonesia","Business",893
2005-09-01,"Indonesia","Business",971
2005-10-01,"Indonesia","Business",964
2005-11-01,"Indonesia","Business",1198
2005-12-01,"Indonesia","Business",424
2006-01-01,"Indonesia","Business",626
2006-02-01,"Indonesia","Business",931
2006-03-01,"Indonesia","Business",863
2006-04-01,"Indonesia","Business",561
2006-05-01,"Indonesia","Business",802
2006-06-01,"Indonesia","Business",735
2006-07-01,"Indonesia","Business",1005
2006-08-01,"Indonesia","Business",937
2006-09-01,"Indonesia","Business",1047
2006-10-01,"Indonesia","Business",1031
2006-11-01,"Indonesia","Business",1050
2006-12-01,"Indonesia","Business",748
2007-01-01,"Indonesia","Business",799
2007-02-01,"Indonesia","Business",772
2007-03-01,"Indonesia","Business",1105
2007-04-01,"Indonesia","Business",793
2007-05-01,"Indonesia","Business",1027
2007-06-01,"Indonesia","Business",1177
2007-07-01,"Indonesia","Business",1325
2007-08-01,"Indonesia","Business",1135
2007-09-01,"Indonesia","Business",1584
2007-10-01,"Indonesia","Business",1296
2007-11-01,"Indonesia","Business",1390
2007-12-01,"Indonesia","Business",830
2008-01-01,"Indonesia","Business",894
2008-02-01,"Indonesia","Business",1310
2008-03-01,"Indonesia","Business",1140
2008-04-01,"Indonesia","Business",962
2008-05-01,"Indonesia","Business",1083
2008-06-01,"Indonesia","Business",1277
2008-07-01,"Indonesia","Business",1271
2008-08-01,"Indonesia","Business",1131
2008-09-01,"Indonesia","Business",846
2008-10-01,"Indonesia","Business",1338
2008-11-01,"Indonesia","Business",1066
2008-12-01,"Indonesia","Business",720
2009-01-01,"Indonesia","Business",617
2009-02-01,"Indonesia","Business",1061
2009-03-01,"Indonesia","Business",935
2009-04-01,"Indonesia","Business",617
2009-05-01,"Indonesia","Business",914
2009-06-01,"Indonesia","Business",750
2009-07-01,"Indonesia","Business",1238
2009-08-01,"Indonesia","Business",1115
2009-09-01,"Indonesia","Business",965
2009-10-01,"Indonesia","Business",1372
2009-11-01,"Indonesia","Business",1126
2009-12-01,"Indonesia","Business",949
2010-01-01,"Indonesia","Business",619
2010-02-01,"Indonesia","Business",971
2010-03-01,"Indonesia","Business",1173
2010-04-01,"Indonesia","Business",957
2010-05-01,"Indonesia","Business",1246
2010-06-01,"Indonesia","Business",951
2010-07-01,"Indonesia","Business",1450
2010-08-01,"Indonesia","Business",1138
2010-09-01,"Indonesia","Business",1098
2010-10-01,"Indonesia","Business",1352
2010-11-01,"Indonesia","Business",1346
2010-12-01,"Indonesia","Business",1070
2011-01-01,"Indonesia","Business",477
2011-02-01,"Indonesia","Business",1191
2011-03-01,"Indonesia","Business",1645
2011-04-01,"Indonesia","Business",1144
2011-05-01,"Indonesia","Business",1360
2011-06-01,"Indonesia","Business",1363
2011-07-01,"Indonesia","Business",1150
2011-08-01,"Indonesia","Business",1209
2011-09-01,"Indonesia","Business",1223
2011-10-01,"Indonesia","Business",1281
2011-11-01,"Indonesia","Business",1656
2011-12-01,"Indonesia","Business",962
2012-01-01,"Indonesia","Business",851
2012-02-01,"Indonesia","Business",1212
2012-03-01,"Indonesia","Business",1206
2012-04-01,"Indonesia","Business",980
2012-05-01,"Indonesia","Business",1203
2012-06-01,"Indonesia","Business",1223
2012-07-01,"Indonesia","Business",1381
2012-08-01,"Indonesia","Business",1230
2012-09-01,"Indonesia","Business",1851
2012-10-01,"Indonesia","Business",1642
2012-11-01,"Indonesia","Business",1449
2012-12-01,"Indonesia","Business",904
2013-01-01,"Indonesia","Business",634
2013-02-01,"Indonesia","Business",1248
2013-03-01,"Indonesia","Business",1318
2013-04-01,"Indonesia","Business",1457
2013-05-01,"Indonesia","Business",1442
2013-06-01,"Indonesia","Business",1281
2013-07-01,"Indonesia","Business",1078
2013-08-01,"Indonesia","Business",1448
2013-09-01,"Indonesia","Business",1350
2013-10-01,"Indonesia","Business",1514
2013-11-01,"Indonesia","Business",1639
2013-12-01,"Indonesia","Business",1239
2014-01-01,"Indonesia","Business",558
2014-02-01,"Indonesia","Business",1047
2014-03-01,"Indonesia","Business",1212
2014-04-01,"Indonesia","Business",1177
2014-05-01,"Indonesia","Business",1579
2014-06-01,"Indonesia","Business",1656
2014-07-01,"Indonesia","Business",1157
2014-08-01,"Indonesia","Business",1378
2014-09-01,"Indonesia","Business",1261
2014-10-01,"Indonesia","Business",1548
2014-11-01,"Indonesia","Business",1716
2014-12-01,"Indonesia","Business",811
2015-01-01,"Indonesia","Business",568
2015-02-01,"Indonesia","Business",911
2015-03-01,"Indonesia","Business",1016
2015-04-01,"Indonesia","Business",1231
2015-05-01,"Indonesia","Business",1064
2015-06-01,"Indonesia","Business",1060
2015-07-01,"Indonesia","Business",839
2015-08-01,"Indonesia","Business",854
2015-09-01,"Indonesia","Business",1018
2015-10-01,"Indonesia","Business",1471
2015-11-01,"Indonesia","Business",1720
2015-12-01,"Indonesia","Business",684
2016-01-01,"Indonesia","Business",621
2016-02-01,"Indonesia","Business",880
2016-03-01,"Indonesia","Business",1112
2016-04-01,"Indonesia","Business",995
2016-05-01,"Indonesia","Business",857
2016-06-01,"Indonesia","Business",795
2016-07-01,"Indonesia","Business",1332
2016-08-01,"Indonesia","Business",888
2016-09-01,"Indonesia","Business",1475
2016-10-01,"Indonesia","Business",1663
2016-11-01,"Indonesia","Business",1877
2016-12-01,"Indonesia","Business",826
2017-01-01,"Indonesia","Business",849
2017-02-01,"Indonesia","Business",1356
2017-03-01,"Indonesia","Business",933
2017-04-01,"Indonesia","Business",986
2017-05-01,"Indonesia","Business",1188
2017-06-01,"Indonesia","Business",1140
2017-07-01,"Indonesia","Business",1396
2017-08-01,"Indonesia","Business",1222
2017-09-01,"Indonesia","Business",1391
2017-10-01,"Indonesia","Business",1664
2017-11-01,"Indonesia","Business",2096
2017-12-01,"Indonesia","Business",911
2018-01-01,"Indonesia","Business",647
2018-02-01,"Indonesia","Business",1191
2018-03-01,"Indonesia","Business",1625
2018-04-01,"Indonesia","Business",1207
2018-05-01,"Indonesia","Business",1175
2018-06-01,"Indonesia","Business",917
2018-07-01,"Indonesia","Business",1251
2018-08-01,"Indonesia","Business",1432
2018-09-01,"Indonesia","Business",1437
2018-10-01,"Indonesia","Business",1598
2018-11-01,"Indonesia","Business",1628
2018-12-01,"Indonesia","Business",1029
2019-01-01,"Indonesia","Business",732
2019-02-01,"Indonesia","Business",1091
2019-03-01,"Indonesia","Business",1467
2019-04-01,"Indonesia","Business",997
2019-05-01,"Indonesia","Business",1390
2019-06-01,"Indonesia","Business",1299
2019-07-01,"Indonesia","Business",1693
2019-08-01,"Indonesia","Business",1463
2019-09-01,"Indonesia","Business",1542
2019-10-01,"Indonesia","Business",1532
2019-11-01,"Indonesia","Business",2144
2019-12-01,"Indonesia","Business",1104
2020-01-01,"Indonesia","Business",596
2020-02-01,"Indonesia","Business",1061
2005-01-01,"Indonesia","Education",2057
2005-02-01,"Indonesia","Education",3127
2005-03-01,"Indonesia","Education",918
2005-04-01,"Indonesia","Education",482
2005-05-01,"Indonesia","Education",357
2005-06-01,"Indonesia","Education",496
2005-07-01,"Indonesia","Education",2603
2005-08-01,"Indonesia","Education",608
2005-09-01,"Indonesia","Education",425
2005-10-01,"Indonesia","Education",470
2005-11-01,"Indonesia","Education",384
2005-12-01,"Indonesia","Education",493
2006-01-01,"Indonesia","Education",1466
2006-02-01,"Indonesia","Education",3076
2006-03-01,"Indonesia","Education",714
2006-04-01,"Indonesia","Education",358
2006-05-01,"Indonesia","Education",456
2006-06-01,"Indonesia","Education",678
2006-07-01,"Indonesia","Education",2341
2006-08-01,"Indonesia","Education",481
2006-09-01,"Indonesia","Education",426
2006-10-01,"Indonesia","Education",548
2006-11-01,"Indonesia","Education",371
2006-12-01,"Indonesia","Education",377
2007-01-01,"Indonesia","Education",1547
2007-02-01,"Indonesia","Education",2532
2007-03-01,"Indonesia","Education",842
2007-04-01,"Indonesia","Education",510
2007-05-01,"Indonesia","Education",422
2007-06-01,"Indonesia","Education",440
2007-07-01,"Indonesia","Education",2043
2007-08-01,"Indonesia","Education",556
2007-09-01,"Indonesia","Education",354
2007-10-01,"Indonesia","Education",487
2007-11-01,"Indonesia","Education",458
2007-12-01,"Indonesia","Education",452
2008-01-01,"Indonesia","Education",1373
2008-02-01,"Indonesia","Education",2366
2008-03-01,"Indonesia","Education",903
2008-04-01,"Indonesia","Education",386
2008-05-01,"Indonesia","Education",341
2008-06-01,"Indonesia","Education",698
2008-07-01,"Indonesia","Education",2007
2008-08-01,"Indonesia","Education",638
2008-09-01,"Indonesia","Education",391
2008-10-01,"Indonesia","Education",774
2008-11-01,"Indonesia","Education",475
2008-12-01,"Indonesia","Education",487
2009-01-01,"Indonesia","Education",1249
2009-02-01,"Indonesia","Education",2424
2009-03-01,"Indonesia","Education",1021
2009-04-01,"Indonesia","Education",508
2009-05-01,"Indonesia","Education",388
2009-06-01,"Indonesia","Education",552
2009-07-01,"Indonesia","Education",2239
2009-08-01,"Indonesia","Education",679
2009-09-01,"Indonesia","Education",538
2009-10-01,"Indonesia","Education",840
2009-11-01,"Indonesia","Education",518
2009-12-01,"Indonesia","Education",509
2010-01-01,"Indonesia","Education",1633
2010-02-01,"Indonesia","Education",2846
2010-03-01,"Indonesia","Education",1031
2010-04-01,"Indonesia","Education",590
2010-05-01,"Indonesia","Education",370
2010-06-01,"Indonesia","Education",735
2010-07-01,"Indonesia","Education",2499
2010-08-01,"Indonesia","Education",752
2010-09-01,"Indonesia","Education",826
2010-10-01,"Indonesia","Education",838
2010-11-01,"Indonesia","Education",728
2010-12-01,"Indonesia","Education",577
2011-01-01,"Indonesia","Education",1403
2011-02-01,"Indonesia","Education",3291
2011-03-01,"Indonesia","Education",917
2011-04-01,"Indonesia","Education",603
2011-05-01,"Indonesia","Education",665
2011-06-01,"Indonesia","Education",710
2011-07-01,"Indonesia","Education",2735
2011-08-01,"Indonesia","Education",735
2011-09-01,"Indonesia","Education",798
2011-10-01,"Indonesia","Education",988
2011-11-01,"Indonesia","Education",637
2011-12-01,"Indonesia","Education",507
2012-01-01,"Indonesia","Education",1421
2012-02-01,"Indonesia","Education",3332
2012-03-01,"Indonesia","Education",767
2012-04-01,"Indonesia","Education",819
2012-05-01,"Indonesia","Education",419
2012-06-01,"Indonesia","Education",857
2012-07-01,"Indonesia","Education",2829
2012-08-01,"Indonesia","Education",797
2012-09-01,"Indonesia","Education",902
2012-10-01,"Indonesia","Education",862
2012-11-01,"Indonesia","Education",699
2012-12-01,"Indonesia","Education",586
2013-01-01,"Indonesia","Education",1571
2013-02-01,"Indonesia","Education",2803
2013-03-01,"Indonesia","Education",1252
2013-04-01,"Indonesia","Education",840
2013-05-01,"Indonesia","Education",561
2013-06-01,"Indonesia","Education",741
2013-07-01,"Indonesia","Education",2513
2013-08-01,"Indonesia","Education",1062
2013-09-01,"Indonesia","Education",819
2013-10-01,"Indonesia","Education",1045
2013-11-01,"Indonesia","Education",818
2013-12-01,"Indonesia","Education",591
2014-01-01,"Indonesia","Education",1126
2014-02-01,"Indonesia","Education",2789
2014-03-01,"Indonesia","Education",1275
2014-04-01,"Indonesia","Education",591
2014-05-01,"Indonesia","Education",666
2014-06-01,"Indonesia","Education",913
2014-07-01,"Indonesia","Education",2229
2014-08-01,"Indonesia","Education",1409
2014-09-01,"Indonesia","Education",693
2014-10-01,"Indonesia","Education",966
2014-11-01,"Indonesia","Education",865
2014-12-01,"Indonesia","Education",728
2015-01-01,"Indonesia","Education",1368
2015-02-01,"Indonesia","Education",2830
2015-03-01,"Indonesia","Education",1289
2015-04-01,"Indonesia","Education",913
2015-05-01,"Indonesia","Education",604
2015-06-01,"Indonesia","Education",815
2015-07-01,"Indonesia","Education",2703
2015-08-01,"Indonesia","Education",1065
2015-09-01,"Indonesia","Education",702
2015-10-01,"Indonesia","Education",1051
2015-11-01,"Indonesia","Education",1134
2015-12-01,"Indonesia","Education",612
2016-01-01,"Indonesia","Education",1632
2016-02-01,"Indonesia","Education",3226
2016-03-01,"Indonesia","Education",1052
2016-04-01,"Indonesia","Education",1089
2016-05-01,"Indonesia","Education",772
2016-06-01,"Indonesia","Education",753
2016-07-01,"Indonesia","Education",2878
2016-08-01,"Indonesia","Education",1179
2016-09-01,"Indonesia","Education",710
2016-10-01,"Indonesia","Education",1455
2016-11-01,"Indonesia","Education",722
2016-12-01,"Indonesia","Education",694
2017-01-01,"Indonesia","Education",1436
2017-02-01,"Indonesia","Education",3527
2017-03-01,"Indonesia","Education",1109
2017-04-01,"Indonesia","Education",936
2017-05-01,"Indonesia","Education",480
2017-06-01,"Indonesia","Education",711
2017-07-01,"Indonesia","Education",3151
2017-08-01,"Indonesia","Education",1000
2017-09-01,"Indonesia","Education",758
2017-10-01,"Indonesia","Education",1221
2017-11-01,"Indonesia","Education",943
2017-12-01,"Indonesia","Education",717
2018-01-01,"Indonesia","Education",1538
2018-02-01,"Indonesia","Education",2925
2018-03-01,"Indonesia","Education",1193
2018-04-01,"Indonesia","Education",1107
2018-05-01,"Indonesia","Education",565
2018-06-01,"Indonesia","Education",981
2018-07-01,"Indonesia","Education",2717
2018-08-01,"Indonesia","Education",887
2018-09-01,"Indonesia","Education",834
2018-10-01,"Indonesia","Education",1062
2018-11-01,"Indonesia","Education",722
2018-12-01,"Indonesia","Education",734
2019-01-01,"Indonesia","Education",1617
2019-02-01,"Indonesia","Education",2898
2019-03-01,"Indonesia","Education",1777
2019-04-01,"Indonesia","Education",876
2019-05-01,"Indonesia","Education",656
2019-06-01,"Indonesia","Education",1171
2019-07-01,"Indonesia","Education",2650
2019-08-01,"Indonesia","Education",1278
2019-09-01,"Indonesia","Education",998
2019-10-01,"Indonesia","Education",1014
2019-11-01,"Indonesia","Education",856
2019-12-01,"Indonesia","Education",782
2020-01-01,"Indonesia","Education",1609
2020-02-01,"Indonesia","Education",3380
2005-01-01,"Indonesia","Employment",122
2005-02-01,"Indonesia","Employment",157
2005-03-01,"Indonesia","Employment",160
2005-04-01,"Indonesia","Employment",192
2005-05-01,"Indonesia","Employment",145
2005-06-01,"Indonesia","Employment",206
2005-07-01,"Indonesia","Employment",263
2005-08-01,"Indonesia","Employment",247
2005-09-01,"Indonesia","Employment",358
2005-10-01,"Indonesia","Employment",549
2005-11-01,"Indonesia","Employment",582
2005-12-01,"Indonesia","Employment",587
2006-01-01,"Indonesia","Employment",232
2006-02-01,"Indonesia","Employment",230
2006-03-01,"Indonesia","Employment",387
2006-04-01,"Indonesia","Employment",417
2006-05-01,"Indonesia","Employment",344
2006-06-01,"Indonesia","Employment",515
2006-07-01,"Indonesia","Employment",443
2006-08-01,"Indonesia","Employment",375
2006-09-01,"Indonesia","Employment",464
2006-10-01,"Indonesia","Employment",1217
2006-11-01,"Indonesia","Employment",437
2006-12-01,"Indonesia","Employment",856
2007-01-01,"Indonesia","Employment",446
2007-02-01,"Indonesia","Employment",357
2007-03-01,"Indonesia","Employment",412
2007-04-01,"Indonesia","Employment",502
2007-05-01,"Indonesia","Employment",458
2007-06-01,"Indonesia","Employment",633
2007-07-01,"Indonesia","Employment",574
2007-08-01,"Indonesia","Employment",604
2007-09-01,"Indonesia","Employment",385
2007-10-01,"Indonesia","Employment",1099
2007-11-01,"Indonesia","Employment",450
2007-12-01,"Indonesia","Employment",1152
2008-01-01,"Indonesia","Employment",414
2008-02-01,"Indonesia","Employment",442
2008-03-01,"Indonesia","Employment",872
2008-04-01,"Indonesia","Employment",587
2008-05-01,"Indonesia","Employment",397
2008-06-01,"Indonesia","Employment",691
2008-07-01,"Indonesia","Employment",686
2008-08-01,"Indonesia","Employment",644
2008-09-01,"Indonesia","Employment",1027
2008-10-01,"Indonesia","Employment",727
2008-11-01,"Indonesia","Employment",449
2008-12-01,"Indonesia","Employment",1183
2009-01-01,"Indonesia","Employment",541
2009-02-01,"Indonesia","Employment",481
2009-03-01,"Indonesia","Employment",691
2009-04-01,"Indonesia","Employment",627
2009-05-01,"Indonesia","Employment",396
2009-06-01,"Indonesia","Employment",686
2009-07-01,"Indonesia","Employment",613
2009-08-01,"Indonesia","Employment",372
2009-09-01,"Indonesia","Employment",1431
2009-10-01,"Indonesia","Employment",544
2009-11-01,"Indonesia","Employment",578
2009-12-01,"Indonesia","Employment",1197
2010-01-01,"Indonesia","Employment",573
2010-02-01,"Indonesia","Employment",595
2010-03-01,"Indonesia","Employment",638
2010-04-01,"Indonesia","Employment",541
2010-05-01,"Indonesia","Employment",725
2010-06-01,"Indonesia","Employment",964
2010-07-01,"Indonesia","Employment",817
2010-08-01,"Indonesia","Employment",583
2010-09-01,"Indonesia","Employment",1423
2010-10-01,"Indonesia","Employment",602
2010-11-01,"Indonesia","Employment",685
2010-12-01,"Indonesia","Employment",1016
2011-01-01,"Indonesia","Employment",518
2011-02-01,"Indonesia","Employment",610
2011-03-01,"Indonesia","Employment",620
2011-04-01,"Indonesia","Employment",729
2011-05-01,"Indonesia","Employment",619
2011-06-01,"Indonesia","Employment",957
2011-07-01,"Indonesia","Employment",621
2011-08-01,"Indonesia","Employment",1343
2011-09-01,"Indonesia","Employment",816
2011-10-01,"Indonesia","Employment",595
2011-11-01,"Indonesia","Employment",682
2011-12-01,"Indonesia","Employment",1257
2012-01-01,"Indonesia","Employment",543
2012-02-01,"Indonesia","Employment",750
2012-03-01,"Indonesia","Employment",761
2012-04-01,"Indonesia","Employment",524
2012-05-01,"Indonesia","Employment",428
2012-06-01,"Indonesia","Employment",501
2012-07-01,"Indonesia","Employment",521
2012-08-01,"Indonesia","Employment",1113
2012-09-01,"Indonesia","Employment",409
2012-10-01,"Indonesia","Employment",604
2012-11-01,"Indonesia","Employment",547
2012-12-01,"Indonesia","Employment",844
2013-01-01,"Indonesia","Employment",613
2013-02-01,"Indonesia","Employment",521
2013-03-01,"Indonesia","Employment",453
2013-04-01,"Indonesia","Employment",529
2013-05-01,"Indonesia","Employment",419
2013-06-01,"Indonesia","Employment",730
2013-07-01,"Indonesia","Employment",592
2013-08-01,"Indonesia","Employment",839
2013-09-01,"Indonesia","Employment",543
2013-10-01,"Indonesia","Employment",575
2013-11-01,"Indonesia","Employment",524
2013-12-01,"Indonesia","Employment",662
2014-01-01,"Indonesia","Employment",605
2014-02-01,"Indonesia","Employment",630
2014-03-01,"Indonesia","Employment",546
2014-04-01,"Indonesia","Employment",471
2014-05-01,"Indonesia","Employment",478
2014-06-01,"Indonesia","Employment",551
2014-07-01,"Indonesia","Employment",725
2014-08-01,"Indonesia","Employment",459
2014-09-01,"Indonesia","Employment",541
2014-10-01,"Indonesia","Employment",923
2014-11-01,"Indonesia","Employment",563
2014-12-01,"Indonesia","Employment",1555
2015-01-01,"Indonesia","Employment",652
2015-02-01,"Indonesia","Employment",727
2015-03-01,"Indonesia","Employment",724
2015-04-01,"Indonesia","Employment",768
2015-05-01,"Indonesia","Employment",737
2015-06-01,"Indonesia","Employment",925
2015-07-01,"Indonesia","Employment",1671
2015-08-01,"Indonesia","Employment",625
2015-09-01,"Indonesia","Employment",557
2015-10-01,"Indonesia","Employment",696
2015-11-01,"Indonesia","Employment",705
2015-12-01,"Indonesia","Employment",951
2016-01-01,"Indonesia","Employment",463
2016-02-01,"Indonesia","Employment",725
2016-03-01,"Indonesia","Employment",785
2016-04-01,"Indonesia","Employment",626
2016-05-01,"Indonesia","Employment",584
2016-06-01,"Indonesia","Employment",1141
2016-07-01,"Indonesia","Employment",1334
2016-08-01,"Indonesia","Employment",621
2016-09-01,"Indonesia","Employment",855
2016-10-01,"Indonesia","Employment",1037
2016-11-01,"Indonesia","Employment",767
2016-12-01,"Indonesia","Employment",1288
2017-01-01,"Indonesia","Employment",734
2017-02-01,"Indonesia","Employment",764
2017-03-01,"Indonesia","Employment",655
2017-04-01,"Indonesia","Employment",865
2017-05-01,"Indonesia","Employment",856
2017-06-01,"Indonesia","Employment",1675
2017-07-01,"Indonesia","Employment",556
2017-08-01,"Indonesia","Employment",468
2017-09-01,"Indonesia","Employment",619
2017-10-01,"Indonesia","Employment",469
2017-11-01,"Indonesia","Employment",627
2017-12-01,"Indonesia","Employment",476
2018-01-01,"Indonesia","Employment",692
2018-02-01,"Indonesia","Employment",568
2018-03-01,"Indonesia","Employment",465
2018-04-01,"Indonesia","Employment",389
2018-05-01,"Indonesia","Employment",465
2018-06-01,"Indonesia","Employment",476
2018-07-01,"Indonesia","Employment",426
2018-08-01,"Indonesia","Employment",413
2018-09-01,"Indonesia","Employment",423
2018-10-01,"Indonesia","Employment",447
2018-11-01,"Indonesia","Employment",648
2018-12-01,"Indonesia","Employment",409
2019-01-01,"Indonesia","Employment",694
2019-02-01,"Indonesia","Employment",639
2019-03-01,"Indonesia","Employment",316
2019-04-01,"Indonesia","Employment",344
2019-05-01,"Indonesia","Employment",371
2019-06-01,"Indonesia","Employment",276
2019-07-01,"Indonesia","Employment",398
2019-08-01,"Indonesia","Employment",450
2019-09-01,"Indonesia","Employment",483
2019-10-01,"Indonesia","Employment",477
2019-11-01,"Indonesia","Employment",455
2019-12-01,"Indonesia","Employment",516
2020-01-01,"Indonesia","Employment",737
2020-02-01,"Indonesia","Employment",766
2005-01-01,"Indonesia","Holiday",1746
2005-02-01,"Indonesia","Holiday",2106
2005-03-01,"Indonesia","Holiday",2833
2005-04-01,"Indonesia","Holiday",2106
2005-05-01,"Indonesia","Holiday",2056
2005-06-01,"Indonesia","Holiday",3617
2005-07-01,"Indonesia","Holiday",2931
2005-08-01,"Indonesia","Holiday",1501
2005-09-01,"Indonesia","Holiday",1791
2005-10-01,"Indonesia","Holiday",3898
2005-11-01,"Indonesia","Holiday",3036
2005-12-01,"Indonesia","Holiday",5801
2006-01-01,"Indonesia","Holiday",1670
2006-02-01,"Indonesia","Holiday",2075
2006-03-01,"Indonesia","Holiday",2531
2006-04-01,"Indonesia","Holiday",2054
2006-05-01,"Indonesia","Holiday",1814
2006-06-01,"Indonesia","Holiday",2827
2006-07-01,"Indonesia","Holiday",2430
2006-08-01,"Indonesia","Holiday",1950
2006-09-01,"Indonesia","Holiday",1865
2006-10-01,"Indonesia","Holiday",7087
2006-11-01,"Indonesia","Holiday",1927
2006-12-01,"Indonesia","Holiday",4906
2007-01-01,"Indonesia","Holiday",1473
2007-02-01,"Indonesia","Holiday",1653
2007-03-01,"Indonesia","Holiday",2092
2007-04-01,"Indonesia","Holiday",2081
2007-05-01,"Indonesia","Holiday",1943
2007-06-01,"Indonesia","Holiday",3532
2007-07-01,"Indonesia","Holiday",3194
2007-08-01,"Indonesia","Holiday",1881
2007-09-01,"Indonesia","Holiday",2077
2007-10-01,"Indonesia","Holiday",5926
2007-11-01,"Indonesia","Holiday",1922
2007-12-01,"Indonesia","Holiday",6232
2008-01-01,"Indonesia","Holiday",1822
2008-02-01,"Indonesia","Holiday",2259
2008-03-01,"Indonesia","Holiday",2893
2008-04-01,"Indonesia","Holiday",1920
2008-05-01,"Indonesia","Holiday",1832
2008-06-01,"Indonesia","Holiday",3864
2008-07-01,"Indonesia","Holiday",2689
2008-08-01,"Indonesia","Holiday",2245
2008-09-01,"Indonesia","Holiday",5185
2008-10-01,"Indonesia","Holiday",3573
2008-11-01,"Indonesia","Holiday",1959
2008-12-01,"Indonesia","Holiday",6171
2009-01-01,"Indonesia","Holiday",1862
2009-02-01,"Indonesia","Holiday",2259
2009-03-01,"Indonesia","Holiday",2343
2009-04-01,"Indonesia","Holiday",2678
2009-05-01,"Indonesia","Holiday",2284
2009-06-01,"Indonesia","Holiday",5538
2009-07-01,"Indonesia","Holiday",3445
2009-08-01,"Indonesia","Holiday",1904
2009-09-01,"Indonesia","Holiday",8763
2009-10-01,"Indonesia","Holiday",3068
2009-11-01,"Indonesia","Holiday",2576
2009-12-01,"Indonesia","Holiday",9021
2010-01-01,"Indonesia","Holiday",1956
2010-02-01,"Indonesia","Holiday",3036
2010-03-01,"Indonesia","Holiday",3756
2010-04-01,"Indonesia","Holiday",3082
2010-05-01,"Indonesia","Holiday",2836
2010-06-01,"Indonesia","Holiday",5931
2010-07-01,"Indonesia","Holiday",4148
2010-08-01,"Indonesia","Holiday",2181
2010-09-01,"Indonesia","Holiday",11222
2010-10-01,"Indonesia","Holiday",3268
2010-11-01,"Indonesia","Holiday",2803
2010-12-01,"Indonesia","Holiday",8522
2011-01-01,"Indonesia","Holiday",2317
2011-02-01,"Indonesia","Holiday",3700
2011-03-01,"Indonesia","Holiday",4110
2011-04-01,"Indonesia","Holiday",4605
2011-05-01,"Indonesia","Holiday",3308
2011-06-01,"Indonesia","Holiday",7432
2011-07-01,"Indonesia","Holiday",4398
2011-08-01,"Indonesia","Holiday",11369
2011-09-01,"Indonesia","Holiday",4144
2011-10-01,"Indonesia","Holiday",3826
2011-11-01,"Indonesia","Holiday",3491
2011-12-01,"Indonesia","Holiday",9761
2012-01-01,"Indonesia","Holiday",2663
2012-02-01,"Indonesia","Holiday",3437
2012-03-01,"Indonesia","Holiday",6295
2012-04-01,"Indonesia","Holiday",3563
2012-05-01,"Indonesia","Holiday",3424
2012-06-01,"Indonesia","Holiday",7071
2012-07-01,"Indonesia","Holiday",3943
2012-08-01,"Indonesia","Holiday",14084
2012-09-01,"Indonesia","Holiday",3674
2012-10-01,"Indonesia","Holiday",4332
2012-11-01,"Indonesia","Holiday",3791
2012-12-01,"Indonesia","Holiday",9337
2013-01-01,"Indonesia","Holiday",2794
2013-02-01,"Indonesia","Holiday",3049
2013-03-01,"Indonesia","Holiday",4531
2013-04-01,"Indonesia","Holiday",2879
2013-05-01,"Indonesia","Holiday",4140
2013-06-01,"Indonesia","Holiday",7950
2013-07-01,"Indonesia","Holiday",5042
2013-08-01,"Indonesia","Holiday",15773
2013-09-01,"Indonesia","Holiday",4156
2013-10-01,"Indonesia","Holiday",4614
2013-11-01,"Indonesia","Holiday",3946
2013-12-01,"Indonesia","Holiday",10292
2014-01-01,"Indonesia","Holiday",3738
2014-02-01,"Indonesia","Holiday",3588
2014-03-01,"Indonesia","Holiday",4536
2014-04-01,"Indonesia","Holiday",4534
2014-05-01,"Indonesia","Holiday",4747
2014-06-01,"Indonesia","Holiday",7484
2014-07-01,"Indonesia","Holiday",17098
2014-08-01,"Indonesia","Holiday",4831
2014-09-01,"Indonesia","Holiday",5194
2014-10-01,"Indonesia","Holiday",4971
2014-11-01,"Indonesia","Holiday",3692
2014-12-01,"Indonesia","Holiday",9339
2015-01-01,"Indonesia","Holiday",2987
2015-02-01,"Indonesia","Holiday",5403
2015-03-01,"Indonesia","Holiday",6125
2015-04-01,"Indonesia","Holiday",4474
2015-05-01,"Indonesia","Holiday",4827
2015-06-01,"Indonesia","Holiday",7736
2015-07-01,"Indonesia","Holiday",15542
2015-08-01,"Indonesia","Holiday",3809
2015-09-01,"Indonesia","Holiday",4151
2015-10-01,"Indonesia","Holiday",5221
2015-11-01,"Indonesia","Holiday",4622
2015-12-01,"Indonesia","Holiday",11041
2016-01-01,"Indonesia","Holiday",3373
2016-02-01,"Indonesia","Holiday",4374
2016-03-01,"Indonesia","Holiday",6365
2016-04-01,"Indonesia","Holiday",4572
2016-05-01,"Indonesia","Holiday",5660
2016-06-01,"Indonesia","Holiday",13119
2016-07-01,"Indonesia","Holiday",17606
2016-08-01,"Indonesia","Holiday",5142
2016-09-01,"Indonesia","Holiday",6194
2016-10-01,"Indonesia","Holiday",6637
2016-11-01,"Indonesia","Holiday",5773
2016-12-01,"Indonesia","Holiday",17397
2017-01-01,"Indonesia","Holiday",4260
2017-02-01,"Indonesia","Holiday",5056
2017-03-01,"Indonesia","Holiday",7521
2017-04-01,"Indonesia","Holiday",6854
2017-05-01,"Indonesia","Holiday",5989
2017-06-01,"Indonesia","Holiday",22056
2017-07-01,"Indonesia","Holiday",9950
2017-08-01,"Indonesia","Holiday",7279
2017-09-01,"Indonesia","Holiday",7764
2017-10-01,"Indonesia","Holiday",6741
2017-11-01,"Indonesia","Holiday",6679
2017-12-01,"Indonesia","Holiday",13821
2018-01-01,"Indonesia","Holiday",3799
2018-02-01,"Indonesia","Holiday",6250
2018-03-01,"Indonesia","Holiday",7911
2018-04-01,"Indonesia","Holiday",6618
2018-05-01,"Indonesia","Holiday",7177
2018-06-01,"Indonesia","Holiday",28630
2018-07-01,"Indonesia","Holiday",9778
2018-08-01,"Indonesia","Holiday",9406
2018-09-01,"Indonesia","Holiday",7478
2018-10-01,"Indonesia","Holiday",7585
2018-11-01,"Indonesia","Holiday",7605
2018-12-01,"Indonesia","Holiday",15828
2019-01-01,"Indonesia","Holiday",4303
2019-02-01,"Indonesia","Holiday",6281
2019-03-01,"Indonesia","Holiday",8028
2019-04-01,"Indonesia","Holiday",7476
2019-05-01,"Indonesia","Holiday",15382
2019-06-01,"Indonesia","Holiday",25178
2019-07-01,"Indonesia","Holiday",11706
2019-08-01,"Indonesia","Holiday",9571
2019-09-01,"Indonesia","Holiday",7863
2019-10-01,"Indonesia","Holiday",8213
2019-11-01,"Indonesia","Holiday",7842
2019-12-01,"Indonesia","Holiday",16202
2020-01-01,"Indonesia","Holiday",4013
2020-02-01,"Indonesia","Holiday",6259
2005-01-01,"Indonesia","Other",316
2005-02-01,"Indonesia","Other",652
2005-03-01,"Indonesia","Other",511
2005-04-01,"Indonesia","Other",593
2005-05-01,"Indonesia","Other",412
2005-06-01,"Indonesia","Other",300
2005-07-01,"Indonesia","Other",526
2005-08-01,"Indonesia","Other",508
2005-09-01,"Indonesia","Other",811
2005-10-01,"Indonesia","Other",622
2005-11-01,"Indonesia","Other",423
2005-12-01,"Indonesia","Other",430
2006-01-01,"Indonesia","Other",369
2006-02-01,"Indonesia","Other",610
2006-03-01,"Indonesia","Other",407
2006-04-01,"Indonesia","Other",285
2006-05-01,"Indonesia","Other",418
2006-06-01,"Indonesia","Other",365
2006-07-01,"Indonesia","Other",485
2006-08-01,"Indonesia","Other",366
2006-09-01,"Indonesia","Other",458
2006-10-01,"Indonesia","Other",504
2006-11-01,"Indonesia","Other",379
2006-12-01,"Indonesia","Other",357
2007-01-01,"Indonesia","Other",482
2007-02-01,"Indonesia","Other",547
2007-03-01,"Indonesia","Other",638
2007-04-01,"Indonesia","Other",510
2007-05-01,"Indonesia","Other",470
2007-06-01,"Indonesia","Other",453
2007-07-01,"Indonesia","Other",515
2007-08-01,"Indonesia","Other",697
2007-09-01,"Indonesia","Other",721
2007-10-01,"Indonesia","Other",647
2007-11-01,"Indonesia","Other",542
2007-12-01,"Indonesia","Other",529
2008-01-01,"Indonesia","Other",481
2008-02-01,"Indonesia","Other",524
2008-03-01,"Indonesia","Other",490
2008-04-01,"Indonesia","Other",631
2008-05-01,"Indonesia","Other",453
2008-06-01,"Indonesia","Other",684
2008-07-01,"Indonesia","Other",803
2008-08-01,"Indonesia","Other",694
2008-09-01,"Indonesia","Other",382
2008-10-01,"Indonesia","Other",399
2008-11-01,"Indonesia","Other",302
2008-12-01,"Indonesia","Other",493
2009-01-01,"Indonesia","Other",272
2009-02-01,"Indonesia","Other",541
2009-03-01,"Indonesia","Other",438
2009-04-01,"Indonesia","Other",398
2009-05-01,"Indonesia","Other",539
2009-06-01,"Indonesia","Other",452
2009-07-01,"Indonesia","Other",555
2009-08-01,"Indonesia","Other",384
2009-09-01,"Indonesia","Other",718
2009-10-01,"Indonesia","Other",854
2009-11-01,"Indonesia","Other",571
2009-12-01,"Indonesia","Other",492
2010-01-01,"Indonesia","Other",415
2010-02-01,"Indonesia","Other",565
2010-03-01,"Indonesia","Other",588
2010-04-01,"Indonesia","Other",586
2010-05-01,"Indonesia","Other",379
2010-06-01,"Indonesia","Other",415
2010-07-01,"Indonesia","Other",476
2010-08-01,"Indonesia","Other",443
2010-09-01,"Indonesia","Other",654
2010-10-01,"Indonesia","Other",842
2010-11-01,"Indonesia","Other",519
2010-12-01,"Indonesia","Other",588
2011-01-01,"Indonesia","Other",443
2011-02-01,"Indonesia","Other",670
2011-03-01,"Indonesia","Other",828
2011-04-01,"Indonesia","Other",672
2011-05-01,"Indonesia","Other",699
2011-06-01,"Indonesia","Other",495
2011-07-01,"Indonesia","Other",591
2011-08-01,"Indonesia","Other",735
2011-09-01,"Indonesia","Other",736
2011-10-01,"Indonesia","Other",704
2011-11-01,"Indonesia","Other",554
2011-12-01,"Indonesia","Other",699
2012-01-01,"Indonesia","Other",438
2012-02-01,"Indonesia","Other",719
2012-03-01,"Indonesia","Other",731
2012-04-01,"Indonesia","Other",879
2012-05-01,"Indonesia","Other",521
2012-06-01,"Indonesia","Other",692
2012-07-01,"Indonesia","Other",733
2012-08-01,"Indonesia","Other",582
2012-09-01,"Indonesia","Other",744
2012-10-01,"Indonesia","Other",632
2012-11-01,"Indonesia","Other",704
2012-12-01,"Indonesia","Other",705
2013-01-01,"Indonesia","Other",941
2013-02-01,"Indonesia","Other",815
2013-03-01,"Indonesia","Other",576
2013-04-01,"Indonesia","Other",530
2013-05-01,"Indonesia","Other",464
2013-06-01,"Indonesia","Other",644
2013-07-01,"Indonesia","Other",381
2013-08-01,"Indonesia","Other",700
2013-09-01,"Indonesia","Other",645
2013-10-01,"Indonesia","Other",761
2013-11-01,"Indonesia","Other",732
2013-12-01,"Indonesia","Other",707
2014-01-01,"Indonesia","Other",542
2014-02-01,"Indonesia","Other",677
2014-03-01,"Indonesia","Other",604
2014-04-01,"Indonesia","Other",626
2014-05-01,"Indonesia","Other",548
2014-06-01,"Indonesia","Other",566
2014-07-01,"Indonesia","Other",714
2014-08-01,"Indonesia","Other",661
2014-09-01,"Indonesia","Other",539
2014-10-01,"Indonesia","Other",706
2014-11-01,"Indonesia","Other",605
2014-12-01,"Indonesia","Other",608
2015-01-01,"Indonesia","Other",776
2015-02-01,"Indonesia","Other",604
2015-03-01,"Indonesia","Other",550
2015-04-01,"Indonesia","Other",572
2015-05-01,"Indonesia","Other",431
2015-06-01,"Indonesia","Other",681
2015-07-01,"Indonesia","Other",880
2015-08-01,"Indonesia","Other",450
2015-09-01,"Indonesia","Other",693
2015-10-01,"Indonesia","Other",614
2015-11-01,"Indonesia","Other",628
2015-12-01,"Indonesia","Other",599
2016-01-01,"Indonesia","Other",772
2016-02-01,"Indonesia","Other",628
2016-03-01,"Indonesia","Other",538
2016-04-01,"Indonesia","Other",630
2016-05-01,"Indonesia","Other",861
2016-06-01,"Indonesia","Other",558
2016-07-01,"Indonesia","Other",971
2016-08-01,"Indonesia","Other",618
2016-09-01,"Indonesia","Other",761
2016-10-01,"Indonesia","Other",1053
2016-11-01,"Indonesia","Other",693
2016-12-01,"Indonesia","Other",860
2017-01-01,"Indonesia","Other",551
2017-02-01,"Indonesia","Other",804
2017-03-01,"Indonesia","Other",545
2017-04-01,"Indonesia","Other",667
2017-05-01,"Indonesia","Other",553
2017-06-01,"Indonesia","Other",488
2017-07-01,"Indonesia","Other",698
2017-08-01,"Indonesia","Other",690
2017-09-01,"Indonesia","Other",706
2017-10-01,"Indonesia","Other",684
2017-11-01,"Indonesia","Other",632
2017-12-01,"Indonesia","Other",505
2018-01-01,"Indonesia","Other",621
2018-02-01,"Indonesia","Other",621
2018-03-01,"Indonesia","Other",902
2018-04-01,"Indonesia","Other",636
2018-05-01,"Indonesia","Other",611
2018-06-01,"Indonesia","Other",611
2018-07-01,"Indonesia","Other",629
2018-08-01,"Indonesia","Other",652
2018-09-01,"Indonesia","Other",558
2018-10-01,"Indonesia","Other",736
2018-11-01,"Indonesia","Other",770
2018-12-01,"Indonesia","Other",857
2019-01-01,"Indonesia","Other",595
2019-02-01,"Indonesia","Other",715
2019-03-01,"Indonesia","Other",822
2019-04-01,"Indonesia","Other",592
2019-05-01,"Indonesia","Other",571
2019-06-01,"Indonesia","Other",749
2019-07-01,"Indonesia","Other",639
2019-08-01,"Indonesia","Other",812
2019-09-01,"Indonesia","Other",775
2019-10-01,"Indonesia","Other",871
2019-11-01,"Indonesia","Other",853
2019-12-01,"Indonesia","Other",645
2020-01-01,"Indonesia","Other",727
2020-02-01,"Indonesia","Other",986
2005-01-01,"Indonesia","Visiting Friends or Relatives",833
2005-02-01,"Indonesia","Visiting Friends or Relatives",1196
2005-03-01,"Indonesia","Visiting Friends or Relatives",1370
2005-04-01,"Indonesia","Visiting Friends or Relatives",1416
2005-05-01,"Indonesia","Visiting Friends or Relatives",1168
2005-06-01,"Indonesia","Visiting Friends or Relatives",1674
2005-07-01,"Indonesia","Visiting Friends or Relatives",1368
2005-08-01,"Indonesia","Visiting Friends or Relatives",887
2005-09-01,"Indonesia","Visiting Friends or Relatives",1332
2005-10-01,"Indonesia","Visiting Friends or Relatives",2330
2005-11-01,"Indonesia","Visiting Friends or Relatives",1157
2005-12-01,"Indonesia","Visiting Friends or Relatives",2636
2006-01-01,"Indonesia","Visiting Friends or Relatives",910
2006-02-01,"Indonesia","Visiting Friends or Relatives",1314
2006-03-01,"Indonesia","Visiting Friends or Relatives",1424
2006-04-01,"Indonesia","Visiting Friends or Relatives",1653
2006-05-01,"Indonesia","Visiting Friends or Relatives",1122
2006-06-01,"Indonesia","Visiting Friends or Relatives",1143
2006-07-01,"Indonesia","Visiting Friends or Relatives",910
2006-08-01,"Indonesia","Visiting Friends or Relatives",1264
2006-09-01,"Indonesia","Visiting Friends or Relatives",1284
2006-10-01,"Indonesia","Visiting Friends or Relatives",2092
2006-11-01,"Indonesia","Visiting Friends or Relatives",1113
2006-12-01,"Indonesia","Visiting Friends or Relatives",2561
2007-01-01,"Indonesia","Visiting Friends or Relatives",816
2007-02-01,"Indonesia","Visiting Friends or Relatives",1385
2007-03-01,"Indonesia","Visiting Friends or Relatives",1482
2007-04-01,"Indonesia","Visiting Friends or Relatives",1218
2007-05-01,"Indonesia","Visiting Friends or Relatives",1113
2007-06-01,"Indonesia","Visiting Friends or Relatives",1421
2007-07-01,"Indonesia","Visiting Friends or Relatives",1350
2007-08-01,"Indonesia","Visiting Friends or Relatives",1013
2007-09-01,"Indonesia","Visiting Friends or Relatives",1479
2007-10-01,"Indonesia","Visiting Friends or Relatives",2326
2007-11-01,"Indonesia","Visiting Friends or Relatives",1531
2007-12-01,"Indonesia","Visiting Friends or Relatives",2974
2008-01-01,"Indonesia","Visiting Friends or Relatives",1052
2008-02-01,"Indonesia","Visiting Friends or Relatives",1353
2008-03-01,"Indonesia","Visiting Friends or Relatives",1837
2008-04-01,"Indonesia","Visiting Friends or Relatives",1570
2008-05-01,"Indonesia","Visiting Friends or Relatives",1107
2008-06-01,"Indonesia","Visiting Friends or Relatives",1696
2008-07-01,"Indonesia","Visiting Friends or Relatives",1292
2008-08-01,"Indonesia","Visiting Friends or Relatives",1336
2008-09-01,"Indonesia","Visiting Friends or Relatives",2661
2008-10-01,"Indonesia","Visiting Friends or Relatives",1912
2008-11-01,"Indonesia","Visiting Friends or Relatives",1367
2008-12-01,"Indonesia","Visiting Friends or Relatives",3041
2009-01-01,"Indonesia","Visiting Friends or Relatives",1098
2009-02-01,"Indonesia","Visiting Friends or Relatives",1143
2009-03-01,"Indonesia","Visiting Friends or Relatives",1408
2009-04-01,"Indonesia","Visiting Friends or Relatives",1649
2009-05-01,"Indonesia","Visiting Friends or Relatives",1765
2009-06-01,"Indonesia","Visiting Friends or Relatives",1901
2009-07-01,"Indonesia","Visiting Friends or Relatives",2073
2009-08-01,"Indonesia","Visiting Friends or Relatives",1999
2009-09-01,"Indonesia","Visiting Friends or Relatives",3389
2009-10-01,"Indonesia","Visiting Friends or Relatives",2211
2009-11-01,"Indonesia","Visiting Friends or Relatives",1540
2009-12-01,"Indonesia","Visiting Friends or Relatives",3772
2010-01-01,"Indonesia","Visiting Friends or Relatives",1422
2010-02-01,"Indonesia","Visiting Friends or Relatives",1995
2010-03-01,"Indonesia","Visiting Friends or Relatives",1878
2010-04-01,"Indonesia","Visiting Friends or Relatives",2005
2010-05-01,"Indonesia","Visiting Friends or Relatives",1833
2010-06-01,"Indonesia","Visiting Friends or Relatives",2433
2010-07-01,"Indonesia","Visiting Friends or Relatives",1643
2010-08-01,"Indonesia","Visiting Friends or Relatives",2169
2010-09-01,"Indonesia","Visiting Friends or Relatives",3385
2010-10-01,"Indonesia","Visiting Friends or Relatives",2104
2010-11-01,"Indonesia","Visiting Friends or Relatives",1672
2010-12-01,"Indonesia","Visiting Friends or Relatives",4064
2011-01-01,"Indonesia","Visiting Friends or Relatives",1447
2011-02-01,"Indonesia","Visiting Friends or Relatives",2097
2011-03-01,"Indonesia","Visiting Friends or Relatives",2132
2011-04-01,"Indonesia","Visiting Friends or Relatives",2380
2011-05-01,"Indonesia","Visiting Friends or Relatives",2260
2011-06-01,"Indonesia","Visiting Friends or Relatives",2186
2011-07-01,"Indonesia","Visiting Friends or Relatives",2203
2011-08-01,"Indonesia","Visiting Friends or Relatives",3054
2011-09-01,"Indonesia","Visiting Friends or Relatives",2562
2011-10-01,"Indonesia","Visiting Friends or Relatives",2262
2011-11-01,"Indonesia","Visiting Friends or Relatives",1813
2011-12-01,"Indonesia","Visiting Friends or Relatives",4238
2012-01-01,"Indonesia","Visiting Friends or Relatives",1754
2012-02-01,"Indonesia","Visiting Friends or Relatives",2059
2012-03-01,"Indonesia","Visiting Friends or Relatives",2246
2012-04-01,"Indonesia","Visiting Friends or Relatives",1967
2012-05-01,"Indonesia","Visiting Friends or Relatives",1968
2012-06-01,"Indonesia","Visiting Friends or Relatives",2456
2012-07-01,"Indonesia","Visiting Friends or Relatives",2332
2012-08-01,"Indonesia","Visiting Friends or Relatives",4226
2012-09-01,"Indonesia","Visiting Friends or Relatives",2461
2012-10-01,"Indonesia","Visiting Friends or Relatives",2572
2012-11-01,"Indonesia","Visiting Friends or Relatives",2701
2012-12-01,"Indonesia","Visiting Friends or Relatives",4414
2013-01-01,"Indonesia","Visiting Friends or Relatives",1329
2013-02-01,"Indonesia","Visiting Friends or Relatives",1929
2013-03-01,"Indonesia","Visiting Friends or Relatives",2734
2013-04-01,"Indonesia","Visiting Friends or Relatives",2315
2013-05-01,"Indonesia","Visiting Friends or Relatives",1924
2013-06-01,"Indonesia","Visiting Friends or Relatives",2447
2013-07-01,"Indonesia","Visiting Friends or Relatives",2283
2013-08-01,"Indonesia","Visiting Friends or Relatives",4103
2013-09-01,"Indonesia","Visiting Friends or Relatives",2753
2013-10-01,"Indonesia","Visiting Friends or Relatives",2867
2013-11-01,"Indonesia","Visiting Friends or Relatives",2468
2013-12-01,"Indonesia","Visiting Friends or Relatives",5304
2014-01-01,"Indonesia","Visiting Friends or Relatives",1954
2014-02-01,"Indonesia","Visiting Friends or Relatives",2653
2014-03-01,"Indonesia","Visiting Friends or Relatives",2899
2014-04-01,"Indonesia","Visiting Friends or Relatives",2753
2014-05-01,"Indonesia","Visiting Friends or Relatives",3042
2014-06-01,"Indonesia","Visiting Friends or Relatives",2749
2014-07-01,"Indonesia","Visiting Friends or Relatives",3892
2014-08-01,"Indonesia","Visiting Friends or Relatives",2508
2014-09-01,"Indonesia","Visiting Friends or Relatives",3131
2014-10-01,"Indonesia","Visiting Friends or Relatives",2638
2014-11-01,"Indonesia","Visiting Friends or Relatives",2563
2014-12-01,"Indonesia","Visiting Friends or Relatives",5590
2015-01-01,"Indonesia","Visiting Friends or Relatives",2251
2015-02-01,"Indonesia","Visiting Friends or Relatives",3000
2015-03-01,"Indonesia","Visiting Friends or Relatives",2865
2015-04-01,"Indonesia","Visiting Friends or Relatives",2767
2015-05-01,"Indonesia","Visiting Friends or Relatives",2034
2015-06-01,"Indonesia","Visiting Friends or Relatives",3153
2015-07-01,"Indonesia","Visiting Friends or Relatives",4511
2015-08-01,"Indonesia","Visiting Friends or Relatives",2879
2015-09-01,"Indonesia","Visiting Friends or Relatives",2815
2015-10-01,"Indonesia","Visiting Friends or Relatives",3466
2015-11-01,"Indonesia","Visiting Friends or Relatives",2392
2015-12-01,"Indonesia","Visiting Friends or Relatives",4670
2016-01-01,"Indonesia","Visiting Friends or Relatives",1728
2016-02-01,"Indonesia","Visiting Friends or Relatives",2315
2016-03-01,"Indonesia","Visiting Friends or Relatives",2952
2016-04-01,"Indonesia","Visiting Friends or Relatives",2606
2016-05-01,"Indonesia","Visiting Friends or Relatives",2174
2016-06-01,"Indonesia","Visiting Friends or Relatives",3736
2016-07-01,"Indonesia","Visiting Friends or Relatives",3633
2016-08-01,"Indonesia","Visiting Friends or Relatives",2117
2016-09-01,"Indonesia","Visiting Friends or Relatives",3172
2016-10-01,"Indonesia","Visiting Friends or Relatives",3054
2016-11-01,"Indonesia","Visiting Friends or Relatives",2612
2016-12-01,"Indonesia","Visiting Friends or Relatives",5585
2017-01-01,"Indonesia","Visiting Friends or Relatives",1929
2017-02-01,"Indonesia","Visiting Friends or Relatives",2798
2017-03-01,"Indonesia","Visiting Friends or Relatives",2987
2017-04-01,"Indonesia","Visiting Friends or Relatives",3453
2017-05-01,"Indonesia","Visiting Friends or Relatives",2472
2017-06-01,"Indonesia","Visiting Friends or Relatives",4817
2017-07-01,"Indonesia","Visiting Friends or Relatives",3529
2017-08-01,"Indonesia","Visiting Friends or Relatives",2927
2017-09-01,"Indonesia","Visiting Friends or Relatives",3391
2017-10-01,"Indonesia","Visiting Friends or Relatives",3177
2017-11-01,"Indonesia","Visiting Friends or Relatives",3774
2017-12-01,"Indonesia","Visiting Friends or Relatives",6144
2018-01-01,"Indonesia","Visiting Friends or Relatives",2324
2018-02-01,"Indonesia","Visiting Friends or Relatives",3511
2018-03-01,"Indonesia","Visiting Friends or Relatives",3946
2018-04-01,"Indonesia","Visiting Friends or Relatives",3237
2018-05-01,"Indonesia","Visiting Friends or Relatives",3105
2018-06-01,"Indonesia","Visiting Friends or Relatives",6061
2018-07-01,"Indonesia","Visiting Friends or Relatives",3441
2018-08-01,"Indonesia","Visiting Friends or Relatives",3557
2018-09-01,"Indonesia","Visiting Friends or Relatives",3660
2018-10-01,"Indonesia","Visiting Friends or Relatives",3312
2018-11-01,"Indonesia","Visiting Friends or Relatives",3586
2018-12-01,"Indonesia","Visiting Friends or Relatives",6492
2019-01-01,"Indonesia","Visiting Friends or Relatives",2441
2019-02-01,"Indonesia","Visiting Friends or Relatives",3368
2019-03-01,"Indonesia","Visiting Friends or Relatives",3608
2019-04-01,"Indonesia","Visiting Friends or Relatives",3184
2019-05-01,"Indonesia","Visiting Friends or Relatives",4536
2019-06-01,"Indonesia","Visiting Friends or Relatives",4373
2019-07-01,"Indonesia","Visiting Friends or Relatives",3596
2019-08-01,"Indonesia","Visiting Friends or Relatives",3367
2019-09-01,"Indonesia","Visiting Friends or Relatives",4099
2019-10-01,"Indonesia","Visiting Friends or Relatives",4202
2019-11-01,"Indonesia","Visiting Friends or Relatives",3400
2019-12-01,"Indonesia","Visiting Friends or Relatives",6427
2020-01-01,"Indonesia","Visiting Friends or Relatives",2260
2020-02-01,"Indonesia","Visiting Friends or Relatives",3517
2005-01-01,"Japan","Business",2587
2005-02-01,"Japan","Business",3251
2005-03-01,"Japan","Business",3411
2005-04-01,"Japan","Business",2776
2005-05-01,"Japan","Business",2739
2005-06-01,"Japan","Business",2987
2005-07-01,"Japan","Business",3574
2005-08-01,"Japan","Business",3589
2005-09-01,"Japan","Business",3907
2005-10-01,"Japan","Business",3131
2005-11-01,"Japan","Business",4295
2005-12-01,"Japan","Business",2440
2006-01-01,"Japan","Business",3452
2006-02-01,"Japan","Business",3733
2006-03-01,"Japan","Business",3095
2006-04-01,"Japan","Business",2971
2006-05-01,"Japan","Business",2587
2006-06-01,"Japan","Business",3960
2006-07-01,"Japan","Business",3797
2006-08-01,"Japan","Business",3805
2006-09-01,"Japan","Business",3583
2006-10-01,"Japan","Business",3591
2006-11-01,"Japan","Business",3851
2006-12-01,"Japan","Business",2547
2007-01-01,"Japan","Business",3378
2007-02-01,"Japan","Business",3223
2007-03-01,"Japan","Business",4548
2007-04-01,"Japan","Business",3717
2007-05-01,"Japan","Business",3053
2007-06-01,"Japan","Business",3750
2007-07-01,"Japan","Business",4063
2007-08-01,"Japan","Business",3092
2007-09-01,"Japan","Business",3899
2007-10-01,"Japan","Business",3658
2007-11-01,"Japan","Business",3358
2007-12-01,"Japan","Business",2443
2008-01-01,"Japan","Business",2575
2008-02-01,"Japan","Business",3733
2008-03-01,"Japan","Business",3513
2008-04-01,"Japan","Business",2574
2008-05-01,"Japan","Business",3225
2008-06-01,"Japan","Business",2855
2008-07-01,"Japan","Business",3794
2008-08-01,"Japan","Business",3099
2008-09-01,"Japan","Business",4010
2008-10-01,"Japan","Business",3387
2008-11-01,"Japan","Business",2773
2008-12-01,"Japan","Business",2573
2009-01-01,"Japan","Business",2121
2009-02-01,"Japan","Business",2957
2009-03-01,"Japan","Business",2762
2009-04-01,"Japan","Business",1829
2009-05-01,"Japan","Business",1899
2009-06-01,"Japan","Business",2432
2009-07-01,"Japan","Business",3224
2009-08-01,"Japan","Business",2473
2009-09-01,"Japan","Business",2916
2009-10-01,"Japan","Business",2934
2009-11-01,"Japan","Business",2934
2009-12-01,"Japan","Business",2078
2010-01-01,"Japan","Business",1374
2010-02-01,"Japan","Business",2974
2010-03-01,"Japan","Business",3063
2010-04-01,"Japan","Business",2530
2010-05-01,"Japan","Business",2383
2010-06-01,"Japan","Business",2558
2010-07-01,"Japan","Business",4246
2010-08-01,"Japan","Business",3539
2010-09-01,"Japan","Business",2714
2010-10-01,"Japan","Business",3120
2010-11-01,"Japan","Business",3139
2010-12-01,"Japan","Business",2408
2011-01-01,"Japan","Business",2068
2011-02-01,"Japan","Business",2998
2011-03-01,"Japan","Business",3264
2011-04-01,"Japan","Business",2144
2011-05-01,"Japan","Business",2891
2011-06-01,"Japan","Business",2716
2011-07-01,"Japan","Business",4370
2011-08-01,"Japan","Business",3072
2011-09-01,"Japan","Business",2111
2011-10-01,"Japan","Business",3323
2011-11-01,"Japan","Business",3713
2011-12-01,"Japan","Business",2367
2012-01-01,"Japan","Business",2023
2012-02-01,"Japan","Business",3067
2012-03-01,"Japan","Business",2801
2012-04-01,"Japan","Business",1772
2012-05-01,"Japan","Business",2773
2012-06-01,"Japan","Business",2721
2012-07-01,"Japan","Business",2805
2012-08-01,"Japan","Business",2687
2012-09-01,"Japan","Business",3446
2012-10-01,"Japan","Business",3188
2012-11-01,"Japan","Business",3291
2012-12-01,"Japan","Business",2278
2013-01-01,"Japan","Business",1930
2013-02-01,"Japan","Business",2685
2013-03-01,"Japan","Business",2881
2013-04-01,"Japan","Business",2774
2013-05-01,"Japan","Business",2549
2013-06-01,"Japan","Business",2546
2013-07-01,"Japan","Business",3104
2013-08-01,"Japan","Business",2704
2013-09-01,"Japan","Business",3018
2013-10-01,"Japan","Business",3705
2013-11-01,"Japan","Business",3589
2013-12-01,"Japan","Business",2757
2014-01-01,"Japan","Business",2302
2014-02-01,"Japan","Business",3417
2014-03-01,"Japan","Business",3634
2014-04-01,"Japan","Business",2270
2014-05-01,"Japan","Business",3773
2014-06-01,"Japan","Business",3161
2014-07-01,"Japan","Business",3452
2014-08-01,"Japan","Business",3404
2014-09-01,"Japan","Business",2967
2014-10-01,"Japan","Business",4073
2014-11-01,"Japan","Business",3921
2014-12-01,"Japan","Business",2354
2015-01-01,"Japan","Business",2417
2015-02-01,"Japan","Business",2733
2015-03-01,"Japan","Business",3448
2015-04-01,"Japan","Business",2811
2015-05-01,"Japan","Business",2856
2015-06-01,"Japan","Business",2750
2015-07-01,"Japan","Business",3237
2015-08-01,"Japan","Business",2837
2015-09-01,"Japan","Business",2950
2015-10-01,"Japan","Business",3774
2015-11-01,"Japan","Business",3649
2015-12-01,"Japan","Business",1656
2016-01-01,"Japan","Business",1880
2016-02-01,"Japan","Business",3390
2016-03-01,"Japan","Business",3643
2016-04-01,"Japan","Business",2914
2016-05-01,"Japan","Business",2702
2016-06-01,"Japan","Business",2856
2016-07-01,"Japan","Business",3069
2016-08-01,"Japan","Business",2991
2016-09-01,"Japan","Business",3351
2016-10-01,"Japan","Business",4050
2016-11-01,"Japan","Business",4230
2016-12-01,"Japan","Business",2601
2017-01-01,"Japan","Business",2712
2017-02-01,"Japan","Business",3661
2017-03-01,"Japan","Business",3551
2017-04-01,"Japan","Business",2074
2017-05-01,"Japan","Business",3004
2017-06-01,"Japan","Business",2887
2017-07-01,"Japan","Business",4641
2017-08-01,"Japan","Business",4018
2017-09-01,"Japan","Business",3341
2017-10-01,"Japan","Business",4701
2017-11-01,"Japan","Business",5143
2017-12-01,"Japan","Business",2619
2018-01-01,"Japan","Business",3548
2018-02-01,"Japan","Business",4474
2018-03-01,"Japan","Business",4218
2018-04-01,"Japan","Business",3313
2018-05-01,"Japan","Business",3982
2018-06-01,"Japan","Business",3698
2018-07-01,"Japan","Business",4459
2018-08-01,"Japan","Business",3625
2018-09-01,"Japan","Business",4692
2018-10-01,"Japan","Business",4879
2018-11-01,"Japan","Business",5409
2018-12-01,"Japan","Business",3405
2019-01-01,"Japan","Business",3991
2019-02-01,"Japan","Business",3797
2019-03-01,"Japan","Business",4434
2019-04-01,"Japan","Business",2713
2019-05-01,"Japan","Business",4082
2019-06-01,"Japan","Business",3457
2019-07-01,"Japan","Business",5121
2019-08-01,"Japan","Business",4088
2019-09-01,"Japan","Business",4694
2019-10-01,"Japan","Business",4761
2019-11-01,"Japan","Business",6227
2019-12-01,"Japan","Business",3490
2020-01-01,"Japan","Business",2707
2020-02-01,"Japan","Business",3469
2005-01-01,"Japan","Education",2541
2005-02-01,"Japan","Education",2961
2005-03-01,"Japan","Education",1655
2005-04-01,"Japan","Education",1436
2005-05-01,"Japan","Education",645
2005-06-01,"Japan","Education",1214
2005-07-01,"Japan","Education",4262
2005-08-01,"Japan","Education",2931
2005-09-01,"Japan","Education",1486
2005-10-01,"Japan","Education",1542
2005-11-01,"Japan","Education",840
2005-12-01,"Japan","Education",1030
2006-01-01,"Japan","Education",2850
2006-02-01,"Japan","Education",4061
2006-03-01,"Japan","Education",1766
2006-04-01,"Japan","Education",1821
2006-05-01,"Japan","Education",1037
2006-06-01,"Japan","Education",1092
2006-07-01,"Japan","Education",4099
2006-08-01,"Japan","Education",2933
2006-09-01,"Japan","Education",1391
2006-10-01,"Japan","Education",1230
2006-11-01,"Japan","Education",1479
2006-12-01,"Japan","Education",837
2007-01-01,"Japan","Education",2194
2007-02-01,"Japan","Education",3337
2007-03-01,"Japan","Education",2892
2007-04-01,"Japan","Education",1482
2007-05-01,"Japan","Education",794
2007-06-01,"Japan","Education",1564
2007-07-01,"Japan","Education",3544
2007-08-01,"Japan","Education",2183
2007-09-01,"Japan","Education",1310
2007-10-01,"Japan","Education",1461
2007-11-01,"Japan","Education",1400
2007-12-01,"Japan","Education",1099
2008-01-01,"Japan","Education",2051
2008-02-01,"Japan","Education",2866
2008-03-01,"Japan","Education",3054
2008-04-01,"Japan","Education",996
2008-05-01,"Japan","Education",488
2008-06-01,"Japan","Education",794
2008-07-01,"Japan","Education",3001
2008-08-01,"Japan","Education",2364
2008-09-01,"Japan","Education",849
2008-10-01,"Japan","Education",1180
2008-11-01,"Japan","Education",940
2008-12-01,"Japan","Education",475
2009-01-01,"Japan","Education",2029
2009-02-01,"Japan","Education",2491
2009-03-01,"Japan","Education",2509
2009-04-01,"Japan","Education",1329
2009-05-01,"Japan","Education",466
2009-06-01,"Japan","Education",486
2009-07-01,"Japan","Education",1749
2009-08-01,"Japan","Education",1550
2009-09-01,"Japan","Education",728
2009-10-01,"Japan","Education",1344
2009-11-01,"Japan","Education",1084
2009-12-01,"Japan","Education",523
2010-01-01,"Japan","Education",1845
2010-02-01,"Japan","Education",2867
2010-03-01,"Japan","Education",2698
2010-04-01,"Japan","Education",967
2010-05-01,"Japan","Education",589
2010-06-01,"Japan","Education",1011
2010-07-01,"Japan","Education",3157
2010-08-01,"Japan","Education",2593
2010-09-01,"Japan","Education",1476
2010-10-01,"Japan","Education",1293
2010-11-01,"Japan","Education",1186
2010-12-01,"Japan","Education",605
2011-01-01,"Japan","Education",1657
2011-02-01,"Japan","Education",2881
2011-03-01,"Japan","Education",2524
2011-04-01,"Japan","Education",1154
2011-05-01,"Japan","Education",1333
2011-06-01,"Japan","Education",587
2011-07-01,"Japan","Education",3018
2011-08-01,"Japan","Education",3004
2011-09-01,"Japan","Education",1163
2011-10-01,"Japan","Education",1032
2011-11-01,"Japan","Education",883
2011-12-01,"Japan","Education",579
2012-01-01,"Japan","Education",1749
2012-02-01,"Japan","Education",3631
2012-03-01,"Japan","Education",2903
2012-04-01,"Japan","Education",1183
2012-05-01,"Japan","Education",788
2012-06-01,"Japan","Education",848
2012-07-01,"Japan","Education",2654
2012-08-01,"Japan","Education",3007
2012-09-01,"Japan","Education",943
2012-10-01,"Japan","Education",966
2012-11-01,"Japan","Education",953
2012-12-01,"Japan","Education",909
2013-01-01,"Japan","Education",1635
2013-02-01,"Japan","Education",3676
2013-03-01,"Japan","Education",2348
2013-04-01,"Japan","Education",1388
2013-05-01,"Japan","Education",798
2013-06-01,"Japan","Education",1051
2013-07-01,"Japan","Education",3972
2013-08-01,"Japan","Education",2895
2013-09-01,"Japan","Education",1117
2013-10-01,"Japan","Education",1069
2013-11-01,"Japan","Education",1968
2013-12-01,"Japan","Education",557
2014-01-01,"Japan","Education",1712
2014-02-01,"Japan","Education",3112
2014-03-01,"Japan","Education",2529
2014-04-01,"Japan","Education",919
2014-05-01,"Japan","Education",548
2014-06-01,"Japan","Education",878
2014-07-01,"Japan","Education",3264
2014-08-01,"Japan","Education",3418
2014-09-01,"Japan","Education",1380
2014-10-01,"Japan","Education",1387
2014-11-01,"Japan","Education",1394
2014-12-01,"Japan","Education",989
2015-01-01,"Japan","Education",1864
2015-02-01,"Japan","Education",3269
2015-03-01,"Japan","Education",2415
2015-04-01,"Japan","Education",1092
2015-05-01,"Japan","Education",1043
2015-06-01,"Japan","Education",1132
2015-07-01,"Japan","Education",4469
2015-08-01,"Japan","Education",3941
2015-09-01,"Japan","Education",968
2015-10-01,"Japan","Education",1233
2015-11-01,"Japan","Education",2105
2015-12-01,"Japan","Education",785
2016-01-01,"Japan","Education",1824
2016-02-01,"Japan","Education",3407
2016-03-01,"Japan","Education",2569
2016-04-01,"Japan","Education",988
2016-05-01,"Japan","Education",644
2016-06-01,"Japan","Education",1027
2016-07-01,"Japan","Education",3613
2016-08-01,"Japan","Education",4212
2016-09-01,"Japan","Education",1411
2016-10-01,"Japan","Education",2103
2016-11-01,"Japan","Education",829
2016-12-01,"Japan","Education",1197
2017-01-01,"Japan","Education",2125
2017-02-01,"Japan","Education",3884
2017-03-01,"Japan","Education",2603
2017-04-01,"Japan","Education",1500
2017-05-01,"Japan","Education",788
2017-06-01,"Japan","Education",896
2017-07-01,"Japan","Education",3521
2017-08-01,"Japan","Education",4696
2017-09-01,"Japan","Education",1756
2017-10-01,"Japan","Education",1863
2017-11-01,"Japan","Education",1605
2017-12-01,"Japan","Education",940
2018-01-01,"Japan","Education",2208
2018-02-01,"Japan","Education",4291
2018-03-01,"Japan","Education",3159
2018-04-01,"Japan","Education",1516
2018-05-01,"Japan","Education",796
2018-06-01,"Japan","Education",1209
2018-07-01,"Japan","Education",3927
2018-08-01,"Japan","Education",5188
2018-09-01,"Japan","Education",1417
2018-10-01,"Japan","Education",2259
2018-11-01,"Japan","Education",1334
2018-12-01,"Japan","Education",1923
2019-01-01,"Japan","Education",2174
2019-02-01,"Japan","Education",3882
2019-03-01,"Japan","Education",3229
2019-04-01,"Japan","Education",1419
2019-05-01,"Japan","Education",1036
2019-06-01,"Japan","Education",1406
2019-07-01,"Japan","Education",3870
2019-08-01,"Japan","Education",5417
2019-09-01,"Japan","Education",2288
2019-10-01,"Japan","Education",1566
2019-11-01,"Japan","Education",1865
2019-12-01,"Japan","Education",1237
2020-01-01,"Japan","Education",2579
2020-02-01,"Japan","Education",3674
2005-01-01,"Japan","Employment",176
2005-02-01,"Japan","Employment",188
2005-03-01,"Japan","Employment",1293
2005-04-01,"Japan","Employment",158
2005-05-01,"Japan","Employment",125
2005-06-01,"Japan","Employment",79
2005-07-01,"Japan","Employment",111
2005-08-01,"Japan","Employment",384
2005-09-01,"Japan","Employment",459
2005-10-01,"Japan","Employment",384
2005-11-01,"Japan","Employment",597
2005-12-01,"Japan","Employment",766
2006-01-01,"Japan","Employment",882
2006-02-01,"Japan","Employment",632
2006-03-01,"Japan","Employment",563
2006-04-01,"Japan","Employment",325
2006-05-01,"Japan","Employment",417
2006-06-01,"Japan","Employment",589
2006-07-01,"Japan","Employment",367
2006-08-01,"Japan","Employment",640
2006-09-01,"Japan","Employment",486
2006-10-01,"Japan","Employment",482
2006-11-01,"Japan","Employment",401
2006-12-01,"Japan","Employment",571
2007-01-01,"Japan","Employment",461
2007-02-01,"Japan","Employment",431
2007-03-01,"Japan","Employment",648
2007-04-01,"Japan","Employment",539
2007-05-01,"Japan","Employment",342
2007-06-01,"Japan","Employment",438
2007-07-01,"Japan","Employment",501
2007-08-01,"Japan","Employment",670
2007-09-01,"Japan","Employment",794
2007-10-01,"Japan","Employment",414
2007-11-01,"Japan","Employment",727
2007-12-01,"Japan","Employment",463
2008-01-01,"Japan","Employment",657
2008-02-01,"Japan","Employment",833
2008-03-01,"Japan","Employment",423
2008-04-01,"Japan","Employment",290
2008-05-01,"Japan","Employment",275
2008-06-01,"Japan","Employment",267
2008-07-01,"Japan","Employment",358
2008-08-01,"Japan","Employment",452
2008-09-01,"Japan","Employment",497
2008-10-01,"Japan","Employment",418
2008-11-01,"Japan","Employment",468
2008-12-01,"Japan","Employment",363
2009-01-01,"Japan","Employment",278
2009-02-01,"Japan","Employment",609
2009-03-01,"Japan","Employment",545
2009-04-01,"Japan","Employment",428
2009-05-01,"Japan","Employment",362
2009-06-01,"Japan","Employment",249
2009-07-01,"Japan","Employment",349
2009-08-01,"Japan","Employment",409
2009-09-01,"Japan","Employment",391
2009-10-01,"Japan","Employment",250
2009-11-01,"Japan","Employment",223
2009-12-01,"Japan","Employment",337
2010-01-01,"Japan","Employment",414
2010-02-01,"Japan","Employment",489
2010-03-01,"Japan","Employment",636
2010-04-01,"Japan","Employment",341
2010-05-01,"Japan","Employment",302
2010-06-01,"Japan","Employment",224
2010-07-01,"Japan","Employment",388
2010-08-01,"Japan","Employment",409
2010-09-01,"Japan","Employment",277
2010-10-01,"Japan","Employment",197
2010-11-01,"Japan","Employment",212
2010-12-01,"Japan","Employment",427
2011-01-01,"Japan","Employment",306
2011-02-01,"Japan","Employment",253
2011-03-01,"Japan","Employment",360
2011-04-01,"Japan","Employment",376
2011-05-01,"Japan","Employment",278
2011-06-01,"Japan","Employment",214
2011-07-01,"Japan","Employment",394
2011-08-01,"Japan","Employment",389
2011-09-01,"Japan","Employment",359
2011-10-01,"Japan","Employment",388
2011-11-01,"Japan","Employment",340
2011-12-01,"Japan","Employment",222
2012-01-01,"Japan","Employment",400
2012-02-01,"Japan","Employment",379
2012-03-01,"Japan","Employment",1677
2012-04-01,"Japan","Employment",1759
2012-05-01,"Japan","Employment",1037
2012-06-01,"Japan","Employment",1293
2012-07-01,"Japan","Employment",1945
2012-08-01,"Japan","Employment",1453
2012-09-01,"Japan","Employment",989
2012-10-01,"Japan","Employment",422
2012-11-01,"Japan","Employment",223
2012-12-01,"Japan","Employment",414
2013-01-01,"Japan","Employment",389
2013-02-01,"Japan","Employment",446
2013-03-01,"Japan","Employment",338
2013-04-01,"Japan","Employment",373
2013-05-01,"Japan","Employment",291
2013-06-01,"Japan","Employment",189
2013-07-01,"Japan","Employment",450
2013-08-01,"Japan","Employment",379
2013-09-01,"Japan","Employment",337
2013-10-01,"Japan","Employment",253
2013-11-01,"Japan","Employment",349
2013-12-01,"Japan","Employment",420
2014-01-01,"Japan","Employment",429
2014-02-01,"Japan","Employment",288
2014-03-01,"Japan","Employment",430
2014-04-01,"Japan","Employment",169
2014-05-01,"Japan","Employment",139
2014-06-01,"Japan","Employment",184
2014-07-01,"Japan","Employment",205
2014-08-01,"Japan","Employment",187
2014-09-01,"Japan","Employment",224
2014-10-01,"Japan","Employment",716
2014-11-01,"Japan","Employment",574
2014-12-01,"Japan","Employment",646
2015-01-01,"Japan","Employment",754
2015-02-01,"Japan","Employment",726
2015-03-01,"Japan","Employment",637
2015-04-01,"Japan","Employment",638
2015-05-01,"Japan","Employment",851
2015-06-01,"Japan","Employment",525
2015-07-01,"Japan","Employment",552
2015-08-01,"Japan","Employment",909
2015-09-01,"Japan","Employment",628
2015-10-01,"Japan","Employment",452
2015-11-01,"Japan","Employment",677
2015-12-01,"Japan","Employment",548
2016-01-01,"Japan","Employment",494
2016-02-01,"Japan","Employment",530
2016-03-01,"Japan","Employment",445
2016-04-01,"Japan","Employment",259
2016-05-01,"Japan","Employment",398
2016-06-01,"Japan","Employment",202
2016-07-01,"Japan","Employment",508
2016-08-01,"Japan","Employment",500
2016-09-01,"Japan","Employment",490
2016-10-01,"Japan","Employment",925
2016-11-01,"Japan","Employment",361
2016-12-01,"Japan","Employment",847
2017-01-01,"Japan","Employment",579
2017-02-01,"Japan","Employment",656
2017-03-01,"Japan","Employment",365
2017-04-01,"Japan","Employment",400
2017-05-01,"Japan","Employment",504
2017-06-01,"Japan","Employment",380
2017-07-01,"Japan","Employment",408
2017-08-01,"Japan","Employment",285
2017-09-01,"Japan","Employment",313
2017-10-01,"Japan","Employment",411
2017-11-01,"Japan","Employment",264
2017-12-01,"Japan","Employment",162
2018-01-01,"Japan","Employment",242
2018-02-01,"Japan","Employment",218
2018-03-01,"Japan","Employment",232
2018-04-01,"Japan","Employment",154
2018-05-01,"Japan","Employment",253
2018-06-01,"Japan","Employment",158
2018-07-01,"Japan","Employment",179
2018-08-01,"Japan","Employment",351
2018-09-01,"Japan","Employment",242
2018-10-01,"Japan","Employment",150
2018-11-01,"Japan","Employment",160
2018-12-01,"Japan","Employment",204
2019-01-01,"Japan","Employment",206
2019-02-01,"Japan","Employment",173
2019-03-01,"Japan","Employment",292
2019-04-01,"Japan","Employment",246
2019-05-01,"Japan","Employment",191
2019-06-01,"Japan","Employment",77
2019-07-01,"Japan","Employment",252
2019-08-01,"Japan","Employment",186
2019-09-01,"Japan","Employment",301
2019-10-01,"Japan","Employment",142
2019-11-01,"Japan","Employment",274
2019-12-01,"Japan","Employment",184
2020-01-01,"Japan","Employment",260
2020-02-01,"Japan","Employment",131
2005-01-01,"Japan","Holiday",51210
2005-02-01,"Japan","Holiday",50387
2005-03-01,"Japan","Holiday",54010
2005-04-01,"Japan","Holiday",39592
2005-05-01,"Japan","Holiday",35129
2005-06-01,"Japan","Holiday",33376
2005-07-01,"Japan","Holiday",40935
2005-08-01,"Japan","Holiday",50085
2005-09-01,"Japan","Holiday",45266
2005-10-01,"Japan","Holiday",44192
2005-11-01,"Japan","Holiday",53538
2005-12-01,"Japan","Holiday",48439
2006-01-01,"Japan","Holiday",48700
2006-02-01,"Japan","Holiday",48362
2006-03-01,"Japan","Holiday",51750
2006-04-01,"Japan","Holiday",33574
2006-05-01,"Japan","Holiday",33748
2006-06-01,"Japan","Holiday",32423
2006-07-01,"Japan","Holiday",36141
2006-08-01,"Japan","Holiday",47411
2006-09-01,"Japan","Holiday",41201
2006-10-01,"Japan","Holiday",44112
2006-11-01,"Japan","Holiday",47634
2006-12-01,"Japan","Holiday",43045
2007-01-01,"Japan","Holiday",37558
2007-02-01,"Japan","Holiday",42408
2007-03-01,"Japan","Holiday",44956
2007-04-01,"Japan","Holiday",29058
2007-05-01,"Japan","Holiday",24893
2007-06-01,"Japan","Holiday",28338
2007-07-01,"Japan","Holiday",35080
2007-08-01,"Japan","Holiday",42875
2007-09-01,"Japan","Holiday",35080
2007-10-01,"Japan","Holiday",36834
2007-11-01,"Japan","Holiday",38401
2007-12-01,"Japan","Holiday",38795
2008-01-01,"Japan","Holiday",29034
2008-02-01,"Japan","Holiday",33931
2008-03-01,"Japan","Holiday",37154
2008-04-01,"Japan","Holiday",22523
2008-05-01,"Japan","Holiday",21714
2008-06-01,"Japan","Holiday",20846
2008-07-01,"Japan","Holiday",26748
2008-08-01,"Japan","Holiday",36987
2008-09-01,"Japan","Holiday",25167
2008-10-01,"Japan","Holiday",25247
2008-11-01,"Japan","Holiday",31143
2008-12-01,"Japan","Holiday",28435
2009-01-01,"Japan","Holiday",17716
2009-02-01,"Japan","Holiday",26725
2009-03-01,"Japan","Holiday",30253
2009-04-01,"Japan","Holiday",18941
2009-05-01,"Japan","Holiday",15684
2009-06-01,"Japan","Holiday",9621
2009-07-01,"Japan","Holiday",12129
2009-08-01,"Japan","Holiday",21627
2009-09-01,"Japan","Holiday",26430
2009-10-01,"Japan","Holiday",21236
2009-11-01,"Japan","Holiday",21941
2009-12-01,"Japan","Holiday",25434
2010-01-01,"Japan","Holiday",19944
2010-02-01,"Japan","Holiday",26617
2010-03-01,"Japan","Holiday",31740
2010-04-01,"Japan","Holiday",16946
2010-05-01,"Japan","Holiday",16542
2010-06-01,"Japan","Holiday",15206
2010-07-01,"Japan","Holiday",23343
2010-08-01,"Japan","Holiday",35166
2010-09-01,"Japan","Holiday",25709
2010-10-01,"Japan","Holiday",23142
2010-11-01,"Japan","Holiday",25803
2010-12-01,"Japan","Holiday",24215
2011-01-01,"Japan","Holiday",15183
2011-02-01,"Japan","Holiday",22543
2011-03-01,"Japan","Holiday",23290
2011-04-01,"Japan","Holiday",11086
2011-05-01,"Japan","Holiday",10659
2011-06-01,"Japan","Holiday",9360
2011-07-01,"Japan","Holiday",18124
2011-08-01,"Japan","Holiday",27593
2011-09-01,"Japan","Holiday",19301
2011-10-01,"Japan","Holiday",19125
2011-11-01,"Japan","Holiday",22210
2011-12-01,"Japan","Holiday",21096
2012-01-01,"Japan","Holiday",15608
2012-02-01,"Japan","Holiday",24071
2012-03-01,"Japan","Holiday",25780
2012-04-01,"Japan","Holiday",12863
2012-05-01,"Japan","Holiday",12074
2012-06-01,"Japan","Holiday",10502
2012-07-01,"Japan","Holiday",18955
2012-08-01,"Japan","Holiday",29824
2012-09-01,"Japan","Holiday",19215
2012-10-01,"Japan","Holiday",17565
2012-11-01,"Japan","Holiday",23761
2012-12-01,"Japan","Holiday",23193
2013-01-01,"Japan","Holiday",14052
2013-02-01,"Japan","Holiday",21112
2013-03-01,"Japan","Holiday",24919
2013-04-01,"Japan","Holiday",10831
2013-05-01,"Japan","Holiday",10770
2013-06-01,"Japan","Holiday",9540
2013-07-01,"Japan","Holiday",18407
2013-08-01,"Japan","Holiday",28506
2013-09-01,"Japan","Holiday",17180
2013-10-01,"Japan","Holiday",19054
2013-11-01,"Japan","Holiday",18101
2013-12-01,"Japan","Holiday",22395
2014-01-01,"Japan","Holiday",11448
2014-02-01,"Japan","Holiday",19862
2014-03-01,"Japan","Holiday",25483
2014-04-01,"Japan","Holiday",10271
2014-05-01,"Japan","Holiday",12027
2014-06-01,"Japan","Holiday",9650
2014-07-01,"Japan","Holiday",20455
2014-08-01,"Japan","Holiday",29095
2014-09-01,"Japan","Holiday",16647
2014-10-01,"Japan","Holiday",18485
2014-11-01,"Japan","Holiday",17933
2014-12-01,"Japan","Holiday",22233
2015-01-01,"Japan","Holiday",11337
2015-02-01,"Japan","Holiday",20165
2015-03-01,"Japan","Holiday",22049
2015-04-01,"Japan","Holiday",9355
2015-05-01,"Japan","Holiday",10975
2015-06-01,"Japan","Holiday",9940
2015-07-01,"Japan","Holiday",17175
2015-08-01,"Japan","Holiday",27371
2015-09-01,"Japan","Holiday",18277
2015-10-01,"Japan","Holiday",19957
2015-11-01,"Japan","Holiday",21897
2015-12-01,"Japan","Holiday",26254
2016-01-01,"Japan","Holiday",16166
2016-02-01,"Japan","Holiday",29755
2016-03-01,"Japan","Holiday",31489
2016-04-01,"Japan","Holiday",17266
2016-05-01,"Japan","Holiday",15784
2016-06-01,"Japan","Holiday",13244
2016-07-01,"Japan","Holiday",22574
2016-08-01,"Japan","Holiday",37033
2016-09-01,"Japan","Holiday",24440
2016-10-01,"Japan","Holiday",23944
2016-11-01,"Japan","Holiday",27967
2016-12-01,"Japan","Holiday",30587
2017-01-01,"Japan","Holiday",18718
2017-02-01,"Japan","Holiday",28019
2017-03-01,"Japan","Holiday",36877
2017-04-01,"Japan","Holiday",15186
2017-05-01,"Japan","Holiday",16926
2017-06-01,"Japan","Holiday",14040
2017-07-01,"Japan","Holiday",23983
2017-08-01,"Japan","Holiday",38019
2017-09-01,"Japan","Holiday",23250
2017-10-01,"Japan","Holiday",23197
2017-11-01,"Japan","Holiday",27459
2017-12-01,"Japan","Holiday",30918
2018-01-01,"Japan","Holiday",20003
2018-02-01,"Japan","Holiday",27421
2018-03-01,"Japan","Holiday",35005
2018-04-01,"Japan","Holiday",16959
2018-05-01,"Japan","Holiday",16904
2018-06-01,"Japan","Holiday",14684
2018-07-01,"Japan","Holiday",25186
2018-08-01,"Japan","Holiday",42366
2018-09-01,"Japan","Holiday",26636
2018-10-01,"Japan","Holiday",28995
2018-11-01,"Japan","Holiday",29959
2018-12-01,"Japan","Holiday",35326
2019-01-01,"Japan","Holiday",20206
2019-02-01,"Japan","Holiday",30664
2019-03-01,"Japan","Holiday",37599
2019-04-01,"Japan","Holiday",22796
2019-05-01,"Japan","Holiday",18005
2019-06-01,"Japan","Holiday",16161
2019-07-01,"Japan","Holiday",28514
2019-08-01,"Japan","Holiday",46416
2019-09-01,"Japan","Holiday",27435
2019-10-01,"Japan","Holiday",28016
2019-11-01,"Japan","Holiday",30966
2019-12-01,"Japan","Holiday",38200
2020-01-01,"Japan","Holiday",22687
2020-02-01,"Japan","Holiday",29411
2005-01-01,"Japan","Other",2066
2005-02-01,"Japan","Other",1546
2005-03-01,"Japan","Other",1822
2005-04-01,"Japan","Other",1662
2005-05-01,"Japan","Other",1568
2005-06-01,"Japan","Other",1804
2005-07-01,"Japan","Other",2093
2005-08-01,"Japan","Other",1977
2005-09-01,"Japan","Other",1483
2005-10-01,"Japan","Other",2153
2005-11-01,"Japan","Other",1792
2005-12-01,"Japan","Other",1046
2006-01-01,"Japan","Other",1556
2006-02-01,"Japan","Other",1593
2006-03-01,"Japan","Other",2157
2006-04-01,"Japan","Other",1539
2006-05-01,"Japan","Other",1127
2006-06-01,"Japan","Other",1412
2006-07-01,"Japan","Other",1248
2006-08-01,"Japan","Other",1943
2006-09-01,"Japan","Other",1201
2006-10-01,"Japan","Other",1554
2006-11-01,"Japan","Other",1565
2006-12-01,"Japan","Other",1020
2007-01-01,"Japan","Other",1738
2007-02-01,"Japan","Other",1701
2007-03-01,"Japan","Other",2063
2007-04-01,"Japan","Other",1521
2007-05-01,"Japan","Other",1165
2007-06-01,"Japan","Other",1096
2007-07-01,"Japan","Other",1239
2007-08-01,"Japan","Other",1390
2007-09-01,"Japan","Other",1171
2007-10-01,"Japan","Other",1404
2007-11-01,"Japan","Other",2044
2007-12-01,"Japan","Other",1039
2008-01-01,"Japan","Other",1005
2008-02-01,"Japan","Other",1543
2008-03-01,"Japan","Other",1495
2008-04-01,"Japan","Other",1099
2008-05-01,"Japan","Other",1283
2008-06-01,"Japan","Other",1038
2008-07-01,"Japan","Other",1309
2008-08-01,"Japan","Other",1471
2008-09-01,"Japan","Other",1022
2008-10-01,"Japan","Other",1263
2008-11-01,"Japan","Other",1198
2008-12-01,"Japan","Other",758
2009-01-01,"Japan","Other",992
2009-02-01,"Japan","Other",1513
2009-03-01,"Japan","Other",1100
2009-04-01,"Japan","Other",1339
2009-05-01,"Japan","Other",667
2009-06-01,"Japan","Other",468
2009-07-01,"Japan","Other",1030
2009-08-01,"Japan","Other",975
2009-09-01,"Japan","Other",1357
2009-10-01,"Japan","Other",1189
2009-11-01,"Japan","Other",1054
2009-12-01,"Japan","Other",661
2010-01-01,"Japan","Other",754
2010-02-01,"Japan","Other",1044
2010-03-01,"Japan","Other",1035
2010-04-01,"Japan","Other",1138
2010-05-01,"Japan","Other",869
2010-06-01,"Japan","Other",832
2010-07-01,"Japan","Other",911
2010-08-01,"Japan","Other",1252
2010-09-01,"Japan","Other",1144
2010-10-01,"Japan","Other",1060
2010-11-01,"Japan","Other",1358
2010-12-01,"Japan","Other",691
2011-01-01,"Japan","Other",878
2011-02-01,"Japan","Other",1521
2011-03-01,"Japan","Other",1294
2011-04-01,"Japan","Other",673
2011-05-01,"Japan","Other",632
2011-06-01,"Japan","Other",778
2011-07-01,"Japan","Other",1059
2011-08-01,"Japan","Other",1000
2011-09-01,"Japan","Other",1059
2011-10-01,"Japan","Other",963
2011-11-01,"Japan","Other",959
2011-12-01,"Japan","Other",866
2012-01-01,"Japan","Other",641
2012-02-01,"Japan","Other",1236
2012-03-01,"Japan","Other",1065
2012-04-01,"Japan","Other",878
2012-05-01,"Japan","Other",747
2012-06-01,"Japan","Other",801
2012-07-01,"Japan","Other",1225
2012-08-01,"Japan","Other",855
2012-09-01,"Japan","Other",893
2012-10-01,"Japan","Other",1078
2012-11-01,"Japan","Other",1607
2012-12-01,"Japan","Other",754
2013-01-01,"Japan","Other",1080
2013-02-01,"Japan","Other",1151
2013-03-01,"Japan","Other",1578
2013-04-01,"Japan","Other",847
2013-05-01,"Japan","Other",1209
2013-06-01,"Japan","Other",739
2013-07-01,"Japan","Other",1214
2013-08-01,"Japan","Other",1516
2013-09-01,"Japan","Other",1201
2013-10-01,"Japan","Other",978
2013-11-01,"Japan","Other",1322
2013-12-01,"Japan","Other",736
2014-01-01,"Japan","Other",960
2014-02-01,"Japan","Other",1310
2014-03-01,"Japan","Other",1248
2014-04-01,"Japan","Other",922
2014-05-01,"Japan","Other",873
2014-06-01,"Japan","Other",909
2014-07-01,"Japan","Other",951
2014-08-01,"Japan","Other",1238
2014-09-01,"Japan","Other",664
2014-10-01,"Japan","Other",881
2014-11-01,"Japan","Other",1759
2014-12-01,"Japan","Other",681
2015-01-01,"Japan","Other",997
2015-02-01,"Japan","Other",980
2015-03-01,"Japan","Other",1301
2015-04-01,"Japan","Other",879
2015-05-01,"Japan","Other",909
2015-06-01,"Japan","Other",750
2015-07-01,"Japan","Other",883
2015-08-01,"Japan","Other",1149
2015-09-01,"Japan","Other",1128
2015-10-01,"Japan","Other",844
2015-11-01,"Japan","Other",1270
2015-12-01,"Japan","Other",571
2016-01-01,"Japan","Other",1090
2016-02-01,"Japan","Other",1681
2016-03-01,"Japan","Other",1397
2016-04-01,"Japan","Other",1202
2016-05-01,"Japan","Other",1312
2016-06-01,"Japan","Other",810
2016-07-01,"Japan","Other",1494
2016-08-01,"Japan","Other",1679
2016-09-01,"Japan","Other",1273
2016-10-01,"Japan","Other",1667
2016-11-01,"Japan","Other",1604
2016-12-01,"Japan","Other",778
2017-01-01,"Japan","Other",873
2017-02-01,"Japan","Other",1470
2017-03-01,"Japan","Other",1260
2017-04-01,"Japan","Other",1050
2017-05-01,"Japan","Other",1121
2017-06-01,"Japan","Other",1057
2017-07-01,"Japan","Other",1259
2017-08-01,"Japan","Other",1448
2017-09-01,"Japan","Other",1120
2017-10-01,"Japan","Other",1254
2017-11-01,"Japan","Other",1623
2017-12-01,"Japan","Other",514
2018-01-01,"Japan","Other",1082
2018-02-01,"Japan","Other",1877
2018-03-01,"Japan","Other",1849
2018-04-01,"Japan","Other",1279
2018-05-01,"Japan","Other",1236
2018-06-01,"Japan","Other",986
2018-07-01,"Japan","Other",1436
2018-08-01,"Japan","Other",1946
2018-09-01,"Japan","Other",1164
2018-10-01,"Japan","Other",1273
2018-11-01,"Japan","Other",2268
2018-12-01,"Japan","Other",1141
2019-01-01,"Japan","Other",1083
2019-02-01,"Japan","Other",1456
2019-03-01,"Japan","Other",2101
2019-04-01,"Japan","Other",1193
2019-05-01,"Japan","Other",1487
2019-06-01,"Japan","Other",1105
2019-07-01,"Japan","Other",1357
2019-08-01,"Japan","Other",1584
2019-09-01,"Japan","Other",1461
2019-10-01,"Japan","Other",1387
2019-11-01,"Japan","Other",1903
2019-12-01,"Japan","Other",1062
2020-01-01,"Japan","Other",2119
2020-02-01,"Japan","Other",1776
2005-01-01,"Japan","Visiting Friends or Relatives",4321
2005-02-01,"Japan","Visiting Friends or Relatives",3404
2005-03-01,"Japan","Visiting Friends or Relatives",5307
2005-04-01,"Japan","Visiting Friends or Relatives",3967
2005-05-01,"Japan","Visiting Friends or Relatives",2688
2005-06-01,"Japan","Visiting Friends or Relatives",2273
2005-07-01,"Japan","Visiting Friends or Relatives",4261
2005-08-01,"Japan","Visiting Friends or Relatives",3689
2005-09-01,"Japan","Visiting Friends or Relatives",4301
2005-10-01,"Japan","Visiting Friends or Relatives",2669
2005-11-01,"Japan","Visiting Friends or Relatives",3526
2005-12-01,"Japan","Visiting Friends or Relatives",6445
2006-01-01,"Japan","Visiting Friends or Relatives",3992
2006-02-01,"Japan","Visiting Friends or Relatives",3342
2006-03-01,"Japan","Visiting Friends or Relatives",4728
2006-04-01,"Japan","Visiting Friends or Relatives",3992
2006-05-01,"Japan","Visiting Friends or Relatives",2446
2006-06-01,"Japan","Visiting Friends or Relatives",3114
2006-07-01,"Japan","Visiting Friends or Relatives",4223
2006-08-01,"Japan","Visiting Friends or Relatives",4186
2006-09-01,"Japan","Visiting Friends or Relatives",4097
2006-10-01,"Japan","Visiting Friends or Relatives",3502
2006-11-01,"Japan","Visiting Friends or Relatives",3970
2006-12-01,"Japan","Visiting Friends or Relatives",6375
2007-01-01,"Japan","Visiting Friends or Relatives",3547
2007-02-01,"Japan","Visiting Friends or Relatives",3721
2007-03-01,"Japan","Visiting Friends or Relatives",5000
2007-04-01,"Japan","Visiting Friends or Relatives",3792
2007-05-01,"Japan","Visiting Friends or Relatives",2204
2007-06-01,"Japan","Visiting Friends or Relatives",2687
2007-07-01,"Japan","Visiting Friends or Relatives",3427
2007-08-01,"Japan","Visiting Friends or Relatives",4284
2007-09-01,"Japan","Visiting Friends or Relatives",4123
2007-10-01,"Japan","Visiting Friends or Relatives",3343
2007-11-01,"Japan","Visiting Friends or Relatives",3665
2007-12-01,"Japan","Visiting Friends or Relatives",6226
2008-01-01,"Japan","Visiting Friends or Relatives",2988
2008-02-01,"Japan","Visiting Friends or Relatives",3437
2008-03-01,"Japan","Visiting Friends or Relatives",5110
2008-04-01,"Japan","Visiting Friends or Relatives",3692
2008-05-01,"Japan","Visiting Friends or Relatives",2401
2008-06-01,"Japan","Visiting Friends or Relatives",2579
2008-07-01,"Japan","Visiting Friends or Relatives",3249
2008-08-01,"Japan","Visiting Friends or Relatives",3516
2008-09-01,"Japan","Visiting Friends or Relatives",3431
2008-10-01,"Japan","Visiting Friends or Relatives",2229
2008-11-01,"Japan","Visiting Friends or Relatives",2483
2008-12-01,"Japan","Visiting Friends or Relatives",4559
2009-01-01,"Japan","Visiting Friends or Relatives",2941
2009-02-01,"Japan","Visiting Friends or Relatives",3504
2009-03-01,"Japan","Visiting Friends or Relatives",4687
2009-04-01,"Japan","Visiting Friends or Relatives",3461
2009-05-01,"Japan","Visiting Friends or Relatives",3151
2009-06-01,"Japan","Visiting Friends or Relatives",2570
2009-07-01,"Japan","Visiting Friends or Relatives",3172
2009-08-01,"Japan","Visiting Friends or Relatives",3645
2009-09-01,"Japan","Visiting Friends or Relatives",4137
2009-10-01,"Japan","Visiting Friends or Relatives",3305
2009-11-01,"Japan","Visiting Friends or Relatives",2331
2009-12-01,"Japan","Visiting Friends or Relatives",5731
2010-01-01,"Japan","Visiting Friends or Relatives",3174
2010-02-01,"Japan","Visiting Friends or Relatives",2961
2010-03-01,"Japan","Visiting Friends or Relatives",4081
2010-04-01,"Japan","Visiting Friends or Relatives",3875
2010-05-01,"Japan","Visiting Friends or Relatives",2488
2010-06-01,"Japan","Visiting Friends or Relatives",2358
2010-07-01,"Japan","Visiting Friends or Relatives",3253
2010-08-01,"Japan","Visiting Friends or Relatives",4525
2010-09-01,"Japan","Visiting Friends or Relatives",3508
2010-10-01,"Japan","Visiting Friends or Relatives",2721
2010-11-01,"Japan","Visiting Friends or Relatives",3268
2010-12-01,"Japan","Visiting Friends or Relatives",5059
2011-01-01,"Japan","Visiting Friends or Relatives",2725
2011-02-01,"Japan","Visiting Friends or Relatives",3523
2011-03-01,"Japan","Visiting Friends or Relatives",5066
2011-04-01,"Japan","Visiting Friends or Relatives",3628
2011-05-01,"Japan","Visiting Friends or Relatives",2373
2011-06-01,"Japan","Visiting Friends or Relatives",2313
2011-07-01,"Japan","Visiting Friends or Relatives",3289
2011-08-01,"Japan","Visiting Friends or Relatives",4789
2011-09-01,"Japan","Visiting Friends or Relatives",2930
2011-10-01,"Japan","Visiting Friends or Relatives",3066
2011-11-01,"Japan","Visiting Friends or Relatives",2749
2011-12-01,"Japan","Visiting Friends or Relatives",5787
2012-01-01,"Japan","Visiting Friends or Relatives",2883
2012-02-01,"Japan","Visiting Friends or Relatives",2999
2012-03-01,"Japan","Visiting Friends or Relatives",5002
2012-04-01,"Japan","Visiting Friends or Relatives",2997
2012-05-01,"Japan","Visiting Friends or Relatives",1902
2012-06-01,"Japan","Visiting Friends or Relatives",2461
2012-07-01,"Japan","Visiting Friends or Relatives",3148
2012-08-01,"Japan","Visiting Friends or Relatives",4292
2012-09-01,"Japan","Visiting Friends or Relatives",3647
2012-10-01,"Japan","Visiting Friends or Relatives",3586
2012-11-01,"Japan","Visiting Friends or Relatives",3697
2012-12-01,"Japan","Visiting Friends or Relatives",5393
2013-01-01,"Japan","Visiting Friends or Relatives",2978
2013-02-01,"Japan","Visiting Friends or Relatives",3572
2013-03-01,"Japan","Visiting Friends or Relatives",4584
2013-04-01,"Japan","Visiting Friends or Relatives",2494
2013-05-01,"Japan","Visiting Friends or Relatives",2232
2013-06-01,"Japan","Visiting Friends or Relatives",1871
2013-07-01,"Japan","Visiting Friends or Relatives",2601
2013-08-01,"Japan","Visiting Friends or Relatives",4356
2013-09-01,"Japan","Visiting Friends or Relatives",3063
2013-10-01,"Japan","Visiting Friends or Relatives",3445
2013-11-01,"Japan","Visiting Friends or Relatives",3878
2013-12-01,"Japan","Visiting Friends or Relatives",6353
2014-01-01,"Japan","Visiting Friends or Relatives",2982
2014-02-01,"Japan","Visiting Friends or Relatives",3596
2014-03-01,"Japan","Visiting Friends or Relatives",4614
2014-04-01,"Japan","Visiting Friends or Relatives",3015
2014-05-01,"Japan","Visiting Friends or Relatives",2382
2014-06-01,"Japan","Visiting Friends or Relatives",2274
2014-07-01,"Japan","Visiting Friends or Relatives",3205
2014-08-01,"Japan","Visiting Friends or Relatives",5013
2014-09-01,"Japan","Visiting Friends or Relatives",3127
2014-10-01,"Japan","Visiting Friends or Relatives",3014
2014-11-01,"Japan","Visiting Friends or Relatives",3598
2014-12-01,"Japan","Visiting Friends or Relatives",6440
2015-01-01,"Japan","Visiting Friends or Relatives",3713
2015-02-01,"Japan","Visiting Friends or Relatives",4175
2015-03-01,"Japan","Visiting Friends or Relatives",4574
2015-04-01,"Japan","Visiting Friends or Relatives",2929
2015-05-01,"Japan","Visiting Friends or Relatives",2727
2015-06-01,"Japan","Visiting Friends or Relatives",2999
2015-07-01,"Japan","Visiting Friends or Relatives",3465
2015-08-01,"Japan","Visiting Friends or Relatives",5307
2015-09-01,"Japan","Visiting Friends or Relatives",5155
2015-10-01,"Japan","Visiting Friends or Relatives",3014
2015-11-01,"Japan","Visiting Friends or Relatives",3317
2015-12-01,"Japan","Visiting Friends or Relatives",6872
2016-01-01,"Japan","Visiting Friends or Relatives",3286
2016-02-01,"Japan","Visiting Friends or Relatives",4029
2016-03-01,"Japan","Visiting Friends or Relatives",4589
2016-04-01,"Japan","Visiting Friends or Relatives",3149
2016-05-01,"Japan","Visiting Friends or Relatives",2252
2016-06-01,"Japan","Visiting Friends or Relatives",2422
2016-07-01,"Japan","Visiting Friends or Relatives",3725
2016-08-01,"Japan","Visiting Friends or Relatives",5087
2016-09-01,"Japan","Visiting Friends or Relatives",2933
2016-10-01,"Japan","Visiting Friends or Relatives",2713
2016-11-01,"Japan","Visiting Friends or Relatives",3679
2016-12-01,"Japan","Visiting Friends or Relatives",6316
2017-01-01,"Japan","Visiting Friends or Relatives",3847
2017-02-01,"Japan","Visiting Friends or Relatives",3723
2017-03-01,"Japan","Visiting Friends or Relatives",6106
2017-04-01,"Japan","Visiting Friends or Relatives",3446
2017-05-01,"Japan","Visiting Friends or Relatives",2723
2017-06-01,"Japan","Visiting Friends or Relatives",2715
2017-07-01,"Japan","Visiting Friends or Relatives",3380
2017-08-01,"Japan","Visiting Friends or Relatives",5339
2017-09-01,"Japan","Visiting Friends or Relatives",4114
2017-10-01,"Japan","Visiting Friends or Relatives",3464
2017-11-01,"Japan","Visiting Friends or Relatives",4001
2017-12-01,"Japan","Visiting Friends or Relatives",7744
2018-01-01,"Japan","Visiting Friends or Relatives",4287
2018-02-01,"Japan","Visiting Friends or Relatives",3816
2018-03-01,"Japan","Visiting Friends or Relatives",5557
2018-04-01,"Japan","Visiting Friends or Relatives",3517
2018-05-01,"Japan","Visiting Friends or Relatives",2868
2018-06-01,"Japan","Visiting Friends or Relatives",2496
2018-07-01,"Japan","Visiting Friends or Relatives",3452
2018-08-01,"Japan","Visiting Friends or Relatives",5096
2018-09-01,"Japan","Visiting Friends or Relatives",4280
2018-10-01,"Japan","Visiting Friends or Relatives",3065
2018-11-01,"Japan","Visiting Friends or Relatives",4444
2018-12-01,"Japan","Visiting Friends or Relatives",7899
2019-01-01,"Japan","Visiting Friends or Relatives",3545
2019-02-01,"Japan","Visiting Friends or Relatives",4570
2019-03-01,"Japan","Visiting Friends or Relatives",5811
2019-04-01,"Japan","Visiting Friends or Relatives",4391
2019-05-01,"Japan","Visiting Friends or Relatives",3160
2019-06-01,"Japan","Visiting Friends or Relatives",2425
2019-07-01,"Japan","Visiting Friends or Relatives",3890
2019-08-01,"Japan","Visiting Friends or Relatives",5378
2019-09-01,"Japan","Visiting Friends or Relatives",4569
2019-10-01,"Japan","Visiting Friends or Relatives",3830
2019-11-01,"Japan","Visiting Friends or Relatives",4293
2019-12-01,"Japan","Visiting Friends or Relatives",7856
2020-01-01,"Japan","Visiting Friends or Relatives",3669
2020-02-01,"Japan","Visiting Friends or Relatives",5313
2005-01-01,"MENA","Business",500
2005-02-01,"MENA","Business",546
2005-03-01,"MENA","Business",850
2005-04-01,"MENA","Business",700
2005-05-01,"MENA","Business",432
2005-06-01,"MENA","Business",444
2005-07-01,"MENA","Business",788
2005-08-01,"MENA","Business",1038
2005-09-01,"MENA","Business",821
2005-10-01,"MENA","Business",696
2005-11-01,"MENA","Business",955
2005-12-01,"MENA","Business",513
2006-01-01,"MENA","Business",496
2006-02-01,"MENA","Business",698
2006-03-01,"MENA","Business",651
2006-04-01,"MENA","Business",675
2006-05-01,"MENA","Business",687
2006-06-01,"MENA","Business",752
2006-07-01,"MENA","Business",776
2006-08-01,"MENA","Business",889
2006-09-01,"MENA","Business",864
2006-10-01,"MENA","Business",731
2006-11-01,"MENA","Business",908
2006-12-01,"MENA","Business",630
2007-01-01,"MENA","Business",586
2007-02-01,"MENA","Business",1170
2007-03-01,"MENA","Business",1152
2007-04-01,"MENA","Business",795
2007-05-01,"MENA","Business",713
2007-06-01,"MENA","Business",1079
2007-07-01,"MENA","Business",1100
2007-08-01,"MENA","Business",754
2007-09-01,"MENA","Business",948
2007-10-01,"MENA","Business",867
2007-11-01,"MENA","Business",1207
2007-12-01,"MENA","Business",484
2008-01-01,"MENA","Business",537
2008-02-01,"MENA","Business",1141
2008-03-01,"MENA","Business",906
2008-04-01,"MENA","Business",917
2008-05-01,"MENA","Business",1044
2008-06-01,"MENA","Business",799
2008-07-01,"MENA","Business",1690
2008-08-01,"MENA","Business",1284
2008-09-01,"MENA","Business",907
2008-10-01,"MENA","Business",1268
2008-11-01,"MENA","Business",1131
2008-12-01,"MENA","Business",631
2009-01-01,"MENA","Business",590
2009-02-01,"MENA","Business",855
2009-03-01,"MENA","Business",1040
2009-04-01,"MENA","Business",726
2009-05-01,"MENA","Business",753
2009-06-01,"MENA","Business",724
2009-07-01,"MENA","Business",940
2009-08-01,"MENA","Business",801
2009-09-01,"MENA","Business",843
2009-10-01,"MENA","Business",1090
2009-11-01,"MENA","Business",1180
2009-12-01,"MENA","Business",643
2010-01-01,"MENA","Business",928
2010-02-01,"MENA","Business",923
2010-03-01,"MENA","Business",1235
2010-04-01,"MENA","Business",1401
2010-05-01,"MENA","Business",1098
2010-06-01,"MENA","Business",1269
2010-07-01,"MENA","Business",1340
2010-08-01,"MENA","Business",774
2010-09-01,"MENA","Business",739
2010-10-01,"MENA","Business",1269
2010-11-01,"MENA","Business",1209
2010-12-01,"MENA","Business",603
2011-01-01,"MENA","Business",770
2011-02-01,"MENA","Business",1112
2011-03-01,"MENA","Business",1242
2011-04-01,"MENA","Business",791
2011-05-01,"MENA","Business",887
2011-06-01,"MENA","Business",831
2011-07-01,"MENA","Business",1173
2011-08-01,"MENA","Business",927
2011-09-01,"MENA","Business",850
2011-10-01,"MENA","Business",1056
2011-11-01,"MENA","Business",1526
2011-12-01,"MENA","Business",549
2012-01-01,"MENA","Business",684
2012-02-01,"MENA","Business",974
2012-03-01,"MENA","Business",1045
2012-04-01,"MENA","Business",892
2012-05-01,"MENA","Business",975
2012-06-01,"MENA","Business",1003
2012-07-01,"MENA","Business",1180
2012-08-01,"MENA","Business",924
2012-09-01,"MENA","Business",1190
2012-10-01,"MENA","Business",1126
2012-11-01,"MENA","Business",1059
2012-12-01,"MENA","Business",600
2013-01-01,"MENA","Business",555
2013-02-01,"MENA","Business",1056
2013-03-01,"MENA","Business",1195
2013-04-01,"MENA","Business",1186
2013-05-01,"MENA","Business",1129
2013-06-01,"MENA","Business",1073
2013-07-01,"MENA","Business",962
2013-08-01,"MENA","Business",973
2013-09-01,"MENA","Business",731
2013-10-01,"MENA","Business",1042
2013-11-01,"MENA","Business",1128
2013-12-01,"MENA","Business",1001
2014-01-01,"MENA","Business",700
2014-02-01,"MENA","Business",1081
2014-03-01,"MENA","Business",1129
2014-04-01,"MENA","Business",905
2014-05-01,"MENA","Business",1670
2014-06-01,"MENA","Business",1139
2014-07-01,"MENA","Business",898
2014-08-01,"MENA","Business",1060
2014-09-01,"MENA","Business",1045
2014-10-01,"MENA","Business",1189
2014-11-01,"MENA","Business",1786
2014-12-01,"MENA","Business",810
2015-01-01,"MENA","Business",907
2015-02-01,"MENA","Business",1010
2015-03-01,"MENA","Business",1225
2015-04-01,"MENA","Business",1036
2015-05-01,"MENA","Business",984
2015-06-01,"MENA","Business",679
2015-07-01,"MENA","Business",750
2015-08-01,"MENA","Business",1012
2015-09-01,"MENA","Business",971
2015-10-01,"MENA","Business",1190
2015-11-01,"MENA","Business",1109
2015-12-01,"MENA","Business",568
2016-01-01,"MENA","Business",1023
2016-02-01,"MENA","Business",1100
2016-03-01,"MENA","Business",1104
2016-04-01,"MENA","Business",956
2016-05-01,"MENA","Business",786
2016-06-01,"MENA","Business",830
2016-07-01,"MENA","Business",1136
2016-08-01,"MENA","Business",765
2016-09-01,"MENA","Business",1073
2016-10-01,"MENA","Business",924
2016-11-01,"MENA","Business",1243
2016-12-01,"MENA","Business",505
2017-01-01,"MENA","Business",602
2017-02-01,"MENA","Business",1011
2017-03-01,"MENA","Business",953
2017-04-01,"MENA","Business",747
2017-05-01,"MENA","Business",970
2017-06-01,"MENA","Business",717
2017-07-01,"MENA","Business",1157
2017-08-01,"MENA","Business",1104
2017-09-01,"MENA","Business",1071
2017-10-01,"MENA","Business",1356
2017-11-01,"MENA","Business",1394
2017-12-01,"MENA","Business",757
2018-01-01,"MENA","Business",764
2018-02-01,"MENA","Business",1153
2018-03-01,"MENA","Business",1188
2018-04-01,"MENA","Business",887
2018-05-01,"MENA","Business",1169
2018-06-01,"MENA","Business",998
2018-07-01,"MENA","Business",1248
2018-08-01,"MENA","Business",1044
2018-09-01,"MENA","Business",1163
2018-10-01,"MENA","Business",1663
2018-11-01,"MENA","Business",1591
2018-12-01,"MENA","Business",554
2019-01-01,"MENA","Business",851
2019-02-01,"MENA","Business",1124
2019-03-01,"MENA","Business",1421
2019-04-01,"MENA","Business",763
2019-05-01,"MENA","Business",1022
2019-06-01,"MENA","Business",968
2019-07-01,"MENA","Business",1120
2019-08-01,"MENA","Business",982
2019-09-01,"MENA","Business",1163
2019-10-01,"MENA","Business",1289
2019-11-01,"MENA","Business",1463
2019-12-01,"MENA","Business",790
2020-01-01,"MENA","Business",897
2020-02-01,"MENA","Business",1342
2005-01-01,"MENA","Education",522
2005-02-01,"MENA","Education",645
2005-03-01,"MENA","Education",388
2005-04-01,"MENA","Education",184
2005-05-01,"MENA","Education",152
2005-06-01,"MENA","Education",378
2005-07-01,"MENA","Education",846
2005-08-01,"MENA","Education",345
2005-09-01,"MENA","Education",231
2005-10-01,"MENA","Education",228
2005-11-01,"MENA","Education",249
2005-12-01,"MENA","Education",116
2006-01-01,"MENA","Education",597
2006-02-01,"MENA","Education",904
2006-03-01,"MENA","Education",293
2006-04-01,"MENA","Education",229
2006-05-01,"MENA","Education",247
2006-06-01,"MENA","Education",325
2006-07-01,"MENA","Education",1018
2006-08-01,"MENA","Education",268
2006-09-01,"MENA","Education",157
2006-10-01,"MENA","Education",379
2006-11-01,"MENA","Education",232
2006-12-01,"MENA","Education",194
2007-01-01,"MENA","Education",561
2007-02-01,"MENA","Education",1162
2007-03-01,"MENA","Education",459
2007-04-01,"MENA","Education",368
2007-05-01,"MENA","Education",228
2007-06-01,"MENA","Education",445
2007-07-01,"MENA","Education",1349
2007-08-01,"MENA","Education",405
2007-09-01,"MENA","Education",230
2007-10-01,"MENA","Education",487
2007-11-01,"MENA","Education",214
2007-12-01,"MENA","Education",213
2008-01-01,"MENA","Education",793
2008-02-01,"MENA","Education",1354
2008-03-01,"MENA","Education",626
2008-04-01,"MENA","Education",331
2008-05-01,"MENA","Education",288
2008-06-01,"MENA","Education",580
2008-07-01,"MENA","Education",1514
2008-08-01,"MENA","Education",744
2008-09-01,"MENA","Education",304
2008-10-01,"MENA","Education",675
2008-11-01,"MENA","Education",400
2008-12-01,"MENA","Education",301
2009-01-01,"MENA","Education",1019
2009-02-01,"MENA","Education",1619
2009-03-01,"MENA","Education",849
2009-04-01,"MENA","Education",436
2009-05-01,"MENA","Education",390
2009-06-01,"MENA","Education",589
2009-07-01,"MENA","Education",1899
2009-08-01,"MENA","Education",735
2009-09-01,"MENA","Education",458
2009-10-01,"MENA","Education",794
2009-11-01,"MENA","Education",481
2009-12-01,"MENA","Education",350
2010-01-01,"MENA","Education",1446
2010-02-01,"MENA","Education",2297
2010-03-01,"MENA","Education",832
2010-04-01,"MENA","Education",439
2010-05-01,"MENA","Education",455
2010-06-01,"MENA","Education",617
2010-07-01,"MENA","Education",1837
2010-08-01,"MENA","Education",745
2010-09-01,"MENA","Education",550
2010-10-01,"MENA","Education",632
2010-11-01,"MENA","Education",489
2010-12-01,"MENA","Education",418
2011-01-01,"MENA","Education",1299
2011-02-01,"MENA","Education",2578
2011-03-01,"MENA","Education",761
2011-04-01,"MENA","Education",383
2011-05-01,"MENA","Education",656
2011-06-01,"MENA","Education",674
2011-07-01,"MENA","Education",2001
2011-08-01,"MENA","Education",492
2011-09-01,"MENA","Education",716
2011-10-01,"MENA","Education",643
2011-11-01,"MENA","Education",363
2011-12-01,"MENA","Education",439
2012-01-01,"MENA","Education",1301
2012-02-01,"MENA","Education",2801
2012-03-01,"MENA","Education",793
2012-04-01,"MENA","Education",515
2012-05-01,"MENA","Education",293
2012-06-01,"MENA","Education",960
2012-07-01,"MENA","Education",1736
2012-08-01,"MENA","Education",695
2012-09-01,"MENA","Education",513
2012-10-01,"MENA","Education",511
2012-11-01,"MENA","Education",508
2012-12-01,"MENA","Education",282
2013-01-01,"MENA","Education",1364
2013-02-01,"MENA","Education",2232
2013-03-01,"MENA","Education",1264
2013-04-01,"MENA","Education",553
2013-05-01,"MENA","Education",301
2013-06-01,"MENA","Education",658
2013-07-01,"MENA","Education",1379
2013-08-01,"MENA","Education",1053
2013-09-01,"MENA","Education",488
2013-10-01,"MENA","Education",617
2013-11-01,"MENA","Education",368
2013-12-01,"MENA","Education",333
2014-01-01,"MENA","Education",1169
2014-02-01,"MENA","Education",2040
2014-03-01,"MENA","Education",1053
2014-04-01,"MENA","Education",512
2014-05-01,"MENA","Education",417
2014-06-01,"MENA","Education",560
2014-07-01,"MENA","Education",1323
2014-08-01,"MENA","Education",1482
2014-09-01,"MENA","Education",457
2014-10-01,"MENA","Education",692
2014-11-01,"MENA","Education",516
2014-12-01,"MENA","Education",397
2015-01-01,"MENA","Education",1313
2015-02-01,"MENA","Education",2096
2015-03-01,"MENA","Education",1129
2015-04-01,"MENA","Education",512
2015-05-01,"MENA","Education",387
2015-06-01,"MENA","Education",595
2015-07-01,"MENA","Education",2170
2015-08-01,"MENA","Education",1037
2015-09-01,"MENA","Education",428
2015-10-01,"MENA","Education",621
2015-11-01,"MENA","Education",626
2015-12-01,"MENA","Education",522
2016-01-01,"MENA","Education",1374
2016-02-01,"MENA","Education",2519
2016-03-01,"MENA","Education",937
2016-04-01,"MENA","Education",612
2016-05-01,"MENA","Education",487
2016-06-01,"MENA","Education",532
2016-07-01,"MENA","Education",1995
2016-08-01,"MENA","Education",656
2016-09-01,"MENA","Education",515
2016-10-01,"MENA","Education",658
2016-11-01,"MENA","Education",494
2016-12-01,"MENA","Education",552
2017-01-01,"MENA","Education",1300
2017-02-01,"MENA","Education",2536
2017-03-01,"MENA","Education",926
2017-04-01,"MENA","Education",455
2017-05-01,"MENA","Education",297
2017-06-01,"MENA","Education",295
2017-07-01,"MENA","Education",1843
2017-08-01,"MENA","Education",567
2017-09-01,"MENA","Education",479
2017-10-01,"MENA","Education",456
2017-11-01,"MENA","Education",404
2017-12-01,"MENA","Education",536
2018-01-01,"MENA","Education",1249
2018-02-01,"MENA","Education",2091
2018-03-01,"MENA","Education",888
2018-04-01,"MENA","Education",674
2018-05-01,"MENA","Education",412
2018-06-01,"MENA","Education",412
2018-07-01,"MENA","Education",1740
2018-08-01,"MENA","Education",610
2018-09-01,"MENA","Education",517
2018-10-01,"MENA","Education",462
2018-11-01,"MENA","Education",353
2018-12-01,"MENA","Education",403
2019-01-01,"MENA","Education",1262
2019-02-01,"MENA","Education",2057
2019-03-01,"MENA","Education",864
2019-04-01,"MENA","Education",572
2019-05-01,"MENA","Education",481
2019-06-01,"MENA","Education",592
2019-07-01,"MENA","Education",1366
2019-08-01,"MENA","Education",745
2019-09-01,"MENA","Education",420
2019-10-01,"MENA","Education",586
2019-11-01,"MENA","Education",392
2019-12-01,"MENA","Education",502
2020-01-01,"MENA","Education",1151
2020-02-01,"MENA","Education",2386
2005-01-01,"MENA","Employment",44
2005-02-01,"MENA","Employment",49
2005-03-01,"MENA","Employment",67
2005-04-01,"MENA","Employment",42
2005-05-01,"MENA","Employment",77
2005-06-01,"MENA","Employment",65
2005-07-01,"MENA","Employment",224
2005-08-01,"MENA","Employment",336
2005-09-01,"MENA","Employment",169
2005-10-01,"MENA","Employment",91
2005-11-01,"MENA","Employment",218
2005-12-01,"MENA","Employment",209
2006-01-01,"MENA","Employment",144
2006-02-01,"MENA","Employment",150
2006-03-01,"MENA","Employment",166
2006-04-01,"MENA","Employment",108
2006-05-01,"MENA","Employment",120
2006-06-01,"MENA","Employment",160
2006-07-01,"MENA","Employment",774
2006-08-01,"MENA","Employment",530
2006-09-01,"MENA","Employment",197
2006-10-01,"MENA","Employment",194
2006-11-01,"MENA","Employment",252
2006-12-01,"MENA","Employment",250
2007-01-01,"MENA","Employment",189
2007-02-01,"MENA","Employment",159
2007-03-01,"MENA","Employment",180
2007-04-01,"MENA","Employment",122
2007-05-01,"MENA","Employment",138
2007-06-01,"MENA","Employment",169
2007-07-01,"MENA","Employment",640
2007-08-01,"MENA","Employment",524
2007-09-01,"MENA","Employment",129
2007-10-01,"MENA","Employment",179
2007-11-01,"MENA","Employment",216
2007-12-01,"MENA","Employment",296
2008-01-01,"MENA","Employment",161
2008-02-01,"MENA","Employment",217
2008-03-01,"MENA","Employment",163
2008-04-01,"MENA","Employment",271
2008-05-01,"MENA","Employment",124
2008-06-01,"MENA","Employment",203
2008-07-01,"MENA","Employment",534
2008-08-01,"MENA","Employment",192
2008-09-01,"MENA","Employment",175
2008-10-01,"MENA","Employment",174
2008-11-01,"MENA","Employment",219
2008-12-01,"MENA","Employment",273
2009-01-01,"MENA","Employment",195
2009-02-01,"MENA","Employment",169
2009-03-01,"MENA","Employment",181
2009-04-01,"MENA","Employment",129
2009-05-01,"MENA","Employment",141
2009-06-01,"MENA","Employment",130
2009-07-01,"MENA","Employment",195
2009-08-01,"MENA","Employment",210
2009-09-01,"MENA","Employment",101
2009-10-01,"MENA","Employment",134
2009-11-01,"MENA","Employment",189
2009-12-01,"MENA","Employment",160
2010-01-01,"MENA","Employment",250
2010-02-01,"MENA","Employment",160
2010-03-01,"MENA","Employment",141
2010-04-01,"MENA","Employment",252
2010-05-01,"MENA","Employment",126
2010-06-01,"MENA","Employment",307
2010-07-01,"MENA","Employment",400
2010-08-01,"MENA","Employment",139
2010-09-01,"MENA","Employment",120
2010-10-01,"MENA","Employment",232
2010-11-01,"MENA","Employment",163
2010-12-01,"MENA","Employment",197
2011-01-01,"MENA","Employment",189
2011-02-01,"MENA","Employment",143
2011-03-01,"MENA","Employment",200
2011-04-01,"MENA","Employment",171
2011-05-01,"MENA","Employment",141
2011-06-01,"MENA","Employment",168
2011-07-01,"MENA","Employment",290
2011-08-01,"MENA","Employment",185
2011-09-01,"MENA","Employment",186
2011-10-01,"MENA","Employment",115
2011-11-01,"MENA","Employment",138
2011-12-01,"MENA","Employment",220
2012-01-01,"MENA","Employment",156
2012-02-01,"MENA","Employment",241
2012-03-01,"MENA","Employment",160
2012-04-01,"MENA","Employment",162
2012-05-01,"MENA","Employment",159
2012-06-01,"MENA","Employment",243
2012-07-01,"MENA","Employment",148
2012-08-01,"MENA","Employment",157
2012-09-01,"MENA","Employment",128
2012-10-01,"MENA","Employment",101
2012-11-01,"MENA","Employment",172
2012-12-01,"MENA","Employment",166
2013-01-01,"MENA","Employment",295
2013-02-01,"MENA","Employment",370
2013-03-01,"MENA","Employment",212
2013-04-01,"MENA","Employment",174
2013-05-01,"MENA","Employment",198
2013-06-01,"MENA","Employment",218
2013-07-01,"MENA","Employment",205
2013-08-01,"MENA","Employment",163
2013-09-01,"MENA","Employment",159
2013-10-01,"MENA","Employment",317
2013-11-01,"MENA","Employment",189
2013-12-01,"MENA","Employment",267
2014-01-01,"MENA","Employment",265
2014-02-01,"MENA","Employment",178
2014-03-01,"MENA","Employment",179
2014-04-01,"MENA","Employment",164
2014-05-01,"MENA","Employment",130
2014-06-01,"MENA","Employment",125
2014-07-01,"MENA","Employment",188
2014-08-01,"MENA","Employment",227
2014-09-01,"MENA","Employment",237
2014-10-01,"MENA","Employment",271
2014-11-01,"MENA","Employment",233
2014-12-01,"MENA","Employment",467
2015-01-01,"MENA","Employment",266
2015-02-01,"MENA","Employment",364
2015-03-01,"MENA","Employment",283
2015-04-01,"MENA","Employment",237
2015-05-01,"MENA","Employment",158
2015-06-01,"MENA","Employment",318
2015-07-01,"MENA","Employment",394
2015-08-01,"MENA","Employment",307
2015-09-01,"MENA","Employment",244
2015-10-01,"MENA","Employment",205
2015-11-01,"MENA","Employment",336
2015-12-01,"MENA","Employment",582
2016-01-01,"MENA","Employment",203
2016-02-01,"MENA","Employment",247
2016-03-01,"MENA","Employment",372
2016-04-01,"MENA","Employment",123
2016-05-01,"MENA","Employment",117
2016-06-01,"MENA","Employment",223
2016-07-01,"MENA","Employment",258
2016-08-01,"MENA","Employment",269
2016-09-01,"MENA","Employment",274
2016-10-01,"MENA","Employment",290
2016-11-01,"MENA","Employment",209
2016-12-01,"MENA","Employment",365
2017-01-01,"MENA","Employment",465
2017-02-01,"MENA","Employment",310
2017-03-01,"MENA","Employment",261
2017-04-01,"MENA","Employment",215
2017-05-01,"MENA","Employment",169
2017-06-01,"MENA","Employment",261
2017-07-01,"MENA","Employment",315
2017-08-01,"MENA","Employment",245
2017-09-01,"MENA","Employment",207
2017-10-01,"MENA","Employment",109
2017-11-01,"MENA","Employment",176
2017-12-01,"MENA","Employment",174
2018-01-01,"MENA","Employment",257
2018-02-01,"MENA","Employment",218
2018-03-01,"MENA","Employment",185
2018-04-01,"MENA","Employment",174
2018-05-01,"MENA","Employment",145
2018-06-01,"MENA","Employment",130
2018-07-01,"MENA","Employment",210
2018-08-01,"MENA","Employment",138
2018-09-01,"MENA","Employment",193
2018-10-01,"MENA","Employment",209
2018-11-01,"MENA","Employment",175
2018-12-01,"MENA","Employment",211
2019-01-01,"MENA","Employment",335
2019-02-01,"MENA","Employment",255
2019-03-01,"MENA","Employment",182
2019-04-01,"MENA","Employment",153
2019-05-01,"MENA","Employment",124
2019-06-01,"MENA","Employment",146
2019-07-01,"MENA","Employment",182
2019-08-01,"MENA","Employment",203
2019-09-01,"MENA","Employment",196
2019-10-01,"MENA","Employment",207
2019-11-01,"MENA","Employment",171
2019-12-01,"MENA","Employment",172
2020-01-01,"MENA","Employment",270
2020-02-01,"MENA","Employment",201
2005-01-01,"MENA","Holiday",2119
2005-02-01,"MENA","Holiday",1823
2005-03-01,"MENA","Holiday",1704
2005-04-01,"MENA","Holiday",1633
2005-05-01,"MENA","Holiday",1012
2005-06-01,"MENA","Holiday",1788
2005-07-01,"MENA","Holiday",6886
2005-08-01,"MENA","Holiday",5920
2005-09-01,"MENA","Holiday",1331
2005-10-01,"MENA","Holiday",1717
2005-11-01,"MENA","Holiday",1526
2005-12-01,"MENA","Holiday",2669
2006-01-01,"MENA","Holiday",1602
2006-02-01,"MENA","Holiday",1522
2006-03-01,"MENA","Holiday",1563
2006-04-01,"MENA","Holiday",1537
2006-05-01,"MENA","Holiday",822
2006-06-01,"MENA","Holiday",2059
2006-07-01,"MENA","Holiday",6737
2006-08-01,"MENA","Holiday",4946
2006-09-01,"MENA","Holiday",1253
2006-10-01,"MENA","Holiday",1312
2006-11-01,"MENA","Holiday",1680
2006-12-01,"MENA","Holiday",2801
2007-01-01,"MENA","Holiday",1652
2007-02-01,"MENA","Holiday",1505
2007-03-01,"MENA","Holiday",2056
2007-04-01,"MENA","Holiday",1621
2007-05-01,"MENA","Holiday",1453
2007-06-01,"MENA","Holiday",2359
2007-07-01,"MENA","Holiday",7793
2007-08-01,"MENA","Holiday",5259
2007-09-01,"MENA","Holiday",1173
2007-10-01,"MENA","Holiday",1610
2007-11-01,"MENA","Holiday",1800
2007-12-01,"MENA","Holiday",2920
2008-01-01,"MENA","Holiday",1893
2008-02-01,"MENA","Holiday",2577
2008-03-01,"MENA","Holiday",2270
2008-04-01,"MENA","Holiday",1593
2008-05-01,"MENA","Holiday",1415
2008-06-01,"MENA","Holiday",2552
2008-07-01,"MENA","Holiday",8551
2008-08-01,"MENA","Holiday",4442
2008-09-01,"MENA","Holiday",1714
2008-10-01,"MENA","Holiday",1861
2008-11-01,"MENA","Holiday",1812
2008-12-01,"MENA","Holiday",3360
2009-01-01,"MENA","Holiday",1590
2009-02-01,"MENA","Holiday",2208
2009-03-01,"MENA","Holiday",2213
2009-04-01,"MENA","Holiday",2395
2009-05-01,"MENA","Holiday",1237
2009-06-01,"MENA","Holiday",2426
2009-07-01,"MENA","Holiday",5454
2009-08-01,"MENA","Holiday",2367
2009-09-01,"MENA","Holiday",1813
2009-10-01,"MENA","Holiday",2026
2009-11-01,"MENA","Holiday",2279
2009-12-01,"MENA","Holiday",3722
2010-01-01,"MENA","Holiday",1925
2010-02-01,"MENA","Holiday",2654
2010-03-01,"MENA","Holiday",2296
2010-04-01,"MENA","Holiday",1877
2010-05-01,"MENA","Holiday",1366
2010-06-01,"MENA","Holiday",2651
2010-07-01,"MENA","Holiday",7466
2010-08-01,"MENA","Holiday",2423
2010-09-01,"MENA","Holiday",2027
2010-10-01,"MENA","Holiday",1874
2010-11-01,"MENA","Holiday",2154
2010-12-01,"MENA","Holiday",3876
2011-01-01,"MENA","Holiday",1950
2011-02-01,"MENA","Holiday",2223
2011-03-01,"MENA","Holiday",2376
2011-04-01,"MENA","Holiday",1778
2011-05-01,"MENA","Holiday",1058
2011-06-01,"MENA","Holiday",3103
2011-07-01,"MENA","Holiday",4906
2011-08-01,"MENA","Holiday",1981
2011-09-01,"MENA","Holiday",1501
2011-10-01,"MENA","Holiday",1208
2011-11-01,"MENA","Holiday",2082
2011-12-01,"MENA","Holiday",3191
2012-01-01,"MENA","Holiday",2059
2012-02-01,"MENA","Holiday",1951
2012-03-01,"MENA","Holiday",2436
2012-04-01,"MENA","Holiday",1449
2012-05-01,"MENA","Holiday",949
2012-06-01,"MENA","Holiday",3182
2012-07-01,"MENA","Holiday",2992
2012-08-01,"MENA","Holiday",2500
2012-09-01,"MENA","Holiday",1378
2012-10-01,"MENA","Holiday",1826
2012-11-01,"MENA","Holiday",1833
2012-12-01,"MENA","Holiday",2851
2013-01-01,"MENA","Holiday",1901
2013-02-01,"MENA","Holiday",2102
2013-03-01,"MENA","Holiday",2578
2013-04-01,"MENA","Holiday",1390
2013-05-01,"MENA","Holiday",1005
2013-06-01,"MENA","Holiday",2940
2013-07-01,"MENA","Holiday",2540
2013-08-01,"MENA","Holiday",5398
2013-09-01,"MENA","Holiday",1691
2013-10-01,"MENA","Holiday",2039
2013-11-01,"MENA","Holiday",1981
2013-12-01,"MENA","Holiday",4154
2014-01-01,"MENA","Holiday",1931
2014-02-01,"MENA","Holiday",2050
2014-03-01,"MENA","Holiday",2553
2014-04-01,"MENA","Holiday",1687
2014-05-01,"MENA","Holiday",1284
2014-06-01,"MENA","Holiday",2052
2014-07-01,"MENA","Holiday",4072
2014-08-01,"MENA","Holiday",5418
2014-09-01,"MENA","Holiday",1956
2014-10-01,"MENA","Holiday",1786
2014-11-01,"MENA","Holiday",1892
2014-12-01,"MENA","Holiday",3509
2015-01-01,"MENA","Holiday",2349
2015-02-01,"MENA","Holiday",2814
2015-03-01,"MENA","Holiday",3299
2015-04-01,"MENA","Holiday",1456
2015-05-01,"MENA","Holiday",1435
2015-06-01,"MENA","Holiday",1908
2015-07-01,"MENA","Holiday",5528
2015-08-01,"MENA","Holiday",3731
2015-09-01,"MENA","Holiday",2300
2015-10-01,"MENA","Holiday",1898
2015-11-01,"MENA","Holiday",2389
2015-12-01,"MENA","Holiday",4746
2016-01-01,"MENA","Holiday",2493
2016-02-01,"MENA","Holiday",2861
2016-03-01,"MENA","Holiday",3315
2016-04-01,"MENA","Holiday",1725
2016-05-01,"MENA","Holiday",1456
2016-06-01,"MENA","Holiday",2251
2016-07-01,"MENA","Holiday",8076
2016-08-01,"MENA","Holiday",4797
2016-09-01,"MENA","Holiday",2356
2016-10-01,"MENA","Holiday",2067
2016-11-01,"MENA","Holiday",2165
2016-12-01,"MENA","Holiday",4805
2017-01-01,"MENA","Holiday",2472
2017-02-01,"MENA","Holiday",2632
2017-03-01,"MENA","Holiday",4131
2017-04-01,"MENA","Holiday",2417
2017-05-01,"MENA","Holiday",1754
2017-06-01,"MENA","Holiday",3349
2017-07-01,"MENA","Holiday",6825
2017-08-01,"MENA","Holiday",5239
2017-09-01,"MENA","Holiday",2246
2017-10-01,"MENA","Holiday",2127
2017-11-01,"MENA","Holiday",2638
2017-12-01,"MENA","Holiday",4852
2018-01-01,"MENA","Holiday",2953
2018-02-01,"MENA","Holiday",3105
2018-03-01,"MENA","Holiday",4374
2018-04-01,"MENA","Holiday",2124
2018-05-01,"MENA","Holiday",1188
2018-06-01,"MENA","Holiday",2601
2018-07-01,"MENA","Holiday",6864
2018-08-01,"MENA","Holiday",4964
2018-09-01,"MENA","Holiday",2204
2018-10-01,"MENA","Holiday",2000
2018-11-01,"MENA","Holiday",2174
2018-12-01,"MENA","Holiday",4639
2019-01-01,"MENA","Holiday",2683
2019-02-01,"MENA","Holiday",2726
2019-03-01,"MENA","Holiday",2963
2019-04-01,"MENA","Holiday",1949
2019-05-01,"MENA","Holiday",1507
2019-06-01,"MENA","Holiday",2433
2019-07-01,"MENA","Holiday",6793
2019-08-01,"MENA","Holiday",4938
2019-09-01,"MENA","Holiday",2006
2019-10-01,"MENA","Holiday",2476
2019-11-01,"MENA","Holiday",2162
2019-12-01,"MENA","Holiday",4432
2020-01-01,"MENA","Holiday",2108
2020-02-01,"MENA","Holiday",2558
2005-01-01,"MENA","Other",362
2005-02-01,"MENA","Other",336
2005-03-01,"MENA","Other",320
2005-04-01,"MENA","Other",255
2005-05-01,"MENA","Other",188
2005-06-01,"MENA","Other",96
2005-07-01,"MENA","Other",309
2005-08-01,"MENA","Other",225
2005-09-01,"MENA","Other",232
2005-10-01,"MENA","Other",169
2005-11-01,"MENA","Other",297
2005-12-01,"MENA","Other",262
2006-01-01,"MENA","Other",301
2006-02-01,"MENA","Other",299
2006-03-01,"MENA","Other",240
2006-04-01,"MENA","Other",311
2006-05-01,"MENA","Other",116
2006-06-01,"MENA","Other",277
2006-07-01,"MENA","Other",366
2006-08-01,"MENA","Other",350
2006-09-01,"MENA","Other",269
2006-10-01,"MENA","Other",223
2006-11-01,"MENA","Other",219
2006-12-01,"MENA","Other",208
2007-01-01,"MENA","Other",316
2007-02-01,"MENA","Other",292
2007-03-01,"MENA","Other",619
2007-04-01,"MENA","Other",175
2007-05-01,"MENA","Other",196
2007-06-01,"MENA","Other",322
2007-07-01,"MENA","Other",464
2007-08-01,"MENA","Other",505
2007-09-01,"MENA","Other",200
2007-10-01,"MENA","Other",279
2007-11-01,"MENA","Other",367
2007-12-01,"MENA","Other",277
2008-01-01,"MENA","Other",442
2008-02-01,"MENA","Other",567
2008-03-01,"MENA","Other",366
2008-04-01,"MENA","Other",286
2008-05-01,"MENA","Other",332
2008-06-01,"MENA","Other",262
2008-07-01,"MENA","Other",1088
2008-08-01,"MENA","Other",316
2008-09-01,"MENA","Other",314
2008-10-01,"MENA","Other",485
2008-11-01,"MENA","Other",229
2008-12-01,"MENA","Other",327
2009-01-01,"MENA","Other",434
2009-02-01,"MENA","Other",614
2009-03-01,"MENA","Other",436
2009-04-01,"MENA","Other",381
2009-05-01,"MENA","Other",368
2009-06-01,"MENA","Other",322
2009-07-01,"MENA","Other",701
2009-08-01,"MENA","Other",392
2009-09-01,"MENA","Other",472
2009-10-01,"MENA","Other",320
2009-11-01,"MENA","Other",325
2009-12-01,"MENA","Other",532
2010-01-01,"MENA","Other",520
2010-02-01,"MENA","Other",510
2010-03-01,"MENA","Other",447
2010-04-01,"MENA","Other",341
2010-05-01,"MENA","Other",228
2010-06-01,"MENA","Other",361
2010-07-01,"MENA","Other",597
2010-08-01,"MENA","Other",503
2010-09-01,"MENA","Other",440
2010-10-01,"MENA","Other",232
2010-11-01,"MENA","Other",340
2010-12-01,"MENA","Other",386
2011-01-01,"MENA","Other",434
2011-02-01,"MENA","Other",654
2011-03-01,"MENA","Other",412
2011-04-01,"MENA","Other",180
2011-05-01,"MENA","Other",291
2011-06-01,"MENA","Other",417
2011-07-01,"MENA","Other",479
2011-08-01,"MENA","Other",539
2011-09-01,"MENA","Other",277
2011-10-01,"MENA","Other",347
2011-11-01,"MENA","Other",334
2011-12-01,"MENA","Other",379
2012-01-01,"MENA","Other",509
2012-02-01,"MENA","Other",710
2012-03-01,"MENA","Other",301
2012-04-01,"MENA","Other",378
2012-05-01,"MENA","Other",442
2012-06-01,"MENA","Other",317
2012-07-01,"MENA","Other",440
2012-08-01,"MENA","Other",489
2012-09-01,"MENA","Other",287
2012-10-01,"MENA","Other",381
2012-11-01,"MENA","Other",392
2012-12-01,"MENA","Other",227
2013-01-01,"MENA","Other",523
2013-02-01,"MENA","Other",558
2013-03-01,"MENA","Other",416
2013-04-01,"MENA","Other",373
2013-05-01,"MENA","Other",302
2013-06-01,"MENA","Other",424
2013-07-01,"MENA","Other",473
2013-08-01,"MENA","Other",429
2013-09-01,"MENA","Other",358
2013-10-01,"MENA","Other",495
2013-11-01,"MENA","Other",271
2013-12-01,"MENA","Other",371
2014-01-01,"MENA","Other",441
2014-02-01,"MENA","Other",556
2014-03-01,"MENA","Other",355
2014-04-01,"MENA","Other",292
2014-05-01,"MENA","Other",379
2014-06-01,"MENA","Other",425
2014-07-01,"MENA","Other",343
2014-08-01,"MENA","Other",484
2014-09-01,"MENA","Other",280
2014-10-01,"MENA","Other",635
2014-11-01,"MENA","Other",418
2014-12-01,"MENA","Other",826
2015-01-01,"MENA","Other",771
2015-02-01,"MENA","Other",666
2015-03-01,"MENA","Other",618
2015-04-01,"MENA","Other",359
2015-05-01,"MENA","Other",392
2015-06-01,"MENA","Other",524
2015-07-01,"MENA","Other",535
2015-08-01,"MENA","Other",370
2015-09-01,"MENA","Other",295
2015-10-01,"MENA","Other",429
2015-11-01,"MENA","Other",448
2015-12-01,"MENA","Other",376
2016-01-01,"MENA","Other",581
2016-02-01,"MENA","Other",614
2016-03-01,"MENA","Other",389
2016-04-01,"MENA","Other",378
2016-05-01,"MENA","Other",366
2016-06-01,"MENA","Other",406
2016-07-01,"MENA","Other",653
2016-08-01,"MENA","Other",450
2016-09-01,"MENA","Other",592
2016-10-01,"MENA","Other",608
2016-11-01,"MENA","Other",509
2016-12-01,"MENA","Other",457
2017-01-01,"MENA","Other",603
2017-02-01,"MENA","Other",781
2017-03-01,"MENA","Other",435
2017-04-01,"MENA","Other",420
2017-05-01,"MENA","Other",269
2017-06-01,"MENA","Other",358
2017-07-01,"MENA","Other",475
2017-08-01,"MENA","Other",477
2017-09-01,"MENA","Other",285
2017-10-01,"MENA","Other",384
2017-11-01,"MENA","Other",297
2017-12-01,"MENA","Other",348
2018-01-01,"MENA","Other",513
2018-02-01,"MENA","Other",682
2018-03-01,"MENA","Other",291
2018-04-01,"MENA","Other",537
2018-05-01,"MENA","Other",316
2018-06-01,"MENA","Other",259
2018-07-01,"MENA","Other",546
2018-08-01,"MENA","Other",573
2018-09-01,"MENA","Other",450
2018-10-01,"MENA","Other",453
2018-11-01,"MENA","Other",584
2018-12-01,"MENA","Other",469
2019-01-01,"MENA","Other",491
2019-02-01,"MENA","Other",642
2019-03-01,"MENA","Other",418
2019-04-01,"MENA","Other",336
2019-05-01,"MENA","Other",307
2019-06-01,"MENA","Other",305
2019-07-01,"MENA","Other",513
2019-08-01,"MENA","Other",352
2019-09-01,"MENA","Other",480
2019-10-01,"MENA","Other",557
2019-11-01,"MENA","Other",314
2019-12-01,"MENA","Other",281
2020-01-01,"MENA","Other",439
2020-02-01,"MENA","Other",642
2005-01-01,"MENA","Visiting Friends or Relatives",1575
2005-02-01,"MENA","Visiting Friends or Relatives",1580
2005-03-01,"MENA","Visiting Friends or Relatives",1998
2005-04-01,"MENA","Visiting Friends or Relatives",1480
2005-05-01,"MENA","Visiting Friends or Relatives",895
2005-06-01,"MENA","Visiting Friends or Relatives",1722
2005-07-01,"MENA","Visiting Friends or Relatives",2380
2005-08-01,"MENA","Visiting Friends or Relatives",1961
2005-09-01,"MENA","Visiting Friends or Relatives",1264
2005-10-01,"MENA","Visiting Friends or Relatives",1520
2005-11-01,"MENA","Visiting Friends or Relatives",1698
2005-12-01,"MENA","Visiting Friends or Relatives",3335
2006-01-01,"MENA","Visiting Friends or Relatives",1595
2006-02-01,"MENA","Visiting Friends or Relatives",1512
2006-03-01,"MENA","Visiting Friends or Relatives",2004
2006-04-01,"MENA","Visiting Friends or Relatives",1748
2006-05-01,"MENA","Visiting Friends or Relatives",857
2006-06-01,"MENA","Visiting Friends or Relatives",1727
2006-07-01,"MENA","Visiting Friends or Relatives",3226
2006-08-01,"MENA","Visiting Friends or Relatives",1768
2006-09-01,"MENA","Visiting Friends or Relatives",1534
2006-10-01,"MENA","Visiting Friends or Relatives",1758
2006-11-01,"MENA","Visiting Friends or Relatives",1771
2006-12-01,"MENA","Visiting Friends or Relatives",3674
2007-01-01,"MENA","Visiting Friends or Relatives",1983
2007-02-01,"MENA","Visiting Friends or Relatives",2007
2007-03-01,"MENA","Visiting Friends or Relatives",2336
2007-04-01,"MENA","Visiting Friends or Relatives",1647
2007-05-01,"MENA","Visiting Friends or Relatives",1335
2007-06-01,"MENA","Visiting Friends or Relatives",2034
2007-07-01,"MENA","Visiting Friends or Relatives",3282
2007-08-01,"MENA","Visiting Friends or Relatives",1970
2007-09-01,"MENA","Visiting Friends or Relatives",1860
2007-10-01,"MENA","Visiting Friends or Relatives",1613
2007-11-01,"MENA","Visiting Friends or Relatives",2329
2007-12-01,"MENA","Visiting Friends or Relatives",4084
2008-01-01,"MENA","Visiting Friends or Relatives",2086
2008-02-01,"MENA","Visiting Friends or Relatives",1966
2008-03-01,"MENA","Visiting Friends or Relatives",2024
2008-04-01,"MENA","Visiting Friends or Relatives",2336
2008-05-01,"MENA","Visiting Friends or Relatives",1499
2008-06-01,"MENA","Visiting Friends or Relatives",3099
2008-07-01,"MENA","Visiting Friends or Relatives",3416
2008-08-01,"MENA","Visiting Friends or Relatives",3210
2008-09-01,"MENA","Visiting Friends or Relatives",2357
2008-10-01,"MENA","Visiting Friends or Relatives",1909
2008-11-01,"MENA","Visiting Friends or Relatives",2603
2008-12-01,"MENA","Visiting Friends or Relatives",4433
2009-01-01,"MENA","Visiting Friends or Relatives",2178
2009-02-01,"MENA","Visiting Friends or Relatives",2403
2009-03-01,"MENA","Visiting Friends or Relatives",2774
2009-04-01,"MENA","Visiting Friends or Relatives",2574
2009-05-01,"MENA","Visiting Friends or Relatives",1868
2009-06-01,"MENA","Visiting Friends or Relatives",2996
2009-07-01,"MENA","Visiting Friends or Relatives",4464
2009-08-01,"MENA","Visiting Friends or Relatives",3278
2009-09-01,"MENA","Visiting Friends or Relatives",2460
2009-10-01,"MENA","Visiting Friends or Relatives",1583
2009-11-01,"MENA","Visiting Friends or Relatives",2695
2009-12-01,"MENA","Visiting Friends or Relatives",5851
2010-01-01,"MENA","Visiting Friends or Relatives",2765
2010-02-01,"MENA","Visiting Friends or Relatives",2892
2010-03-01,"MENA","Visiting Friends or Relatives",3359
2010-04-01,"MENA","Visiting Friends or Relatives",2816
2010-05-01,"MENA","Visiting Friends or Relatives",1963
2010-06-01,"MENA","Visiting Friends or Relatives",2937
2010-07-01,"MENA","Visiting Friends or Relatives",4919
2010-08-01,"MENA","Visiting Friends or Relatives",3144
2010-09-01,"MENA","Visiting Friends or Relatives",3124
2010-10-01,"MENA","Visiting Friends or Relatives",2388
2010-11-01,"MENA","Visiting Friends or Relatives",2909
2010-12-01,"MENA","Visiting Friends or Relatives",5194
2011-01-01,"MENA","Visiting Friends or Relatives",2646
2011-02-01,"MENA","Visiting Friends or Relatives",2824
2011-03-01,"MENA","Visiting Friends or Relatives",3157
2011-04-01,"MENA","Visiting Friends or Relatives",2656
2011-05-01,"MENA","Visiting Friends or Relatives",1861
2011-06-01,"MENA","Visiting Friends or Relatives",2640
2011-07-01,"MENA","Visiting Friends or Relatives",4660
2011-08-01,"MENA","Visiting Friends or Relatives",3375
2011-09-01,"MENA","Visiting Friends or Relatives",2326
2011-10-01,"MENA","Visiting Friends or Relatives",2217
2011-11-01,"MENA","Visiting Friends or Relatives",3135
2011-12-01,"MENA","Visiting Friends or Relatives",5369
2012-01-01,"MENA","Visiting Friends or Relatives",2312
2012-02-01,"MENA","Visiting Friends or Relatives",2386
2012-03-01,"MENA","Visiting Friends or Relatives",3532
2012-04-01,"MENA","Visiting Friends or Relatives",2562
2012-05-01,"MENA","Visiting Friends or Relatives",2059
2012-06-01,"MENA","Visiting Friends or Relatives",3197
2012-07-01,"MENA","Visiting Friends or Relatives",4239
2012-08-01,"MENA","Visiting Friends or Relatives",3318
2012-09-01,"MENA","Visiting Friends or Relatives",2086
2012-10-01,"MENA","Visiting Friends or Relatives",2051
2012-11-01,"MENA","Visiting Friends or Relatives",2637
2012-12-01,"MENA","Visiting Friends or Relatives",6633
2013-01-01,"MENA","Visiting Friends or Relatives",2342
2013-02-01,"MENA","Visiting Friends or Relatives",2491
2013-03-01,"MENA","Visiting Friends or Relatives",4262
2013-04-01,"MENA","Visiting Friends or Relatives",2288
2013-05-01,"MENA","Visiting Friends or Relatives",1830
2013-06-01,"MENA","Visiting Friends or Relatives",3098
2013-07-01,"MENA","Visiting Friends or Relatives",3962
2013-08-01,"MENA","Visiting Friends or Relatives",3782
2013-09-01,"MENA","Visiting Friends or Relatives",2484
2013-10-01,"MENA","Visiting Friends or Relatives",3042
2013-11-01,"MENA","Visiting Friends or Relatives",3102
2013-12-01,"MENA","Visiting Friends or Relatives",7057
2014-01-01,"MENA","Visiting Friends or Relatives",3890
2014-02-01,"MENA","Visiting Friends or Relatives",3060
2014-03-01,"MENA","Visiting Friends or Relatives",3791
2014-04-01,"MENA","Visiting Friends or Relatives",3340
2014-05-01,"MENA","Visiting Friends or Relatives",2143
2014-06-01,"MENA","Visiting Friends or Relatives",3649
2014-07-01,"MENA","Visiting Friends or Relatives",4599
2014-08-01,"MENA","Visiting Friends or Relatives",3559
2014-09-01,"MENA","Visiting Friends or Relatives",2543
2014-10-01,"MENA","Visiting Friends or Relatives",2799
2014-11-01,"MENA","Visiting Friends or Relatives",2787
2014-12-01,"MENA","Visiting Friends or Relatives",7593
2015-01-01,"MENA","Visiting Friends or Relatives",3520
2015-02-01,"MENA","Visiting Friends or Relatives",3227
2015-03-01,"MENA","Visiting Friends or Relatives",4957
2015-04-01,"MENA","Visiting Friends or Relatives",3055
2015-05-01,"MENA","Visiting Friends or Relatives",2317
2015-06-01,"MENA","Visiting Friends or Relatives",3101
2015-07-01,"MENA","Visiting Friends or Relatives",4672
2015-08-01,"MENA","Visiting Friends or Relatives",3578
2015-09-01,"MENA","Visiting Friends or Relatives",3678
2015-10-01,"MENA","Visiting Friends or Relatives",3129
2015-11-01,"MENA","Visiting Friends or Relatives",3446
2015-12-01,"MENA","Visiting Friends or Relatives",7084
2016-01-01,"MENA","Visiting Friends or Relatives",2864
2016-02-01,"MENA","Visiting Friends or Relatives",3616
2016-03-01,"MENA","Visiting Friends or Relatives",5503
2016-04-01,"MENA","Visiting Friends or Relatives",2905
2016-05-01,"MENA","Visiting Friends or Relatives",2551
2016-06-01,"MENA","Visiting Friends or Relatives",4172
2016-07-01,"MENA","Visiting Friends or Relatives",5224
2016-08-01,"MENA","Visiting Friends or Relatives",4055
2016-09-01,"MENA","Visiting Friends or Relatives",3462
2016-10-01,"MENA","Visiting Friends or Relatives",2911
2016-11-01,"MENA","Visiting Friends or Relatives",3998
2016-12-01,"MENA","Visiting Friends or Relatives",8705
2017-01-01,"MENA","Visiting Friends or Relatives",3569
2017-02-01,"MENA","Visiting Friends or Relatives",4200
2017-03-01,"MENA","Visiting Friends or Relatives",5887
2017-04-01,"MENA","Visiting Friends or Relatives",3905
2017-05-01,"MENA","Visiting Friends or Relatives",2688
2017-06-01,"MENA","Visiting Friends or Relatives",4698
2017-07-01,"MENA","Visiting Friends or Relatives",5810
2017-08-01,"MENA","Visiting Friends or Relatives",5184
2017-09-01,"MENA","Visiting Friends or Relatives",3899
2017-10-01,"MENA","Visiting Friends or Relatives",3204
2017-11-01,"MENA","Visiting Friends or Relatives",3836
2017-12-01,"MENA","Visiting Friends or Relatives",8948
2018-01-01,"MENA","Visiting Friends or Relatives",3569
2018-02-01,"MENA","Visiting Friends or Relatives",3785
2018-03-01,"MENA","Visiting Friends or Relatives",6630
2018-04-01,"MENA","Visiting Friends or Relatives",3017
2018-05-01,"MENA","Visiting Friends or Relatives",3317
2018-06-01,"MENA","Visiting Friends or Relatives",4981
2018-07-01,"MENA","Visiting Friends or Relatives",5447
2018-08-01,"MENA","Visiting Friends or Relatives",4044
2018-09-01,"MENA","Visiting Friends or Relatives",3644
2018-10-01,"MENA","Visiting Friends or Relatives",3373
2018-11-01,"MENA","Visiting Friends or Relatives",4035
2018-12-01,"MENA","Visiting Friends or Relatives",8334
2019-01-01,"MENA","Visiting Friends or Relatives",2939
2019-02-01,"MENA","Visiting Friends or Relatives",3773
2019-03-01,"MENA","Visiting Friends or Relatives",4703
2019-04-01,"MENA","Visiting Friends or Relatives",3992
2019-05-01,"MENA","Visiting Friends or Relatives",3612
2019-06-01,"MENA","Visiting Friends or Relatives",3927
2019-07-01,"MENA","Visiting Friends or Relatives",5356
2019-08-01,"MENA","Visiting Friends or Relatives",4704
2019-09-01,"MENA","Visiting Friends or Relatives",3357
2019-10-01,"MENA","Visiting Friends or Relatives",3383
2019-11-01,"MENA","Visiting Friends or Relatives",4112
2019-12-01,"MENA","Visiting Friends or Relatives",8591
2020-01-01,"MENA","Visiting Friends or Relatives",3578
2020-02-01,"MENA","Visiting Friends or Relatives",3459
2005-01-01,"Malaysia","Business",1033
2005-02-01,"Malaysia","Business",1179
2005-03-01,"Malaysia","Business",1502
2005-04-01,"Malaysia","Business",1149
2005-05-01,"Malaysia","Business",2069
2005-06-01,"Malaysia","Business",1159
2005-07-01,"Malaysia","Business",1299
2005-08-01,"Malaysia","Business",1457
2005-09-01,"Malaysia","Business",1349
2005-10-01,"Malaysia","Business",1153
2005-11-01,"Malaysia","Business",1348
2005-12-01,"Malaysia","Business",922
2006-01-01,"Malaysia","Business",773
2006-02-01,"Malaysia","Business",1542
2006-03-01,"Malaysia","Business",1374
2006-04-01,"Malaysia","Business",1086
2006-05-01,"Malaysia","Business",1665
2006-06-01,"Malaysia","Business",1142
2006-07-01,"Malaysia","Business",1571
2006-08-01,"Malaysia","Business",1659
2006-09-01,"Malaysia","Business",1609
2006-10-01,"Malaysia","Business",1610
2006-11-01,"Malaysia","Business",1339
2006-12-01,"Malaysia","Business",892
2007-01-01,"Malaysia","Business",1023
2007-02-01,"Malaysia","Business",1242
2007-03-01,"Malaysia","Business",1777
2007-04-01,"Malaysia","Business",1357
2007-05-01,"Malaysia","Business",1349
2007-06-01,"Malaysia","Business",1295
2007-07-01,"Malaysia","Business",1280
2007-08-01,"Malaysia","Business",1615
2007-09-01,"Malaysia","Business",1430
2007-10-01,"Malaysia","Business",1788
2007-11-01,"Malaysia","Business",2207
2007-12-01,"Malaysia","Business",905
2008-01-01,"Malaysia","Business",1091
2008-02-01,"Malaysia","Business",1309
2008-03-01,"Malaysia","Business",1297
2008-04-01,"Malaysia","Business",1778
2008-05-01,"Malaysia","Business",1752
2008-06-01,"Malaysia","Business",1392
2008-07-01,"Malaysia","Business",1652
2008-08-01,"Malaysia","Business",1510
2008-09-01,"Malaysia","Business",1135
2008-10-01,"Malaysia","Business",1849
2008-11-01,"Malaysia","Business",1532
2008-12-01,"Malaysia","Business",888
2009-01-01,"Malaysia","Business",820
2009-02-01,"Malaysia","Business",1608
2009-03-01,"Malaysia","Business",1593
2009-04-01,"Malaysia","Business",1207
2009-05-01,"Malaysia","Business",1334
2009-06-01,"Malaysia","Business",943
2009-07-01,"Malaysia","Business",1101
2009-08-01,"Malaysia","Business",1467
2009-09-01,"Malaysia","Business",1288
2009-10-01,"Malaysia","Business",1412
2009-11-01,"Malaysia","Business",1470
2009-12-01,"Malaysia","Business",1045
2010-01-01,"Malaysia","Business",1176
2010-02-01,"Malaysia","Business",1479
2010-03-01,"Malaysia","Business",1382
2010-04-01,"Malaysia","Business",1428
2010-05-01,"Malaysia","Business",1379
2010-06-01,"Malaysia","Business",1369
2010-07-01,"Malaysia","Business",1751
2010-08-01,"Malaysia","Business",1898
2010-09-01,"Malaysia","Business",1551
2010-10-01,"Malaysia","Business",1951
2010-11-01,"Malaysia","Business",1822
2010-12-01,"Malaysia","Business",883
2011-01-01,"Malaysia","Business",1100
2011-02-01,"Malaysia","Business",1337
2011-03-01,"Malaysia","Business",1589
2011-04-01,"Malaysia","Business",1282
2011-05-01,"Malaysia","Business",1592
2011-06-01,"Malaysia","Business",1282
2011-07-01,"Malaysia","Business",2013
2011-08-01,"Malaysia","Business",1493
2011-09-01,"Malaysia","Business",1870
2011-10-01,"Malaysia","Business",2222
2011-11-01,"Malaysia","Business",1874
2011-12-01,"Malaysia","Business",847
2012-01-01,"Malaysia","Business",1107
2012-02-01,"Malaysia","Business",1778
2012-03-01,"Malaysia","Business",1949
2012-04-01,"Malaysia","Business",1378
2012-05-01,"Malaysia","Business",2556
2012-06-01,"Malaysia","Business",1476
2012-07-01,"Malaysia","Business",1772
2012-08-01,"Malaysia","Business",1694
2012-09-01,"Malaysia","Business",1803
2012-10-01,"Malaysia","Business",1922
2012-11-01,"Malaysia","Business",1895
2012-12-01,"Malaysia","Business",927
2013-01-01,"Malaysia","Business",1118
2013-02-01,"Malaysia","Business",1657
2013-03-01,"Malaysia","Business",1550
2013-04-01,"Malaysia","Business",1729
2013-05-01,"Malaysia","Business",1859
2013-06-01,"Malaysia","Business",1575
2013-07-01,"Malaysia","Business",1493
2013-08-01,"Malaysia","Business",1529
2013-09-01,"Malaysia","Business",1909
2013-10-01,"Malaysia","Business",2105
2013-11-01,"Malaysia","Business",2116
2013-12-01,"Malaysia","Business",1436
2014-01-01,"Malaysia","Business",694
2014-02-01,"Malaysia","Business",1307
2014-03-01,"Malaysia","Business",1721
2014-04-01,"Malaysia","Business",1413
2014-05-01,"Malaysia","Business",2363
2014-06-01,"Malaysia","Business",1649
2014-07-01,"Malaysia","Business",1734
2014-08-01,"Malaysia","Business",1900
2014-09-01,"Malaysia","Business",1768
2014-10-01,"Malaysia","Business",1820
2014-11-01,"Malaysia","Business",1754
2014-12-01,"Malaysia","Business",819
2015-01-01,"Malaysia","Business",866
2015-02-01,"Malaysia","Business",1287
2015-03-01,"Malaysia","Business",1433
2015-04-01,"Malaysia","Business",1369
2015-05-01,"Malaysia","Business",2251
2015-06-01,"Malaysia","Business",1502
2015-07-01,"Malaysia","Business",1385
2015-08-01,"Malaysia","Business",1540
2015-09-01,"Malaysia","Business",1468
2015-10-01,"Malaysia","Business",1805
2015-11-01,"Malaysia","Business",1804
2015-12-01,"Malaysia","Business",1044
2016-01-01,"Malaysia","Business",923
2016-02-01,"Malaysia","Business",1254
2016-03-01,"Malaysia","Business",1640
2016-04-01,"Malaysia","Business",1893
2016-05-01,"Malaysia","Business",1654
2016-06-01,"Malaysia","Business",1192
2016-07-01,"Malaysia","Business",1554
2016-08-01,"Malaysia","Business",1461
2016-09-01,"Malaysia","Business",1759
2016-10-01,"Malaysia","Business",1870
2016-11-01,"Malaysia","Business",1484
2016-12-01,"Malaysia","Business",1176
2017-01-01,"Malaysia","Business",833
2017-02-01,"Malaysia","Business",1161
2017-03-01,"Malaysia","Business",1671
2017-04-01,"Malaysia","Business",1458
2017-05-01,"Malaysia","Business",1756
2017-06-01,"Malaysia","Business",1441
2017-07-01,"Malaysia","Business",1534
2017-08-01,"Malaysia","Business",2456
2017-09-01,"Malaysia","Business",1989
2017-10-01,"Malaysia","Business",2159
2017-11-01,"Malaysia","Business",1926
2017-12-01,"Malaysia","Business",1017
2018-01-01,"Malaysia","Business",1315
2018-02-01,"Malaysia","Business",1449
2018-03-01,"Malaysia","Business",1740
2018-04-01,"Malaysia","Business",2020
2018-05-01,"Malaysia","Business",2147
2018-06-01,"Malaysia","Business",1510
2018-07-01,"Malaysia","Business",1842
2018-08-01,"Malaysia","Business",1901
2018-09-01,"Malaysia","Business",1794
2018-10-01,"Malaysia","Business",2095
2018-11-01,"Malaysia","Business",1967
2018-12-01,"Malaysia","Business",1004
2019-01-01,"Malaysia","Business",1283
2019-02-01,"Malaysia","Business",1604
2019-03-01,"Malaysia","Business",2020
2019-04-01,"Malaysia","Business",1762
2019-05-01,"Malaysia","Business",2251
2019-06-01,"Malaysia","Business",1478
2019-07-01,"Malaysia","Business",1958
2019-08-01,"Malaysia","Business",2278
2019-09-01,"Malaysia","Business",1913
2019-10-01,"Malaysia","Business",1876
2019-11-01,"Malaysia","Business",2387
2019-12-01,"Malaysia","Business",1297
2020-01-01,"Malaysia","Business",917
2020-02-01,"Malaysia","Business",1496
2005-01-01,"Malaysia","Education",1646
2005-02-01,"Malaysia","Education",6233
2005-03-01,"Malaysia","Education",829
2005-04-01,"Malaysia","Education",516
2005-05-01,"Malaysia","Education",497
2005-06-01,"Malaysia","Education",380
2005-07-01,"Malaysia","Education",3303
2005-08-01,"Malaysia","Education",681
2005-09-01,"Malaysia","Education",514
2005-10-01,"Malaysia","Education",646
2005-11-01,"Malaysia","Education",391
2005-12-01,"Malaysia","Education",553
2006-01-01,"Malaysia","Education",1379
2006-02-01,"Malaysia","Education",6329
2006-03-01,"Malaysia","Education",576
2006-04-01,"Malaysia","Education",447
2006-05-01,"Malaysia","Education",279
2006-06-01,"Malaysia","Education",291
2006-07-01,"Malaysia","Education",3233
2006-08-01,"Malaysia","Education",446
2006-09-01,"Malaysia","Education",436
2006-10-01,"Malaysia","Education",719
2006-11-01,"Malaysia","Education",387
2006-12-01,"Malaysia","Education",431
2007-01-01,"Malaysia","Education",1878
2007-02-01,"Malaysia","Education",5485
2007-03-01,"Malaysia","Education",1070
2007-04-01,"Malaysia","Education",741
2007-05-01,"Malaysia","Education",339
2007-06-01,"Malaysia","Education",308
2007-07-01,"Malaysia","Education",3360
2007-08-01,"Malaysia","Education",507
2007-09-01,"Malaysia","Education",614
2007-10-01,"Malaysia","Education",607
2007-11-01,"Malaysia","Education",291
2007-12-01,"Malaysia","Education",486
2008-01-01,"Malaysia","Education",1585
2008-02-01,"Malaysia","Education",5770
2008-03-01,"Malaysia","Education",1337
2008-04-01,"Malaysia","Education",669
2008-05-01,"Malaysia","Education",289
2008-06-01,"Malaysia","Education",486
2008-07-01,"Malaysia","Education",3047
2008-08-01,"Malaysia","Education",781
2008-09-01,"Malaysia","Education",451
2008-10-01,"Malaysia","Education",1023
2008-11-01,"Malaysia","Education",470
2008-12-01,"Malaysia","Education",507
2009-01-01,"Malaysia","Education",1910
2009-02-01,"Malaysia","Education",6867
2009-03-01,"Malaysia","Education",1245
2009-04-01,"Malaysia","Education",1028
2009-05-01,"Malaysia","Education",552
2009-06-01,"Malaysia","Education",654
2009-07-01,"Malaysia","Education",3999
2009-08-01,"Malaysia","Education",546
2009-09-01,"Malaysia","Education",564
2009-10-01,"Malaysia","Education",994
2009-11-01,"Malaysia","Education",547
2009-12-01,"Malaysia","Education",813
2010-01-01,"Malaysia","Education",2103
2010-02-01,"Malaysia","Education",6505
2010-03-01,"Malaysia","Education",1605
2010-04-01,"Malaysia","Education",913
2010-05-01,"Malaysia","Education",431
2010-06-01,"Malaysia","Education",571
2010-07-01,"Malaysia","Education",4297
2010-08-01,"Malaysia","Education",872
2010-09-01,"Malaysia","Education",973
2010-10-01,"Malaysia","Education",887
2010-11-01,"Malaysia","Education",655
2010-12-01,"Malaysia","Education",831
2011-01-01,"Malaysia","Education",1878
2011-02-01,"Malaysia","Education",7225
2011-03-01,"Malaysia","Education",1140
2011-04-01,"Malaysia","Education",637
2011-05-01,"Malaysia","Education",854
2011-06-01,"Malaysia","Education",464
2011-07-01,"Malaysia","Education",4043
2011-08-01,"Malaysia","Education",796
2011-09-01,"Malaysia","Education",790
2011-10-01,"Malaysia","Education",993
2011-11-01,"Malaysia","Education",640
2011-12-01,"Malaysia","Education",862
2012-01-01,"Malaysia","Education",1763
2012-02-01,"Malaysia","Education",6296
2012-03-01,"Malaysia","Education",1232
2012-04-01,"Malaysia","Education",964
2012-05-01,"Malaysia","Education",406
2012-06-01,"Malaysia","Education",648
2012-07-01,"Malaysia","Education",4248
2012-08-01,"Malaysia","Education",911
2012-09-01,"Malaysia","Education",1056
2012-10-01,"Malaysia","Education",774
2012-11-01,"Malaysia","Education",736
2012-12-01,"Malaysia","Education",920
2013-01-01,"Malaysia","Education",1652
2013-02-01,"Malaysia","Education",4811
2013-03-01,"Malaysia","Education",1682
2013-04-01,"Malaysia","Education",921
2013-05-01,"Malaysia","Education",578
2013-06-01,"Malaysia","Education",563
2013-07-01,"Malaysia","Education",3587
2013-08-01,"Malaysia","Education",922
2013-09-01,"Malaysia","Education",769
2013-10-01,"Malaysia","Education",948
2013-11-01,"Malaysia","Education",508
2013-12-01,"Malaysia","Education",829
2014-01-01,"Malaysia","Education",1477
2014-02-01,"Malaysia","Education",5149
2014-03-01,"Malaysia","Education",1647
2014-04-01,"Malaysia","Education",780
2014-05-01,"Malaysia","Education",678
2014-06-01,"Malaysia","Education",1067
2014-07-01,"Malaysia","Education",3263
2014-08-01,"Malaysia","Education",1500
2014-09-01,"Malaysia","Education",796
2014-10-01,"Malaysia","Education",880
2014-11-01,"Malaysia","Education",796
2014-12-01,"Malaysia","Education",910
2015-01-01,"Malaysia","Education",1973
2015-02-01,"Malaysia","Education",4399
2015-03-01,"Malaysia","Education",2365
2015-04-01,"Malaysia","Education",1138
2015-05-01,"Malaysia","Education",792
2015-06-01,"Malaysia","Education",836
2015-07-01,"Malaysia","Education",3618
2015-08-01,"Malaysia","Education",1325
2015-09-01,"Malaysia","Education",750
2015-10-01,"Malaysia","Education",933
2015-11-01,"Malaysia","Education",1041
2015-12-01,"Malaysia","Education",1445
2016-01-01,"Malaysia","Education",1686
2016-02-01,"Malaysia","Education",6260
2016-03-01,"Malaysia","Education",1142
2016-04-01,"Malaysia","Education",1203
2016-05-01,"Malaysia","Education",675
2016-06-01,"Malaysia","Education",710
2016-07-01,"Malaysia","Education",3825
2016-08-01,"Malaysia","Education",856
2016-09-01,"Malaysia","Education",735
2016-10-01,"Malaysia","Education",1684
2016-11-01,"Malaysia","Education",966
2016-12-01,"Malaysia","Education",1422
2017-01-01,"Malaysia","Education",1603
2017-02-01,"Malaysia","Education",6788
2017-03-01,"Malaysia","Education",1137
2017-04-01,"Malaysia","Education",1106
2017-05-01,"Malaysia","Education",569
2017-06-01,"Malaysia","Education",938
2017-07-01,"Malaysia","Education",4735
2017-08-01,"Malaysia","Education",1050
2017-09-01,"Malaysia","Education",686
2017-10-01,"Malaysia","Education",925
2017-11-01,"Malaysia","Education",794
2017-12-01,"Malaysia","Education",948
2018-01-01,"Malaysia","Education",2269
2018-02-01,"Malaysia","Education",5933
2018-03-01,"Malaysia","Education",1588
2018-04-01,"Malaysia","Education",1345
2018-05-01,"Malaysia","Education",834
2018-06-01,"Malaysia","Education",1053
2018-07-01,"Malaysia","Education",4221
2018-08-01,"Malaysia","Education",869
2018-09-01,"Malaysia","Education",881
2018-10-01,"Malaysia","Education",1062
2018-11-01,"Malaysia","Education",746
2018-12-01,"Malaysia","Education",1041
2019-01-01,"Malaysia","Education",1811
2019-02-01,"Malaysia","Education",5242
2019-03-01,"Malaysia","Education",1711
2019-04-01,"Malaysia","Education",859
2019-05-01,"Malaysia","Education",734
2019-06-01,"Malaysia","Education",829
2019-07-01,"Malaysia","Education",3493
2019-08-01,"Malaysia","Education",1205
2019-09-01,"Malaysia","Education",884
2019-10-01,"Malaysia","Education",1173
2019-11-01,"Malaysia","Education",511
2019-12-01,"Malaysia","Education",969
2020-01-01,"Malaysia","Education",1667
2020-02-01,"Malaysia","Education",4912
2005-01-01,"Malaysia","Employment",278
2005-02-01,"Malaysia","Employment",316
2005-03-01,"Malaysia","Employment",130
2005-04-01,"Malaysia","Employment",136
2005-05-01,"Malaysia","Employment",271
2005-06-01,"Malaysia","Employment",154
2005-07-01,"Malaysia","Employment",157
2005-08-01,"Malaysia","Employment",375
2005-09-01,"Malaysia","Employment",309
2005-10-01,"Malaysia","Employment",426
2005-11-01,"Malaysia","Employment",309
2005-12-01,"Malaysia","Employment",757
2006-01-01,"Malaysia","Employment",347
2006-02-01,"Malaysia","Employment",508
2006-03-01,"Malaysia","Employment",361
2006-04-01,"Malaysia","Employment",280
2006-05-01,"Malaysia","Employment",522
2006-06-01,"Malaysia","Employment",483
2006-07-01,"Malaysia","Employment",343
2006-08-01,"Malaysia","Employment",606
2006-09-01,"Malaysia","Employment",596
2006-10-01,"Malaysia","Employment",450
2006-11-01,"Malaysia","Employment",558
2006-12-01,"Malaysia","Employment",649
2007-01-01,"Malaysia","Employment",356
2007-02-01,"Malaysia","Employment",500
2007-03-01,"Malaysia","Employment",663
2007-04-01,"Malaysia","Employment",603
2007-05-01,"Malaysia","Employment",651
2007-06-01,"Malaysia","Employment",361
2007-07-01,"Malaysia","Employment",290
2007-08-01,"Malaysia","Employment",503
2007-09-01,"Malaysia","Employment",373
2007-10-01,"Malaysia","Employment",366
2007-11-01,"Malaysia","Employment",485
2007-12-01,"Malaysia","Employment",737
2008-01-01,"Malaysia","Employment",378
2008-02-01,"Malaysia","Employment",752
2008-03-01,"Malaysia","Employment",446
2008-04-01,"Malaysia","Employment",501
2008-05-01,"Malaysia","Employment",795
2008-06-01,"Malaysia","Employment",424
2008-07-01,"Malaysia","Employment",642
2008-08-01,"Malaysia","Employment",701
2008-09-01,"Malaysia","Employment",545
2008-10-01,"Malaysia","Employment",422
2008-11-01,"Malaysia","Employment",675
2008-12-01,"Malaysia","Employment",658
2009-01-01,"Malaysia","Employment",485
2009-02-01,"Malaysia","Employment",669
2009-03-01,"Malaysia","Employment",924
2009-04-01,"Malaysia","Employment",758
2009-05-01,"Malaysia","Employment",983
2009-06-01,"Malaysia","Employment",627
2009-07-01,"Malaysia","Employment",528
2009-08-01,"Malaysia","Employment",734
2009-09-01,"Malaysia","Employment",534
2009-10-01,"Malaysia","Employment",452
2009-11-01,"Malaysia","Employment",639
2009-12-01,"Malaysia","Employment",798
2010-01-01,"Malaysia","Employment",483
2010-02-01,"Malaysia","Employment",722
2010-03-01,"Malaysia","Employment",650
2010-04-01,"Malaysia","Employment",625
2010-05-01,"Malaysia","Employment",672
2010-06-01,"Malaysia","Employment",659
2010-07-01,"Malaysia","Employment",503
2010-08-01,"Malaysia","Employment",551
2010-09-01,"Malaysia","Employment",748
2010-10-01,"Malaysia","Employment",443
2010-11-01,"Malaysia","Employment",758
2010-12-01,"Malaysia","Employment",660
2011-01-01,"Malaysia","Employment",568
2011-02-01,"Malaysia","Employment",920
2011-03-01,"Malaysia","Employment",462
2011-04-01,"Malaysia","Employment",633
2011-05-01,"Malaysia","Employment",613
2011-06-01,"Malaysia","Employment",562
2011-07-01,"Malaysia","Employment",722
2011-08-01,"Malaysia","Employment",735
2011-09-01,"Malaysia","Employment",594
2011-10-01,"Malaysia","Employment",596
2011-11-01,"Malaysia","Employment",864
2011-12-01,"Malaysia","Employment",627
2012-01-01,"Malaysia","Employment",728
2012-02-01,"Malaysia","Employment",801
2012-03-01,"Malaysia","Employment",565
2012-04-01,"Malaysia","Employment",601
2012-05-01,"Malaysia","Employment",573
2012-06-01,"Malaysia","Employment",680
2012-07-01,"Malaysia","Employment",317
2012-08-01,"Malaysia","Employment",906
2012-09-01,"Malaysia","Employment",524
2012-10-01,"Malaysia","Employment",504
2012-11-01,"Malaysia","Employment",734
2012-12-01,"Malaysia","Employment",577
2013-01-01,"Malaysia","Employment",680
2013-02-01,"Malaysia","Employment",894
2013-03-01,"Malaysia","Employment",700
2013-04-01,"Malaysia","Employment",396
2013-05-01,"Malaysia","Employment",444
2013-06-01,"Malaysia","Employment",358
2013-07-01,"Malaysia","Employment",384
2013-08-01,"Malaysia","Employment",551
2013-09-01,"Malaysia","Employment",522
2013-10-01,"Malaysia","Employment",426
2013-11-01,"Malaysia","Employment",502
2013-12-01,"Malaysia","Employment",493
2014-01-01,"Malaysia","Employment",541
2014-02-01,"Malaysia","Employment",949
2014-03-01,"Malaysia","Employment",539
2014-04-01,"Malaysia","Employment",431
2014-05-01,"Malaysia","Employment",402
2014-06-01,"Malaysia","Employment",541
2014-07-01,"Malaysia","Employment",459
2014-08-01,"Malaysia","Employment",471
2014-09-01,"Malaysia","Employment",488
2014-10-01,"Malaysia","Employment",1024
2014-11-01,"Malaysia","Employment",773
2014-12-01,"Malaysia","Employment",1841
2015-01-01,"Malaysia","Employment",682
2015-02-01,"Malaysia","Employment",1096
2015-03-01,"Malaysia","Employment",874
2015-04-01,"Malaysia","Employment",1086
2015-05-01,"Malaysia","Employment",1093
2015-06-01,"Malaysia","Employment",1042
2015-07-01,"Malaysia","Employment",1252
2015-08-01,"Malaysia","Employment",891
2015-09-01,"Malaysia","Employment",545
2015-10-01,"Malaysia","Employment",477
2015-11-01,"Malaysia","Employment",1038
2015-12-01,"Malaysia","Employment",1262
2016-01-01,"Malaysia","Employment",623
2016-02-01,"Malaysia","Employment",951
2016-03-01,"Malaysia","Employment",725
2016-04-01,"Malaysia","Employment",509
2016-05-01,"Malaysia","Employment",662
2016-06-01,"Malaysia","Employment",768
2016-07-01,"Malaysia","Employment",821
2016-08-01,"Malaysia","Employment",550
2016-09-01,"Malaysia","Employment",799
2016-10-01,"Malaysia","Employment",1322
2016-11-01,"Malaysia","Employment",718
2016-12-01,"Malaysia","Employment",996
2017-01-01,"Malaysia","Employment",750
2017-02-01,"Malaysia","Employment",1222
2017-03-01,"Malaysia","Employment",598
2017-04-01,"Malaysia","Employment",722
2017-05-01,"Malaysia","Employment",652
2017-06-01,"Malaysia","Employment",759
2017-07-01,"Malaysia","Employment",406
2017-08-01,"Malaysia","Employment",630
2017-09-01,"Malaysia","Employment",352
2017-10-01,"Malaysia","Employment",421
2017-11-01,"Malaysia","Employment",292
2017-12-01,"Malaysia","Employment",290
2018-01-01,"Malaysia","Employment",706
2018-02-01,"Malaysia","Employment",586
2018-03-01,"Malaysia","Employment",478
2018-04-01,"Malaysia","Employment",515
2018-05-01,"Malaysia","Employment",446
2018-06-01,"Malaysia","Employment",294
2018-07-01,"Malaysia","Employment",467
2018-08-01,"Malaysia","Employment",299
2018-09-01,"Malaysia","Employment",424
2018-10-01,"Malaysia","Employment",253
2018-11-01,"Malaysia","Employment",308
2018-12-01,"Malaysia","Employment",385
2019-01-01,"Malaysia","Employment",582
2019-02-01,"Malaysia","Employment",690
2019-03-01,"Malaysia","Employment",393
2019-04-01,"Malaysia","Employment",369
2019-05-01,"Malaysia","Employment",255
2019-06-01,"Malaysia","Employment",414
2019-07-01,"Malaysia","Employment",362
2019-08-01,"Malaysia","Employment",313
2019-09-01,"Malaysia","Employment",418
2019-10-01,"Malaysia","Employment",381
2019-11-01,"Malaysia","Employment",502
2019-12-01,"Malaysia","Employment",472
2020-01-01,"Malaysia","Employment",770
2020-02-01,"Malaysia","Employment",857
2005-01-01,"Malaysia","Holiday",2446
2005-02-01,"Malaysia","Holiday",6833
2005-03-01,"Malaysia","Holiday",6813
2005-04-01,"Malaysia","Holiday",5677
2005-05-01,"Malaysia","Holiday",10358
2005-06-01,"Malaysia","Holiday",6210
2005-07-01,"Malaysia","Holiday",3953
2005-08-01,"Malaysia","Holiday",7174
2005-09-01,"Malaysia","Holiday",5256
2005-10-01,"Malaysia","Holiday",7957
2005-11-01,"Malaysia","Holiday",8173
2005-12-01,"Malaysia","Holiday",9716
2006-01-01,"Malaysia","Holiday",4421
2006-02-01,"Malaysia","Holiday",3561
2006-03-01,"Malaysia","Holiday",4526
2006-04-01,"Malaysia","Holiday",4764
2006-05-01,"Malaysia","Holiday",6729
2006-06-01,"Malaysia","Holiday",4654
2006-07-01,"Malaysia","Holiday",3150
2006-08-01,"Malaysia","Holiday",6481
2006-09-01,"Malaysia","Holiday",3933
2006-10-01,"Malaysia","Holiday",7740
2006-11-01,"Malaysia","Holiday",7137
2006-12-01,"Malaysia","Holiday",9578
2007-01-01,"Malaysia","Holiday",1457
2007-02-01,"Malaysia","Holiday",5851
2007-03-01,"Malaysia","Holiday",5181
2007-04-01,"Malaysia","Holiday",5718
2007-05-01,"Malaysia","Holiday",7344
2007-06-01,"Malaysia","Holiday",4683
2007-07-01,"Malaysia","Holiday",2998
2007-08-01,"Malaysia","Holiday",6629
2007-09-01,"Malaysia","Holiday",4332
2007-10-01,"Malaysia","Holiday",4647
2007-11-01,"Malaysia","Holiday",8301
2007-12-01,"Malaysia","Holiday",11257
2008-01-01,"Malaysia","Holiday",2258
2008-02-01,"Malaysia","Holiday",6887
2008-03-01,"Malaysia","Holiday",6282
2008-04-01,"Malaysia","Holiday",4777
2008-05-01,"Malaysia","Holiday",10328
2008-06-01,"Malaysia","Holiday",4864
2008-07-01,"Malaysia","Holiday",3687
2008-08-01,"Malaysia","Holiday",6510
2008-09-01,"Malaysia","Holiday",4850
2008-10-01,"Malaysia","Holiday",4529
2008-11-01,"Malaysia","Holiday",9572
2008-12-01,"Malaysia","Holiday",11599
2009-01-01,"Malaysia","Holiday",4577
2009-02-01,"Malaysia","Holiday",4671
2009-03-01,"Malaysia","Holiday",9720
2009-04-01,"Malaysia","Holiday",8714
2009-05-01,"Malaysia","Holiday",11493
2009-06-01,"Malaysia","Holiday",8870
2009-07-01,"Malaysia","Holiday",4254
2009-08-01,"Malaysia","Holiday",7679
2009-09-01,"Malaysia","Holiday",6963
2009-10-01,"Malaysia","Holiday",6151
2009-11-01,"Malaysia","Holiday",9319
2009-12-01,"Malaysia","Holiday",12653
2010-01-01,"Malaysia","Holiday",2350
2010-02-01,"Malaysia","Holiday",8956
2010-03-01,"Malaysia","Holiday",8015
2010-04-01,"Malaysia","Holiday",7169
2010-05-01,"Malaysia","Holiday",9165
2010-06-01,"Malaysia","Holiday",12955
2010-07-01,"Malaysia","Holiday",5549
2010-08-01,"Malaysia","Holiday",8576
2010-09-01,"Malaysia","Holiday",13387
2010-10-01,"Malaysia","Holiday",7833
2010-11-01,"Malaysia","Holiday",10793
2010-12-01,"Malaysia","Holiday",14294
2011-01-01,"Malaysia","Holiday",3579
2011-02-01,"Malaysia","Holiday",7781
2011-03-01,"Malaysia","Holiday",9108
2011-04-01,"Malaysia","Holiday",8481
2011-05-01,"Malaysia","Holiday",11842
2011-06-01,"Malaysia","Holiday",9647
2011-07-01,"Malaysia","Holiday",6333
2011-08-01,"Malaysia","Holiday",13704
2011-09-01,"Malaysia","Holiday",8293
2011-10-01,"Malaysia","Holiday",7030
2011-11-01,"Malaysia","Holiday",10112
2011-12-01,"Malaysia","Holiday",13841
2012-01-01,"Malaysia","Holiday",4607
2012-02-01,"Malaysia","Holiday",5426
2012-03-01,"Malaysia","Holiday",9656
2012-04-01,"Malaysia","Holiday",8972
2012-05-01,"Malaysia","Holiday",13358
2012-06-01,"Malaysia","Holiday",9310
2012-07-01,"Malaysia","Holiday",5553
2012-08-01,"Malaysia","Holiday",16418
2012-09-01,"Malaysia","Holiday",8719
2012-10-01,"Malaysia","Holiday",8331
2012-11-01,"Malaysia","Holiday",14435
2012-12-01,"Malaysia","Holiday",15817
2013-01-01,"Malaysia","Holiday",2939
2013-02-01,"Malaysia","Holiday",10476
2013-03-01,"Malaysia","Holiday",9497
2013-04-01,"Malaysia","Holiday",7234
2013-05-01,"Malaysia","Holiday",16173
2013-06-01,"Malaysia","Holiday",8857
2013-07-01,"Malaysia","Holiday",6374
2013-08-01,"Malaysia","Holiday",22039
2013-09-01,"Malaysia","Holiday",12231
2013-10-01,"Malaysia","Holiday",10045
2013-11-01,"Malaysia","Holiday",20687
2013-12-01,"Malaysia","Holiday",20938
2014-01-01,"Malaysia","Holiday",7307
2014-02-01,"Malaysia","Holiday",9896
2014-03-01,"Malaysia","Holiday",14672
2014-04-01,"Malaysia","Holiday",11209
2014-05-01,"Malaysia","Holiday",19532
2014-06-01,"Malaysia","Holiday",16229
2014-07-01,"Malaysia","Holiday",17440
2014-08-01,"Malaysia","Holiday",12959
2014-09-01,"Malaysia","Holiday",17130
2014-10-01,"Malaysia","Holiday",13611
2014-11-01,"Malaysia","Holiday",17133
2014-12-01,"Malaysia","Holiday",21057
2015-01-01,"Malaysia","Holiday",4675
2015-02-01,"Malaysia","Holiday",11886
2015-03-01,"Malaysia","Holiday",13269
2015-04-01,"Malaysia","Holiday",13465
2015-05-01,"Malaysia","Holiday",19496
2015-06-01,"Malaysia","Holiday",16428
2015-07-01,"Malaysia","Holiday",15713
2015-08-01,"Malaysia","Holiday",14455
2015-09-01,"Malaysia","Holiday",19019
2015-10-01,"Malaysia","Holiday",12516
2015-11-01,"Malaysia","Holiday",20606
2015-12-01,"Malaysia","Holiday",26424
2016-01-01,"Malaysia","Holiday",5667
2016-02-01,"Malaysia","Holiday",16831
2016-03-01,"Malaysia","Holiday",18486
2016-04-01,"Malaysia","Holiday",15543
2016-05-01,"Malaysia","Holiday",26447
2016-06-01,"Malaysia","Holiday",17608
2016-07-01,"Malaysia","Holiday",22558
2016-08-01,"Malaysia","Holiday",20809
2016-09-01,"Malaysia","Holiday",26400
2016-10-01,"Malaysia","Holiday",18788
2016-11-01,"Malaysia","Holiday",23893
2016-12-01,"Malaysia","Holiday",26162
2017-01-01,"Malaysia","Holiday",8749
2017-02-01,"Malaysia","Holiday",11348
2017-03-01,"Malaysia","Holiday",23013
2017-04-01,"Malaysia","Holiday",18844
2017-05-01,"Malaysia","Holiday",28949
2017-06-01,"Malaysia","Holiday",23467
2017-07-01,"Malaysia","Holiday",13825
2017-08-01,"Malaysia","Holiday",31457
2017-09-01,"Malaysia","Holiday",20337
2017-10-01,"Malaysia","Holiday",19220
2017-11-01,"Malaysia","Holiday",24936
2017-12-01,"Malaysia","Holiday",24651
2018-01-01,"Malaysia","Holiday",5458
2018-02-01,"Malaysia","Holiday",14532
2018-03-01,"Malaysia","Holiday",21736
2018-04-01,"Malaysia","Holiday",16206
2018-05-01,"Malaysia","Holiday",22659
2018-06-01,"Malaysia","Holiday",28946
2018-07-01,"Malaysia","Holiday",16183
2018-08-01,"Malaysia","Holiday",32643
2018-09-01,"Malaysia","Holiday",25336
2018-10-01,"Malaysia","Holiday",16558
2018-11-01,"Malaysia","Holiday",26960
2018-12-01,"Malaysia","Holiday",24334
2019-01-01,"Malaysia","Holiday",5120
2019-02-01,"Malaysia","Holiday",14062
2019-03-01,"Malaysia","Holiday",18636
2019-04-01,"Malaysia","Holiday",13176
2019-05-01,"Malaysia","Holiday",29326
2019-06-01,"Malaysia","Holiday",21457
2019-07-01,"Malaysia","Holiday",16803
2019-08-01,"Malaysia","Holiday",34138
2019-09-01,"Malaysia","Holiday",21596
2019-10-01,"Malaysia","Holiday",18535
2019-11-01,"Malaysia","Holiday",24126
2019-12-01,"Malaysia","Holiday",24459
2020-01-01,"Malaysia","Holiday",6282
2020-02-01,"Malaysia","Holiday",7136
2005-01-01,"Malaysia","Other",482
2005-02-01,"Malaysia","Other",466
2005-03-01,"Malaysia","Other",389
2005-04-01,"Malaysia","Other",529
2005-05-01,"Malaysia","Other",789
2005-06-01,"Malaysia","Other",414
2005-07-01,"Malaysia","Other",363
2005-08-01,"Malaysia","Other",472
2005-09-01,"Malaysia","Other",690
2005-10-01,"Malaysia","Other",271
2005-11-01,"Malaysia","Other",458
2005-12-01,"Malaysia","Other",382
2006-01-01,"Malaysia","Other",377
2006-02-01,"Malaysia","Other",674
2006-03-01,"Malaysia","Other",771
2006-04-01,"Malaysia","Other",317
2006-05-01,"Malaysia","Other",320
2006-06-01,"Malaysia","Other",399
2006-07-01,"Malaysia","Other",458
2006-08-01,"Malaysia","Other",438
2006-09-01,"Malaysia","Other",555
2006-10-01,"Malaysia","Other",539
2006-11-01,"Malaysia","Other",458
2006-12-01,"Malaysia","Other",406
2007-01-01,"Malaysia","Other",485
2007-02-01,"Malaysia","Other",573
2007-03-01,"Malaysia","Other",666
2007-04-01,"Malaysia","Other",441
2007-05-01,"Malaysia","Other",502
2007-06-01,"Malaysia","Other",399
2007-07-01,"Malaysia","Other",363
2007-08-01,"Malaysia","Other",467
2007-09-01,"Malaysia","Other",520
2007-10-01,"Malaysia","Other",395
2007-11-01,"Malaysia","Other",398
2007-12-01,"Malaysia","Other",371
2008-01-01,"Malaysia","Other",448
2008-02-01,"Malaysia","Other",508
2008-03-01,"Malaysia","Other",414
2008-04-01,"Malaysia","Other",409
2008-05-01,"Malaysia","Other",520
2008-06-01,"Malaysia","Other",494
2008-07-01,"Malaysia","Other",769
2008-08-01,"Malaysia","Other",549
2008-09-01,"Malaysia","Other",594
2008-10-01,"Malaysia","Other",509
2008-11-01,"Malaysia","Other",533
2008-12-01,"Malaysia","Other",541
2009-01-01,"Malaysia","Other",595
2009-02-01,"Malaysia","Other",742
2009-03-01,"Malaysia","Other",466
2009-04-01,"Malaysia","Other",501
2009-05-01,"Malaysia","Other",724
2009-06-01,"Malaysia","Other",313
2009-07-01,"Malaysia","Other",564
2009-08-01,"Malaysia","Other",556
2009-09-01,"Malaysia","Other",543
2009-10-01,"Malaysia","Other",498
2009-11-01,"Malaysia","Other",457
2009-12-01,"Malaysia","Other",632
2010-01-01,"Malaysia","Other",580
2010-02-01,"Malaysia","Other",886
2010-03-01,"Malaysia","Other",826
2010-04-01,"Malaysia","Other",574
2010-05-01,"Malaysia","Other",501
2010-06-01,"Malaysia","Other",460
2010-07-01,"Malaysia","Other",731
2010-08-01,"Malaysia","Other",498
2010-09-01,"Malaysia","Other",476
2010-10-01,"Malaysia","Other",517
2010-11-01,"Malaysia","Other",587
2010-12-01,"Malaysia","Other",689
2011-01-01,"Malaysia","Other",655
2011-02-01,"Malaysia","Other",1078
2011-03-01,"Malaysia","Other",799
2011-04-01,"Malaysia","Other",456
2011-05-01,"Malaysia","Other",873
2011-06-01,"Malaysia","Other",553
2011-07-01,"Malaysia","Other",460
2011-08-01,"Malaysia","Other",481
2011-09-01,"Malaysia","Other",584
2011-10-01,"Malaysia","Other",588
2011-11-01,"Malaysia","Other",495
2011-12-01,"Malaysia","Other",674
2012-01-01,"Malaysia","Other",550
2012-02-01,"Malaysia","Other",650
2012-03-01,"Malaysia","Other",593
2012-04-01,"Malaysia","Other",566
2012-05-01,"Malaysia","Other",559
2012-06-01,"Malaysia","Other",501
2012-07-01,"Malaysia","Other",536
2012-08-01,"Malaysia","Other",434
2012-09-01,"Malaysia","Other",578
2012-10-01,"Malaysia","Other",633
2012-11-01,"Malaysia","Other",645
2012-12-01,"Malaysia","Other",831
2013-01-01,"Malaysia","Other",603
2013-02-01,"Malaysia","Other",633
2013-03-01,"Malaysia","Other",630
2013-04-01,"Malaysia","Other",665
2013-05-01,"Malaysia","Other",633
2013-06-01,"Malaysia","Other",495
2013-07-01,"Malaysia","Other",701
2013-08-01,"Malaysia","Other",580
2013-09-01,"Malaysia","Other",515
2013-10-01,"Malaysia","Other",621
2013-11-01,"Malaysia","Other",747
2013-12-01,"Malaysia","Other",876
2014-01-01,"Malaysia","Other",711
2014-02-01,"Malaysia","Other",1052
2014-03-01,"Malaysia","Other",545
2014-04-01,"Malaysia","Other",609
2014-05-01,"Malaysia","Other",535
2014-06-01,"Malaysia","Other",665
2014-07-01,"Malaysia","Other",640
2014-08-01,"Malaysia","Other",618
2014-09-01,"Malaysia","Other",891
2014-10-01,"Malaysia","Other",1063
2014-11-01,"Malaysia","Other",1076
2014-12-01,"Malaysia","Other",1049
2015-01-01,"Malaysia","Other",669
2015-02-01,"Malaysia","Other",798
2015-03-01,"Malaysia","Other",900
2015-04-01,"Malaysia","Other",841
2015-05-01,"Malaysia","Other",834
2015-06-01,"Malaysia","Other",643
2015-07-01,"Malaysia","Other",850
2015-08-01,"Malaysia","Other",455
2015-09-01,"Malaysia","Other",638
2015-10-01,"Malaysia","Other",668
2015-11-01,"Malaysia","Other",1153
2015-12-01,"Malaysia","Other",1088
2016-01-01,"Malaysia","Other",616
2016-02-01,"Malaysia","Other",1162
2016-03-01,"Malaysia","Other",655
2016-04-01,"Malaysia","Other",958
2016-05-01,"Malaysia","Other",818
2016-06-01,"Malaysia","Other",491
2016-07-01,"Malaysia","Other",1009
2016-08-01,"Malaysia","Other",595
2016-09-01,"Malaysia","Other",985
2016-10-01,"Malaysia","Other",1142
2016-11-01,"Malaysia","Other",749
2016-12-01,"Malaysia","Other",1310
2017-01-01,"Malaysia","Other",364
2017-02-01,"Malaysia","Other",753
2017-03-01,"Malaysia","Other",611
2017-04-01,"Malaysia","Other",429
2017-05-01,"Malaysia","Other",689
2017-06-01,"Malaysia","Other",601
2017-07-01,"Malaysia","Other",648
2017-08-01,"Malaysia","Other",468
2017-09-01,"Malaysia","Other",498
2017-10-01,"Malaysia","Other",434
2017-11-01,"Malaysia","Other",441
2017-12-01,"Malaysia","Other",427
2018-01-01,"Malaysia","Other",438
2018-02-01,"Malaysia","Other",678
2018-03-01,"Malaysia","Other",584
2018-04-01,"Malaysia","Other",912
2018-05-01,"Malaysia","Other",547
2018-06-01,"Malaysia","Other",454
2018-07-01,"Malaysia","Other",620
2018-08-01,"Malaysia","Other",430
2018-09-01,"Malaysia","Other",717
2018-10-01,"Malaysia","Other",694
2018-11-01,"Malaysia","Other",754
2018-12-01,"Malaysia","Other",774
2019-01-01,"Malaysia","Other",359
2019-02-01,"Malaysia","Other",596
2019-03-01,"Malaysia","Other",711
2019-04-01,"Malaysia","Other",728
2019-05-01,"Malaysia","Other",601
2019-06-01,"Malaysia","Other",505
2019-07-01,"Malaysia","Other",554
2019-08-01,"Malaysia","Other",510
2019-09-01,"Malaysia","Other",616
2019-10-01,"Malaysia","Other",723
2019-11-01,"Malaysia","Other",718
2019-12-01,"Malaysia","Other",567
2020-01-01,"Malaysia","Other",593
2020-02-01,"Malaysia","Other",869
2005-01-01,"Malaysia","Visiting Friends or Relatives",1875
2005-02-01,"Malaysia","Visiting Friends or Relatives",3172
2005-03-01,"Malaysia","Visiting Friends or Relatives",3808
2005-04-01,"Malaysia","Visiting Friends or Relatives",3360
2005-05-01,"Malaysia","Visiting Friends or Relatives",4499
2005-06-01,"Malaysia","Visiting Friends or Relatives",2382
2005-07-01,"Malaysia","Visiting Friends or Relatives",2369
2005-08-01,"Malaysia","Visiting Friends or Relatives",2915
2005-09-01,"Malaysia","Visiting Friends or Relatives",3456
2005-10-01,"Malaysia","Visiting Friends or Relatives",3337
2005-11-01,"Malaysia","Visiting Friends or Relatives",3802
2005-12-01,"Malaysia","Visiting Friends or Relatives",5048
2006-01-01,"Malaysia","Visiting Friends or Relatives",1957
2006-02-01,"Malaysia","Visiting Friends or Relatives",2156
2006-03-01,"Malaysia","Visiting Friends or Relatives",3034
2006-04-01,"Malaysia","Visiting Friends or Relatives",3433
2006-05-01,"Malaysia","Visiting Friends or Relatives",2965
2006-06-01,"Malaysia","Visiting Friends or Relatives",2505
2006-07-01,"Malaysia","Visiting Friends or Relatives",2082
2006-08-01,"Malaysia","Visiting Friends or Relatives",2831
2006-09-01,"Malaysia","Visiting Friends or Relatives",2808
2006-10-01,"Malaysia","Visiting Friends or Relatives",3935
2006-11-01,"Malaysia","Visiting Friends or Relatives",3467
2006-12-01,"Malaysia","Visiting Friends or Relatives",5517
2007-01-01,"Malaysia","Visiting Friends or Relatives",1670
2007-02-01,"Malaysia","Visiting Friends or Relatives",3129
2007-03-01,"Malaysia","Visiting Friends or Relatives",3469
2007-04-01,"Malaysia","Visiting Friends or Relatives",3566
2007-05-01,"Malaysia","Visiting Friends or Relatives",3227
2007-06-01,"Malaysia","Visiting Friends or Relatives",2857
2007-07-01,"Malaysia","Visiting Friends or Relatives",2253
2007-08-01,"Malaysia","Visiting Friends or Relatives",3368
2007-09-01,"Malaysia","Visiting Friends or Relatives",3417
2007-10-01,"Malaysia","Visiting Friends or Relatives",2917
2007-11-01,"Malaysia","Visiting Friends or Relatives",4471
2007-12-01,"Malaysia","Visiting Friends or Relatives",5747
2008-01-01,"Malaysia","Visiting Friends or Relatives",2226
2008-02-01,"Malaysia","Visiting Friends or Relatives",3214
2008-03-01,"Malaysia","Visiting Friends or Relatives",3957
2008-04-01,"Malaysia","Visiting Friends or Relatives",3757
2008-05-01,"Malaysia","Visiting Friends or Relatives",3576
2008-06-01,"Malaysia","Visiting Friends or Relatives",2932
2008-07-01,"Malaysia","Visiting Friends or Relatives",2096
2008-08-01,"Malaysia","Visiting Friends or Relatives",3285
2008-09-01,"Malaysia","Visiting Friends or Relatives",3097
2008-10-01,"Malaysia","Visiting Friends or Relatives",2595
2008-11-01,"Malaysia","Visiting Friends or Relatives",5146
2008-12-01,"Malaysia","Visiting Friends or Relatives",6852
2009-01-01,"Malaysia","Visiting Friends or Relatives",2667
2009-02-01,"Malaysia","Visiting Friends or Relatives",3251
2009-03-01,"Malaysia","Visiting Friends or Relatives",5292
2009-04-01,"Malaysia","Visiting Friends or Relatives",6122
2009-05-01,"Malaysia","Visiting Friends or Relatives",6557
2009-06-01,"Malaysia","Visiting Friends or Relatives",4182
2009-07-01,"Malaysia","Visiting Friends or Relatives",3161
2009-08-01,"Malaysia","Visiting Friends or Relatives",4634
2009-09-01,"Malaysia","Visiting Friends or Relatives",5495
2009-10-01,"Malaysia","Visiting Friends or Relatives",4250
2009-11-01,"Malaysia","Visiting Friends or Relatives",5879
2009-12-01,"Malaysia","Visiting Friends or Relatives",7909
2010-01-01,"Malaysia","Visiting Friends or Relatives",2049
2010-02-01,"Malaysia","Visiting Friends or Relatives",5119
2010-03-01,"Malaysia","Visiting Friends or Relatives",5534
2010-04-01,"Malaysia","Visiting Friends or Relatives",4816
2010-05-01,"Malaysia","Visiting Friends or Relatives",5059
2010-06-01,"Malaysia","Visiting Friends or Relatives",5021
2010-07-01,"Malaysia","Visiting Friends or Relatives",3228
2010-08-01,"Malaysia","Visiting Friends or Relatives",5189
2010-09-01,"Malaysia","Visiting Friends or Relatives",7672
2010-10-01,"Malaysia","Visiting Friends or Relatives",5625
2010-11-01,"Malaysia","Visiting Friends or Relatives",6709
2010-12-01,"Malaysia","Visiting Friends or Relatives",7841
2011-01-01,"Malaysia","Visiting Friends or Relatives",2891
2011-02-01,"Malaysia","Visiting Friends or Relatives",5097
2011-03-01,"Malaysia","Visiting Friends or Relatives",5764
2011-04-01,"Malaysia","Visiting Friends or Relatives",6214
2011-05-01,"Malaysia","Visiting Friends or Relatives",5656
2011-06-01,"Malaysia","Visiting Friends or Relatives",3861
2011-07-01,"Malaysia","Visiting Friends or Relatives",3744
2011-08-01,"Malaysia","Visiting Friends or Relatives",5958
2011-09-01,"Malaysia","Visiting Friends or Relatives",5663
2011-10-01,"Malaysia","Visiting Friends or Relatives",4387
2011-11-01,"Malaysia","Visiting Friends or Relatives",5938
2011-12-01,"Malaysia","Visiting Friends or Relatives",8672
2012-01-01,"Malaysia","Visiting Friends or Relatives",2841
2012-02-01,"Malaysia","Visiting Friends or Relatives",4114
2012-03-01,"Malaysia","Visiting Friends or Relatives",5861
2012-04-01,"Malaysia","Visiting Friends or Relatives",6170
2012-05-01,"Malaysia","Visiting Friends or Relatives",6665
2012-06-01,"Malaysia","Visiting Friends or Relatives",4589
2012-07-01,"Malaysia","Visiting Friends or Relatives",4074
2012-08-01,"Malaysia","Visiting Friends or Relatives",7519
2012-09-01,"Malaysia","Visiting Friends or Relatives",6822
2012-10-01,"Malaysia","Visiting Friends or Relatives",5909
2012-11-01,"Malaysia","Visiting Friends or Relatives",8345
2012-12-01,"Malaysia","Visiting Friends or Relatives",9316
2013-01-01,"Malaysia","Visiting Friends or Relatives",2891
2013-02-01,"Malaysia","Visiting Friends or Relatives",5701
2013-03-01,"Malaysia","Visiting Friends or Relatives",6689
2013-04-01,"Malaysia","Visiting Friends or Relatives",5740
2013-05-01,"Malaysia","Visiting Friends or Relatives",7068
2013-06-01,"Malaysia","Visiting Friends or Relatives",4890
2013-07-01,"Malaysia","Visiting Friends or Relatives",4763
2013-08-01,"Malaysia","Visiting Friends or Relatives",8279
2013-09-01,"Malaysia","Visiting Friends or Relatives",7444
2013-10-01,"Malaysia","Visiting Friends or Relatives",6221
2013-11-01,"Malaysia","Visiting Friends or Relatives",9649
2013-12-01,"Malaysia","Visiting Friends or Relatives",12654
2014-01-01,"Malaysia","Visiting Friends or Relatives",5221
2014-02-01,"Malaysia","Visiting Friends or Relatives",6329
2014-03-01,"Malaysia","Visiting Friends or Relatives",8310
2014-04-01,"Malaysia","Visiting Friends or Relatives",7697
2014-05-01,"Malaysia","Visiting Friends or Relatives",8418
2014-06-01,"Malaysia","Visiting Friends or Relatives",6409
2014-07-01,"Malaysia","Visiting Friends or Relatives",7504
2014-08-01,"Malaysia","Visiting Friends or Relatives",6421
2014-09-01,"Malaysia","Visiting Friends or Relatives",7771
2014-10-01,"Malaysia","Visiting Friends or Relatives",7338
2014-11-01,"Malaysia","Visiting Friends or Relatives",8628
2014-12-01,"Malaysia","Visiting Friends or Relatives",12670
2015-01-01,"Malaysia","Visiting Friends or Relatives",3796
2015-02-01,"Malaysia","Visiting Friends or Relatives",7752
2015-03-01,"Malaysia","Visiting Friends or Relatives",7493
2015-04-01,"Malaysia","Visiting Friends or Relatives",8225
2015-05-01,"Malaysia","Visiting Friends or Relatives",8008
2015-06-01,"Malaysia","Visiting Friends or Relatives",6597
2015-07-01,"Malaysia","Visiting Friends or Relatives",7483
2015-08-01,"Malaysia","Visiting Friends or Relatives",6941
2015-09-01,"Malaysia","Visiting Friends or Relatives",10420
2015-10-01,"Malaysia","Visiting Friends or Relatives",6864
2015-11-01,"Malaysia","Visiting Friends or Relatives",8282
2015-12-01,"Malaysia","Visiting Friends or Relatives",11634
2016-01-01,"Malaysia","Visiting Friends or Relatives",3337
2016-02-01,"Malaysia","Visiting Friends or Relatives",7046
2016-03-01,"Malaysia","Visiting Friends or Relatives",8238
2016-04-01,"Malaysia","Visiting Friends or Relatives",7296
2016-05-01,"Malaysia","Visiting Friends or Relatives",7824
2016-06-01,"Malaysia","Visiting Friends or Relatives",6252
2016-07-01,"Malaysia","Visiting Friends or Relatives",7228
2016-08-01,"Malaysia","Visiting Friends or Relatives",6357
2016-09-01,"Malaysia","Visiting Friends or Relatives",10518
2016-10-01,"Malaysia","Visiting Friends or Relatives",7094
2016-11-01,"Malaysia","Visiting Friends or Relatives",8499
2016-12-01,"Malaysia","Visiting Friends or Relatives",12111
2017-01-01,"Malaysia","Visiting Friends or Relatives",4689
2017-02-01,"Malaysia","Visiting Friends or Relatives",5787
2017-03-01,"Malaysia","Visiting Friends or Relatives",7852
2017-04-01,"Malaysia","Visiting Friends or Relatives",8171
2017-05-01,"Malaysia","Visiting Friends or Relatives",7978
2017-06-01,"Malaysia","Visiting Friends or Relatives",7941
2017-07-01,"Malaysia","Visiting Friends or Relatives",6614
2017-08-01,"Malaysia","Visiting Friends or Relatives",8520
2017-09-01,"Malaysia","Visiting Friends or Relatives",8135
2017-10-01,"Malaysia","Visiting Friends or Relatives",7129
2017-11-01,"Malaysia","Visiting Friends or Relatives",8699
2017-12-01,"Malaysia","Visiting Friends or Relatives",12317
2018-01-01,"Malaysia","Visiting Friends or Relatives",3543
2018-02-01,"Malaysia","Visiting Friends or Relatives",7495
2018-03-01,"Malaysia","Visiting Friends or Relatives",8702
2018-04-01,"Malaysia","Visiting Friends or Relatives",7428
2018-05-01,"Malaysia","Visiting Friends or Relatives",7004
2018-06-01,"Malaysia","Visiting Friends or Relatives",8598
2018-07-01,"Malaysia","Visiting Friends or Relatives",6484
2018-08-01,"Malaysia","Visiting Friends or Relatives",7655
2018-09-01,"Malaysia","Visiting Friends or Relatives",9045
2018-10-01,"Malaysia","Visiting Friends or Relatives",7514
2018-11-01,"Malaysia","Visiting Friends or Relatives",9292
2018-12-01,"Malaysia","Visiting Friends or Relatives",11338
2019-01-01,"Malaysia","Visiting Friends or Relatives",3536
2019-02-01,"Malaysia","Visiting Friends or Relatives",7050
2019-03-01,"Malaysia","Visiting Friends or Relatives",6851
2019-04-01,"Malaysia","Visiting Friends or Relatives",7798
2019-05-01,"Malaysia","Visiting Friends or Relatives",8693
2019-06-01,"Malaysia","Visiting Friends or Relatives",6961
2019-07-01,"Malaysia","Visiting Friends or Relatives",6274
2019-08-01,"Malaysia","Visiting Friends or Relatives",8186
2019-09-01,"Malaysia","Visiting Friends or Relatives",7976
2019-10-01,"Malaysia","Visiting Friends or Relatives",7737
2019-11-01,"Malaysia","Visiting Friends or Relatives",7999
2019-12-01,"Malaysia","Visiting Friends or Relatives",10564
2020-01-01,"Malaysia","Visiting Friends or Relatives",4163
2020-02-01,"Malaysia","Visiting Friends or Relatives",5153
2005-01-01,"New Zealand","Business",9049
2005-02-01,"New Zealand","Business",17163
2005-03-01,"New Zealand","Business",16124
2005-04-01,"New Zealand","Business",15079
2005-05-01,"New Zealand","Business",20731
2005-06-01,"New Zealand","Business",16128
2005-07-01,"New Zealand","Business",18973
2005-08-01,"New Zealand","Business",20318
2005-09-01,"New Zealand","Business",18174
2005-10-01,"New Zealand","Business",18466
2005-11-01,"New Zealand","Business",18371
2005-12-01,"New Zealand","Business",10680
2006-01-01,"New Zealand","Business",9759
2006-02-01,"New Zealand","Business",16435
2006-03-01,"New Zealand","Business",17284
2006-04-01,"New Zealand","Business",14955
2006-05-01,"New Zealand","Business",20087
2006-06-01,"New Zealand","Business",18035
2006-07-01,"New Zealand","Business",18881
2006-08-01,"New Zealand","Business",20137
2006-09-01,"New Zealand","Business",17204
2006-10-01,"New Zealand","Business",17791
2006-11-01,"New Zealand","Business",19484
2006-12-01,"New Zealand","Business",11067
2007-01-01,"New Zealand","Business",10734
2007-02-01,"New Zealand","Business",17188
2007-03-01,"New Zealand","Business",18305
2007-04-01,"New Zealand","Business",14685
2007-05-01,"New Zealand","Business",21611
2007-06-01,"New Zealand","Business",18198
2007-07-01,"New Zealand","Business",18242
2007-08-01,"New Zealand","Business",21537
2007-09-01,"New Zealand","Business",19096
2007-10-01,"New Zealand","Business",21093
2007-11-01,"New Zealand","Business",18978
2007-12-01,"New Zealand","Business",10319
2008-01-01,"New Zealand","Business",11263
2008-02-01,"New Zealand","Business",19779
2008-03-01,"New Zealand","Business",17513
2008-04-01,"New Zealand","Business",17858
2008-05-01,"New Zealand","Business",19220
2008-06-01,"New Zealand","Business",16826
2008-07-01,"New Zealand","Business",21849
2008-08-01,"New Zealand","Business",19537
2008-09-01,"New Zealand","Business",18804
2008-10-01,"New Zealand","Business",21393
2008-11-01,"New Zealand","Business",18398
2008-12-01,"New Zealand","Business",9484
2009-01-01,"New Zealand","Business",9048
2009-02-01,"New Zealand","Business",14875
2009-03-01,"New Zealand","Business",17177
2009-04-01,"New Zealand","Business",13759
2009-05-01,"New Zealand","Business",17170
2009-06-01,"New Zealand","Business",15488
2009-07-01,"New Zealand","Business",16191
2009-08-01,"New Zealand","Business",18106
2009-09-01,"New Zealand","Business",16761
2009-10-01,"New Zealand","Business",17491
2009-11-01,"New Zealand","Business",17770
2009-12-01,"New Zealand","Business",10094
2010-01-01,"New Zealand","Business",8886
2010-02-01,"New Zealand","Business",17245
2010-03-01,"New Zealand","Business",17388
2010-04-01,"New Zealand","Business",15582
2010-05-01,"New Zealand","Business",20761
2010-06-01,"New Zealand","Business",16989
2010-07-01,"New Zealand","Business",18214
2010-08-01,"New Zealand","Business",19782
2010-09-01,"New Zealand","Business",18947
2010-10-01,"New Zealand","Business",18214
2010-11-01,"New Zealand","Business",20155
2010-12-01,"New Zealand","Business",10493
2011-01-01,"New Zealand","Business",11124
2011-02-01,"New Zealand","Business",17148
2011-03-01,"New Zealand","Business",18277
2011-04-01,"New Zealand","Business",14796
2011-05-01,"New Zealand","Business",23164
2011-06-01,"New Zealand","Business",16657
2011-07-01,"New Zealand","Business",16937
2011-08-01,"New Zealand","Business",22622
2011-09-01,"New Zealand","Business",17984
2011-10-01,"New Zealand","Business",19616
2011-11-01,"New Zealand","Business",21075
2011-12-01,"New Zealand","Business",10676
2012-01-01,"New Zealand","Business",10494
2012-02-01,"New Zealand","Business",18959
2012-03-01,"New Zealand","Business",18900
2012-04-01,"New Zealand","Business",15518
2012-05-01,"New Zealand","Business",21639
2012-06-01,"New Zealand","Business",15668
2012-07-01,"New Zealand","Business",18139
2012-08-01,"New Zealand","Business",19469
2012-09-01,"New Zealand","Business",18980
2012-10-01,"New Zealand","Business",21679
2012-11-01,"New Zealand","Business",19144
2012-12-01,"New Zealand","Business",10933
2013-01-01,"New Zealand","Business",11494
2013-02-01,"New Zealand","Business",17884
2013-03-01,"New Zealand","Business",16495
2013-04-01,"New Zealand","Business",17900
2013-05-01,"New Zealand","Business",20714
2013-06-01,"New Zealand","Business",16080
2013-07-01,"New Zealand","Business",18620
2013-08-01,"New Zealand","Business",19894
2013-09-01,"New Zealand","Business",19188
2013-10-01,"New Zealand","Business",19406
2013-11-01,"New Zealand","Business",19029
2013-12-01,"New Zealand","Business",10992
2014-01-01,"New Zealand","Business",10712
2014-02-01,"New Zealand","Business",17545
2014-03-01,"New Zealand","Business",19100
2014-04-01,"New Zealand","Business",14067
2014-05-01,"New Zealand","Business",20165
2014-06-01,"New Zealand","Business",18196
2014-07-01,"New Zealand","Business",17495
2014-08-01,"New Zealand","Business",20880
2014-09-01,"New Zealand","Business",18443
2014-10-01,"New Zealand","Business",20714
2014-11-01,"New Zealand","Business",19280
2014-12-01,"New Zealand","Business",11604
2015-01-01,"New Zealand","Business",9239
2015-02-01,"New Zealand","Business",16643
2015-03-01,"New Zealand","Business",17592
2015-04-01,"New Zealand","Business",16224
2015-05-01,"New Zealand","Business",20130
2015-06-01,"New Zealand","Business",17743
2015-07-01,"New Zealand","Business",17577
2015-08-01,"New Zealand","Business",18737
2015-09-01,"New Zealand","Business",17118
2015-10-01,"New Zealand","Business",18988
2015-11-01,"New Zealand","Business",20022
2015-12-01,"New Zealand","Business",10422
2016-01-01,"New Zealand","Business",10955
2016-02-01,"New Zealand","Business",17300
2016-03-01,"New Zealand","Business",17274
2016-04-01,"New Zealand","Business",17030
2016-05-01,"New Zealand","Business",20740
2016-06-01,"New Zealand","Business",17796
2016-07-01,"New Zealand","Business",17440
2016-08-01,"New Zealand","Business",19764
2016-09-01,"New Zealand","Business",18492
2016-10-01,"New Zealand","Business",18328
2016-11-01,"New Zealand","Business",20882
2016-12-01,"New Zealand","Business",8391
2017-01-01,"New Zealand","Business",10426
2017-02-01,"New Zealand","Business",16233
2017-03-01,"New Zealand","Business",19658
2017-04-01,"New Zealand","Business",12830
2017-05-01,"New Zealand","Business",20404
2017-06-01,"New Zealand","Business",17522
2017-07-01,"New Zealand","Business",20294
2017-08-01,"New Zealand","Business",21179
2017-09-01,"New Zealand","Business",19233
2017-10-01,"New Zealand","Business",24190
2017-11-01,"New Zealand","Business",23067
2017-12-01,"New Zealand","Business",12096
2018-01-01,"New Zealand","Business",11414
2018-02-01,"New Zealand","Business",20279
2018-03-01,"New Zealand","Business",21104
2018-04-01,"New Zealand","Business",18737
2018-05-01,"New Zealand","Business",22935
2018-06-01,"New Zealand","Business",19073
2018-07-01,"New Zealand","Business",21113
2018-08-01,"New Zealand","Business",24423
2018-09-01,"New Zealand","Business",24456
2018-10-01,"New Zealand","Business",23414
2018-11-01,"New Zealand","Business",22040
2018-12-01,"New Zealand","Business",11001
2019-01-01,"New Zealand","Business",12226
2019-02-01,"New Zealand","Business",21644
2019-03-01,"New Zealand","Business",22760
2019-04-01,"New Zealand","Business",16009
2019-05-01,"New Zealand","Business",21239
2019-06-01,"New Zealand","Business",19803
2019-07-01,"New Zealand","Business",21004
2019-08-01,"New Zealand","Business",21484
2019-09-01,"New Zealand","Business",22342
2019-10-01,"New Zealand","Business",22401
2019-11-01,"New Zealand","Business",22217
2019-12-01,"New Zealand","Business",11315
2020-01-01,"New Zealand","Business",12058
2020-02-01,"New Zealand","Business",18959
2005-01-01,"New Zealand","Education",862
2005-02-01,"New Zealand","Education",1173
2005-03-01,"New Zealand","Education",831
2005-04-01,"New Zealand","Education",889
2005-05-01,"New Zealand","Education",709
2005-06-01,"New Zealand","Education",916
2005-07-01,"New Zealand","Education",1739
2005-08-01,"New Zealand","Education",1200
2005-09-01,"New Zealand","Education",1131
2005-10-01,"New Zealand","Education",1199
2005-11-01,"New Zealand","Education",1650
2005-12-01,"New Zealand","Education",534
2006-01-01,"New Zealand","Education",1018
2006-02-01,"New Zealand","Education",1524
2006-03-01,"New Zealand","Education",860
2006-04-01,"New Zealand","Education",816
2006-05-01,"New Zealand","Education",844
2006-06-01,"New Zealand","Education",1309
2006-07-01,"New Zealand","Education",2386
2006-08-01,"New Zealand","Education",955
2006-09-01,"New Zealand","Education",1158
2006-10-01,"New Zealand","Education",1143
2006-11-01,"New Zealand","Education",1552
2006-12-01,"New Zealand","Education",514
2007-01-01,"New Zealand","Education",1225
2007-02-01,"New Zealand","Education",1147
2007-03-01,"New Zealand","Education",1137
2007-04-01,"New Zealand","Education",1237
2007-05-01,"New Zealand","Education",1170
2007-06-01,"New Zealand","Education",1103
2007-07-01,"New Zealand","Education",2134
2007-08-01,"New Zealand","Education",1101
2007-09-01,"New Zealand","Education",1307
2007-10-01,"New Zealand","Education",1444
2007-11-01,"New Zealand","Education",1384
2007-12-01,"New Zealand","Education",365
2008-01-01,"New Zealand","Education",1582
2008-02-01,"New Zealand","Education",1767
2008-03-01,"New Zealand","Education",1032
2008-04-01,"New Zealand","Education",1172
2008-05-01,"New Zealand","Education",1096
2008-06-01,"New Zealand","Education",1364
2008-07-01,"New Zealand","Education",2754
2008-08-01,"New Zealand","Education",1324
2008-09-01,"New Zealand","Education",1130
2008-10-01,"New Zealand","Education",1651
2008-11-01,"New Zealand","Education",1293
2008-12-01,"New Zealand","Education",542
2009-01-01,"New Zealand","Education",1077
2009-02-01,"New Zealand","Education",1126
2009-03-01,"New Zealand","Education",1261
2009-04-01,"New Zealand","Education",1141
2009-05-01,"New Zealand","Education",978
2009-06-01,"New Zealand","Education",1325
2009-07-01,"New Zealand","Education",2496
2009-08-01,"New Zealand","Education",874
2009-09-01,"New Zealand","Education",1166
2009-10-01,"New Zealand","Education",1283
2009-11-01,"New Zealand","Education",1491
2009-12-01,"New Zealand","Education",608
2010-01-01,"New Zealand","Education",1732
2010-02-01,"New Zealand","Education",1636
2010-03-01,"New Zealand","Education",980
2010-04-01,"New Zealand","Education",1230
2010-05-01,"New Zealand","Education",924
2010-06-01,"New Zealand","Education",1205
2010-07-01,"New Zealand","Education",2824
2010-08-01,"New Zealand","Education",867
2010-09-01,"New Zealand","Education",1149
2010-10-01,"New Zealand","Education",1309
2010-11-01,"New Zealand","Education",1243
2010-12-01,"New Zealand","Education",620
2011-01-01,"New Zealand","Education",1513
2011-02-01,"New Zealand","Education",2313
2011-03-01,"New Zealand","Education",1180
2011-04-01,"New Zealand","Education",934
2011-05-01,"New Zealand","Education",1293
2011-06-01,"New Zealand","Education",1281
2011-07-01,"New Zealand","Education",2557
2011-08-01,"New Zealand","Education",1473
2011-09-01,"New Zealand","Education",1215
2011-10-01,"New Zealand","Education",1261
2011-11-01,"New Zealand","Education",1272
2011-12-01,"New Zealand","Education",701
2012-01-01,"New Zealand","Education",1488
2012-02-01,"New Zealand","Education",2129
2012-03-01,"New Zealand","Education",1753
2012-04-01,"New Zealand","Education",1373
2012-05-01,"New Zealand","Education",1202
2012-06-01,"New Zealand","Education",1142
2012-07-01,"New Zealand","Education",2598
2012-08-01,"New Zealand","Education",1748
2012-09-01,"New Zealand","Education",1752
2012-10-01,"New Zealand","Education",1507
2012-11-01,"New Zealand","Education",1195
2012-12-01,"New Zealand","Education",834
2013-01-01,"New Zealand","Education",1383
2013-02-01,"New Zealand","Education",1505
2013-03-01,"New Zealand","Education",1036
2013-04-01,"New Zealand","Education",1397
2013-05-01,"New Zealand","Education",1281
2013-06-01,"New Zealand","Education",917
2013-07-01,"New Zealand","Education",2402
2013-08-01,"New Zealand","Education",1385
2013-09-01,"New Zealand","Education",963
2013-10-01,"New Zealand","Education",1088
2013-11-01,"New Zealand","Education",977
2013-12-01,"New Zealand","Education",1086
2014-01-01,"New Zealand","Education",1206
2014-02-01,"New Zealand","Education",1810
2014-03-01,"New Zealand","Education",995
2014-04-01,"New Zealand","Education",1518
2014-05-01,"New Zealand","Education",1002
2014-06-01,"New Zealand","Education",1128
2014-07-01,"New Zealand","Education",3117
2014-08-01,"New Zealand","Education",1484
2014-09-01,"New Zealand","Education",1343
2014-10-01,"New Zealand","Education",2490
2014-11-01,"New Zealand","Education",1424
2014-12-01,"New Zealand","Education",980
2015-01-01,"New Zealand","Education",1761
2015-02-01,"New Zealand","Education",1882
2015-03-01,"New Zealand","Education",1483
2015-04-01,"New Zealand","Education",1474
2015-05-01,"New Zealand","Education",1645
2015-06-01,"New Zealand","Education",2283
2015-07-01,"New Zealand","Education",3249
2015-08-01,"New Zealand","Education",2256
2015-09-01,"New Zealand","Education",1514
2015-10-01,"New Zealand","Education",1573
2015-11-01,"New Zealand","Education",3014
2015-12-01,"New Zealand","Education",1684
2016-01-01,"New Zealand","Education",1492
2016-02-01,"New Zealand","Education",2056
2016-03-01,"New Zealand","Education",1484
2016-04-01,"New Zealand","Education",1703
2016-05-01,"New Zealand","Education",1417
2016-06-01,"New Zealand","Education",1235
2016-07-01,"New Zealand","Education",3167
2016-08-01,"New Zealand","Education",1431
2016-09-01,"New Zealand","Education",1715
2016-10-01,"New Zealand","Education",3519
2016-11-01,"New Zealand","Education",1823
2016-12-01,"New Zealand","Education",1596
2017-01-01,"New Zealand","Education",2208
2017-02-01,"New Zealand","Education",3246
2017-03-01,"New Zealand","Education",1815
2017-04-01,"New Zealand","Education",1290
2017-05-01,"New Zealand","Education",1368
2017-06-01,"New Zealand","Education",1478
2017-07-01,"New Zealand","Education",3504
2017-08-01,"New Zealand","Education",1240
2017-09-01,"New Zealand","Education",1115
2017-10-01,"New Zealand","Education",2252
2017-11-01,"New Zealand","Education",1234
2017-12-01,"New Zealand","Education",807
2018-01-01,"New Zealand","Education",1406
2018-02-01,"New Zealand","Education",1466
2018-03-01,"New Zealand","Education",911
2018-04-01,"New Zealand","Education",1329
2018-05-01,"New Zealand","Education",996
2018-06-01,"New Zealand","Education",1373
2018-07-01,"New Zealand","Education",2102
2018-08-01,"New Zealand","Education",1082
2018-09-01,"New Zealand","Education",1545
2018-10-01,"New Zealand","Education",1034
2018-11-01,"New Zealand","Education",1414
2018-12-01,"New Zealand","Education",708
2019-01-01,"New Zealand","Education",1106
2019-02-01,"New Zealand","Education",1496
2019-03-01,"New Zealand","Education",1002
2019-04-01,"New Zealand","Education",1265
2019-05-01,"New Zealand","Education",981
2019-06-01,"New Zealand","Education",1256
2019-07-01,"New Zealand","Education",1673
2019-08-01,"New Zealand","Education",1021
2019-09-01,"New Zealand","Education",940
2019-10-01,"New Zealand","Education",1693
2019-11-01,"New Zealand","Education",607
2019-12-01,"New Zealand","Education",596
2020-01-01,"New Zealand","Education",671
2020-02-01,"New Zealand","Education",1480
2005-01-01,"New Zealand","Employment",1955
2005-02-01,"New Zealand","Employment",1391
2005-03-01,"New Zealand","Employment",1850
2005-04-01,"New Zealand","Employment",1972
2005-05-01,"New Zealand","Employment",1857
2005-06-01,"New Zealand","Employment",1856
2005-07-01,"New Zealand","Employment",3454
2005-08-01,"New Zealand","Employment",3642
2005-09-01,"New Zealand","Employment",2432
2005-10-01,"New Zealand","Employment",3415
2005-11-01,"New Zealand","Employment",2217
2005-12-01,"New Zealand","Employment",2105
2006-01-01,"New Zealand","Employment",3127
2006-02-01,"New Zealand","Employment",1968
2006-03-01,"New Zealand","Employment",2653
2006-04-01,"New Zealand","Employment",2662
2006-05-01,"New Zealand","Employment",3255
2006-06-01,"New Zealand","Employment",2580
2006-07-01,"New Zealand","Employment",3194
2006-08-01,"New Zealand","Employment",2687
2006-09-01,"New Zealand","Employment",3407
2006-10-01,"New Zealand","Employment",2769
2006-11-01,"New Zealand","Employment",2878
2006-12-01,"New Zealand","Employment",3030
2007-01-01,"New Zealand","Employment",3099
2007-02-01,"New Zealand","Employment",2176
2007-03-01,"New Zealand","Employment",2791
2007-04-01,"New Zealand","Employment",3005
2007-05-01,"New Zealand","Employment",3516
2007-06-01,"New Zealand","Employment",3371
2007-07-01,"New Zealand","Employment",3459
2007-08-01,"New Zealand","Employment",4074
2007-09-01,"New Zealand","Employment",3888
2007-10-01,"New Zealand","Employment",2709
2007-11-01,"New Zealand","Employment",3721
2007-12-01,"New Zealand","Employment",2786
2008-01-01,"New Zealand","Employment",3164
2008-02-01,"New Zealand","Employment",2827
2008-03-01,"New Zealand","Employment",3283
2008-04-01,"New Zealand","Employment",3293
2008-05-01,"New Zealand","Employment",3048
2008-06-01,"New Zealand","Employment",4292
2008-07-01,"New Zealand","Employment",3221
2008-08-01,"New Zealand","Employment",3400
2008-09-01,"New Zealand","Employment",3445
2008-10-01,"New Zealand","Employment",3220
2008-11-01,"New Zealand","Employment",3104
2008-12-01,"New Zealand","Employment",2776
2009-01-01,"New Zealand","Employment",3569
2009-02-01,"New Zealand","Employment",2795
2009-03-01,"New Zealand","Employment",2779
2009-04-01,"New Zealand","Employment",2992
2009-05-01,"New Zealand","Employment",3187
2009-06-01,"New Zealand","Employment",2645
2009-07-01,"New Zealand","Employment",2937
2009-08-01,"New Zealand","Employment",3617
2009-09-01,"New Zealand","Employment",2845
2009-10-01,"New Zealand","Employment",2936
2009-11-01,"New Zealand","Employment",2828
2009-12-01,"New Zealand","Employment",2072
2010-01-01,"New Zealand","Employment",3278
2010-02-01,"New Zealand","Employment",2708
2010-03-01,"New Zealand","Employment",3223
2010-04-01,"New Zealand","Employment",3348
2010-05-01,"New Zealand","Employment",3051
2010-06-01,"New Zealand","Employment",3198
2010-07-01,"New Zealand","Employment",3609
2010-08-01,"New Zealand","Employment",3316
2010-09-01,"New Zealand","Employment",3549
2010-10-01,"New Zealand","Employment",3715
2010-11-01,"New Zealand","Employment",3409
2010-12-01,"New Zealand","Employment",2962
2011-01-01,"New Zealand","Employment",3577
2011-02-01,"New Zealand","Employment",3222
2011-03-01,"New Zealand","Employment",3359
2011-04-01,"New Zealand","Employment",3645
2011-05-01,"New Zealand","Employment",3476
2011-06-01,"New Zealand","Employment",3921
2011-07-01,"New Zealand","Employment",3933
2011-08-01,"New Zealand","Employment",3700
2011-09-01,"New Zealand","Employment",3561
2011-10-01,"New Zealand","Employment",4442
2011-11-01,"New Zealand","Employment",3821
2011-12-01,"New Zealand","Employment",3038
2012-01-01,"New Zealand","Employment",4240
2012-02-01,"New Zealand","Employment",2999
2012-03-01,"New Zealand","Employment",3826
2012-04-01,"New Zealand","Employment",4646
2012-05-01,"New Zealand","Employment",4046
2012-06-01,"New Zealand","Employment",3333
2012-07-01,"New Zealand","Employment",3724
2012-08-01,"New Zealand","Employment",4384
2012-09-01,"New Zealand","Employment",3064
2012-10-01,"New Zealand","Employment",3715
2012-11-01,"New Zealand","Employment",3070
2012-12-01,"New Zealand","Employment",2972
2013-01-01,"New Zealand","Employment",4469
2013-02-01,"New Zealand","Employment",2286
2013-03-01,"New Zealand","Employment",3570
2013-04-01,"New Zealand","Employment",4021
2013-05-01,"New Zealand","Employment",2826
2013-06-01,"New Zealand","Employment",2713
2013-07-01,"New Zealand","Employment",3055
2013-08-01,"New Zealand","Employment",2936
2013-09-01,"New Zealand","Employment",2816
2013-10-01,"New Zealand","Employment",3283
2013-11-01,"New Zealand","Employment",2589
2013-12-01,"New Zealand","Employment",2694
2014-01-01,"New Zealand","Employment",3451
2014-02-01,"New Zealand","Employment",2625
2014-03-01,"New Zealand","Employment",2571
2014-04-01,"New Zealand","Employment",2644
2014-05-01,"New Zealand","Employment",2896
2014-06-01,"New Zealand","Employment",2349
2014-07-01,"New Zealand","Employment",3277
2014-08-01,"New Zealand","Employment",2731
2014-09-01,"New Zealand","Employment",2798
2014-10-01,"New Zealand","Employment",4884
2014-11-01,"New Zealand","Employment",3664
2014-12-01,"New Zealand","Employment",4301
2015-01-01,"New Zealand","Employment",3247
2015-02-01,"New Zealand","Employment",3864
2015-03-01,"New Zealand","Employment",3292
2015-04-01,"New Zealand","Employment",3587
2015-05-01,"New Zealand","Employment",4545
2015-06-01,"New Zealand","Employment",4898
2015-07-01,"New Zealand","Employment",4626
2015-08-01,"New Zealand","Employment",4350
2015-09-01,"New Zealand","Employment",3112
2015-10-01,"New Zealand","Employment",3516
2015-11-01,"New Zealand","Employment",4179
2015-12-01,"New Zealand","Employment",3527
2016-01-01,"New Zealand","Employment",2864
2016-02-01,"New Zealand","Employment",1989
2016-03-01,"New Zealand","Employment",3175
2016-04-01,"New Zealand","Employment",2303
2016-05-01,"New Zealand","Employment",2946
2016-06-01,"New Zealand","Employment",2877
2016-07-01,"New Zealand","Employment",3972
2016-08-01,"New Zealand","Employment",3466
2016-09-01,"New Zealand","Employment",3877
2016-10-01,"New Zealand","Employment",4836
2016-11-01,"New Zealand","Employment",2563
2016-12-01,"New Zealand","Employment",3644
2017-01-01,"New Zealand","Employment",3752
2017-02-01,"New Zealand","Employment",2741
2017-03-01,"New Zealand","Employment",2272
2017-04-01,"New Zealand","Employment",3039
2017-05-01,"New Zealand","Employment",2107
2017-06-01,"New Zealand","Employment",3189
2017-07-01,"New Zealand","Employment",1804
2017-08-01,"New Zealand","Employment",2280
2017-09-01,"New Zealand","Employment",2125
2017-10-01,"New Zealand","Employment",2615
2017-11-01,"New Zealand","Employment",1577
2017-12-01,"New Zealand","Employment",1790
2018-01-01,"New Zealand","Employment",2400
2018-02-01,"New Zealand","Employment",1525
2018-03-01,"New Zealand","Employment",1706
2018-04-01,"New Zealand","Employment",2691
2018-05-01,"New Zealand","Employment",1800
2018-06-01,"New Zealand","Employment",1517
2018-07-01,"New Zealand","Employment",1633
2018-08-01,"New Zealand","Employment",1838
2018-09-01,"New Zealand","Employment",2095
2018-10-01,"New Zealand","Employment",2218
2018-11-01,"New Zealand","Employment",1933
2018-12-01,"New Zealand","Employment",1634
2019-01-01,"New Zealand","Employment",2528
2019-02-01,"New Zealand","Employment",1553
2019-03-01,"New Zealand","Employment",2244
2019-04-01,"New Zealand","Employment",1772
2019-05-01,"New Zealand","Employment",2299
2019-06-01,"New Zealand","Employment",2065
2019-07-01,"New Zealand","Employment",1896
2019-08-01,"New Zealand","Employment",2227
2019-09-01,"New Zealand","Employment",2347
2019-10-01,"New Zealand","Employment",2476
2019-11-01,"New Zealand","Employment",1497
2019-12-01,"New Zealand","Employment",1843
2020-01-01,"New Zealand","Employment",3062
2020-02-01,"New Zealand","Employment",1861
2005-01-01,"New Zealand","Holiday",26279
2005-02-01,"New Zealand","Holiday",21518
2005-03-01,"New Zealand","Holiday",36803
2005-04-01,"New Zealand","Holiday",42849
2005-05-01,"New Zealand","Holiday",30194
2005-06-01,"New Zealand","Holiday",38933
2005-07-01,"New Zealand","Holiday",52556
2005-08-01,"New Zealand","Holiday",45049
2005-09-01,"New Zealand","Holiday",49965
2005-10-01,"New Zealand","Holiday",47150
2005-11-01,"New Zealand","Holiday",29769
2005-12-01,"New Zealand","Holiday",36398
2006-01-01,"New Zealand","Holiday",28902
2006-02-01,"New Zealand","Holiday",19666
2006-03-01,"New Zealand","Holiday",30538
2006-04-01,"New Zealand","Holiday",38679
2006-05-01,"New Zealand","Holiday",29553
2006-06-01,"New Zealand","Holiday",37865
2006-07-01,"New Zealand","Holiday",45201
2006-08-01,"New Zealand","Holiday",37615
2006-09-01,"New Zealand","Holiday",53015
2006-10-01,"New Zealand","Holiday",42053
2006-11-01,"New Zealand","Holiday",33122
2006-12-01,"New Zealand","Holiday",36977
2007-01-01,"New Zealand","Holiday",29868
2007-02-01,"New Zealand","Holiday",21008
2007-03-01,"New Zealand","Holiday",29853
2007-04-01,"New Zealand","Holiday",41813
2007-05-01,"New Zealand","Holiday",35160
2007-06-01,"New Zealand","Holiday",46186
2007-07-01,"New Zealand","Holiday",44443
2007-08-01,"New Zealand","Holiday",40385
2007-09-01,"New Zealand","Holiday",50441
2007-10-01,"New Zealand","Holiday",42258
2007-11-01,"New Zealand","Holiday",36880
2007-12-01,"New Zealand","Holiday",34974
2008-01-01,"New Zealand","Holiday",24223
2008-02-01,"New Zealand","Holiday",22079
2008-03-01,"New Zealand","Holiday",28202
2008-04-01,"New Zealand","Holiday",35237
2008-05-01,"New Zealand","Holiday",37153
2008-06-01,"New Zealand","Holiday",34735
2008-07-01,"New Zealand","Holiday",40881
2008-08-01,"New Zealand","Holiday",35394
2008-09-01,"New Zealand","Holiday",41701
2008-10-01,"New Zealand","Holiday",45867
2008-11-01,"New Zealand","Holiday",32505
2008-12-01,"New Zealand","Holiday",34071
2009-01-01,"New Zealand","Holiday",25890
2009-02-01,"New Zealand","Holiday",19439
2009-03-01,"New Zealand","Holiday",26202
2009-04-01,"New Zealand","Holiday",36255
2009-05-01,"New Zealand","Holiday",30509
2009-06-01,"New Zealand","Holiday",30988
2009-07-01,"New Zealand","Holiday",41581
2009-08-01,"New Zealand","Holiday",39933
2009-09-01,"New Zealand","Holiday",42726
2009-10-01,"New Zealand","Holiday",48073
2009-11-01,"New Zealand","Holiday",31029
2009-12-01,"New Zealand","Holiday",31641
2010-01-01,"New Zealand","Holiday",24507
2010-02-01,"New Zealand","Holiday",22065
2010-03-01,"New Zealand","Holiday",29815
2010-04-01,"New Zealand","Holiday",36268
2010-05-01,"New Zealand","Holiday",27865
2010-06-01,"New Zealand","Holiday",35402
2010-07-01,"New Zealand","Holiday",47685
2010-08-01,"New Zealand","Holiday",36976
2010-09-01,"New Zealand","Holiday",47670
2010-10-01,"New Zealand","Holiday",46631
2010-11-01,"New Zealand","Holiday",31415
2010-12-01,"New Zealand","Holiday",35353
2011-01-01,"New Zealand","Holiday",26554
2011-02-01,"New Zealand","Holiday",20897
2011-03-01,"New Zealand","Holiday",28314
2011-04-01,"New Zealand","Holiday",37398
2011-05-01,"New Zealand","Holiday",29175
2011-06-01,"New Zealand","Holiday",32318
2011-07-01,"New Zealand","Holiday",45218
2011-08-01,"New Zealand","Holiday",39318
2011-09-01,"New Zealand","Holiday",31009
2011-10-01,"New Zealand","Holiday",46020
2011-11-01,"New Zealand","Holiday",33709
2011-12-01,"New Zealand","Holiday",36677
2012-01-01,"New Zealand","Holiday",27031
2012-02-01,"New Zealand","Holiday",22155
2012-03-01,"New Zealand","Holiday",31642
2012-04-01,"New Zealand","Holiday",36621
2012-05-01,"New Zealand","Holiday",27530
2012-06-01,"New Zealand","Holiday",38037
2012-07-01,"New Zealand","Holiday",40402
2012-08-01,"New Zealand","Holiday",35658
2012-09-01,"New Zealand","Holiday",38416
2012-10-01,"New Zealand","Holiday",45869
2012-11-01,"New Zealand","Holiday",34865
2012-12-01,"New Zealand","Holiday",35828
2013-01-01,"New Zealand","Holiday",29249
2013-02-01,"New Zealand","Holiday",22458
2013-03-01,"New Zealand","Holiday",31814
2013-04-01,"New Zealand","Holiday",33753
2013-05-01,"New Zealand","Holiday",27266
2013-06-01,"New Zealand","Holiday",31420
2013-07-01,"New Zealand","Holiday",43741
2013-08-01,"New Zealand","Holiday",38014
2013-09-01,"New Zealand","Holiday",35211
2013-10-01,"New Zealand","Holiday",43664
2013-11-01,"New Zealand","Holiday",32678
2013-12-01,"New Zealand","Holiday",37595
2014-01-01,"New Zealand","Holiday",27817
2014-02-01,"New Zealand","Holiday",22366
2014-03-01,"New Zealand","Holiday",31262
2014-04-01,"New Zealand","Holiday",40582
2014-05-01,"New Zealand","Holiday",31400
2014-06-01,"New Zealand","Holiday",30408
2014-07-01,"New Zealand","Holiday",45574
2014-08-01,"New Zealand","Holiday",37377
2014-09-01,"New Zealand","Holiday",40023
2014-10-01,"New Zealand","Holiday",46287
2014-11-01,"New Zealand","Holiday",31171
2014-12-01,"New Zealand","Holiday",33653
2015-01-01,"New Zealand","Holiday",28526
2015-02-01,"New Zealand","Holiday",24919
2015-03-01,"New Zealand","Holiday",34545
2015-04-01,"New Zealand","Holiday",37270
2015-05-01,"New Zealand","Holiday",32925
2015-06-01,"New Zealand","Holiday",32643
2015-07-01,"New Zealand","Holiday",47875
2015-08-01,"New Zealand","Holiday",38888
2015-09-01,"New Zealand","Holiday",43452
2015-10-01,"New Zealand","Holiday",55156
2015-11-01,"New Zealand","Holiday",37258
2015-12-01,"New Zealand","Holiday",41699
2016-01-01,"New Zealand","Holiday",35658
2016-02-01,"New Zealand","Holiday",24752
2016-03-01,"New Zealand","Holiday",35161
2016-04-01,"New Zealand","Holiday",44265
2016-05-01,"New Zealand","Holiday",36118
2016-06-01,"New Zealand","Holiday",39405
2016-07-01,"New Zealand","Holiday",53980
2016-08-01,"New Zealand","Holiday",42219
2016-09-01,"New Zealand","Holiday",52524
2016-10-01,"New Zealand","Holiday",53351
2016-11-01,"New Zealand","Holiday",37183
2016-12-01,"New Zealand","Holiday",44761
2017-01-01,"New Zealand","Holiday",36981
2017-02-01,"New Zealand","Holiday",28141
2017-03-01,"New Zealand","Holiday",40611
2017-04-01,"New Zealand","Holiday",46604
2017-05-01,"New Zealand","Holiday",37022
2017-06-01,"New Zealand","Holiday",37586
2017-07-01,"New Zealand","Holiday",53759
2017-08-01,"New Zealand","Holiday",43617
2017-09-01,"New Zealand","Holiday",45577
2017-10-01,"New Zealand","Holiday",59976
2017-11-01,"New Zealand","Holiday",41856
2017-12-01,"New Zealand","Holiday",43087
2018-01-01,"New Zealand","Holiday",37404
2018-02-01,"New Zealand","Holiday",27314
2018-03-01,"New Zealand","Holiday",42282
2018-04-01,"New Zealand","Holiday",41378
2018-05-01,"New Zealand","Holiday",35881
2018-06-01,"New Zealand","Holiday",39632
2018-07-01,"New Zealand","Holiday",56702
2018-08-01,"New Zealand","Holiday",48733
2018-09-01,"New Zealand","Holiday",49552
2018-10-01,"New Zealand","Holiday",57049
2018-11-01,"New Zealand","Holiday",44016
2018-12-01,"New Zealand","Holiday",44653
2019-01-01,"New Zealand","Holiday",40565
2019-02-01,"New Zealand","Holiday",31165
2019-03-01,"New Zealand","Holiday",42428
2019-04-01,"New Zealand","Holiday",49751
2019-05-01,"New Zealand","Holiday",44533
2019-06-01,"New Zealand","Holiday",42015
2019-07-01,"New Zealand","Holiday",57635
2019-08-01,"New Zealand","Holiday",52198
2019-09-01,"New Zealand","Holiday",50865
2019-10-01,"New Zealand","Holiday",63718
2019-11-01,"New Zealand","Holiday",47179
2019-12-01,"New Zealand","Holiday",57211
2020-01-01,"New Zealand","Holiday",41615
2020-02-01,"New Zealand","Holiday",30470
2005-01-01,"New Zealand","Other",3106
2005-02-01,"New Zealand","Other",2006
2005-03-01,"New Zealand","Other",2387
2005-04-01,"New Zealand","Other",2858
2005-05-01,"New Zealand","Other",2782
2005-06-01,"New Zealand","Other",2193
2005-07-01,"New Zealand","Other",3609
2005-08-01,"New Zealand","Other",2532
2005-09-01,"New Zealand","Other",2777
2005-10-01,"New Zealand","Other",3133
2005-11-01,"New Zealand","Other",2344
2005-12-01,"New Zealand","Other",1946
2006-01-01,"New Zealand","Other",3336
2006-02-01,"New Zealand","Other",2335
2006-03-01,"New Zealand","Other",3501
2006-04-01,"New Zealand","Other",3406
2006-05-01,"New Zealand","Other",2194
2006-06-01,"New Zealand","Other",3370
2006-07-01,"New Zealand","Other",3467
2006-08-01,"New Zealand","Other",2231
2006-09-01,"New Zealand","Other",2876
2006-10-01,"New Zealand","Other",3056
2006-11-01,"New Zealand","Other",2712
2006-12-01,"New Zealand","Other",2395
2007-01-01,"New Zealand","Other",3493
2007-02-01,"New Zealand","Other",2308
2007-03-01,"New Zealand","Other",3047
2007-04-01,"New Zealand","Other",3323
2007-05-01,"New Zealand","Other",3222
2007-06-01,"New Zealand","Other",3976
2007-07-01,"New Zealand","Other",4040
2007-08-01,"New Zealand","Other",2622
2007-09-01,"New Zealand","Other",3141
2007-10-01,"New Zealand","Other",3312
2007-11-01,"New Zealand","Other",2366
2007-12-01,"New Zealand","Other",2547
2008-01-01,"New Zealand","Other",3401
2008-02-01,"New Zealand","Other",2961
2008-03-01,"New Zealand","Other",2645
2008-04-01,"New Zealand","Other",3113
2008-05-01,"New Zealand","Other",3444
2008-06-01,"New Zealand","Other",3273
2008-07-01,"New Zealand","Other",5433
2008-08-01,"New Zealand","Other",3350
2008-09-01,"New Zealand","Other",2749
2008-10-01,"New Zealand","Other",3609
2008-11-01,"New Zealand","Other",3862
2008-12-01,"New Zealand","Other",2792
2009-01-01,"New Zealand","Other",3905
2009-02-01,"New Zealand","Other",2331
2009-03-01,"New Zealand","Other",3083
2009-04-01,"New Zealand","Other",3973
2009-05-01,"New Zealand","Other",3079
2009-06-01,"New Zealand","Other",3733
2009-07-01,"New Zealand","Other",3747
2009-08-01,"New Zealand","Other",3660
2009-09-01,"New Zealand","Other",4116
2009-10-01,"New Zealand","Other",3360
2009-11-01,"New Zealand","Other",3380
2009-12-01,"New Zealand","Other",3547
2010-01-01,"New Zealand","Other",3795
2010-02-01,"New Zealand","Other",2756
2010-03-01,"New Zealand","Other",3515
2010-04-01,"New Zealand","Other",3645
2010-05-01,"New Zealand","Other",3630
2010-06-01,"New Zealand","Other",3449
2010-07-01,"New Zealand","Other",4362
2010-08-01,"New Zealand","Other",3490
2010-09-01,"New Zealand","Other",4701
2010-10-01,"New Zealand","Other",4061
2010-11-01,"New Zealand","Other",3975
2010-12-01,"New Zealand","Other",3727
2011-01-01,"New Zealand","Other",4097
2011-02-01,"New Zealand","Other",3153
2011-03-01,"New Zealand","Other",4433
2011-04-01,"New Zealand","Other",4456
2011-05-01,"New Zealand","Other",3672
2011-06-01,"New Zealand","Other",4939
2011-07-01,"New Zealand","Other",4707
2011-08-01,"New Zealand","Other",3079
2011-09-01,"New Zealand","Other",4089
2011-10-01,"New Zealand","Other",4174
2011-11-01,"New Zealand","Other",3609
2011-12-01,"New Zealand","Other",3225
2012-01-01,"New Zealand","Other",3612
2012-02-01,"New Zealand","Other",2487
2012-03-01,"New Zealand","Other",3291
2012-04-01,"New Zealand","Other",5561
2012-05-01,"New Zealand","Other",3730
2012-06-01,"New Zealand","Other",4088
2012-07-01,"New Zealand","Other",4529
2012-08-01,"New Zealand","Other",4069
2012-09-01,"New Zealand","Other",4664
2012-10-01,"New Zealand","Other",4724
2012-11-01,"New Zealand","Other",3702
2012-12-01,"New Zealand","Other",3182
2013-01-01,"New Zealand","Other",4838
2013-02-01,"New Zealand","Other",3534
2013-03-01,"New Zealand","Other",4022
2013-04-01,"New Zealand","Other",4082
2013-05-01,"New Zealand","Other",4831
2013-06-01,"New Zealand","Other",3742
2013-07-01,"New Zealand","Other",5247
2013-08-01,"New Zealand","Other",4024
2013-09-01,"New Zealand","Other",4294
2013-10-01,"New Zealand","Other",4952
2013-11-01,"New Zealand","Other",3937
2013-12-01,"New Zealand","Other",3655
2014-01-01,"New Zealand","Other",5194
2014-02-01,"New Zealand","Other",4288
2014-03-01,"New Zealand","Other",3962
2014-04-01,"New Zealand","Other",3974
2014-05-01,"New Zealand","Other",4665
2014-06-01,"New Zealand","Other",4143
2014-07-01,"New Zealand","Other",4138
2014-08-01,"New Zealand","Other",4185
2014-09-01,"New Zealand","Other",4142
2014-10-01,"New Zealand","Other",6158
2014-11-01,"New Zealand","Other",4833
2014-12-01,"New Zealand","Other",4694
2015-01-01,"New Zealand","Other",5459
2015-02-01,"New Zealand","Other",3012
2015-03-01,"New Zealand","Other",4877
2015-04-01,"New Zealand","Other",5179
2015-05-01,"New Zealand","Other",4561
2015-06-01,"New Zealand","Other",4566
2015-07-01,"New Zealand","Other",6964
2015-08-01,"New Zealand","Other",5151
2015-09-01,"New Zealand","Other",4035
2015-10-01,"New Zealand","Other",5013
2015-11-01,"New Zealand","Other",4007
2015-12-01,"New Zealand","Other",4563
2016-01-01,"New Zealand","Other",5981
2016-02-01,"New Zealand","Other",4180
2016-03-01,"New Zealand","Other",3669
2016-04-01,"New Zealand","Other",5221
2016-05-01,"New Zealand","Other",5977
2016-06-01,"New Zealand","Other",4419
2016-07-01,"New Zealand","Other",6367
2016-08-01,"New Zealand","Other",5322
2016-09-01,"New Zealand","Other",4825
2016-10-01,"New Zealand","Other",5882
2016-11-01,"New Zealand","Other",4321
2016-12-01,"New Zealand","Other",3951
2017-01-01,"New Zealand","Other",4241
2017-02-01,"New Zealand","Other",2821
2017-03-01,"New Zealand","Other",4048
2017-04-01,"New Zealand","Other",4240
2017-05-01,"New Zealand","Other",3587
2017-06-01,"New Zealand","Other",3672
2017-07-01,"New Zealand","Other",4605
2017-08-01,"New Zealand","Other",3360
2017-09-01,"New Zealand","Other",4726
2017-10-01,"New Zealand","Other",3890
2017-11-01,"New Zealand","Other",3266
2017-12-01,"New Zealand","Other",2430
2018-01-01,"New Zealand","Other",3201
2018-02-01,"New Zealand","Other",2679
2018-03-01,"New Zealand","Other",3543
2018-04-01,"New Zealand","Other",4108
2018-05-01,"New Zealand","Other",3384
2018-06-01,"New Zealand","Other",3165
2018-07-01,"New Zealand","Other",4035
2018-08-01,"New Zealand","Other",3662
2018-09-01,"New Zealand","Other",3837
2018-10-01,"New Zealand","Other",4292
2018-11-01,"New Zealand","Other",4945
2018-12-01,"New Zealand","Other",4058
2019-01-01,"New Zealand","Other",4018
2019-02-01,"New Zealand","Other",3545
2019-03-01,"New Zealand","Other",3661
2019-04-01,"New Zealand","Other",4476
2019-05-01,"New Zealand","Other",3470
2019-06-01,"New Zealand","Other",3153
2019-07-01,"New Zealand","Other",4036
2019-08-01,"New Zealand","Other",4363
2019-09-01,"New Zealand","Other",3865
2019-10-01,"New Zealand","Other",5258
2019-11-01,"New Zealand","Other",3581
2019-12-01,"New Zealand","Other",4369
2020-01-01,"New Zealand","Other",5039
2020-02-01,"New Zealand","Other",3490
2005-01-01,"New Zealand","Visiting Friends or Relatives",21162
2005-02-01,"New Zealand","Visiting Friends or Relatives",19974
2005-03-01,"New Zealand","Visiting Friends or Relatives",32269
2005-04-01,"New Zealand","Visiting Friends or Relatives",33246
2005-05-01,"New Zealand","Visiting Friends or Relatives",25933
2005-06-01,"New Zealand","Visiting Friends or Relatives",29267
2005-07-01,"New Zealand","Visiting Friends or Relatives",32842
2005-08-01,"New Zealand","Visiting Friends or Relatives",27528
2005-09-01,"New Zealand","Visiting Friends or Relatives",35400
2005-10-01,"New Zealand","Visiting Friends or Relatives",29479
2005-11-01,"New Zealand","Visiting Friends or Relatives",25937
2005-12-01,"New Zealand","Visiting Friends or Relatives",45624
2006-01-01,"New Zealand","Visiting Friends or Relatives",22548
2006-02-01,"New Zealand","Visiting Friends or Relatives",18025
2006-03-01,"New Zealand","Visiting Friends or Relatives",25978
2006-04-01,"New Zealand","Visiting Friends or Relatives",33262
2006-05-01,"New Zealand","Visiting Friends or Relatives",25259
2006-06-01,"New Zealand","Visiting Friends or Relatives",29433
2006-07-01,"New Zealand","Visiting Friends or Relatives",28005
2006-08-01,"New Zealand","Visiting Friends or Relatives",26945
2006-09-01,"New Zealand","Visiting Friends or Relatives",36081
2006-10-01,"New Zealand","Visiting Friends or Relatives",29089
2006-11-01,"New Zealand","Visiting Friends or Relatives",27627
2006-12-01,"New Zealand","Visiting Friends or Relatives",45510
2007-01-01,"New Zealand","Visiting Friends or Relatives",22508
2007-02-01,"New Zealand","Visiting Friends or Relatives",19408
2007-03-01,"New Zealand","Visiting Friends or Relatives",26857
2007-04-01,"New Zealand","Visiting Friends or Relatives",33024
2007-05-01,"New Zealand","Visiting Friends or Relatives",30214
2007-06-01,"New Zealand","Visiting Friends or Relatives",34155
2007-07-01,"New Zealand","Visiting Friends or Relatives",31164
2007-08-01,"New Zealand","Visiting Friends or Relatives",30785
2007-09-01,"New Zealand","Visiting Friends or Relatives",36041
2007-10-01,"New Zealand","Visiting Friends or Relatives",32940
2007-11-01,"New Zealand","Visiting Friends or Relatives",31918
2007-12-01,"New Zealand","Visiting Friends or Relatives",45864
2008-01-01,"New Zealand","Visiting Friends or Relatives",21483
2008-02-01,"New Zealand","Visiting Friends or Relatives",21743
2008-03-01,"New Zealand","Visiting Friends or Relatives",29544
2008-04-01,"New Zealand","Visiting Friends or Relatives",31710
2008-05-01,"New Zealand","Visiting Friends or Relatives",33494
2008-06-01,"New Zealand","Visiting Friends or Relatives",31069
2008-07-01,"New Zealand","Visiting Friends or Relatives",32740
2008-08-01,"New Zealand","Visiting Friends or Relatives",30243
2008-09-01,"New Zealand","Visiting Friends or Relatives",36009
2008-10-01,"New Zealand","Visiting Friends or Relatives",35835
2008-11-01,"New Zealand","Visiting Friends or Relatives",30315
2008-12-01,"New Zealand","Visiting Friends or Relatives",50043
2009-01-01,"New Zealand","Visiting Friends or Relatives",27618
2009-02-01,"New Zealand","Visiting Friends or Relatives",24519
2009-03-01,"New Zealand","Visiting Friends or Relatives",30140
2009-04-01,"New Zealand","Visiting Friends or Relatives",40082
2009-05-01,"New Zealand","Visiting Friends or Relatives",35679
2009-06-01,"New Zealand","Visiting Friends or Relatives",31986
2009-07-01,"New Zealand","Visiting Friends or Relatives",36529
2009-08-01,"New Zealand","Visiting Friends or Relatives",32255
2009-09-01,"New Zealand","Visiting Friends or Relatives",39362
2009-10-01,"New Zealand","Visiting Friends or Relatives",37553
2009-11-01,"New Zealand","Visiting Friends or Relatives",33627
2009-12-01,"New Zealand","Visiting Friends or Relatives",50360
2010-01-01,"New Zealand","Visiting Friends or Relatives",25783
2010-02-01,"New Zealand","Visiting Friends or Relatives",22666
2010-03-01,"New Zealand","Visiting Friends or Relatives",31520
2010-04-01,"New Zealand","Visiting Friends or Relatives",37325
2010-05-01,"New Zealand","Visiting Friends or Relatives",29490
2010-06-01,"New Zealand","Visiting Friends or Relatives",36159
2010-07-01,"New Zealand","Visiting Friends or Relatives",37523
2010-08-01,"New Zealand","Visiting Friends or Relatives",34243
2010-09-01,"New Zealand","Visiting Friends or Relatives",40432
2010-10-01,"New Zealand","Visiting Friends or Relatives",39474
2010-11-01,"New Zealand","Visiting Friends or Relatives",34629
2010-12-01,"New Zealand","Visiting Friends or Relatives",56419
2011-01-01,"New Zealand","Visiting Friends or Relatives",26001
2011-02-01,"New Zealand","Visiting Friends or Relatives",23904
2011-03-01,"New Zealand","Visiting Friends or Relatives",36489
2011-04-01,"New Zealand","Visiting Friends or Relatives",42210
2011-05-01,"New Zealand","Visiting Friends or Relatives",34328
2011-06-01,"New Zealand","Visiting Friends or Relatives",35104
2011-07-01,"New Zealand","Visiting Friends or Relatives",39953
2011-08-01,"New Zealand","Visiting Friends or Relatives",35706
2011-09-01,"New Zealand","Visiting Friends or Relatives",34560
2011-10-01,"New Zealand","Visiting Friends or Relatives",39808
2011-11-01,"New Zealand","Visiting Friends or Relatives",36539
2011-12-01,"New Zealand","Visiting Friends or Relatives",57204
2012-01-01,"New Zealand","Visiting Friends or Relatives",26571
2012-02-01,"New Zealand","Visiting Friends or Relatives",28778
2012-03-01,"New Zealand","Visiting Friends or Relatives",35475
2012-04-01,"New Zealand","Visiting Friends or Relatives",40961
2012-05-01,"New Zealand","Visiting Friends or Relatives",34963
2012-06-01,"New Zealand","Visiting Friends or Relatives",39674
2012-07-01,"New Zealand","Visiting Friends or Relatives",38435
2012-08-01,"New Zealand","Visiting Friends or Relatives",37771
2012-09-01,"New Zealand","Visiting Friends or Relatives",40683
2012-10-01,"New Zealand","Visiting Friends or Relatives",42246
2012-11-01,"New Zealand","Visiting Friends or Relatives",37166
2012-12-01,"New Zealand","Visiting Friends or Relatives",56386
2013-01-01,"New Zealand","Visiting Friends or Relatives",28537
2013-02-01,"New Zealand","Visiting Friends or Relatives",25709
2013-03-01,"New Zealand","Visiting Friends or Relatives",40919
2013-04-01,"New Zealand","Visiting Friends or Relatives",37873
2013-05-01,"New Zealand","Visiting Friends or Relatives",36859
2013-06-01,"New Zealand","Visiting Friends or Relatives",36110
2013-07-01,"New Zealand","Visiting Friends or Relatives",42198
2013-08-01,"New Zealand","Visiting Friends or Relatives",40734
2013-09-01,"New Zealand","Visiting Friends or Relatives",44043
2013-10-01,"New Zealand","Visiting Friends or Relatives",48052
2013-11-01,"New Zealand","Visiting Friends or Relatives",39470
2013-12-01,"New Zealand","Visiting Friends or Relatives",62350
2014-01-01,"New Zealand","Visiting Friends or Relatives",31352
2014-02-01,"New Zealand","Visiting Friends or Relatives",30150
2014-03-01,"New Zealand","Visiting Friends or Relatives",37727
2014-04-01,"New Zealand","Visiting Friends or Relatives",47743
2014-05-01,"New Zealand","Visiting Friends or Relatives",41637
2014-06-01,"New Zealand","Visiting Friends or Relatives",37554
2014-07-01,"New Zealand","Visiting Friends or Relatives",41725
2014-08-01,"New Zealand","Visiting Friends or Relatives",40602
2014-09-01,"New Zealand","Visiting Friends or Relatives",46099
2014-10-01,"New Zealand","Visiting Friends or Relatives",47964
2014-11-01,"New Zealand","Visiting Friends or Relatives",42349
2014-12-01,"New Zealand","Visiting Friends or Relatives",62608
2015-01-01,"New Zealand","Visiting Friends or Relatives",33807
2015-02-01,"New Zealand","Visiting Friends or Relatives",29657
2015-03-01,"New Zealand","Visiting Friends or Relatives",42267
2015-04-01,"New Zealand","Visiting Friends or Relatives",49711
2015-05-01,"New Zealand","Visiting Friends or Relatives",40888
2015-06-01,"New Zealand","Visiting Friends or Relatives",39951
2015-07-01,"New Zealand","Visiting Friends or Relatives",47804
2015-08-01,"New Zealand","Visiting Friends or Relatives",43882
2015-09-01,"New Zealand","Visiting Friends or Relatives",51519
2015-10-01,"New Zealand","Visiting Friends or Relatives",47347
2015-11-01,"New Zealand","Visiting Friends or Relatives",38783
2015-12-01,"New Zealand","Visiting Friends or Relatives",62694
2016-01-01,"New Zealand","Visiting Friends or Relatives",31817
2016-02-01,"New Zealand","Visiting Friends or Relatives",28730
2016-03-01,"New Zealand","Visiting Friends or Relatives",44619
2016-04-01,"New Zealand","Visiting Friends or Relatives",43491
2016-05-01,"New Zealand","Visiting Friends or Relatives",36854
2016-06-01,"New Zealand","Visiting Friends or Relatives",42688
2016-07-01,"New Zealand","Visiting Friends or Relatives",45411
2016-08-01,"New Zealand","Visiting Friends or Relatives",39902
2016-09-01,"New Zealand","Visiting Friends or Relatives",52139
2016-10-01,"New Zealand","Visiting Friends or Relatives",44531
2016-11-01,"New Zealand","Visiting Friends or Relatives",42778
2016-12-01,"New Zealand","Visiting Friends or Relatives",67157
2017-01-01,"New Zealand","Visiting Friends or Relatives",30102
2017-02-01,"New Zealand","Visiting Friends or Relatives",29461
2017-03-01,"New Zealand","Visiting Friends or Relatives",40623
2017-04-01,"New Zealand","Visiting Friends or Relatives",47150
2017-05-01,"New Zealand","Visiting Friends or Relatives",40412
2017-06-01,"New Zealand","Visiting Friends or Relatives",44552
2017-07-01,"New Zealand","Visiting Friends or Relatives",47584
2017-08-01,"New Zealand","Visiting Friends or Relatives",44060
2017-09-01,"New Zealand","Visiting Friends or Relatives",51257
2017-10-01,"New Zealand","Visiting Friends or Relatives",46937
2017-11-01,"New Zealand","Visiting Friends or Relatives",43535
2017-12-01,"New Zealand","Visiting Friends or Relatives",66161
2018-01-01,"New Zealand","Visiting Friends or Relatives",32564
2018-02-01,"New Zealand","Visiting Friends or Relatives",30508
2018-03-01,"New Zealand","Visiting Friends or Relatives",46389
2018-04-01,"New Zealand","Visiting Friends or Relatives",42997
2018-05-01,"New Zealand","Visiting Friends or Relatives",42542
2018-06-01,"New Zealand","Visiting Friends or Relatives",47565
2018-07-01,"New Zealand","Visiting Friends or Relatives",47177
2018-08-01,"New Zealand","Visiting Friends or Relatives",44892
2018-09-01,"New Zealand","Visiting Friends or Relatives",45537
2018-10-01,"New Zealand","Visiting Friends or Relatives",49091
2018-11-01,"New Zealand","Visiting Friends or Relatives",42969
2018-12-01,"New Zealand","Visiting Friends or Relatives",64827
2019-01-01,"New Zealand","Visiting Friends or Relatives",32226
2019-02-01,"New Zealand","Visiting Friends or Relatives",32887
2019-03-01,"New Zealand","Visiting Friends or Relatives",37824
2019-04-01,"New Zealand","Visiting Friends or Relatives",45943
2019-05-01,"New Zealand","Visiting Friends or Relatives",45002
2019-06-01,"New Zealand","Visiting Friends or Relatives",41622
2019-07-01,"New Zealand","Visiting Friends or Relatives",47388
2019-08-01,"New Zealand","Visiting Friends or Relatives",43419
2019-09-01,"New Zealand","Visiting Friends or Relatives",46631
2019-10-01,"New Zealand","Visiting Friends or Relatives",47426
2019-11-01,"New Zealand","Visiting Friends or Relatives",45329
2019-12-01,"New Zealand","Visiting Friends or Relatives",68197
2020-01-01,"New Zealand","Visiting Friends or Relatives",34613
2020-02-01,"New Zealand","Visiting Friends or Relatives",31660
2005-01-01,"Other Asia","Business",1045
2005-02-01,"Other Asia","Business",1448
2005-03-01,"Other Asia","Business",1707
2005-04-01,"Other Asia","Business",1681
2005-05-01,"Other Asia","Business",1726
2005-06-01,"Other Asia","Business",1618
2005-07-01,"Other Asia","Business",1556
2005-08-01,"Other Asia","Business",2154
2005-09-01,"Other Asia","Business",1700
2005-10-01,"Other Asia","Business",1996
2005-11-01,"Other Asia","Business",1997
2005-12-01,"Other Asia","Business",1073
2006-01-01,"Other Asia","Business",1038
2006-02-01,"Other Asia","Business",1703
2006-03-01,"Other Asia","Business",1808
2006-04-01,"Other Asia","Business",1672
2006-05-01,"Other Asia","Business",1791
2006-06-01,"Other Asia","Business",1648
2006-07-01,"Other Asia","Business",2193
2006-08-01,"Other Asia","Business",1775
2006-09-01,"Other Asia","Business",1841
2006-10-01,"Other Asia","Business",2385
2006-11-01,"Other Asia","Business",2241
2006-12-01,"Other Asia","Business",1366
2007-01-01,"Other Asia","Business",1755
2007-02-01,"Other Asia","Business",1571
2007-03-01,"Other Asia","Business",2353
2007-04-01,"Other Asia","Business",2304
2007-05-01,"Other Asia","Business",2227
2007-06-01,"Other Asia","Business",1855
2007-07-01,"Other Asia","Business",2410
2007-08-01,"Other Asia","Business",2188
2007-09-01,"Other Asia","Business",2691
2007-10-01,"Other Asia","Business",2466
2007-11-01,"Other Asia","Business",2754
2007-12-01,"Other Asia","Business",1077
2008-01-01,"Other Asia","Business",1502
2008-02-01,"Other Asia","Business",2181
2008-03-01,"Other Asia","Business",2234
2008-04-01,"Other Asia","Business",1799
2008-05-01,"Other Asia","Business",2258
2008-06-01,"Other Asia","Business",2186
2008-07-01,"Other Asia","Business",3176
2008-08-01,"Other Asia","Business",2448
2008-09-01,"Other Asia","Business",2184
2008-10-01,"Other Asia","Business",2963
2008-11-01,"Other Asia","Business",2300
2008-12-01,"Other Asia","Business",1179
2009-01-01,"Other Asia","Business",1173
2009-02-01,"Other Asia","Business",1976
2009-03-01,"Other Asia","Business",2187
2009-04-01,"Other Asia","Business",1682
2009-05-01,"Other Asia","Business",2071
2009-06-01,"Other Asia","Business",1678
2009-07-01,"Other Asia","Business",1811
2009-08-01,"Other Asia","Business",2162
2009-09-01,"Other Asia","Business",2054
2009-10-01,"Other Asia","Business",2484
2009-11-01,"Other Asia","Business",2746
2009-12-01,"Other Asia","Business",1639
2010-01-01,"Other Asia","Business",2054
2010-02-01,"Other Asia","Business",2153
2010-03-01,"Other Asia","Business",2526
2010-04-01,"Other Asia","Business",2412
2010-05-01,"Other Asia","Business",2376
2010-06-01,"Other Asia","Business",2975
2010-07-01,"Other Asia","Business",2509
2010-08-01,"Other Asia","Business",2904
2010-09-01,"Other Asia","Business",2707
2010-10-01,"Other Asia","Business",2656
2010-11-01,"Other Asia","Business",2561
2010-12-01,"Other Asia","Business",1588
2011-01-01,"Other Asia","Business",1764
2011-02-01,"Other Asia","Business",2422
2011-03-01,"Other Asia","Business",3018
2011-04-01,"Other Asia","Business",1880
2011-05-01,"Other Asia","Business",3046
2011-06-01,"Other Asia","Business",2197
2011-07-01,"Other Asia","Business",2428
2011-08-01,"Other Asia","Business",2668
2011-09-01,"Other Asia","Business",2544
2011-10-01,"Other Asia","Business",3263
2011-11-01,"Other Asia","Business",3645
2011-12-01,"Other Asia","Business",1485
2012-01-01,"Other Asia","Business",1555
2012-02-01,"Other Asia","Business",2364
2012-03-01,"Other Asia","Business",2397
2012-04-01,"Other Asia","Business",2358
2012-05-01,"Other Asia","Business",3066
2012-06-01,"Other Asia","Business",2274
2012-07-01,"Other Asia","Business",2733
2012-08-01,"Other Asia","Business",2890
2012-09-01,"Other Asia","Business",3382
2012-10-01,"Other Asia","Business",3730
2012-11-01,"Other Asia","Business",3299
2012-12-01,"Other Asia","Business",1517
2013-01-01,"Other Asia","Business",1744
2013-02-01,"Other Asia","Business",2186
2013-03-01,"Other Asia","Business",2407
2013-04-01,"Other Asia","Business",2856
2013-05-01,"Other Asia","Business",3008
2013-06-01,"Other Asia","Business",2613
2013-07-01,"Other Asia","Business",2238
2013-08-01,"Other Asia","Business",2524
2013-09-01,"Other Asia","Business",2543
2013-10-01,"Other Asia","Business",2939
2013-11-01,"Other Asia","Business",2900
2013-12-01,"Other Asia","Business",2321
2014-01-01,"Other Asia","Business",1463
2014-02-01,"Other Asia","Business",2105
2014-03-01,"Other Asia","Business",2918
2014-04-01,"Other Asia","Business",2409
2014-05-01,"Other Asia","Business",4274
2014-06-01,"Other Asia","Business",2710
2014-07-01,"Other Asia","Business",2473
2014-08-01,"Other Asia","Business",2483
2014-09-01,"Other Asia","Business",2686
2014-10-01,"Other Asia","Business",3239
2014-11-01,"Other Asia","Business",3222
2014-12-01,"Other Asia","Business",1602
2015-01-01,"Other Asia","Business",1913
2015-02-01,"Other Asia","Business",1967
2015-03-01,"Other Asia","Business",3005
2015-04-01,"Other Asia","Business",3280
2015-05-01,"Other Asia","Business",2832
2015-06-01,"Other Asia","Business",2131
2015-07-01,"Other Asia","Business",2420
2015-08-01,"Other Asia","Business",2501
2015-09-01,"Other Asia","Business",2939
2015-10-01,"Other Asia","Business",3639
2015-11-01,"Other Asia","Business",3734
2015-12-01,"Other Asia","Business",1343
2016-01-01,"Other Asia","Business",1570
2016-02-01,"Other Asia","Business",2822
2016-03-01,"Other Asia","Business",3275
2016-04-01,"Other Asia","Business",2838
2016-05-01,"Other Asia","Business",2707
2016-06-01,"Other Asia","Business",2119
2016-07-01,"Other Asia","Business",2923
2016-08-01,"Other Asia","Business",2673
2016-09-01,"Other Asia","Business",3410
2016-10-01,"Other Asia","Business",3808
2016-11-01,"Other Asia","Business",3314
2016-12-01,"Other Asia","Business",1780
2017-01-01,"Other Asia","Business",2051
2017-02-01,"Other Asia","Business",3768
2017-03-01,"Other Asia","Business",3190
2017-04-01,"Other Asia","Business",3277
2017-05-01,"Other Asia","Business",3424
2017-06-01,"Other Asia","Business",2642
2017-07-01,"Other Asia","Business",3371
2017-08-01,"Other Asia","Business",4024
2017-09-01,"Other Asia","Business",4280
2017-10-01,"Other Asia","Business",4960
2017-11-01,"Other Asia","Business",4955
2017-12-01,"Other Asia","Business",2847
2018-01-01,"Other Asia","Business",2413
2018-02-01,"Other Asia","Business",3391
2018-03-01,"Other Asia","Business",4517
2018-04-01,"Other Asia","Business",4296
2018-05-01,"Other Asia","Business",4019
2018-06-01,"Other Asia","Business",3160
2018-07-01,"Other Asia","Business",4085
2018-08-01,"Other Asia","Business",3980
2018-09-01,"Other Asia","Business",3959
2018-10-01,"Other Asia","Business",4330
2018-11-01,"Other Asia","Business",4265
2018-12-01,"Other Asia","Business",2752
2019-01-01,"Other Asia","Business",2673
2019-02-01,"Other Asia","Business",3205
2019-03-01,"Other Asia","Business",4241
2019-04-01,"Other Asia","Business",3827
2019-05-01,"Other Asia","Business",4087
2019-06-01,"Other Asia","Business",3588
2019-07-01,"Other Asia","Business",3964
2019-08-01,"Other Asia","Business",5322
2019-09-01,"Other Asia","Business",4771
2019-10-01,"Other Asia","Business",5013
2019-11-01,"Other Asia","Business",5287
2019-12-01,"Other Asia","Business",3012
2020-01-01,"Other Asia","Business",2090
2020-02-01,"Other Asia","Business",3185
2005-01-01,"Other Asia","Education",2069
2005-02-01,"Other Asia","Education",3146
2005-03-01,"Other Asia","Education",1038
2005-04-01,"Other Asia","Education",801
2005-05-01,"Other Asia","Education",379
2005-06-01,"Other Asia","Education",717
2005-07-01,"Other Asia","Education",3373
2005-08-01,"Other Asia","Education",855
2005-09-01,"Other Asia","Education",791
2005-10-01,"Other Asia","Education",934
2005-11-01,"Other Asia","Education",619
2005-12-01,"Other Asia","Education",584
2006-01-01,"Other Asia","Education",2235
2006-02-01,"Other Asia","Education",3372
2006-03-01,"Other Asia","Education",1199
2006-04-01,"Other Asia","Education",786
2006-05-01,"Other Asia","Education",548
2006-06-01,"Other Asia","Education",985
2006-07-01,"Other Asia","Education",3520
2006-08-01,"Other Asia","Education",857
2006-09-01,"Other Asia","Education",785
2006-10-01,"Other Asia","Education",991
2006-11-01,"Other Asia","Education",694
2006-12-01,"Other Asia","Education",573
2007-01-01,"Other Asia","Education",2473
2007-02-01,"Other Asia","Education",3238
2007-03-01,"Other Asia","Education",1321
2007-04-01,"Other Asia","Education",1104
2007-05-01,"Other Asia","Education",1071
2007-06-01,"Other Asia","Education",961
2007-07-01,"Other Asia","Education",3963
2007-08-01,"Other Asia","Education",1119
2007-09-01,"Other Asia","Education",855
2007-10-01,"Other Asia","Education",1170
2007-11-01,"Other Asia","Education",750
2007-12-01,"Other Asia","Education",598
2008-01-01,"Other Asia","Education",2683
2008-02-01,"Other Asia","Education",3791
2008-03-01,"Other Asia","Education",1419
2008-04-01,"Other Asia","Education",1092
2008-05-01,"Other Asia","Education",974
2008-06-01,"Other Asia","Education",1189
2008-07-01,"Other Asia","Education",3471
2008-08-01,"Other Asia","Education",1378
2008-09-01,"Other Asia","Education",740
2008-10-01,"Other Asia","Education",1157
2008-11-01,"Other Asia","Education",739
2008-12-01,"Other Asia","Education",716
2009-01-01,"Other Asia","Education",2734
2009-02-01,"Other Asia","Education",4601
2009-03-01,"Other Asia","Education",1736
2009-04-01,"Other Asia","Education",1517
2009-05-01,"Other Asia","Education",952
2009-06-01,"Other Asia","Education",1413
2009-07-01,"Other Asia","Education",4151
2009-08-01,"Other Asia","Education",1436
2009-09-01,"Other Asia","Education",977
2009-10-01,"Other Asia","Education",1602
2009-11-01,"Other Asia","Education",1060
2009-12-01,"Other Asia","Education",925
2010-01-01,"Other Asia","Education",3289
2010-02-01,"Other Asia","Education",4694
2010-03-01,"Other Asia","Education",2273
2010-04-01,"Other Asia","Education",1436
2010-05-01,"Other Asia","Education",1254
2010-06-01,"Other Asia","Education",1342
2010-07-01,"Other Asia","Education",4538
2010-08-01,"Other Asia","Education",1731
2010-09-01,"Other Asia","Education",1079
2010-10-01,"Other Asia","Education",1588
2010-11-01,"Other Asia","Education",1132
2010-12-01,"Other Asia","Education",1037
2011-01-01,"Other Asia","Education",2982
2011-02-01,"Other Asia","Education",5898
2011-03-01,"Other Asia","Education",2278
2011-04-01,"Other Asia","Education",1375
2011-05-01,"Other Asia","Education",1141
2011-06-01,"Other Asia","Education",1236
2011-07-01,"Other Asia","Education",4273
2011-08-01,"Other Asia","Education",1370
2011-09-01,"Other Asia","Education",1185
2011-10-01,"Other Asia","Education",1594
2011-11-01,"Other Asia","Education",1327
2011-12-01,"Other Asia","Education",1059
2012-01-01,"Other Asia","Education",2940
2012-02-01,"Other Asia","Education",6080
2012-03-01,"Other Asia","Education",1937
2012-04-01,"Other Asia","Education",1491
2012-05-01,"Other Asia","Education",1136
2012-06-01,"Other Asia","Education",1523
2012-07-01,"Other Asia","Education",4591
2012-08-01,"Other Asia","Education",1670
2012-09-01,"Other Asia","Education",1449
2012-10-01,"Other Asia","Education",1409
2012-11-01,"Other Asia","Education",1219
2012-12-01,"Other Asia","Education",1215
2013-01-01,"Other Asia","Education",2890
2013-02-01,"Other Asia","Education",5171
2013-03-01,"Other Asia","Education",2511
2013-04-01,"Other Asia","Education",1669
2013-05-01,"Other Asia","Education",1241
2013-06-01,"Other Asia","Education",1593
2013-07-01,"Other Asia","Education",4425
2013-08-01,"Other Asia","Education",1832
2013-09-01,"Other Asia","Education",1336
2013-10-01,"Other Asia","Education",1510
2013-11-01,"Other Asia","Education",1347
2013-12-01,"Other Asia","Education",1045
2014-01-01,"Other Asia","Education",2827
2014-02-01,"Other Asia","Education",5561
2014-03-01,"Other Asia","Education",2736
2014-04-01,"Other Asia","Education",1464
2014-05-01,"Other Asia","Education",1417
2014-06-01,"Other Asia","Education",1506
2014-07-01,"Other Asia","Education",4049
2014-08-01,"Other Asia","Education",2199
2014-09-01,"Other Asia","Education",1254
2014-10-01,"Other Asia","Education",1784
2014-11-01,"Other Asia","Education",1734
2014-12-01,"Other Asia","Education",1425
2015-01-01,"Other Asia","Education",3643
2015-02-01,"Other Asia","Education",4713
2015-03-01,"Other Asia","Education",3473
2015-04-01,"Other Asia","Education",2087
2015-05-01,"Other Asia","Education",1905
2015-06-01,"Other Asia","Education",2405
2015-07-01,"Other Asia","Education",5341
2015-08-01,"Other Asia","Education",2773
2015-09-01,"Other Asia","Education",1364
2015-10-01,"Other Asia","Education",2196
2015-11-01,"Other Asia","Education",2571
2015-12-01,"Other Asia","Education",2003
2016-01-01,"Other Asia","Education",3826
2016-02-01,"Other Asia","Education",6382
2016-03-01,"Other Asia","Education",3183
2016-04-01,"Other Asia","Education",1986
2016-05-01,"Other Asia","Education",1816
2016-06-01,"Other Asia","Education",2130
2016-07-01,"Other Asia","Education",6559
2016-08-01,"Other Asia","Education",2417
2016-09-01,"Other Asia","Education",1886
2016-10-01,"Other Asia","Education",3277
2016-11-01,"Other Asia","Education",2206
2016-12-01,"Other Asia","Education",2161
2017-01-01,"Other Asia","Education",4709
2017-02-01,"Other Asia","Education",8396
2017-03-01,"Other Asia","Education",3606
2017-04-01,"Other Asia","Education",2849
2017-05-01,"Other Asia","Education",2273
2017-06-01,"Other Asia","Education",2496
2017-07-01,"Other Asia","Education",7255
2017-08-01,"Other Asia","Education",2724
2017-09-01,"Other Asia","Education",2323
2017-10-01,"Other Asia","Education",2708
2017-11-01,"Other Asia","Education",2103
2017-12-01,"Other Asia","Education",2144
2018-01-01,"Other Asia","Education",5775
2018-02-01,"Other Asia","Education",8036
2018-03-01,"Other Asia","Education",4150
2018-04-01,"Other Asia","Education",3074
2018-05-01,"Other Asia","Education",2365
2018-06-01,"Other Asia","Education",3125
2018-07-01,"Other Asia","Education",7957
2018-08-01,"Other Asia","Education",3107
2018-09-01,"Other Asia","Education",2781
2018-10-01,"Other Asia","Education",2996
2018-11-01,"Other Asia","Education",2717
2018-12-01,"Other Asia","Education",2543
2019-01-01,"Other Asia","Education",6138
2019-02-01,"Other Asia","Education",8639
2019-03-01,"Other Asia","Education",4635
2019-04-01,"Other Asia","Education",2617
2019-05-01,"Other Asia","Education",2778
2019-06-01,"Other Asia","Education",4156
2019-07-01,"Other Asia","Education",8527
2019-08-01,"Other Asia","Education",3980
2019-09-01,"Other Asia","Education",2862
2019-10-01,"Other Asia","Education",3296
2019-11-01,"Other Asia","Education",3293
2019-12-01,"Other Asia","Education",2624
2020-01-01,"Other Asia","Education",6930
2020-02-01,"Other Asia","Education",11190
2005-01-01,"Other Asia","Employment",291
2005-02-01,"Other Asia","Employment",271
2005-03-01,"Other Asia","Employment",563
2005-04-01,"Other Asia","Employment",212
2005-05-01,"Other Asia","Employment",249
2005-06-01,"Other Asia","Employment",285
2005-07-01,"Other Asia","Employment",316
2005-08-01,"Other Asia","Employment",350
2005-09-01,"Other Asia","Employment",389
2005-10-01,"Other Asia","Employment",595
2005-11-01,"Other Asia","Employment",416
2005-12-01,"Other Asia","Employment",416
2006-01-01,"Other Asia","Employment",544
2006-02-01,"Other Asia","Employment",350
2006-03-01,"Other Asia","Employment",449
2006-04-01,"Other Asia","Employment",564
2006-05-01,"Other Asia","Employment",587
2006-06-01,"Other Asia","Employment",432
2006-07-01,"Other Asia","Employment",552
2006-08-01,"Other Asia","Employment",666
2006-09-01,"Other Asia","Employment",534
2006-10-01,"Other Asia","Employment",461
2006-11-01,"Other Asia","Employment",429
2006-12-01,"Other Asia","Employment",673
2007-01-01,"Other Asia","Employment",730
2007-02-01,"Other Asia","Employment",813
2007-03-01,"Other Asia","Employment",545
2007-04-01,"Other Asia","Employment",808
2007-05-01,"Other Asia","Employment",704
2007-06-01,"Other Asia","Employment",535
2007-07-01,"Other Asia","Employment",584
2007-08-01,"Other Asia","Employment",561
2007-09-01,"Other Asia","Employment",739
2007-10-01,"Other Asia","Employment",595
2007-11-01,"Other Asia","Employment",562
2007-12-01,"Other Asia","Employment",634
2008-01-01,"Other Asia","Employment",967
2008-02-01,"Other Asia","Employment",692
2008-03-01,"Other Asia","Employment",646
2008-04-01,"Other Asia","Employment",757
2008-05-01,"Other Asia","Employment",638
2008-06-01,"Other Asia","Employment",817
2008-07-01,"Other Asia","Employment",759
2008-08-01,"Other Asia","Employment",783
2008-09-01,"Other Asia","Employment",808
2008-10-01,"Other Asia","Employment",784
2008-11-01,"Other Asia","Employment",594
2008-12-01,"Other Asia","Employment",636
2009-01-01,"Other Asia","Employment",1290
2009-02-01,"Other Asia","Employment",904
2009-03-01,"Other Asia","Employment",828
2009-04-01,"Other Asia","Employment",1117
2009-05-01,"Other Asia","Employment",872
2009-06-01,"Other Asia","Employment",610
2009-07-01,"Other Asia","Employment",857
2009-08-01,"Other Asia","Employment",724
2009-09-01,"Other Asia","Employment",809
2009-10-01,"Other Asia","Employment",850
2009-11-01,"Other Asia","Employment",890
2009-12-01,"Other Asia","Employment",822
2010-01-01,"Other Asia","Employment",1266
2010-02-01,"Other Asia","Employment",1076
2010-03-01,"Other Asia","Employment",1129
2010-04-01,"Other Asia","Employment",928
2010-05-01,"Other Asia","Employment",837
2010-06-01,"Other Asia","Employment",851
2010-07-01,"Other Asia","Employment",1001
2010-08-01,"Other Asia","Employment",697
2010-09-01,"Other Asia","Employment",973
2010-10-01,"Other Asia","Employment",959
2010-11-01,"Other Asia","Employment",956
2010-12-01,"Other Asia","Employment",947
2011-01-01,"Other Asia","Employment",1335
2011-02-01,"Other Asia","Employment",905
2011-03-01,"Other Asia","Employment",1096
2011-04-01,"Other Asia","Employment",1097
2011-05-01,"Other Asia","Employment",1222
2011-06-01,"Other Asia","Employment",748
2011-07-01,"Other Asia","Employment",1024
2011-08-01,"Other Asia","Employment",1042
2011-09-01,"Other Asia","Employment",1023
2011-10-01,"Other Asia","Employment",1117
2011-11-01,"Other Asia","Employment",1248
2011-12-01,"Other Asia","Employment",1044
2012-01-01,"Other Asia","Employment",1817
2012-02-01,"Other Asia","Employment",1041
2012-03-01,"Other Asia","Employment",1324
2012-04-01,"Other Asia","Employment",1290
2012-05-01,"Other Asia","Employment",1353
2012-06-01,"Other Asia","Employment",1261
2012-07-01,"Other Asia","Employment",1545
2012-08-01,"Other Asia","Employment",1562
2012-09-01,"Other Asia","Employment",1425
2012-10-01,"Other Asia","Employment",1343
2012-11-01,"Other Asia","Employment",1191
2012-12-01,"Other Asia","Employment",1094
2013-01-01,"Other Asia","Employment",1742
2013-02-01,"Other Asia","Employment",1442
2013-03-01,"Other Asia","Employment",1672
2013-04-01,"Other Asia","Employment",1420
2013-05-01,"Other Asia","Employment",1122
2013-06-01,"Other Asia","Employment",1316
2013-07-01,"Other Asia","Employment",1117
2013-08-01,"Other Asia","Employment",1060
2013-09-01,"Other Asia","Employment",1333
2013-10-01,"Other Asia","Employment",1361
2013-11-01,"Other Asia","Employment",1233
2013-12-01,"Other Asia","Employment",1183
2014-01-01,"Other Asia","Employment",1789
2014-02-01,"Other Asia","Employment",1632
2014-03-01,"Other Asia","Employment",1556
2014-04-01,"Other Asia","Employment",1294
2014-05-01,"Other Asia","Employment",1092
2014-06-01,"Other Asia","Employment",1351
2014-07-01,"Other Asia","Employment",1202
2014-08-01,"Other Asia","Employment",1240
2014-09-01,"Other Asia","Employment",1371
2014-10-01,"Other Asia","Employment",1918
2014-11-01,"Other Asia","Employment",1602
2014-12-01,"Other Asia","Employment",1539
2015-01-01,"Other Asia","Employment",2113
2015-02-01,"Other Asia","Employment",1779
2015-03-01,"Other Asia","Employment",1963
2015-04-01,"Other Asia","Employment",2084
2015-05-01,"Other Asia","Employment",1940
2015-06-01,"Other Asia","Employment",1682
2015-07-01,"Other Asia","Employment",1870
2015-08-01,"Other Asia","Employment",1751
2015-09-01,"Other Asia","Employment",1532
2015-10-01,"Other Asia","Employment",1539
2015-11-01,"Other Asia","Employment",1849
2015-12-01,"Other Asia","Employment",1854
2016-01-01,"Other Asia","Employment",2004
2016-02-01,"Other Asia","Employment",1740
2016-03-01,"Other Asia","Employment",1951
2016-04-01,"Other Asia","Employment",1555
2016-05-01,"Other Asia","Employment",1615
2016-06-01,"Other Asia","Employment",1423
2016-07-01,"Other Asia","Employment",1586
2016-08-01,"Other Asia","Employment",1476
2016-09-01,"Other Asia","Employment",1848
2016-10-01,"Other Asia","Employment",2480
2016-11-01,"Other Asia","Employment",1671
2016-12-01,"Other Asia","Employment",1919
2017-01-01,"Other Asia","Employment",2475
2017-02-01,"Other Asia","Employment",2562
2017-03-01,"Other Asia","Employment",1967
2017-04-01,"Other Asia","Employment",2100
2017-05-01,"Other Asia","Employment",1656
2017-06-01,"Other Asia","Employment",1944
2017-07-01,"Other Asia","Employment",1546
2017-08-01,"Other Asia","Employment",1643
2017-09-01,"Other Asia","Employment",1865
2017-10-01,"Other Asia","Employment",1746
2017-11-01,"Other Asia","Employment",1955
2017-12-01,"Other Asia","Employment",1476
2018-01-01,"Other Asia","Employment",2813
2018-02-01,"Other Asia","Employment",2226
2018-03-01,"Other Asia","Employment",2309
2018-04-01,"Other Asia","Employment",2029
2018-05-01,"Other Asia","Employment",1802
2018-06-01,"Other Asia","Employment",1699
2018-07-01,"Other Asia","Employment",1483
2018-08-01,"Other Asia","Employment",1540
2018-09-01,"Other Asia","Employment",1852
2018-10-01,"Other Asia","Employment",1875
2018-11-01,"Other Asia","Employment",2313
2018-12-01,"Other Asia","Employment",1758
2019-01-01,"Other Asia","Employment",3015
2019-02-01,"Other Asia","Employment",2601
2019-03-01,"Other Asia","Employment",2036
2019-04-01,"Other Asia","Employment",1900
2019-05-01,"Other Asia","Employment",1929
2019-06-01,"Other Asia","Employment",1755
2019-07-01,"Other Asia","Employment",1532
2019-08-01,"Other Asia","Employment",1797
2019-09-01,"Other Asia","Employment",1878
2019-10-01,"Other Asia","Employment",2169
2019-11-01,"Other Asia","Employment",2534
2019-12-01,"Other Asia","Employment",1707
2020-01-01,"Other Asia","Employment",3468
2020-02-01,"Other Asia","Employment",3324
2005-01-01,"Other Asia","Holiday",5885
2005-02-01,"Other Asia","Holiday",9368
2005-03-01,"Other Asia","Holiday",8191
2005-04-01,"Other Asia","Holiday",8650
2005-05-01,"Other Asia","Holiday",7423
2005-06-01,"Other Asia","Holiday",8124
2005-07-01,"Other Asia","Holiday",9344
2005-08-01,"Other Asia","Holiday",9747
2005-09-01,"Other Asia","Holiday",6788
2005-10-01,"Other Asia","Holiday",6422
2005-11-01,"Other Asia","Holiday",4950
2005-12-01,"Other Asia","Holiday",7522
2006-01-01,"Other Asia","Holiday",8361
2006-02-01,"Other Asia","Holiday",6689
2006-03-01,"Other Asia","Holiday",6740
2006-04-01,"Other Asia","Holiday",7303
2006-05-01,"Other Asia","Holiday",5365
2006-06-01,"Other Asia","Holiday",6101
2006-07-01,"Other Asia","Holiday",7407
2006-08-01,"Other Asia","Holiday",6946
2006-09-01,"Other Asia","Holiday",5266
2006-10-01,"Other Asia","Holiday",6567
2006-11-01,"Other Asia","Holiday",4869
2006-12-01,"Other Asia","Holiday",7295
2007-01-01,"Other Asia","Holiday",4841
2007-02-01,"Other Asia","Holiday",8119
2007-03-01,"Other Asia","Holiday",7168
2007-04-01,"Other Asia","Holiday",7586
2007-05-01,"Other Asia","Holiday",5881
2007-06-01,"Other Asia","Holiday",5431
2007-07-01,"Other Asia","Holiday",6574
2007-08-01,"Other Asia","Holiday",7349
2007-09-01,"Other Asia","Holiday",6870
2007-10-01,"Other Asia","Holiday",7159
2007-11-01,"Other Asia","Holiday",4867
2007-12-01,"Other Asia","Holiday",6705
2008-01-01,"Other Asia","Holiday",4842
2008-02-01,"Other Asia","Holiday",6781
2008-03-01,"Other Asia","Holiday",6330
2008-04-01,"Other Asia","Holiday",5530
2008-05-01,"Other Asia","Holiday",5642
2008-06-01,"Other Asia","Holiday",6478
2008-07-01,"Other Asia","Holiday",5868
2008-08-01,"Other Asia","Holiday",5473
2008-09-01,"Other Asia","Holiday",5148
2008-10-01,"Other Asia","Holiday",6146
2008-11-01,"Other Asia","Holiday",5352
2008-12-01,"Other Asia","Holiday",8741
2009-01-01,"Other Asia","Holiday",8371
2009-02-01,"Other Asia","Holiday",6516
2009-03-01,"Other Asia","Holiday",7836
2009-04-01,"Other Asia","Holiday",11175
2009-05-01,"Other Asia","Holiday",8537
2009-06-01,"Other Asia","Holiday",6549
2009-07-01,"Other Asia","Holiday",6469
2009-08-01,"Other Asia","Holiday",7785
2009-09-01,"Other Asia","Holiday",5356
2009-10-01,"Other Asia","Holiday",7188
2009-11-01,"Other Asia","Holiday",6566
2009-12-01,"Other Asia","Holiday",8698
2010-01-01,"Other Asia","Holiday",6356
2010-02-01,"Other Asia","Holiday",9053
2010-03-01,"Other Asia","Holiday",6996
2010-04-01,"Other Asia","Holiday",7079
2010-05-01,"Other Asia","Holiday",6229
2010-06-01,"Other Asia","Holiday",6084
2010-07-01,"Other Asia","Holiday",8879
2010-08-01,"Other Asia","Holiday",7059
2010-09-01,"Other Asia","Holiday",7094
2010-10-01,"Other Asia","Holiday",6989
2010-11-01,"Other Asia","Holiday",5729
2010-12-01,"Other Asia","Holiday",7483
2011-01-01,"Other Asia","Holiday",5893
2011-02-01,"Other Asia","Holiday",5942
2011-03-01,"Other Asia","Holiday",5320
2011-04-01,"Other Asia","Holiday",6935
2011-05-01,"Other Asia","Holiday",5338
2011-06-01,"Other Asia","Holiday",6740
2011-07-01,"Other Asia","Holiday",7167
2011-08-01,"Other Asia","Holiday",7489
2011-09-01,"Other Asia","Holiday",7360
2011-10-01,"Other Asia","Holiday",7763
2011-11-01,"Other Asia","Holiday",6312
2011-12-01,"Other Asia","Holiday",9001
2012-01-01,"Other Asia","Holiday",7562
2012-02-01,"Other Asia","Holiday",6776
2012-03-01,"Other Asia","Holiday",7107
2012-04-01,"Other Asia","Holiday",8328
2012-05-01,"Other Asia","Holiday",6626
2012-06-01,"Other Asia","Holiday",6879
2012-07-01,"Other Asia","Holiday",8412
2012-08-01,"Other Asia","Holiday",8831
2012-09-01,"Other Asia","Holiday",8092
2012-10-01,"Other Asia","Holiday",9356
2012-11-01,"Other Asia","Holiday",8026
2012-12-01,"Other Asia","Holiday",9843
2013-01-01,"Other Asia","Holiday",6251
2013-02-01,"Other Asia","Holiday",10252
2013-03-01,"Other Asia","Holiday",9049
2013-04-01,"Other Asia","Holiday",7495
2013-05-01,"Other Asia","Holiday",7455
2013-06-01,"Other Asia","Holiday",8129
2013-07-01,"Other Asia","Holiday",8135
2013-08-01,"Other Asia","Holiday",8780
2013-09-01,"Other Asia","Holiday",8568
2013-10-01,"Other Asia","Holiday",9673
2013-11-01,"Other Asia","Holiday",7752
2013-12-01,"Other Asia","Holiday",10591
2014-01-01,"Other Asia","Holiday",8139
2014-02-01,"Other Asia","Holiday",10279
2014-03-01,"Other Asia","Holiday",9775
2014-04-01,"Other Asia","Holiday",10057
2014-05-01,"Other Asia","Holiday",9202
2014-06-01,"Other Asia","Holiday",9270
2014-07-01,"Other Asia","Holiday",10456
2014-08-01,"Other Asia","Holiday",11200
2014-09-01,"Other Asia","Holiday",9697
2014-10-01,"Other Asia","Holiday",8890
2014-11-01,"Other Asia","Holiday",7141
2014-12-01,"Other Asia","Holiday",11153
2015-01-01,"Other Asia","Holiday",7034
2015-02-01,"Other Asia","Holiday",11587
2015-03-01,"Other Asia","Holiday",11537
2015-04-01,"Other Asia","Holiday",10611
2015-05-01,"Other Asia","Holiday",9385
2015-06-01,"Other Asia","Holiday",8922
2015-07-01,"Other Asia","Holiday",10383
2015-08-01,"Other Asia","Holiday",11762
2015-09-01,"Other Asia","Holiday",10928
2015-10-01,"Other Asia","Holiday",12141
2015-11-01,"Other Asia","Holiday",12377
2015-12-01,"Other Asia","Holiday",14810
2016-01-01,"Other Asia","Holiday",10019
2016-02-01,"Other Asia","Holiday",16331
2016-03-01,"Other Asia","Holiday",15735
2016-04-01,"Other Asia","Holiday",14241
2016-05-01,"Other Asia","Holiday",14434
2016-06-01,"Other Asia","Holiday",13757
2016-07-01,"Other Asia","Holiday",15549
2016-08-01,"Other Asia","Holiday",16073
2016-09-01,"Other Asia","Holiday",15391
2016-10-01,"Other Asia","Holiday",15429
2016-11-01,"Other Asia","Holiday",13975
2016-12-01,"Other Asia","Holiday",17803
2017-01-01,"Other Asia","Holiday",14085
2017-02-01,"Other Asia","Holiday",15191
2017-03-01,"Other Asia","Holiday",14764
2017-04-01,"Other Asia","Holiday",18871
2017-05-01,"Other Asia","Holiday",16337
2017-06-01,"Other Asia","Holiday",16995
2017-07-01,"Other Asia","Holiday",18497
2017-08-01,"Other Asia","Holiday",20753
2017-09-01,"Other Asia","Holiday",15445
2017-10-01,"Other Asia","Holiday",18019
2017-11-01,"Other Asia","Holiday",15964
2017-12-01,"Other Asia","Holiday",22777
2018-01-01,"Other Asia","Holiday",13689
2018-02-01,"Other Asia","Holiday",23104
2018-03-01,"Other Asia","Holiday",20922
2018-04-01,"Other Asia","Holiday",20072
2018-05-01,"Other Asia","Holiday",18391
2018-06-01,"Other Asia","Holiday",20801
2018-07-01,"Other Asia","Holiday",21629
2018-08-01,"Other Asia","Holiday",23834
2018-09-01,"Other Asia","Holiday",18789
2018-10-01,"Other Asia","Holiday",20764
2018-11-01,"Other Asia","Holiday",17952
2018-12-01,"Other Asia","Holiday",24425
2019-01-01,"Other Asia","Holiday",16051
2019-02-01,"Other Asia","Holiday",25282
2019-03-01,"Other Asia","Holiday",18042
2019-04-01,"Other Asia","Holiday",19862
2019-05-01,"Other Asia","Holiday",20797
2019-06-01,"Other Asia","Holiday",22335
2019-07-01,"Other Asia","Holiday",21906
2019-08-01,"Other Asia","Holiday",26738
2019-09-01,"Other Asia","Holiday",18858
2019-10-01,"Other Asia","Holiday",21951
2019-11-01,"Other Asia","Holiday",19060
2019-12-01,"Other Asia","Holiday",23390
2020-01-01,"Other Asia","Holiday",21812
2020-02-01,"Other Asia","Holiday",14409
2005-01-01,"Other Asia","Other",1011
2005-02-01,"Other Asia","Other",759
2005-03-01,"Other Asia","Other",1017
2005-04-01,"Other Asia","Other",1175
2005-05-01,"Other Asia","Other",1403
2005-06-01,"Other Asia","Other",728
2005-07-01,"Other Asia","Other",1131
2005-08-01,"Other Asia","Other",759
2005-09-01,"Other Asia","Other",1058
2005-10-01,"Other Asia","Other",918
2005-11-01,"Other Asia","Other",812
2005-12-01,"Other Asia","Other",518
2006-01-01,"Other Asia","Other",871
2006-02-01,"Other Asia","Other",1041
2006-03-01,"Other Asia","Other",1327
2006-04-01,"Other Asia","Other",593
2006-05-01,"Other Asia","Other",1128
2006-06-01,"Other Asia","Other",765
2006-07-01,"Other Asia","Other",970
2006-08-01,"Other Asia","Other",875
2006-09-01,"Other Asia","Other",987
2006-10-01,"Other Asia","Other",1094
2006-11-01,"Other Asia","Other",927
2006-12-01,"Other Asia","Other",799
2007-01-01,"Other Asia","Other",1130
2007-02-01,"Other Asia","Other",1094
2007-03-01,"Other Asia","Other",1660
2007-04-01,"Other Asia","Other",1050
2007-05-01,"Other Asia","Other",1457
2007-06-01,"Other Asia","Other",1208
2007-07-01,"Other Asia","Other",1205
2007-08-01,"Other Asia","Other",1016
2007-09-01,"Other Asia","Other",1144
2007-10-01,"Other Asia","Other",1214
2007-11-01,"Other Asia","Other",1013
2007-12-01,"Other Asia","Other",552
2008-01-01,"Other Asia","Other",871
2008-02-01,"Other Asia","Other",1219
2008-03-01,"Other Asia","Other",1084
2008-04-01,"Other Asia","Other",1092
2008-05-01,"Other Asia","Other",1196
2008-06-01,"Other Asia","Other",1109
2008-07-01,"Other Asia","Other",3649
2008-08-01,"Other Asia","Other",1178
2008-09-01,"Other Asia","Other",1091
2008-10-01,"Other Asia","Other",1346
2008-11-01,"Other Asia","Other",1260
2008-12-01,"Other Asia","Other",1012
2009-01-01,"Other Asia","Other",1114
2009-02-01,"Other Asia","Other",1475
2009-03-01,"Other Asia","Other",1323
2009-04-01,"Other Asia","Other",1375
2009-05-01,"Other Asia","Other",1316
2009-06-01,"Other Asia","Other",1214
2009-07-01,"Other Asia","Other",1269
2009-08-01,"Other Asia","Other",1240
2009-09-01,"Other Asia","Other",1270
2009-10-01,"Other Asia","Other",1430
2009-11-01,"Other Asia","Other",1105
2009-12-01,"Other Asia","Other",1314
2010-01-01,"Other Asia","Other",1391
2010-02-01,"Other Asia","Other",1551
2010-03-01,"Other Asia","Other",1669
2010-04-01,"Other Asia","Other",1492
2010-05-01,"Other Asia","Other",1270
2010-06-01,"Other Asia","Other",1292
2010-07-01,"Other Asia","Other",1289
2010-08-01,"Other Asia","Other",1077
2010-09-01,"Other Asia","Other",1417
2010-10-01,"Other Asia","Other",1359
2010-11-01,"Other Asia","Other",1563
2010-12-01,"Other Asia","Other",1238
2011-01-01,"Other Asia","Other",1294
2011-02-01,"Other Asia","Other",1732
2011-03-01,"Other Asia","Other",1774
2011-04-01,"Other Asia","Other",1807
2011-05-01,"Other Asia","Other",1944
2011-06-01,"Other Asia","Other",1973
2011-07-01,"Other Asia","Other",1735
2011-08-01,"Other Asia","Other",2348
2011-09-01,"Other Asia","Other",2025
2011-10-01,"Other Asia","Other",1965
2011-11-01,"Other Asia","Other",1950
2011-12-01,"Other Asia","Other",1321
2012-01-01,"Other Asia","Other",1625
2012-02-01,"Other Asia","Other",1904
2012-03-01,"Other Asia","Other",1683
2012-04-01,"Other Asia","Other",1922
2012-05-01,"Other Asia","Other",1701
2012-06-01,"Other Asia","Other",1555
2012-07-01,"Other Asia","Other",1913
2012-08-01,"Other Asia","Other",1698
2012-09-01,"Other Asia","Other",1941
2012-10-01,"Other Asia","Other",2116
2012-11-01,"Other Asia","Other",2249
2012-12-01,"Other Asia","Other",1435
2013-01-01,"Other Asia","Other",1995
2013-02-01,"Other Asia","Other",2161
2013-03-01,"Other Asia","Other",2214
2013-04-01,"Other Asia","Other",2102
2013-05-01,"Other Asia","Other",1909
2013-06-01,"Other Asia","Other",1486
2013-07-01,"Other Asia","Other",2089
2013-08-01,"Other Asia","Other",1534
2013-09-01,"Other Asia","Other",1984
2013-10-01,"Other Asia","Other",1848
2013-11-01,"Other Asia","Other",2320
2013-12-01,"Other Asia","Other",1706
2014-01-01,"Other Asia","Other",1502
2014-02-01,"Other Asia","Other",2380
2014-03-01,"Other Asia","Other",1865
2014-04-01,"Other Asia","Other",1701
2014-05-01,"Other Asia","Other",1993
2014-06-01,"Other Asia","Other",1397
2014-07-01,"Other Asia","Other",1517
2014-08-01,"Other Asia","Other",1714
2014-09-01,"Other Asia","Other",1993
2014-10-01,"Other Asia","Other",2511
2014-11-01,"Other Asia","Other",2328
2014-12-01,"Other Asia","Other",1869
2015-01-01,"Other Asia","Other",2149
2015-02-01,"Other Asia","Other",2477
2015-03-01,"Other Asia","Other",2732
2015-04-01,"Other Asia","Other",2072
2015-05-01,"Other Asia","Other",1863
2015-06-01,"Other Asia","Other",1629
2015-07-01,"Other Asia","Other",1855
2015-08-01,"Other Asia","Other",1622
2015-09-01,"Other Asia","Other",1724
2015-10-01,"Other Asia","Other",2024
2015-11-01,"Other Asia","Other",1949
2015-12-01,"Other Asia","Other",1544
2016-01-01,"Other Asia","Other",2104
2016-02-01,"Other Asia","Other",2182
2016-03-01,"Other Asia","Other",2300
2016-04-01,"Other Asia","Other",2658
2016-05-01,"Other Asia","Other",1981
2016-06-01,"Other Asia","Other",2084
2016-07-01,"Other Asia","Other",2018
2016-08-01,"Other Asia","Other",2130
2016-09-01,"Other Asia","Other",2359
2016-10-01,"Other Asia","Other",3228
2016-11-01,"Other Asia","Other",1901
2016-12-01,"Other Asia","Other",2264
2017-01-01,"Other Asia","Other",1897
2017-02-01,"Other Asia","Other",2631
2017-03-01,"Other Asia","Other",2342
2017-04-01,"Other Asia","Other",2458
2017-05-01,"Other Asia","Other",2163
2017-06-01,"Other Asia","Other",2114
2017-07-01,"Other Asia","Other",2226
2017-08-01,"Other Asia","Other",2032
2017-09-01,"Other Asia","Other",2616
2017-10-01,"Other Asia","Other",2340
2017-11-01,"Other Asia","Other",2150
2017-12-01,"Other Asia","Other",1901
2018-01-01,"Other Asia","Other",2087
2018-02-01,"Other Asia","Other",2683
2018-03-01,"Other Asia","Other",2595
2018-04-01,"Other Asia","Other",2535
2018-05-01,"Other Asia","Other",2299
2018-06-01,"Other Asia","Other",2215
2018-07-01,"Other Asia","Other",2354
2018-08-01,"Other Asia","Other",2215
2018-09-01,"Other Asia","Other",2696
2018-10-01,"Other Asia","Other",2888
2018-11-01,"Other Asia","Other",3056
2018-12-01,"Other Asia","Other",2825
2019-01-01,"Other Asia","Other",2226
2019-02-01,"Other Asia","Other",2876
2019-03-01,"Other Asia","Other",2822
2019-04-01,"Other Asia","Other",2507
2019-05-01,"Other Asia","Other",2252
2019-06-01,"Other Asia","Other",2254
2019-07-01,"Other Asia","Other",2379
2019-08-01,"Other Asia","Other",2568
2019-09-01,"Other Asia","Other",2853
2019-10-01,"Other Asia","Other",3083
2019-11-01,"Other Asia","Other",2456
2019-12-01,"Other Asia","Other",1963
2020-01-01,"Other Asia","Other",2398
2020-02-01,"Other Asia","Other",3090
2005-01-01,"Other Asia","Visiting Friends or Relatives",3257
2005-02-01,"Other Asia","Visiting Friends or Relatives",4241
2005-03-01,"Other Asia","Visiting Friends or Relatives",4456
2005-04-01,"Other Asia","Visiting Friends or Relatives",4649
2005-05-01,"Other Asia","Visiting Friends or Relatives",3883
2005-06-01,"Other Asia","Visiting Friends or Relatives",4138
2005-07-01,"Other Asia","Visiting Friends or Relatives",4888
2005-08-01,"Other Asia","Visiting Friends or Relatives",3876
2005-09-01,"Other Asia","Visiting Friends or Relatives",3899
2005-10-01,"Other Asia","Visiting Friends or Relatives",4264
2005-11-01,"Other Asia","Visiting Friends or Relatives",3607
2005-12-01,"Other Asia","Visiting Friends or Relatives",5988
2006-01-01,"Other Asia","Visiting Friends or Relatives",4154
2006-02-01,"Other Asia","Visiting Friends or Relatives",3895
2006-03-01,"Other Asia","Visiting Friends or Relatives",4014
2006-04-01,"Other Asia","Visiting Friends or Relatives",5094
2006-05-01,"Other Asia","Visiting Friends or Relatives",3632
2006-06-01,"Other Asia","Visiting Friends or Relatives",4363
2006-07-01,"Other Asia","Visiting Friends or Relatives",4793
2006-08-01,"Other Asia","Visiting Friends or Relatives",4281
2006-09-01,"Other Asia","Visiting Friends or Relatives",4286
2006-10-01,"Other Asia","Visiting Friends or Relatives",4637
2006-11-01,"Other Asia","Visiting Friends or Relatives",4150
2006-12-01,"Other Asia","Visiting Friends or Relatives",7300
2007-01-01,"Other Asia","Visiting Friends or Relatives",3372
2007-02-01,"Other Asia","Visiting Friends or Relatives",5053
2007-03-01,"Other Asia","Visiting Friends or Relatives",5475
2007-04-01,"Other Asia","Visiting Friends or Relatives",5393
2007-05-01,"Other Asia","Visiting Friends or Relatives",4707
2007-06-01,"Other Asia","Visiting Friends or Relatives",4891
2007-07-01,"Other Asia","Visiting Friends or Relatives",4799
2007-08-01,"Other Asia","Visiting Friends or Relatives",5403
2007-09-01,"Other Asia","Visiting Friends or Relatives",5567
2007-10-01,"Other Asia","Visiting Friends or Relatives",5018
2007-11-01,"Other Asia","Visiting Friends or Relatives",4945
2007-12-01,"Other Asia","Visiting Friends or Relatives",8212
2008-01-01,"Other Asia","Visiting Friends or Relatives",3758
2008-02-01,"Other Asia","Visiting Friends or Relatives",5094
2008-03-01,"Other Asia","Visiting Friends or Relatives",6303
2008-04-01,"Other Asia","Visiting Friends or Relatives",5817
2008-05-01,"Other Asia","Visiting Friends or Relatives",4780
2008-06-01,"Other Asia","Visiting Friends or Relatives",5906
2008-07-01,"Other Asia","Visiting Friends or Relatives",5547
2008-08-01,"Other Asia","Visiting Friends or Relatives",5371
2008-09-01,"Other Asia","Visiting Friends or Relatives",4999
2008-10-01,"Other Asia","Visiting Friends or Relatives",6171
2008-11-01,"Other Asia","Visiting Friends or Relatives",5718
2008-12-01,"Other Asia","Visiting Friends or Relatives",7986
2009-01-01,"Other Asia","Visiting Friends or Relatives",4850
2009-02-01,"Other Asia","Visiting Friends or Relatives",5312
2009-03-01,"Other Asia","Visiting Friends or Relatives",6079
2009-04-01,"Other Asia","Visiting Friends or Relatives",7304
2009-05-01,"Other Asia","Visiting Friends or Relatives",6134
2009-06-01,"Other Asia","Visiting Friends or Relatives",5712
2009-07-01,"Other Asia","Visiting Friends or Relatives",6202
2009-08-01,"Other Asia","Visiting Friends or Relatives",5622
2009-09-01,"Other Asia","Visiting Friends or Relatives",6024
2009-10-01,"Other Asia","Visiting Friends or Relatives",6388
2009-11-01,"Other Asia","Visiting Friends or Relatives",6427
2009-12-01,"Other Asia","Visiting Friends or Relatives",10155
2010-01-01,"Other Asia","Visiting Friends or Relatives",4258
2010-02-01,"Other Asia","Visiting Friends or Relatives",6612
2010-03-01,"Other Asia","Visiting Friends or Relatives",6796
2010-04-01,"Other Asia","Visiting Friends or Relatives",7300
2010-05-01,"Other Asia","Visiting Friends or Relatives",5933
2010-06-01,"Other Asia","Visiting Friends or Relatives",5853
2010-07-01,"Other Asia","Visiting Friends or Relatives",6897
2010-08-01,"Other Asia","Visiting Friends or Relatives",5695
2010-09-01,"Other Asia","Visiting Friends or Relatives",6140
2010-10-01,"Other Asia","Visiting Friends or Relatives",7031
2010-11-01,"Other Asia","Visiting Friends or Relatives",5679
2010-12-01,"Other Asia","Visiting Friends or Relatives",9384
2011-01-01,"Other Asia","Visiting Friends or Relatives",4640
2011-02-01,"Other Asia","Visiting Friends or Relatives",5677
2011-03-01,"Other Asia","Visiting Friends or Relatives",6161
2011-04-01,"Other Asia","Visiting Friends or Relatives",7716
2011-05-01,"Other Asia","Visiting Friends or Relatives",5467
2011-06-01,"Other Asia","Visiting Friends or Relatives",6073
2011-07-01,"Other Asia","Visiting Friends or Relatives",6933
2011-08-01,"Other Asia","Visiting Friends or Relatives",5744
2011-09-01,"Other Asia","Visiting Friends or Relatives",6559
2011-10-01,"Other Asia","Visiting Friends or Relatives",7173
2011-11-01,"Other Asia","Visiting Friends or Relatives",6306
2011-12-01,"Other Asia","Visiting Friends or Relatives",9962
2012-01-01,"Other Asia","Visiting Friends or Relatives",5749
2012-02-01,"Other Asia","Visiting Friends or Relatives",6535
2012-03-01,"Other Asia","Visiting Friends or Relatives",7110
2012-04-01,"Other Asia","Visiting Friends or Relatives",7328
2012-05-01,"Other Asia","Visiting Friends or Relatives",6475
2012-06-01,"Other Asia","Visiting Friends or Relatives",7567
2012-07-01,"Other Asia","Visiting Friends or Relatives",6609
2012-08-01,"Other Asia","Visiting Friends or Relatives",6843
2012-09-01,"Other Asia","Visiting Friends or Relatives",8316
2012-10-01,"Other Asia","Visiting Friends or Relatives",7721
2012-11-01,"Other Asia","Visiting Friends or Relatives",7663
2012-12-01,"Other Asia","Visiting Friends or Relatives",12380
2013-01-01,"Other Asia","Visiting Friends or Relatives",5415
2013-02-01,"Other Asia","Visiting Friends or Relatives",7743
2013-03-01,"Other Asia","Visiting Friends or Relatives",8338
2013-04-01,"Other Asia","Visiting Friends or Relatives",7865
2013-05-01,"Other Asia","Visiting Friends or Relatives",6661
2013-06-01,"Other Asia","Visiting Friends or Relatives",7704
2013-07-01,"Other Asia","Visiting Friends or Relatives",8228
2013-08-01,"Other Asia","Visiting Friends or Relatives",8024
2013-09-01,"Other Asia","Visiting Friends or Relatives",8885
2013-10-01,"Other Asia","Visiting Friends or Relatives",9462
2013-11-01,"Other Asia","Visiting Friends or Relatives",9015
2013-12-01,"Other Asia","Visiting Friends or Relatives",14100
2014-01-01,"Other Asia","Visiting Friends or Relatives",7141
2014-02-01,"Other Asia","Visiting Friends or Relatives",9179
2014-03-01,"Other Asia","Visiting Friends or Relatives",9648
2014-04-01,"Other Asia","Visiting Friends or Relatives",10327
2014-05-01,"Other Asia","Visiting Friends or Relatives",8835
2014-06-01,"Other Asia","Visiting Friends or Relatives",8766
2014-07-01,"Other Asia","Visiting Friends or Relatives",9027
2014-08-01,"Other Asia","Visiting Friends or Relatives",9262
2014-09-01,"Other Asia","Visiting Friends or Relatives",9449
2014-10-01,"Other Asia","Visiting Friends or Relatives",10312
2014-11-01,"Other Asia","Visiting Friends or Relatives",10073
2014-12-01,"Other Asia","Visiting Friends or Relatives",17031
2015-01-01,"Other Asia","Visiting Friends or Relatives",7945
2015-02-01,"Other Asia","Visiting Friends or Relatives",11910
2015-03-01,"Other Asia","Visiting Friends or Relatives",12905
2015-04-01,"Other Asia","Visiting Friends or Relatives",11128
2015-05-01,"Other Asia","Visiting Friends or Relatives",9507
2015-06-01,"Other Asia","Visiting Friends or Relatives",10260
2015-07-01,"Other Asia","Visiting Friends or Relatives",10741
2015-08-01,"Other Asia","Visiting Friends or Relatives",11172
2015-09-01,"Other Asia","Visiting Friends or Relatives",12183
2015-10-01,"Other Asia","Visiting Friends or Relatives",12716
2015-11-01,"Other Asia","Visiting Friends or Relatives",10697
2015-12-01,"Other Asia","Visiting Friends or Relatives",17427
2016-01-01,"Other Asia","Visiting Friends or Relatives",7832
2016-02-01,"Other Asia","Visiting Friends or Relatives",12989
2016-03-01,"Other Asia","Visiting Friends or Relatives",13344
2016-04-01,"Other Asia","Visiting Friends or Relatives",13423
2016-05-01,"Other Asia","Visiting Friends or Relatives",12237
2016-06-01,"Other Asia","Visiting Friends or Relatives",13209
2016-07-01,"Other Asia","Visiting Friends or Relatives",12707
2016-08-01,"Other Asia","Visiting Friends or Relatives",12794
2016-09-01,"Other Asia","Visiting Friends or Relatives",15342
2016-10-01,"Other Asia","Visiting Friends or Relatives",14413
2016-11-01,"Other Asia","Visiting Friends or Relatives",13357
2016-12-01,"Other Asia","Visiting Friends or Relatives",21818
2017-01-01,"Other Asia","Visiting Friends or Relatives",11544
2017-02-01,"Other Asia","Visiting Friends or Relatives",14258
2017-03-01,"Other Asia","Visiting Friends or Relatives",15150
2017-04-01,"Other Asia","Visiting Friends or Relatives",17480
2017-05-01,"Other Asia","Visiting Friends or Relatives",14791
2017-06-01,"Other Asia","Visiting Friends or Relatives",16474
2017-07-01,"Other Asia","Visiting Friends or Relatives",14475
2017-08-01,"Other Asia","Visiting Friends or Relatives",15347
2017-09-01,"Other Asia","Visiting Friends or Relatives",16944
2017-10-01,"Other Asia","Visiting Friends or Relatives",15793
2017-11-01,"Other Asia","Visiting Friends or Relatives",16686
2017-12-01,"Other Asia","Visiting Friends or Relatives",27008
2018-01-01,"Other Asia","Visiting Friends or Relatives",13234
2018-02-01,"Other Asia","Visiting Friends or Relatives",17147
2018-03-01,"Other Asia","Visiting Friends or Relatives",20354
2018-04-01,"Other Asia","Visiting Friends or Relatives",18891
2018-05-01,"Other Asia","Visiting Friends or Relatives",19793
2018-06-01,"Other Asia","Visiting Friends or Relatives",19994
2018-07-01,"Other Asia","Visiting Friends or Relatives",17649
2018-08-01,"Other Asia","Visiting Friends or Relatives",19567
2018-09-01,"Other Asia","Visiting Friends or Relatives",18736
2018-10-01,"Other Asia","Visiting Friends or Relatives",20032
2018-11-01,"Other Asia","Visiting Friends or Relatives",17823
2018-12-01,"Other Asia","Visiting Friends or Relatives",28144
2019-01-01,"Other Asia","Visiting Friends or Relatives",13126
2019-02-01,"Other Asia","Visiting Friends or Relatives",19041
2019-03-01,"Other Asia","Visiting Friends or Relatives",19889
2019-04-01,"Other Asia","Visiting Friends or Relatives",21900
2019-05-01,"Other Asia","Visiting Friends or Relatives",20945
2019-06-01,"Other Asia","Visiting Friends or Relatives",21168
2019-07-01,"Other Asia","Visiting Friends or Relatives",18644
2019-08-01,"Other Asia","Visiting Friends or Relatives",21602
2019-09-01,"Other Asia","Visiting Friends or Relatives",22013
2019-10-01,"Other Asia","Visiting Friends or Relatives",21264
2019-11-01,"Other Asia","Visiting Friends or Relatives",20677
2019-12-01,"Other Asia","Visiting Friends or Relatives",31303
2020-01-01,"Other Asia","Visiting Friends or Relatives",13629
2020-02-01,"Other Asia","Visiting Friends or Relatives",18893
2005-01-01,"Other Europe","Business",2849
2005-02-01,"Other Europe","Business",3118
2005-03-01,"Other Europe","Business",3737
2005-04-01,"Other Europe","Business",4153
2005-05-01,"Other Europe","Business",3233
2005-06-01,"Other Europe","Business",2406
2005-07-01,"Other Europe","Business",3147
2005-08-01,"Other Europe","Business",5319
2005-09-01,"Other Europe","Business",3665
2005-10-01,"Other Europe","Business",4772
2005-11-01,"Other Europe","Business",6339
2005-12-01,"Other Europe","Business",2351
2006-01-01,"Other Europe","Business",3453
2006-02-01,"Other Europe","Business",4308
2006-03-01,"Other Europe","Business",4790
2006-04-01,"Other Europe","Business",3250
2006-05-01,"Other Europe","Business",3189
2006-06-01,"Other Europe","Business",3246
2006-07-01,"Other Europe","Business",3515
2006-08-01,"Other Europe","Business",3945
2006-09-01,"Other Europe","Business",4791
2006-10-01,"Other Europe","Business",5523
2006-11-01,"Other Europe","Business",5417
2006-12-01,"Other Europe","Business",2215
2007-01-01,"Other Europe","Business",3644
2007-02-01,"Other Europe","Business",4064
2007-03-01,"Other Europe","Business",6176
2007-04-01,"Other Europe","Business",3380
2007-05-01,"Other Europe","Business",3191
2007-06-01,"Other Europe","Business",2912
2007-07-01,"Other Europe","Business",4568
2007-08-01,"Other Europe","Business",3673
2007-09-01,"Other Europe","Business",5054
2007-10-01,"Other Europe","Business",5053
2007-11-01,"Other Europe","Business",5946
2007-12-01,"Other Europe","Business",2901
2008-01-01,"Other Europe","Business",3905
2008-02-01,"Other Europe","Business",5327
2008-03-01,"Other Europe","Business",5028
2008-04-01,"Other Europe","Business",5078
2008-05-01,"Other Europe","Business",3983
2008-06-01,"Other Europe","Business",3945
2008-07-01,"Other Europe","Business",7587
2008-08-01,"Other Europe","Business",4523
2008-09-01,"Other Europe","Business",4752
2008-10-01,"Other Europe","Business",5225
2008-11-01,"Other Europe","Business",5127
2008-12-01,"Other Europe","Business",2474
2009-01-01,"Other Europe","Business",3237
2009-02-01,"Other Europe","Business",4118
2009-03-01,"Other Europe","Business",4832
2009-04-01,"Other Europe","Business",2796
2009-05-01,"Other Europe","Business",3135
2009-06-01,"Other Europe","Business",3215
2009-07-01,"Other Europe","Business",3106
2009-08-01,"Other Europe","Business",3457
2009-09-01,"Other Europe","Business",3961
2009-10-01,"Other Europe","Business",4810
2009-11-01,"Other Europe","Business",4787
2009-12-01,"Other Europe","Business",2464
2010-01-01,"Other Europe","Business",3913
2010-02-01,"Other Europe","Business",4483
2010-03-01,"Other Europe","Business",5035
2010-04-01,"Other Europe","Business",3896
2010-05-01,"Other Europe","Business",4138
2010-06-01,"Other Europe","Business",3901
2010-07-01,"Other Europe","Business",3962
2010-08-01,"Other Europe","Business",3256
2010-09-01,"Other Europe","Business",4315
2010-10-01,"Other Europe","Business",5197
2010-11-01,"Other Europe","Business",6303
2010-12-01,"Other Europe","Business",2873
2011-01-01,"Other Europe","Business",3856
2011-02-01,"Other Europe","Business",4678
2011-03-01,"Other Europe","Business",5370
2011-04-01,"Other Europe","Business",3451
2011-05-01,"Other Europe","Business",4058
2011-06-01,"Other Europe","Business",3998
2011-07-01,"Other Europe","Business",3813
2011-08-01,"Other Europe","Business",3159
2011-09-01,"Other Europe","Business",4701
2011-10-01,"Other Europe","Business",5740
2011-11-01,"Other Europe","Business",6491
2011-12-01,"Other Europe","Business",2635
2012-01-01,"Other Europe","Business",4375
2012-02-01,"Other Europe","Business",5536
2012-03-01,"Other Europe","Business",5350
2012-04-01,"Other Europe","Business",4234
2012-05-01,"Other Europe","Business",4735
2012-06-01,"Other Europe","Business",3740
2012-07-01,"Other Europe","Business",4172
2012-08-01,"Other Europe","Business",4398
2012-09-01,"Other Europe","Business",5435
2012-10-01,"Other Europe","Business",5634
2012-11-01,"Other Europe","Business",6161
2012-12-01,"Other Europe","Business",2947
2013-01-01,"Other Europe","Business",4151
2013-02-01,"Other Europe","Business",5349
2013-03-01,"Other Europe","Business",5134
2013-04-01,"Other Europe","Business",4406
2013-05-01,"Other Europe","Business",4512
2013-06-01,"Other Europe","Business",4242
2013-07-01,"Other Europe","Business",4174
2013-08-01,"Other Europe","Business",3651
2013-09-01,"Other Europe","Business",4532
2013-10-01,"Other Europe","Business",6209
2013-11-01,"Other Europe","Business",6784
2013-12-01,"Other Europe","Business",4313
2014-01-01,"Other Europe","Business",4695
2014-02-01,"Other Europe","Business",5078
2014-03-01,"Other Europe","Business",5844
2014-04-01,"Other Europe","Business",3843
2014-05-01,"Other Europe","Business",6313
2014-06-01,"Other Europe","Business",4056
2014-07-01,"Other Europe","Business",5149
2014-08-01,"Other Europe","Business",4071
2014-09-01,"Other Europe","Business",4942
2014-10-01,"Other Europe","Business",5729
2014-11-01,"Other Europe","Business",7528
2014-12-01,"Other Europe","Business",2756
2015-01-01,"Other Europe","Business",4550
2015-02-01,"Other Europe","Business",5139
2015-03-01,"Other Europe","Business",5710
2015-04-01,"Other Europe","Business",4494
2015-05-01,"Other Europe","Business",4130
2015-06-01,"Other Europe","Business",3577
2015-07-01,"Other Europe","Business",3330
2015-08-01,"Other Europe","Business",3793
2015-09-01,"Other Europe","Business",4727
2015-10-01,"Other Europe","Business",5606
2015-11-01,"Other Europe","Business",5547
2015-12-01,"Other Europe","Business",2494
2016-01-01,"Other Europe","Business",3891
2016-02-01,"Other Europe","Business",5149
2016-03-01,"Other Europe","Business",4699
2016-04-01,"Other Europe","Business",4125
2016-05-01,"Other Europe","Business",3920
2016-06-01,"Other Europe","Business",3482
2016-07-01,"Other Europe","Business",3733
2016-08-01,"Other Europe","Business",3202
2016-09-01,"Other Europe","Business",4448
2016-10-01,"Other Europe","Business",5479
2016-11-01,"Other Europe","Business",6098
2016-12-01,"Other Europe","Business",2746
2017-01-01,"Other Europe","Business",3934
2017-02-01,"Other Europe","Business",5113
2017-03-01,"Other Europe","Business",5615
2017-04-01,"Other Europe","Business",3435
2017-05-01,"Other Europe","Business",4514
2017-06-01,"Other Europe","Business",3710
2017-07-01,"Other Europe","Business",4368
2017-08-01,"Other Europe","Business",4011
2017-09-01,"Other Europe","Business",5058
2017-10-01,"Other Europe","Business",7501
2017-11-01,"Other Europe","Business",6854
2017-12-01,"Other Europe","Business",3415
2018-01-01,"Other Europe","Business",4657
2018-02-01,"Other Europe","Business",5654
2018-03-01,"Other Europe","Business",5994
2018-04-01,"Other Europe","Business",5098
2018-05-01,"Other Europe","Business",5244
2018-06-01,"Other Europe","Business",5039
2018-07-01,"Other Europe","Business",4893
2018-08-01,"Other Europe","Business",4042
2018-09-01,"Other Europe","Business",5996
2018-10-01,"Other Europe","Business",7241
2018-11-01,"Other Europe","Business",7739
2018-12-01,"Other Europe","Business",3259
2019-01-01,"Other Europe","Business",4579
2019-02-01,"Other Europe","Business",5812
2019-03-01,"Other Europe","Business",7645
2019-04-01,"Other Europe","Business",4118
2019-05-01,"Other Europe","Business",6052
2019-06-01,"Other Europe","Business",4598
2019-07-01,"Other Europe","Business",4821
2019-08-01,"Other Europe","Business",4201
2019-09-01,"Other Europe","Business",5748
2019-10-01,"Other Europe","Business",6926
2019-11-01,"Other Europe","Business",7859
2019-12-01,"Other Europe","Business",2969
2020-01-01,"Other Europe","Business",4325
2020-02-01,"Other Europe","Business",6052
2005-01-01,"Other Europe","Education",2917
2005-02-01,"Other Europe","Education",3363
2005-03-01,"Other Europe","Education",1030
2005-04-01,"Other Europe","Education",733
2005-05-01,"Other Europe","Education",598
2005-06-01,"Other Europe","Education",780
2005-07-01,"Other Europe","Education",3950
2005-08-01,"Other Europe","Education",1314
2005-09-01,"Other Europe","Education",2107
2005-10-01,"Other Europe","Education",1217
2005-11-01,"Other Europe","Education",978
2005-12-01,"Other Europe","Education",1003
2006-01-01,"Other Europe","Education",2450
2006-02-01,"Other Europe","Education",2958
2006-03-01,"Other Europe","Education",1077
2006-04-01,"Other Europe","Education",727
2006-05-01,"Other Europe","Education",494
2006-06-01,"Other Europe","Education",1021
2006-07-01,"Other Europe","Education",3425
2006-08-01,"Other Europe","Education",1273
2006-09-01,"Other Europe","Education",2076
2006-10-01,"Other Europe","Education",1533
2006-11-01,"Other Europe","Education",993
2006-12-01,"Other Europe","Education",1344
2007-01-01,"Other Europe","Education",2570
2007-02-01,"Other Europe","Education",2613
2007-03-01,"Other Europe","Education",1322
2007-04-01,"Other Europe","Education",877
2007-05-01,"Other Europe","Education",654
2007-06-01,"Other Europe","Education",1184
2007-07-01,"Other Europe","Education",3733
2007-08-01,"Other Europe","Education",1455
2007-09-01,"Other Europe","Education",2351
2007-10-01,"Other Europe","Education",1141
2007-11-01,"Other Europe","Education",1063
2007-12-01,"Other Europe","Education",1099
2008-01-01,"Other Europe","Education",2749
2008-02-01,"Other Europe","Education",2862
2008-03-01,"Other Europe","Education",1245
2008-04-01,"Other Europe","Education",765
2008-05-01,"Other Europe","Education",542
2008-06-01,"Other Europe","Education",971
2008-07-01,"Other Europe","Education",3950
2008-08-01,"Other Europe","Education",1570
2008-09-01,"Other Europe","Education",1965
2008-10-01,"Other Europe","Education",1263
2008-11-01,"Other Europe","Education",998
2008-12-01,"Other Europe","Education",909
2009-01-01,"Other Europe","Education",2920
2009-02-01,"Other Europe","Education",3027
2009-03-01,"Other Europe","Education",1122
2009-04-01,"Other Europe","Education",944
2009-05-01,"Other Europe","Education",717
2009-06-01,"Other Europe","Education",1141
2009-07-01,"Other Europe","Education",4255
2009-08-01,"Other Europe","Education",1516
2009-09-01,"Other Europe","Education",2396
2009-10-01,"Other Europe","Education",1423
2009-11-01,"Other Europe","Education",1172
2009-12-01,"Other Europe","Education",1008
2010-01-01,"Other Europe","Education",2843
2010-02-01,"Other Europe","Education",2894
2010-03-01,"Other Europe","Education",1168
2010-04-01,"Other Europe","Education",857
2010-05-01,"Other Europe","Education",556
2010-06-01,"Other Europe","Education",1171
2010-07-01,"Other Europe","Education",4610
2010-08-01,"Other Europe","Education",1486
2010-09-01,"Other Europe","Education",2020
2010-10-01,"Other Europe","Education",1203
2010-11-01,"Other Europe","Education",939
2010-12-01,"Other Europe","Education",1121
2011-01-01,"Other Europe","Education",2860
2011-02-01,"Other Europe","Education",3369
2011-03-01,"Other Europe","Education",1202
2011-04-01,"Other Europe","Education",692
2011-05-01,"Other Europe","Education",979
2011-06-01,"Other Europe","Education",1216
2011-07-01,"Other Europe","Education",3949
2011-08-01,"Other Europe","Education",1266
2011-09-01,"Other Europe","Education",2101
2011-10-01,"Other Europe","Education",1671
2011-11-01,"Other Europe","Education",1044
2011-12-01,"Other Europe","Education",1307
2012-01-01,"Other Europe","Education",2793
2012-02-01,"Other Europe","Education",3531
2012-03-01,"Other Europe","Education",1379
2012-04-01,"Other Europe","Education",850
2012-05-01,"Other Europe","Education",575
2012-06-01,"Other Europe","Education",1439
2012-07-01,"Other Europe","Education",4512
2012-08-01,"Other Europe","Education",1354
2012-09-01,"Other Europe","Education",2208
2012-10-01,"Other Europe","Education",1504
2012-11-01,"Other Europe","Education",1184
2012-12-01,"Other Europe","Education",1208
2013-01-01,"Other Europe","Education",3068
2013-02-01,"Other Europe","Education",3444
2013-03-01,"Other Europe","Education",1352
2013-04-01,"Other Europe","Education",1165
2013-05-01,"Other Europe","Education",663
2013-06-01,"Other Europe","Education",1390
2013-07-01,"Other Europe","Education",4529
2013-08-01,"Other Europe","Education",1481
2013-09-01,"Other Europe","Education",2009
2013-10-01,"Other Europe","Education",1718
2013-11-01,"Other Europe","Education",1145
2013-12-01,"Other Europe","Education",1141
2014-01-01,"Other Europe","Education",3280
2014-02-01,"Other Europe","Education",2929
2014-03-01,"Other Europe","Education",1290
2014-04-01,"Other Europe","Education",1054
2014-05-01,"Other Europe","Education",734
2014-06-01,"Other Europe","Education",1255
2014-07-01,"Other Europe","Education",4552
2014-08-01,"Other Europe","Education",1796
2014-09-01,"Other Europe","Education",2104
2014-10-01,"Other Europe","Education",2064
2014-11-01,"Other Europe","Education",1525
2014-12-01,"Other Europe","Education",1375
2015-01-01,"Other Europe","Education",3460
2015-02-01,"Other Europe","Education",3144
2015-03-01,"Other Europe","Education",1456
2015-04-01,"Other Europe","Education",1414
2015-05-01,"Other Europe","Education",821
2015-06-01,"Other Europe","Education",1585
2015-07-01,"Other Europe","Education",5719
2015-08-01,"Other Europe","Education",2001
2015-09-01,"Other Europe","Education",2319
2015-10-01,"Other Europe","Education",1982
2015-11-01,"Other Europe","Education",1741
2015-12-01,"Other Europe","Education",2119
2016-01-01,"Other Europe","Education",3491
2016-02-01,"Other Europe","Education",3449
2016-03-01,"Other Europe","Education",1419
2016-04-01,"Other Europe","Education",1416
2016-05-01,"Other Europe","Education",906
2016-06-01,"Other Europe","Education",1552
2016-07-01,"Other Europe","Education",6755
2016-08-01,"Other Europe","Education",1650
2016-09-01,"Other Europe","Education",2840
2016-10-01,"Other Europe","Education",2933
2016-11-01,"Other Europe","Education",1798
2016-12-01,"Other Europe","Education",1796
2017-01-01,"Other Europe","Education",3854
2017-02-01,"Other Europe","Education",4495
2017-03-01,"Other Europe","Education",1471
2017-04-01,"Other Europe","Education",1632
2017-05-01,"Other Europe","Education",880
2017-06-01,"Other Europe","Education",1535
2017-07-01,"Other Europe","Education",6359
2017-08-01,"Other Europe","Education",1855
2017-09-01,"Other Europe","Education",2730
2017-10-01,"Other Europe","Education",2108
2017-11-01,"Other Europe","Education",1421
2017-12-01,"Other Europe","Education",1333
2018-01-01,"Other Europe","Education",3607
2018-02-01,"Other Europe","Education",3630
2018-03-01,"Other Europe","Education",1591
2018-04-01,"Other Europe","Education",1600
2018-05-01,"Other Europe","Education",888
2018-06-01,"Other Europe","Education",1460
2018-07-01,"Other Europe","Education",5795
2018-08-01,"Other Europe","Education",1833
2018-09-01,"Other Europe","Education",3009
2018-10-01,"Other Europe","Education",1892
2018-11-01,"Other Europe","Education",1546
2018-12-01,"Other Europe","Education",1221
2019-01-01,"Other Europe","Education",3332
2019-02-01,"Other Europe","Education",3504
2019-03-01,"Other Europe","Education",1431
2019-04-01,"Other Europe","Education",1166
2019-05-01,"Other Europe","Education",1055
2019-06-01,"Other Europe","Education",1666
2019-07-01,"Other Europe","Education",5535
2019-08-01,"Other Europe","Education",2031
2019-09-01,"Other Europe","Education",2626
2019-10-01,"Other Europe","Education",2020
2019-11-01,"Other Europe","Education",1359
2019-12-01,"Other Europe","Education",1225
2020-01-01,"Other Europe","Education",3414
2020-02-01,"Other Europe","Education",3228
2005-01-01,"Other Europe","Employment",985
2005-02-01,"Other Europe","Employment",771
2005-03-01,"Other Europe","Employment",733
2005-04-01,"Other Europe","Employment",524
2005-05-01,"Other Europe","Employment",428
2005-06-01,"Other Europe","Employment",1012
2005-07-01,"Other Europe","Employment",922
2005-08-01,"Other Europe","Employment",986
2005-09-01,"Other Europe","Employment",1189
2005-10-01,"Other Europe","Employment",1511
2005-11-01,"Other Europe","Employment",1442
2005-12-01,"Other Europe","Employment",1554
2006-01-01,"Other Europe","Employment",1517
2006-02-01,"Other Europe","Employment",1246
2006-03-01,"Other Europe","Employment",1248
2006-04-01,"Other Europe","Employment",1067
2006-05-01,"Other Europe","Employment",839
2006-06-01,"Other Europe","Employment",1116
2006-07-01,"Other Europe","Employment",1778
2006-08-01,"Other Europe","Employment",1279
2006-09-01,"Other Europe","Employment",1751
2006-10-01,"Other Europe","Employment",2157
2006-11-01,"Other Europe","Employment",1777
2006-12-01,"Other Europe","Employment",2210
2007-01-01,"Other Europe","Employment",2104
2007-02-01,"Other Europe","Employment",1697
2007-03-01,"Other Europe","Employment",1675
2007-04-01,"Other Europe","Employment",1419
2007-05-01,"Other Europe","Employment",1068
2007-06-01,"Other Europe","Employment",1386
2007-07-01,"Other Europe","Employment",1560
2007-08-01,"Other Europe","Employment",1452
2007-09-01,"Other Europe","Employment",1800
2007-10-01,"Other Europe","Employment",2109
2007-11-01,"Other Europe","Employment",2060
2007-12-01,"Other Europe","Employment",2113
2008-01-01,"Other Europe","Employment",2358
2008-02-01,"Other Europe","Employment",1903
2008-03-01,"Other Europe","Employment",1852
2008-04-01,"Other Europe","Employment",1301
2008-05-01,"Other Europe","Employment",1001
2008-06-01,"Other Europe","Employment",1597
2008-07-01,"Other Europe","Employment",1882
2008-08-01,"Other Europe","Employment",1752
2008-09-01,"Other Europe","Employment",2273
2008-10-01,"Other Europe","Employment",2437
2008-11-01,"Other Europe","Employment",2220
2008-12-01,"Other Europe","Employment",2250
2009-01-01,"Other Europe","Employment",2932
2009-02-01,"Other Europe","Employment",2280
2009-03-01,"Other Europe","Employment",1782
2009-04-01,"Other Europe","Employment",1213
2009-05-01,"Other Europe","Employment",1197
2009-06-01,"Other Europe","Employment",1199
2009-07-01,"Other Europe","Employment",1609
2009-08-01,"Other Europe","Employment",1528
2009-09-01,"Other Europe","Employment",1771
2009-10-01,"Other Europe","Employment",2076
2009-11-01,"Other Europe","Employment",1962
2009-12-01,"Other Europe","Employment",1984
2010-01-01,"Other Europe","Employment",2599
2010-02-01,"Other Europe","Employment",1770
2010-03-01,"Other Europe","Employment",1427
2010-04-01,"Other Europe","Employment",1166
2010-05-01,"Other Europe","Employment",1169
2010-06-01,"Other Europe","Employment",1131
2010-07-01,"Other Europe","Employment",1280
2010-08-01,"Other Europe","Employment",1463
2010-09-01,"Other Europe","Employment",1851
2010-10-01,"Other Europe","Employment",1961
2010-11-01,"Other Europe","Employment",2135
2010-12-01,"Other Europe","Employment",1799
2011-01-01,"Other Europe","Employment",3107
2011-02-01,"Other Europe","Employment",2146
2011-03-01,"Other Europe","Employment",1722
2011-04-01,"Other Europe","Employment",1353
2011-05-01,"Other Europe","Employment",1465
2011-06-01,"Other Europe","Employment",1702
2011-07-01,"Other Europe","Employment",1738
2011-08-01,"Other Europe","Employment",1845
2011-09-01,"Other Europe","Employment",2911
2011-10-01,"Other Europe","Employment",3040
2011-11-01,"Other Europe","Employment",2482
2011-12-01,"Other Europe","Employment",2014
2012-01-01,"Other Europe","Employment",3890
2012-02-01,"Other Europe","Employment",2682
2012-03-01,"Other Europe","Employment",2084
2012-04-01,"Other Europe","Employment",2032
2012-05-01,"Other Europe","Employment",1737
2012-06-01,"Other Europe","Employment",2211
2012-07-01,"Other Europe","Employment",1815
2012-08-01,"Other Europe","Employment",2538
2012-09-01,"Other Europe","Employment",3004
2012-10-01,"Other Europe","Employment",2863
2012-11-01,"Other Europe","Employment",2578
2012-12-01,"Other Europe","Employment",2158
2013-01-01,"Other Europe","Employment",5443
2013-02-01,"Other Europe","Employment",2485
2013-03-01,"Other Europe","Employment",2547
2013-04-01,"Other Europe","Employment",2097
2013-05-01,"Other Europe","Employment",1752
2013-06-01,"Other Europe","Employment",2178
2013-07-01,"Other Europe","Employment",1952
2013-08-01,"Other Europe","Employment",2225
2013-09-01,"Other Europe","Employment",3205
2013-10-01,"Other Europe","Employment",3108
2013-11-01,"Other Europe","Employment",2404
2013-12-01,"Other Europe","Employment",1979
2014-01-01,"Other Europe","Employment",4887
2014-02-01,"Other Europe","Employment",2281
2014-03-01,"Other Europe","Employment",2277
2014-04-01,"Other Europe","Employment",1981
2014-05-01,"Other Europe","Employment",1472
2014-06-01,"Other Europe","Employment",1695
2014-07-01,"Other Europe","Employment",1818
2014-08-01,"Other Europe","Employment",1990
2014-09-01,"Other Europe","Employment",2694
2014-10-01,"Other Europe","Employment",3673
2014-11-01,"Other Europe","Employment",3108
2014-12-01,"Other Europe","Employment",3594
2015-01-01,"Other Europe","Employment",5246
2015-02-01,"Other Europe","Employment",2794
2015-03-01,"Other Europe","Employment",2305
2015-04-01,"Other Europe","Employment",2195
2015-05-01,"Other Europe","Employment",1710
2015-06-01,"Other Europe","Employment",2075
2015-07-01,"Other Europe","Employment",2692
2015-08-01,"Other Europe","Employment",2542
2015-09-01,"Other Europe","Employment",2704
2015-10-01,"Other Europe","Employment",2818
2015-11-01,"Other Europe","Employment",2695
2015-12-01,"Other Europe","Employment",2727
2016-01-01,"Other Europe","Employment",4123
2016-02-01,"Other Europe","Employment",2234
2016-03-01,"Other Europe","Employment",1937
2016-04-01,"Other Europe","Employment",1650
2016-05-01,"Other Europe","Employment",1341
2016-06-01,"Other Europe","Employment",1770
2016-07-01,"Other Europe","Employment",2040
2016-08-01,"Other Europe","Employment",2016
2016-09-01,"Other Europe","Employment",2649
2016-10-01,"Other Europe","Employment",3404
2016-11-01,"Other Europe","Employment",2306
2016-12-01,"Other Europe","Employment",2756
2017-01-01,"Other Europe","Employment",3945
2017-02-01,"Other Europe","Employment",2929
2017-03-01,"Other Europe","Employment",2143
2017-04-01,"Other Europe","Employment",1745
2017-05-01,"Other Europe","Employment",1490
2017-06-01,"Other Europe","Employment",2108
2017-07-01,"Other Europe","Employment",1570
2017-08-01,"Other Europe","Employment",2266
2017-09-01,"Other Europe","Employment",2942
2017-10-01,"Other Europe","Employment",2567
2017-11-01,"Other Europe","Employment",1998
2017-12-01,"Other Europe","Employment",1597
2018-01-01,"Other Europe","Employment",3554
2018-02-01,"Other Europe","Employment",1937
2018-03-01,"Other Europe","Employment",1713
2018-04-01,"Other Europe","Employment",1760
2018-05-01,"Other Europe","Employment",1557
2018-06-01,"Other Europe","Employment",1795
2018-07-01,"Other Europe","Employment",1359
2018-08-01,"Other Europe","Employment",2306
2018-09-01,"Other Europe","Employment",2691
2018-10-01,"Other Europe","Employment",2426
2018-11-01,"Other Europe","Employment",2073
2018-12-01,"Other Europe","Employment",1529
2019-01-01,"Other Europe","Employment",3731
2019-02-01,"Other Europe","Employment",1962
2019-03-01,"Other Europe","Employment",1898
2019-04-01,"Other Europe","Employment",1612
2019-05-01,"Other Europe","Employment",1642
2019-06-01,"Other Europe","Employment",1743
2019-07-01,"Other Europe","Employment",1670
2019-08-01,"Other Europe","Employment",2187
2019-09-01,"Other Europe","Employment",2924
2019-10-01,"Other Europe","Employment",2904
2019-11-01,"Other Europe","Employment",2356
2019-12-01,"Other Europe","Employment",1725
2020-01-01,"Other Europe","Employment",3982
2020-02-01,"Other Europe","Employment",2349
2005-01-01,"Other Europe","Holiday",20632
2005-02-01,"Other Europe","Holiday",20409
2005-03-01,"Other Europe","Holiday",17561
2005-04-01,"Other Europe","Holiday",10131
2005-05-01,"Other Europe","Holiday",7326
2005-06-01,"Other Europe","Holiday",10366
2005-07-01,"Other Europe","Holiday",17824
2005-08-01,"Other Europe","Holiday",14420
2005-09-01,"Other Europe","Holiday",14187
2005-10-01,"Other Europe","Holiday",19591
2005-11-01,"Other Europe","Holiday",18975
2005-12-01,"Other Europe","Holiday",30032
2006-01-01,"Other Europe","Holiday",20887
2006-02-01,"Other Europe","Holiday",20560
2006-03-01,"Other Europe","Holiday",15288
2006-04-01,"Other Europe","Holiday",11417
2006-05-01,"Other Europe","Holiday",8103
2006-06-01,"Other Europe","Holiday",9649
2006-07-01,"Other Europe","Holiday",17339
2006-08-01,"Other Europe","Holiday",12944
2006-09-01,"Other Europe","Holiday",14436
2006-10-01,"Other Europe","Holiday",19596
2006-11-01,"Other Europe","Holiday",21204
2006-12-01,"Other Europe","Holiday",31668
2007-01-01,"Other Europe","Holiday",22083
2007-02-01,"Other Europe","Holiday",20671
2007-03-01,"Other Europe","Holiday",18631
2007-04-01,"Other Europe","Holiday",11503
2007-05-01,"Other Europe","Holiday",8008
2007-06-01,"Other Europe","Holiday",10628
2007-07-01,"Other Europe","Holiday",18565
2007-08-01,"Other Europe","Holiday",14593
2007-09-01,"Other Europe","Holiday",14760
2007-10-01,"Other Europe","Holiday",21130
2007-11-01,"Other Europe","Holiday",21053
2007-12-01,"Other Europe","Holiday",33047
2008-01-01,"Other Europe","Holiday",22620
2008-02-01,"Other Europe","Holiday",22566
2008-03-01,"Other Europe","Holiday",18707
2008-04-01,"Other Europe","Holiday",12594
2008-05-01,"Other Europe","Holiday",7905
2008-06-01,"Other Europe","Holiday",11858
2008-07-01,"Other Europe","Holiday",21124
2008-08-01,"Other Europe","Holiday",14449
2008-09-01,"Other Europe","Holiday",14203
2008-10-01,"Other Europe","Holiday",20389
2008-11-01,"Other Europe","Holiday",20445
2008-12-01,"Other Europe","Holiday",33718
2009-01-01,"Other Europe","Holiday",21780
2009-02-01,"Other Europe","Holiday",21688
2009-03-01,"Other Europe","Holiday",17645
2009-04-01,"Other Europe","Holiday",13230
2009-05-01,"Other Europe","Holiday",8266
2009-06-01,"Other Europe","Holiday",10531
2009-07-01,"Other Europe","Holiday",17008
2009-08-01,"Other Europe","Holiday",15053
2009-09-01,"Other Europe","Holiday",16123
2009-10-01,"Other Europe","Holiday",22099
2009-11-01,"Other Europe","Holiday",20890
2009-12-01,"Other Europe","Holiday",35235
2010-01-01,"Other Europe","Holiday",23445
2010-02-01,"Other Europe","Holiday",21605
2010-03-01,"Other Europe","Holiday",18192
2010-04-01,"Other Europe","Holiday",10964
2010-05-01,"Other Europe","Holiday",8403
2010-06-01,"Other Europe","Holiday",10075
2010-07-01,"Other Europe","Holiday",17025
2010-08-01,"Other Europe","Holiday",13792
2010-09-01,"Other Europe","Holiday",15617
2010-10-01,"Other Europe","Holiday",20389
2010-11-01,"Other Europe","Holiday",19753
2010-12-01,"Other Europe","Holiday",32912
2011-01-01,"Other Europe","Holiday",23076
2011-02-01,"Other Europe","Holiday",20366
2011-03-01,"Other Europe","Holiday",16043
2011-04-01,"Other Europe","Holiday",11801
2011-05-01,"Other Europe","Holiday",7750
2011-06-01,"Other Europe","Holiday",7997
2011-07-01,"Other Europe","Holiday",14508
2011-08-01,"Other Europe","Holiday",13130
2011-09-01,"Other Europe","Holiday",13994
2011-10-01,"Other Europe","Holiday",19421
2011-11-01,"Other Europe","Holiday",19567
2011-12-01,"Other Europe","Holiday",31951
2012-01-01,"Other Europe","Holiday",22426
2012-02-01,"Other Europe","Holiday",21021
2012-03-01,"Other Europe","Holiday",16321
2012-04-01,"Other Europe","Holiday",11358
2012-05-01,"Other Europe","Holiday",7018
2012-06-01,"Other Europe","Holiday",8440
2012-07-01,"Other Europe","Holiday",15094
2012-08-01,"Other Europe","Holiday",12611
2012-09-01,"Other Europe","Holiday",13714
2012-10-01,"Other Europe","Holiday",19133
2012-11-01,"Other Europe","Holiday",20807
2012-12-01,"Other Europe","Holiday",35275
2013-01-01,"Other Europe","Holiday",22099
2013-02-01,"Other Europe","Holiday",21516
2013-03-01,"Other Europe","Holiday",17169
2013-04-01,"Other Europe","Holiday",11158
2013-05-01,"Other Europe","Holiday",7302
2013-06-01,"Other Europe","Holiday",9770
2013-07-01,"Other Europe","Holiday",15113
2013-08-01,"Other Europe","Holiday",13046
2013-09-01,"Other Europe","Holiday",13705
2013-10-01,"Other Europe","Holiday",19270
2013-11-01,"Other Europe","Holiday",20377
2013-12-01,"Other Europe","Holiday",35893
2014-01-01,"Other Europe","Holiday",23842
2014-02-01,"Other Europe","Holiday",21994
2014-03-01,"Other Europe","Holiday",17493
2014-04-01,"Other Europe","Holiday",12508
2014-05-01,"Other Europe","Holiday",8436
2014-06-01,"Other Europe","Holiday",9407
2014-07-01,"Other Europe","Holiday",16491
2014-08-01,"Other Europe","Holiday",13577
2014-09-01,"Other Europe","Holiday",15324
2014-10-01,"Other Europe","Holiday",17981
2014-11-01,"Other Europe","Holiday",20370
2014-12-01,"Other Europe","Holiday",34542
2015-01-01,"Other Europe","Holiday",21023
2015-02-01,"Other Europe","Holiday",19639
2015-03-01,"Other Europe","Holiday",19354
2015-04-01,"Other Europe","Holiday",11284
2015-05-01,"Other Europe","Holiday",7432
2015-06-01,"Other Europe","Holiday",8772
2015-07-01,"Other Europe","Holiday",15441
2015-08-01,"Other Europe","Holiday",13345
2015-09-01,"Other Europe","Holiday",14461
2015-10-01,"Other Europe","Holiday",20421
2015-11-01,"Other Europe","Holiday",22571
2015-12-01,"Other Europe","Holiday",39290
2016-01-01,"Other Europe","Holiday",26255
2016-02-01,"Other Europe","Holiday",23593
2016-03-01,"Other Europe","Holiday",21461
2016-04-01,"Other Europe","Holiday",12915
2016-05-01,"Other Europe","Holiday",8847
2016-06-01,"Other Europe","Holiday",10064
2016-07-01,"Other Europe","Holiday",19278
2016-08-01,"Other Europe","Holiday",17901
2016-09-01,"Other Europe","Holiday",16459
2016-10-01,"Other Europe","Holiday",23062
2016-11-01,"Other Europe","Holiday",24168
2016-12-01,"Other Europe","Holiday",40275
2017-01-01,"Other Europe","Holiday",28245
2017-02-01,"Other Europe","Holiday",24274
2017-03-01,"Other Europe","Holiday",20897
2017-04-01,"Other Europe","Holiday",16004
2017-05-01,"Other Europe","Holiday",9197
2017-06-01,"Other Europe","Holiday",9404
2017-07-01,"Other Europe","Holiday",20378
2017-08-01,"Other Europe","Holiday",16010
2017-09-01,"Other Europe","Holiday",16226
2017-10-01,"Other Europe","Holiday",22922
2017-11-01,"Other Europe","Holiday",25840
2017-12-01,"Other Europe","Holiday",42917
2018-01-01,"Other Europe","Holiday",29055
2018-02-01,"Other Europe","Holiday",26808
2018-03-01,"Other Europe","Holiday",22736
2018-04-01,"Other Europe","Holiday",14287
2018-05-01,"Other Europe","Holiday",8993
2018-06-01,"Other Europe","Holiday",9952
2018-07-01,"Other Europe","Holiday",21522
2018-08-01,"Other Europe","Holiday",17900
2018-09-01,"Other Europe","Holiday",17842
2018-10-01,"Other Europe","Holiday",24449
2018-11-01,"Other Europe","Holiday",27113
2018-12-01,"Other Europe","Holiday",48369
2019-01-01,"Other Europe","Holiday",30248
2019-02-01,"Other Europe","Holiday",29611
2019-03-01,"Other Europe","Holiday",23320
2019-04-01,"Other Europe","Holiday",16560
2019-05-01,"Other Europe","Holiday",10008
2019-06-01,"Other Europe","Holiday",10953
2019-07-01,"Other Europe","Holiday",22070
2019-08-01,"Other Europe","Holiday",17624
2019-09-01,"Other Europe","Holiday",15667
2019-10-01,"Other Europe","Holiday",23805
2019-11-01,"Other Europe","Holiday",27514
2019-12-01,"Other Europe","Holiday",46315
2020-01-01,"Other Europe","Holiday",27384
2020-02-01,"Other Europe","Holiday",27676
2005-01-01,"Other Europe","Other",2825
2005-02-01,"Other Europe","Other",1277
2005-03-01,"Other Europe","Other",1154
2005-04-01,"Other Europe","Other",1065
2005-05-01,"Other Europe","Other",715
2005-06-01,"Other Europe","Other",1059
2005-07-01,"Other Europe","Other",1345
2005-08-01,"Other Europe","Other",1169
2005-09-01,"Other Europe","Other",1603
2005-10-01,"Other Europe","Other",2012
2005-11-01,"Other Europe","Other",1707
2005-12-01,"Other Europe","Other",1216
2006-01-01,"Other Europe","Other",2114
2006-02-01,"Other Europe","Other",1676
2006-03-01,"Other Europe","Other",1574
2006-04-01,"Other Europe","Other",811
2006-05-01,"Other Europe","Other",932
2006-06-01,"Other Europe","Other",918
2006-07-01,"Other Europe","Other",1153
2006-08-01,"Other Europe","Other",1374
2006-09-01,"Other Europe","Other",1696
2006-10-01,"Other Europe","Other",1409
2006-11-01,"Other Europe","Other",1595
2006-12-01,"Other Europe","Other",1327
2007-01-01,"Other Europe","Other",2121
2007-02-01,"Other Europe","Other",1672
2007-03-01,"Other Europe","Other",3656
2007-04-01,"Other Europe","Other",1055
2007-05-01,"Other Europe","Other",1017
2007-06-01,"Other Europe","Other",848
2007-07-01,"Other Europe","Other",1248
2007-08-01,"Other Europe","Other",1112
2007-09-01,"Other Europe","Other",1508
2007-10-01,"Other Europe","Other",1913
2007-11-01,"Other Europe","Other",1684
2007-12-01,"Other Europe","Other",1375
2008-01-01,"Other Europe","Other",2524
2008-02-01,"Other Europe","Other",1594
2008-03-01,"Other Europe","Other",1363
2008-04-01,"Other Europe","Other",1482
2008-05-01,"Other Europe","Other",927
2008-06-01,"Other Europe","Other",1285
2008-07-01,"Other Europe","Other",11945
2008-08-01,"Other Europe","Other",1469
2008-09-01,"Other Europe","Other",1699
2008-10-01,"Other Europe","Other",1657
2008-11-01,"Other Europe","Other",1619
2008-12-01,"Other Europe","Other",1389
2009-01-01,"Other Europe","Other",1921
2009-02-01,"Other Europe","Other",1663
2009-03-01,"Other Europe","Other",1500
2009-04-01,"Other Europe","Other",980
2009-05-01,"Other Europe","Other",913
2009-06-01,"Other Europe","Other",1104
2009-07-01,"Other Europe","Other",1548
2009-08-01,"Other Europe","Other",1720
2009-09-01,"Other Europe","Other",1539
2009-10-01,"Other Europe","Other",2274
2009-11-01,"Other Europe","Other",1728
2009-12-01,"Other Europe","Other",1642
2010-01-01,"Other Europe","Other",2229
2010-02-01,"Other Europe","Other",1483
2010-03-01,"Other Europe","Other",1595
2010-04-01,"Other Europe","Other",1169
2010-05-01,"Other Europe","Other",886
2010-06-01,"Other Europe","Other",967
2010-07-01,"Other Europe","Other",1295
2010-08-01,"Other Europe","Other",1405
2010-09-01,"Other Europe","Other",1827
2010-10-01,"Other Europe","Other",2030
2010-11-01,"Other Europe","Other",1566
2010-12-01,"Other Europe","Other",1627
2011-01-01,"Other Europe","Other",2449
2011-02-01,"Other Europe","Other",1523
2011-03-01,"Other Europe","Other",2399
2011-04-01,"Other Europe","Other",1352
2011-05-01,"Other Europe","Other",973
2011-06-01,"Other Europe","Other",1267
2011-07-01,"Other Europe","Other",1175
2011-08-01,"Other Europe","Other",1353
2011-09-01,"Other Europe","Other",1646
2011-10-01,"Other Europe","Other",2438
2011-11-01,"Other Europe","Other",1890
2011-12-01,"Other Europe","Other",1750
2012-01-01,"Other Europe","Other",2287
2012-02-01,"Other Europe","Other",2308
2012-03-01,"Other Europe","Other",2070
2012-04-01,"Other Europe","Other",1219
2012-05-01,"Other Europe","Other",1016
2012-06-01,"Other Europe","Other",1316
2012-07-01,"Other Europe","Other",1468
2012-08-01,"Other Europe","Other",1355
2012-09-01,"Other Europe","Other",1812
2012-10-01,"Other Europe","Other",2443
2012-11-01,"Other Europe","Other",2234
2012-12-01,"Other Europe","Other",1608
2013-01-01,"Other Europe","Other",2787
2013-02-01,"Other Europe","Other",1971
2013-03-01,"Other Europe","Other",1401
2013-04-01,"Other Europe","Other",1299
2013-05-01,"Other Europe","Other",1437
2013-06-01,"Other Europe","Other",1046
2013-07-01,"Other Europe","Other",1418
2013-08-01,"Other Europe","Other",1376
2013-09-01,"Other Europe","Other",1645
2013-10-01,"Other Europe","Other",2039
2013-11-01,"Other Europe","Other",1693
2013-12-01,"Other Europe","Other",1409
2014-01-01,"Other Europe","Other",2244
2014-02-01,"Other Europe","Other",1868
2014-03-01,"Other Europe","Other",1906
2014-04-01,"Other Europe","Other",1197
2014-05-01,"Other Europe","Other",1347
2014-06-01,"Other Europe","Other",1003
2014-07-01,"Other Europe","Other",1348
2014-08-01,"Other Europe","Other",1584
2014-09-01,"Other Europe","Other",2022
2014-10-01,"Other Europe","Other",2764
2014-11-01,"Other Europe","Other",1848
2014-12-01,"Other Europe","Other",2149
2015-01-01,"Other Europe","Other",2979
2015-02-01,"Other Europe","Other",1835
2015-03-01,"Other Europe","Other",2041
2015-04-01,"Other Europe","Other",1371
2015-05-01,"Other Europe","Other",1385
2015-06-01,"Other Europe","Other",1354
2015-07-01,"Other Europe","Other",1888
2015-08-01,"Other Europe","Other",1421
2015-09-01,"Other Europe","Other",1637
2015-10-01,"Other Europe","Other",1999
2015-11-01,"Other Europe","Other",1654
2015-12-01,"Other Europe","Other",1394
2016-01-01,"Other Europe","Other",2332
2016-02-01,"Other Europe","Other",2219
2016-03-01,"Other Europe","Other",1559
2016-04-01,"Other Europe","Other",1728
2016-05-01,"Other Europe","Other",1522
2016-06-01,"Other Europe","Other",1285
2016-07-01,"Other Europe","Other",1793
2016-08-01,"Other Europe","Other",1834
2016-09-01,"Other Europe","Other",1946
2016-10-01,"Other Europe","Other",3353
2016-11-01,"Other Europe","Other",1906
2016-12-01,"Other Europe","Other",2015
2017-01-01,"Other Europe","Other",2217
2017-02-01,"Other Europe","Other",1752
2017-03-01,"Other Europe","Other",1909
2017-04-01,"Other Europe","Other",1137
2017-05-01,"Other Europe","Other",1253
2017-06-01,"Other Europe","Other",1270
2017-07-01,"Other Europe","Other",1351
2017-08-01,"Other Europe","Other",1323
2017-09-01,"Other Europe","Other",1630
2017-10-01,"Other Europe","Other",2121
2017-11-01,"Other Europe","Other",1534
2017-12-01,"Other Europe","Other",1457
2018-01-01,"Other Europe","Other",2273
2018-02-01,"Other Europe","Other",1636
2018-03-01,"Other Europe","Other",1871
2018-04-01,"Other Europe","Other",1388
2018-05-01,"Other Europe","Other",1020
2018-06-01,"Other Europe","Other",775
2018-07-01,"Other Europe","Other",1155
2018-08-01,"Other Europe","Other",1339
2018-09-01,"Other Europe","Other",1815
2018-10-01,"Other Europe","Other",2439
2018-11-01,"Other Europe","Other",2268
2018-12-01,"Other Europe","Other",2231
2019-01-01,"Other Europe","Other",2604
2019-02-01,"Other Europe","Other",2028
2019-03-01,"Other Europe","Other",1584
2019-04-01,"Other Europe","Other",1015
2019-05-01,"Other Europe","Other",1095
2019-06-01,"Other Europe","Other",1105
2019-07-01,"Other Europe","Other",1384
2019-08-01,"Other Europe","Other",1567
2019-09-01,"Other Europe","Other",1854
2019-10-01,"Other Europe","Other",2749
2019-11-01,"Other Europe","Other",1522
2019-12-01,"Other Europe","Other",1398
2020-01-01,"Other Europe","Other",2843
2020-02-01,"Other Europe","Other",1645
2005-01-01,"Other Europe","Visiting Friends or Relatives",10195
2005-02-01,"Other Europe","Visiting Friends or Relatives",9524
2005-03-01,"Other Europe","Visiting Friends or Relatives",10349
2005-04-01,"Other Europe","Visiting Friends or Relatives",5056
2005-05-01,"Other Europe","Visiting Friends or Relatives",3568
2005-06-01,"Other Europe","Visiting Friends or Relatives",6000
2005-07-01,"Other Europe","Visiting Friends or Relatives",7988
2005-08-01,"Other Europe","Visiting Friends or Relatives",5085
2005-09-01,"Other Europe","Visiting Friends or Relatives",6091
2005-10-01,"Other Europe","Visiting Friends or Relatives",8189
2005-11-01,"Other Europe","Visiting Friends or Relatives",8721
2005-12-01,"Other Europe","Visiting Friends or Relatives",21619
2006-01-01,"Other Europe","Visiting Friends or Relatives",9470
2006-02-01,"Other Europe","Visiting Friends or Relatives",9617
2006-03-01,"Other Europe","Visiting Friends or Relatives",7933
2006-04-01,"Other Europe","Visiting Friends or Relatives",7373
2006-05-01,"Other Europe","Visiting Friends or Relatives",3476
2006-06-01,"Other Europe","Visiting Friends or Relatives",5929
2006-07-01,"Other Europe","Visiting Friends or Relatives",7422
2006-08-01,"Other Europe","Visiting Friends or Relatives",5171
2006-09-01,"Other Europe","Visiting Friends or Relatives",6305
2006-10-01,"Other Europe","Visiting Friends or Relatives",8753
2006-11-01,"Other Europe","Visiting Friends or Relatives",9338
2006-12-01,"Other Europe","Visiting Friends or Relatives",22719
2007-01-01,"Other Europe","Visiting Friends or Relatives",11105
2007-02-01,"Other Europe","Visiting Friends or Relatives",9736
2007-03-01,"Other Europe","Visiting Friends or Relatives",11071
2007-04-01,"Other Europe","Visiting Friends or Relatives",6648
2007-05-01,"Other Europe","Visiting Friends or Relatives",3916
2007-06-01,"Other Europe","Visiting Friends or Relatives",5952
2007-07-01,"Other Europe","Visiting Friends or Relatives",7586
2007-08-01,"Other Europe","Visiting Friends or Relatives",6616
2007-09-01,"Other Europe","Visiting Friends or Relatives",7008
2007-10-01,"Other Europe","Visiting Friends or Relatives",8575
2007-11-01,"Other Europe","Visiting Friends or Relatives",10490
2007-12-01,"Other Europe","Visiting Friends or Relatives",23742
2008-01-01,"Other Europe","Visiting Friends or Relatives",10870
2008-02-01,"Other Europe","Visiting Friends or Relatives",11008
2008-03-01,"Other Europe","Visiting Friends or Relatives",11584
2008-04-01,"Other Europe","Visiting Friends or Relatives",6887
2008-05-01,"Other Europe","Visiting Friends or Relatives",3632
2008-06-01,"Other Europe","Visiting Friends or Relatives",6574
2008-07-01,"Other Europe","Visiting Friends or Relatives",7719
2008-08-01,"Other Europe","Visiting Friends or Relatives",6215
2008-09-01,"Other Europe","Visiting Friends or Relatives",6994
2008-10-01,"Other Europe","Visiting Friends or Relatives",9264
2008-11-01,"Other Europe","Visiting Friends or Relatives",11099
2008-12-01,"Other Europe","Visiting Friends or Relatives",23916
2009-01-01,"Other Europe","Visiting Friends or Relatives",10608
2009-02-01,"Other Europe","Visiting Friends or Relatives",10562
2009-03-01,"Other Europe","Visiting Friends or Relatives",10077
2009-04-01,"Other Europe","Visiting Friends or Relatives",7862
2009-05-01,"Other Europe","Visiting Friends or Relatives",4623
2009-06-01,"Other Europe","Visiting Friends or Relatives",6616
2009-07-01,"Other Europe","Visiting Friends or Relatives",8735
2009-08-01,"Other Europe","Visiting Friends or Relatives",6618
2009-09-01,"Other Europe","Visiting Friends or Relatives",7712
2009-10-01,"Other Europe","Visiting Friends or Relatives",10255
2009-11-01,"Other Europe","Visiting Friends or Relatives",11713
2009-12-01,"Other Europe","Visiting Friends or Relatives",27101
2010-01-01,"Other Europe","Visiting Friends or Relatives",12796
2010-02-01,"Other Europe","Visiting Friends or Relatives",11958
2010-03-01,"Other Europe","Visiting Friends or Relatives",11587
2010-04-01,"Other Europe","Visiting Friends or Relatives",6379
2010-05-01,"Other Europe","Visiting Friends or Relatives",4370
2010-06-01,"Other Europe","Visiting Friends or Relatives",6429
2010-07-01,"Other Europe","Visiting Friends or Relatives",8091
2010-08-01,"Other Europe","Visiting Friends or Relatives",6695
2010-09-01,"Other Europe","Visiting Friends or Relatives",7394
2010-10-01,"Other Europe","Visiting Friends or Relatives",9359
2010-11-01,"Other Europe","Visiting Friends or Relatives",11202
2010-12-01,"Other Europe","Visiting Friends or Relatives",26261
2011-01-01,"Other Europe","Visiting Friends or Relatives",11630
2011-02-01,"Other Europe","Visiting Friends or Relatives",11476
2011-03-01,"Other Europe","Visiting Friends or Relatives",8875
2011-04-01,"Other Europe","Visiting Friends or Relatives",8561
2011-05-01,"Other Europe","Visiting Friends or Relatives",4068
2011-06-01,"Other Europe","Visiting Friends or Relatives",6101
2011-07-01,"Other Europe","Visiting Friends or Relatives",8501
2011-08-01,"Other Europe","Visiting Friends or Relatives",7074
2011-09-01,"Other Europe","Visiting Friends or Relatives",7525
2011-10-01,"Other Europe","Visiting Friends or Relatives",9458
2011-11-01,"Other Europe","Visiting Friends or Relatives",11393
2011-12-01,"Other Europe","Visiting Friends or Relatives",26803
2012-01-01,"Other Europe","Visiting Friends or Relatives",11917
2012-02-01,"Other Europe","Visiting Friends or Relatives",13536
2012-03-01,"Other Europe","Visiting Friends or Relatives",11997
2012-04-01,"Other Europe","Visiting Friends or Relatives",7636
2012-05-01,"Other Europe","Visiting Friends or Relatives",4915
2012-06-01,"Other Europe","Visiting Friends or Relatives",6627
2012-07-01,"Other Europe","Visiting Friends or Relatives",8227
2012-08-01,"Other Europe","Visiting Friends or Relatives",7583
2012-09-01,"Other Europe","Visiting Friends or Relatives",8420
2012-10-01,"Other Europe","Visiting Friends or Relatives",10090
2012-11-01,"Other Europe","Visiting Friends or Relatives",12292
2012-12-01,"Other Europe","Visiting Friends or Relatives",29551
2013-01-01,"Other Europe","Visiting Friends or Relatives",13386
2013-02-01,"Other Europe","Visiting Friends or Relatives",13271
2013-03-01,"Other Europe","Visiting Friends or Relatives",13159
2013-04-01,"Other Europe","Visiting Friends or Relatives",7435
2013-05-01,"Other Europe","Visiting Friends or Relatives",5498
2013-06-01,"Other Europe","Visiting Friends or Relatives",7633
2013-07-01,"Other Europe","Visiting Friends or Relatives",8662
2013-08-01,"Other Europe","Visiting Friends or Relatives",7846
2013-09-01,"Other Europe","Visiting Friends or Relatives",8871
2013-10-01,"Other Europe","Visiting Friends or Relatives",11910
2013-11-01,"Other Europe","Visiting Friends or Relatives",13713
2013-12-01,"Other Europe","Visiting Friends or Relatives",32856
2014-01-01,"Other Europe","Visiting Friends or Relatives",15183
2014-02-01,"Other Europe","Visiting Friends or Relatives",14876
2014-03-01,"Other Europe","Visiting Friends or Relatives",12429
2014-04-01,"Other Europe","Visiting Friends or Relatives",12140
2014-05-01,"Other Europe","Visiting Friends or Relatives",6090
2014-06-01,"Other Europe","Visiting Friends or Relatives",7545
2014-07-01,"Other Europe","Visiting Friends or Relatives",10791
2014-08-01,"Other Europe","Visiting Friends or Relatives",7683
2014-09-01,"Other Europe","Visiting Friends or Relatives",8729
2014-10-01,"Other Europe","Visiting Friends or Relatives",11383
2014-11-01,"Other Europe","Visiting Friends or Relatives",13282
2014-12-01,"Other Europe","Visiting Friends or Relatives",34147
2015-01-01,"Other Europe","Visiting Friends or Relatives",16677
2015-02-01,"Other Europe","Visiting Friends or Relatives",14737
2015-03-01,"Other Europe","Visiting Friends or Relatives",15256
2015-04-01,"Other Europe","Visiting Friends or Relatives",8614
2015-05-01,"Other Europe","Visiting Friends or Relatives",5173
2015-06-01,"Other Europe","Visiting Friends or Relatives",7196
2015-07-01,"Other Europe","Visiting Friends or Relatives",9810
2015-08-01,"Other Europe","Visiting Friends or Relatives",8425
2015-09-01,"Other Europe","Visiting Friends or Relatives",10378
2015-10-01,"Other Europe","Visiting Friends or Relatives",11104
2015-11-01,"Other Europe","Visiting Friends or Relatives",12522
2015-12-01,"Other Europe","Visiting Friends or Relatives",32682
2016-01-01,"Other Europe","Visiting Friends or Relatives",14453
2016-02-01,"Other Europe","Visiting Friends or Relatives",13727
2016-03-01,"Other Europe","Visiting Friends or Relatives",15144
2016-04-01,"Other Europe","Visiting Friends or Relatives",7970
2016-05-01,"Other Europe","Visiting Friends or Relatives",5251
2016-06-01,"Other Europe","Visiting Friends or Relatives",7827
2016-07-01,"Other Europe","Visiting Friends or Relatives",9700
2016-08-01,"Other Europe","Visiting Friends or Relatives",7906
2016-09-01,"Other Europe","Visiting Friends or Relatives",9036
2016-10-01,"Other Europe","Visiting Friends or Relatives",11713
2016-11-01,"Other Europe","Visiting Friends or Relatives",13718
2016-12-01,"Other Europe","Visiting Friends or Relatives",35314
2017-01-01,"Other Europe","Visiting Friends or Relatives",15168
2017-02-01,"Other Europe","Visiting Friends or Relatives",15318
2017-03-01,"Other Europe","Visiting Friends or Relatives",13616
2017-04-01,"Other Europe","Visiting Friends or Relatives",11565
2017-05-01,"Other Europe","Visiting Friends or Relatives",5127
2017-06-01,"Other Europe","Visiting Friends or Relatives",7290
2017-07-01,"Other Europe","Visiting Friends or Relatives",11434
2017-08-01,"Other Europe","Visiting Friends or Relatives",8610
2017-09-01,"Other Europe","Visiting Friends or Relatives",9584
2017-10-01,"Other Europe","Visiting Friends or Relatives",11924
2017-11-01,"Other Europe","Visiting Friends or Relatives",14659
2017-12-01,"Other Europe","Visiting Friends or Relatives",37599
2018-01-01,"Other Europe","Visiting Friends or Relatives",17293
2018-02-01,"Other Europe","Visiting Friends or Relatives",14951
2018-03-01,"Other Europe","Visiting Friends or Relatives",17656
2018-04-01,"Other Europe","Visiting Friends or Relatives",9019
2018-05-01,"Other Europe","Visiting Friends or Relatives",5897
2018-06-01,"Other Europe","Visiting Friends or Relatives",8215
2018-07-01,"Other Europe","Visiting Friends or Relatives",11897
2018-08-01,"Other Europe","Visiting Friends or Relatives",9795
2018-09-01,"Other Europe","Visiting Friends or Relatives",9742
2018-10-01,"Other Europe","Visiting Friends or Relatives",12785
2018-11-01,"Other Europe","Visiting Friends or Relatives",14728
2018-12-01,"Other Europe","Visiting Friends or Relatives",40446
2019-01-01,"Other Europe","Visiting Friends or Relatives",16248
2019-02-01,"Other Europe","Visiting Friends or Relatives",16075
2019-03-01,"Other Europe","Visiting Friends or Relatives",13529
2019-04-01,"Other Europe","Visiting Friends or Relatives",13188
2019-05-01,"Other Europe","Visiting Friends or Relatives",6506
2019-06-01,"Other Europe","Visiting Friends or Relatives",8008
2019-07-01,"Other Europe","Visiting Friends or Relatives",11269
2019-08-01,"Other Europe","Visiting Friends or Relatives",9120
2019-09-01,"Other Europe","Visiting Friends or Relatives",9610
2019-10-01,"Other Europe","Visiting Friends or Relatives",12696
2019-11-01,"Other Europe","Visiting Friends or Relatives",14718
2019-12-01,"Other Europe","Visiting Friends or Relatives",41735
2020-01-01,"Other Europe","Visiting Friends or Relatives",16761
2020-02-01,"Other Europe","Visiting Friends or Relatives",16294
2005-01-01,"Other world","Business",1543
2005-02-01,"Other world","Business",2223
2005-03-01,"Other world","Business",2760
2005-04-01,"Other world","Business",3360
2005-05-01,"Other world","Business",3203
2005-06-01,"Other world","Business",2647
2005-07-01,"Other world","Business",3166
2005-08-01,"Other world","Business",3545
2005-09-01,"Other world","Business",3360
2005-10-01,"Other world","Business",3358
2005-11-01,"Other world","Business",3477
2005-12-01,"Other world","Business",1890
2006-01-01,"Other world","Business",2287
2006-02-01,"Other world","Business",2608
2006-03-01,"Other world","Business",3745
2006-04-01,"Other world","Business",3284
2006-05-01,"Other world","Business",3579
2006-06-01,"Other world","Business",3078
2006-07-01,"Other world","Business",3796
2006-08-01,"Other world","Business",3484
2006-09-01,"Other world","Business",3879
2006-10-01,"Other world","Business",4104
2006-11-01,"Other world","Business",3896
2006-12-01,"Other world","Business",2606
2007-01-01,"Other world","Business",3209
2007-02-01,"Other world","Business",2997
2007-03-01,"Other world","Business",4318
2007-04-01,"Other world","Business",3153
2007-05-01,"Other world","Business",3179
2007-06-01,"Other world","Business",3066
2007-07-01,"Other world","Business",4472
2007-08-01,"Other world","Business",3667
2007-09-01,"Other world","Business",4166
2007-10-01,"Other world","Business",4045
2007-11-01,"Other world","Business",3769
2007-12-01,"Other world","Business",2035
2008-01-01,"Other world","Business",2278
2008-02-01,"Other world","Business",3462
2008-03-01,"Other world","Business",3633
2008-04-01,"Other world","Business",3412
2008-05-01,"Other world","Business",4418
2008-06-01,"Other world","Business",3456
2008-07-01,"Other world","Business",8414
2008-08-01,"Other world","Business",4183
2008-09-01,"Other world","Business",4069
2008-10-01,"Other world","Business",3922
2008-11-01,"Other world","Business",4558
2008-12-01,"Other world","Business",2158
2009-01-01,"Other world","Business",2255
2009-02-01,"Other world","Business",2942
2009-03-01,"Other world","Business",3400
2009-04-01,"Other world","Business",2949
2009-05-01,"Other world","Business",2967
2009-06-01,"Other world","Business",3218
2009-07-01,"Other world","Business",3544
2009-08-01,"Other world","Business",3475
2009-09-01,"Other world","Business",4016
2009-10-01,"Other world","Business",3720
2009-11-01,"Other world","Business",3649
2009-12-01,"Other world","Business",1989
2010-01-01,"Other world","Business",2229
2010-02-01,"Other world","Business",3012
2010-03-01,"Other world","Business",3373
2010-04-01,"Other world","Business",3665
2010-05-01,"Other world","Business",3786
2010-06-01,"Other world","Business",3712
2010-07-01,"Other world","Business",3643
2010-08-01,"Other world","Business",3961
2010-09-01,"Other world","Business",4168
2010-10-01,"Other world","Business",4327
2010-11-01,"Other world","Business",4385
2010-12-01,"Other world","Business",2643
2011-01-01,"Other world","Business",2315
2011-02-01,"Other world","Business",3230
2011-03-01,"Other world","Business",3832
2011-04-01,"Other world","Business",2698
2011-05-01,"Other world","Business",4130
2011-06-01,"Other world","Business",3302
2011-07-01,"Other world","Business",4178
2011-08-01,"Other world","Business",4028
2011-09-01,"Other world","Business",4272
2011-10-01,"Other world","Business",5869
2011-11-01,"Other world","Business",5033
2011-12-01,"Other world","Business",1975
2012-01-01,"Other world","Business",2884
2012-02-01,"Other world","Business",3645
2012-03-01,"Other world","Business",4098
2012-04-01,"Other world","Business",3381
2012-05-01,"Other world","Business",4384
2012-06-01,"Other world","Business",3156
2012-07-01,"Other world","Business",4145
2012-08-01,"Other world","Business",4278
2012-09-01,"Other world","Business",4273
2012-10-01,"Other world","Business",4405
2012-11-01,"Other world","Business",4816
2012-12-01,"Other world","Business",2801
2013-01-01,"Other world","Business",2249
2013-02-01,"Other world","Business",3245
2013-03-01,"Other world","Business",3548
2013-04-01,"Other world","Business",3283
2013-05-01,"Other world","Business",4137
2013-06-01,"Other world","Business",4478
2013-07-01,"Other world","Business",3064
2013-08-01,"Other world","Business",3787
2013-09-01,"Other world","Business",3352
2013-10-01,"Other world","Business",4222
2013-11-01,"Other world","Business",4209
2013-12-01,"Other world","Business",2106
2014-01-01,"Other world","Business",1940
2014-02-01,"Other world","Business",2664
2014-03-01,"Other world","Business",3683
2014-04-01,"Other world","Business",2449
2014-05-01,"Other world","Business",5297
2014-06-01,"Other world","Business",3696
2014-07-01,"Other world","Business",5357
2014-08-01,"Other world","Business",4076
2014-09-01,"Other world","Business",3811
2014-10-01,"Other world","Business",3929
2014-11-01,"Other world","Business",5590
2014-12-01,"Other world","Business",2423
2015-01-01,"Other world","Business",3083
2015-02-01,"Other world","Business",2739
2015-03-01,"Other world","Business",3466
2015-04-01,"Other world","Business",3265
2015-05-01,"Other world","Business",3412
2015-06-01,"Other world","Business",2929
2015-07-01,"Other world","Business",3039
2015-08-01,"Other world","Business",3781
2015-09-01,"Other world","Business",3550
2015-10-01,"Other world","Business",3832
2015-11-01,"Other world","Business",3758
2015-12-01,"Other world","Business",1375
2016-01-01,"Other world","Business",1828
2016-02-01,"Other world","Business",2777
2016-03-01,"Other world","Business",2969
2016-04-01,"Other world","Business",3177
2016-05-01,"Other world","Business",3329
2016-06-01,"Other world","Business",3001
2016-07-01,"Other world","Business",2789
2016-08-01,"Other world","Business",3018
2016-09-01,"Other world","Business",3575
2016-10-01,"Other world","Business",3348
2016-11-01,"Other world","Business",3681
2016-12-01,"Other world","Business",2095
2017-01-01,"Other world","Business",1819
2017-02-01,"Other world","Business",3183
2017-03-01,"Other world","Business",3526
2017-04-01,"Other world","Business",2808
2017-05-01,"Other world","Business",3526
2017-06-01,"Other world","Business",2749
2017-07-01,"Other world","Business",3676
2017-08-01,"Other world","Business",3609
2017-09-01,"Other world","Business",5129
2017-10-01,"Other world","Business",5178
2017-11-01,"Other world","Business",4230
2017-12-01,"Other world","Business",2299
2018-01-01,"Other world","Business",2410
2018-02-01,"Other world","Business",3250
2018-03-01,"Other world","Business",3878
2018-04-01,"Other world","Business",4186
2018-05-01,"Other world","Business",3945
2018-06-01,"Other world","Business",3653
2018-07-01,"Other world","Business",4332
2018-08-01,"Other world","Business",4420
2018-09-01,"Other world","Business",5182
2018-10-01,"Other world","Business",4326
2018-11-01,"Other world","Business",5503
2018-12-01,"Other world","Business",2858
2019-01-01,"Other world","Business",2462
2019-02-01,"Other world","Business",3816
2019-03-01,"Other world","Business",4397
2019-04-01,"Other world","Business",3170
2019-05-01,"Other world","Business",4149
2019-06-01,"Other world","Business",3977
2019-07-01,"Other world","Business",4135
2019-08-01,"Other world","Business",3984
2019-09-01,"Other world","Business",4955
2019-10-01,"Other world","Business",4419
2019-11-01,"Other world","Business",5131
2019-12-01,"Other world","Business",2468
2020-01-01,"Other world","Business",2148
2020-02-01,"Other world","Business",3601
2005-01-01,"Other world","Education",2139
2005-02-01,"Other world","Education",2119
2005-03-01,"Other world","Education",1147
2005-04-01,"Other world","Education",1047
2005-05-01,"Other world","Education",628
2005-06-01,"Other world","Education",670
2005-07-01,"Other world","Education",2213
2005-08-01,"Other world","Education",917
2005-09-01,"Other world","Education",1156
2005-10-01,"Other world","Education",1156
2005-11-01,"Other world","Education",744
2005-12-01,"Other world","Education",1001
2006-01-01,"Other world","Education",2236
2006-02-01,"Other world","Education",2366
2006-03-01,"Other world","Education",1348
2006-04-01,"Other world","Education",1222
2006-05-01,"Other world","Education",741
2006-06-01,"Other world","Education",854
2006-07-01,"Other world","Education",2425
2006-08-01,"Other world","Education",1316
2006-09-01,"Other world","Education",1190
2006-10-01,"Other world","Education",1400
2006-11-01,"Other world","Education",918
2006-12-01,"Other world","Education",1302
2007-01-01,"Other world","Education",2760
2007-02-01,"Other world","Education",2618
2007-03-01,"Other world","Education",1628
2007-04-01,"Other world","Education",1436
2007-05-01,"Other world","Education",1055
2007-06-01,"Other world","Education",1289
2007-07-01,"Other world","Education",2761
2007-08-01,"Other world","Education",1696
2007-09-01,"Other world","Education",1406
2007-10-01,"Other world","Education",1701
2007-11-01,"Other world","Education",1101
2007-12-01,"Other world","Education",1226
2008-01-01,"Other world","Education",3299
2008-02-01,"Other world","Education",3058
2008-03-01,"Other world","Education",1919
2008-04-01,"Other world","Education",1639
2008-05-01,"Other world","Education",1109
2008-06-01,"Other world","Education",1502
2008-07-01,"Other world","Education",3509
2008-08-01,"Other world","Education",1929
2008-09-01,"Other world","Education",1626
2008-10-01,"Other world","Education",1791
2008-11-01,"Other world","Education",1307
2008-12-01,"Other world","Education",1609
2009-01-01,"Other world","Education",3581
2009-02-01,"Other world","Education",2977
2009-03-01,"Other world","Education",2283
2009-04-01,"Other world","Education",1842
2009-05-01,"Other world","Education",1444
2009-06-01,"Other world","Education",1640
2009-07-01,"Other world","Education",3478
2009-08-01,"Other world","Education",1999
2009-09-01,"Other world","Education",1752
2009-10-01,"Other world","Education",1801
2009-11-01,"Other world","Education",1329
2009-12-01,"Other world","Education",1726
2010-01-01,"Other world","Education",3462
2010-02-01,"Other world","Education",3405
2010-03-01,"Other world","Education",1803
2010-04-01,"Other world","Education",1912
2010-05-01,"Other world","Education",1312
2010-06-01,"Other world","Education",1319
2010-07-01,"Other world","Education",3292
2010-08-01,"Other world","Education",1815
2010-09-01,"Other world","Education",1578
2010-10-01,"Other world","Education",1908
2010-11-01,"Other world","Education",1348
2010-12-01,"Other world","Education",1822
2011-01-01,"Other world","Education",3877
2011-02-01,"Other world","Education",3613
2011-03-01,"Other world","Education",1736
2011-04-01,"Other world","Education",1691
2011-05-01,"Other world","Education",1501
2011-06-01,"Other world","Education",1218
2011-07-01,"Other world","Education",3530
2011-08-01,"Other world","Education",1849
2011-09-01,"Other world","Education",1781
2011-10-01,"Other world","Education",2002
2011-11-01,"Other world","Education",1479
2011-12-01,"Other world","Education",1639
2012-01-01,"Other world","Education",3455
2012-02-01,"Other world","Education",3833
2012-03-01,"Other world","Education",1891
2012-04-01,"Other world","Education",1767
2012-05-01,"Other world","Education",1396
2012-06-01,"Other world","Education",1603
2012-07-01,"Other world","Education",3676
2012-08-01,"Other world","Education",2240
2012-09-01,"Other world","Education",2152
2012-10-01,"Other world","Education",2005
2012-11-01,"Other world","Education",1679
2012-12-01,"Other world","Education",1786
2013-01-01,"Other world","Education",3690
2013-02-01,"Other world","Education",3833
2013-03-01,"Other world","Education",2125
2013-04-01,"Other world","Education",2065
2013-05-01,"Other world","Education",1338
2013-06-01,"Other world","Education",1697
2013-07-01,"Other world","Education",3968
2013-08-01,"Other world","Education",2304
2013-09-01,"Other world","Education",1813
2013-10-01,"Other world","Education",2254
2013-11-01,"Other world","Education",1701
2013-12-01,"Other world","Education",1581
2014-01-01,"Other world","Education",3763
2014-02-01,"Other world","Education",3736
2014-03-01,"Other world","Education",2258
2014-04-01,"Other world","Education",1900
2014-05-01,"Other world","Education",1613
2014-06-01,"Other world","Education",1491
2014-07-01,"Other world","Education",4761
2014-08-01,"Other world","Education",2580
2014-09-01,"Other world","Education",1812
2014-10-01,"Other world","Education",2931
2014-11-01,"Other world","Education",2326
2014-12-01,"Other world","Education",2305
2015-01-01,"Other world","Education",4603
2015-02-01,"Other world","Education",4389
2015-03-01,"Other world","Education",2699
2015-04-01,"Other world","Education",2954
2015-05-01,"Other world","Education",2001
2015-06-01,"Other world","Education",2326
2015-07-01,"Other world","Education",5040
2015-08-01,"Other world","Education",3079
2015-09-01,"Other world","Education",2047
2015-10-01,"Other world","Education",2647
2015-11-01,"Other world","Education",3083
2015-12-01,"Other world","Education",2870
2016-01-01,"Other world","Education",4388
2016-02-01,"Other world","Education",4297
2016-03-01,"Other world","Education",2868
2016-04-01,"Other world","Education",2859
2016-05-01,"Other world","Education",2219
2016-06-01,"Other world","Education",2571
2016-07-01,"Other world","Education",5135
2016-08-01,"Other world","Education",2892
2016-09-01,"Other world","Education",3192
2016-10-01,"Other world","Education",3263
2016-11-01,"Other world","Education",2713
2016-12-01,"Other world","Education",3029
2017-01-01,"Other world","Education",4875
2017-02-01,"Other world","Education",5175
2017-03-01,"Other world","Education",3702
2017-04-01,"Other world","Education",3691
2017-05-01,"Other world","Education",2608
2017-06-01,"Other world","Education",2885
2017-07-01,"Other world","Education",5073
2017-08-01,"Other world","Education",3339
2017-09-01,"Other world","Education",2997
2017-10-01,"Other world","Education",3406
2017-11-01,"Other world","Education",2673
2017-12-01,"Other world","Education",2457
2018-01-01,"Other world","Education",5570
2018-02-01,"Other world","Education",4611
2018-03-01,"Other world","Education",3399
2018-04-01,"Other world","Education",3509
2018-05-01,"Other world","Education",2750
2018-06-01,"Other world","Education",2804
2018-07-01,"Other world","Education",4959
2018-08-01,"Other world","Education",3545
2018-09-01,"Other world","Education",3582
2018-10-01,"Other world","Education",3061
2018-11-01,"Other world","Education",2756
2018-12-01,"Other world","Education",2150
2019-01-01,"Other world","Education",5960
2019-02-01,"Other world","Education",5126
2019-03-01,"Other world","Education",3754
2019-04-01,"Other world","Education",3476
2019-05-01,"Other world","Education",3239
2019-06-01,"Other world","Education",2897
2019-07-01,"Other world","Education",4667
2019-08-01,"Other world","Education",3667
2019-09-01,"Other world","Education",3638
2019-10-01,"Other world","Education",3419
2019-11-01,"Other world","Education",3217
2019-12-01,"Other world","Education",2573
2020-01-01,"Other world","Education",5647
2020-02-01,"Other world","Education",5146
2005-01-01,"Other world","Employment",481
2005-02-01,"Other world","Employment",141
2005-03-01,"Other world","Employment",220
2005-04-01,"Other world","Employment",343
2005-05-01,"Other world","Employment",209
2005-06-01,"Other world","Employment",207
2005-07-01,"Other world","Employment",382
2005-08-01,"Other world","Employment",447
2005-09-01,"Other world","Employment",324
2005-10-01,"Other world","Employment",275
2005-11-01,"Other world","Employment",354
2005-12-01,"Other world","Employment",698
2006-01-01,"Other world","Employment",622
2006-02-01,"Other world","Employment",304
2006-03-01,"Other world","Employment",394
2006-04-01,"Other world","Employment",639
2006-05-01,"Other world","Employment",482
2006-06-01,"Other world","Employment",513
2006-07-01,"Other world","Employment",562
2006-08-01,"Other world","Employment",426
2006-09-01,"Other world","Employment",573
2006-10-01,"Other world","Employment",406
2006-11-01,"Other world","Employment",411
2006-12-01,"Other world","Employment",986
2007-01-01,"Other world","Employment",828
2007-02-01,"Other world","Employment",416
2007-03-01,"Other world","Employment",594
2007-04-01,"Other world","Employment",664
2007-05-01,"Other world","Employment",465
2007-06-01,"Other world","Employment",334
2007-07-01,"Other world","Employment",471
2007-08-01,"Other world","Employment",349
2007-09-01,"Other world","Employment",406
2007-10-01,"Other world","Employment",481
2007-11-01,"Other world","Employment",743
2007-12-01,"Other world","Employment",952
2008-01-01,"Other world","Employment",939
2008-02-01,"Other world","Employment",734
2008-03-01,"Other world","Employment",744
2008-04-01,"Other world","Employment",749
2008-05-01,"Other world","Employment",448
2008-06-01,"Other world","Employment",596
2008-07-01,"Other world","Employment",695
2008-08-01,"Other world","Employment",558
2008-09-01,"Other world","Employment",600
2008-10-01,"Other world","Employment",551
2008-11-01,"Other world","Employment",545
2008-12-01,"Other world","Employment",996
2009-01-01,"Other world","Employment",1035
2009-02-01,"Other world","Employment",749
2009-03-01,"Other world","Employment",628
2009-04-01,"Other world","Employment",574
2009-05-01,"Other world","Employment",440
2009-06-01,"Other world","Employment",468
2009-07-01,"Other world","Employment",487
2009-08-01,"Other world","Employment",544
2009-09-01,"Other world","Employment",569
2009-10-01,"Other world","Employment",517
2009-11-01,"Other world","Employment",503
2009-12-01,"Other world","Employment",801
2010-01-01,"Other world","Employment",846
2010-02-01,"Other world","Employment",558
2010-03-01,"Other world","Employment",325
2010-04-01,"Other world","Employment",584
2010-05-01,"Other world","Employment",554
2010-06-01,"Other world","Employment",467
2010-07-01,"Other world","Employment",434
2010-08-01,"Other world","Employment",458
2010-09-01,"Other world","Employment",528
2010-10-01,"Other world","Employment",596
2010-11-01,"Other world","Employment",480
2010-12-01,"Other world","Employment",985
2011-01-01,"Other world","Employment",928
2011-02-01,"Other world","Employment",637
2011-03-01,"Other world","Employment",634
2011-04-01,"Other world","Employment",654
2011-05-01,"Other world","Employment",529
2011-06-01,"Other world","Employment",409
2011-07-01,"Other world","Employment",480
2011-08-01,"Other world","Employment",527
2011-09-01,"Other world","Employment",831
2011-10-01,"Other world","Employment",941
2011-11-01,"Other world","Employment",544
2011-12-01,"Other world","Employment",932
2012-01-01,"Other world","Employment",1089
2012-02-01,"Other world","Employment",795
2012-03-01,"Other world","Employment",913
2012-04-01,"Other world","Employment",668
2012-05-01,"Other world","Employment",728
2012-06-01,"Other world","Employment",672
2012-07-01,"Other world","Employment",548
2012-08-01,"Other world","Employment",721
2012-09-01,"Other world","Employment",703
2012-10-01,"Other world","Employment",652
2012-11-01,"Other world","Employment",717
2012-12-01,"Other world","Employment",844
2013-01-01,"Other world","Employment",1159
2013-02-01,"Other world","Employment",794
2013-03-01,"Other world","Employment",862
2013-04-01,"Other world","Employment",791
2013-05-01,"Other world","Employment",698
2013-06-01,"Other world","Employment",782
2013-07-01,"Other world","Employment",580
2013-08-01,"Other world","Employment",601
2013-09-01,"Other world","Employment",543
2013-10-01,"Other world","Employment",670
2013-11-01,"Other world","Employment",625
2013-12-01,"Other world","Employment",716
2014-01-01,"Other world","Employment",1257
2014-02-01,"Other world","Employment",673
2014-03-01,"Other world","Employment",681
2014-04-01,"Other world","Employment",780
2014-05-01,"Other world","Employment",703
2014-06-01,"Other world","Employment",568
2014-07-01,"Other world","Employment",661
2014-08-01,"Other world","Employment",731
2014-09-01,"Other world","Employment",667
2014-10-01,"Other world","Employment",1115
2014-11-01,"Other world","Employment",1144
2014-12-01,"Other world","Employment",1644
2015-01-01,"Other world","Employment",1544
2015-02-01,"Other world","Employment",997
2015-03-01,"Other world","Employment",1081
2015-04-01,"Other world","Employment",1053
2015-05-01,"Other world","Employment",1185
2015-06-01,"Other world","Employment",1403
2015-07-01,"Other world","Employment",1263
2015-08-01,"Other world","Employment",1061
2015-09-01,"Other world","Employment",817
2015-10-01,"Other world","Employment",875
2015-11-01,"Other world","Employment",1271
2015-12-01,"Other world","Employment",1537
2016-01-01,"Other world","Employment",1063
2016-02-01,"Other world","Employment",1166
2016-03-01,"Other world","Employment",1053
2016-04-01,"Other world","Employment",906
2016-05-01,"Other world","Employment",833
2016-06-01,"Other world","Employment",925
2016-07-01,"Other world","Employment",1160
2016-08-01,"Other world","Employment",797
2016-09-01,"Other world","Employment",1134
2016-10-01,"Other world","Employment",1312
2016-11-01,"Other world","Employment",1310
2016-12-01,"Other world","Employment",1651
2017-01-01,"Other world","Employment",1604
2017-02-01,"Other world","Employment",1411
2017-03-01,"Other world","Employment",1237
2017-04-01,"Other world","Employment",1059
2017-05-01,"Other world","Employment",1147
2017-06-01,"Other world","Employment",1050
2017-07-01,"Other world","Employment",715
2017-08-01,"Other world","Employment",969
2017-09-01,"Other world","Employment",1169
2017-10-01,"Other world","Employment",1181
2017-11-01,"Other world","Employment",1312
2017-12-01,"Other world","Employment",943
2018-01-01,"Other world","Employment",1376
2018-02-01,"Other world","Employment",814
2018-03-01,"Other world","Employment",1096
2018-04-01,"Other world","Employment",1292
2018-05-01,"Other world","Employment",1433
2018-06-01,"Other world","Employment",1254
2018-07-01,"Other world","Employment",890
2018-08-01,"Other world","Employment",1203
2018-09-01,"Other world","Employment",1664
2018-10-01,"Other world","Employment",1565
2018-11-01,"Other world","Employment",1744
2018-12-01,"Other world","Employment",1451
2019-01-01,"Other world","Employment",1683
2019-02-01,"Other world","Employment",1317
2019-03-01,"Other world","Employment",1419
2019-04-01,"Other world","Employment",1472
2019-05-01,"Other world","Employment",2293
2019-06-01,"Other world","Employment",1448
2019-07-01,"Other world","Employment",1291
2019-08-01,"Other world","Employment",1292
2019-09-01,"Other world","Employment",1749
2019-10-01,"Other world","Employment",1777
2019-11-01,"Other world","Employment",2183
2019-12-01,"Other world","Employment",1334
2020-01-01,"Other world","Employment",2196
2020-02-01,"Other world","Employment",1775
2005-01-01,"Other world","Holiday",10102
2005-02-01,"Other world","Holiday",7494
2005-03-01,"Other world","Holiday",6878
2005-04-01,"Other world","Holiday",5723
2005-05-01,"Other world","Holiday",5058
2005-06-01,"Other world","Holiday",5475
2005-07-01,"Other world","Holiday",6474
2005-08-01,"Other world","Holiday",5183
2005-09-01,"Other world","Holiday",6515
2005-10-01,"Other world","Holiday",5751
2005-11-01,"Other world","Holiday",6687
2005-12-01,"Other world","Holiday",13331
2006-01-01,"Other world","Holiday",10526
2006-02-01,"Other world","Holiday",7231
2006-03-01,"Other world","Holiday",7119
2006-04-01,"Other world","Holiday",7291
2006-05-01,"Other world","Holiday",5740
2006-06-01,"Other world","Holiday",5745
2006-07-01,"Other world","Holiday",6629
2006-08-01,"Other world","Holiday",5009
2006-09-01,"Other world","Holiday",6207
2006-10-01,"Other world","Holiday",6120
2006-11-01,"Other world","Holiday",7660
2006-12-01,"Other world","Holiday",15256
2007-01-01,"Other world","Holiday",10551
2007-02-01,"Other world","Holiday",7300
2007-03-01,"Other world","Holiday",8173
2007-04-01,"Other world","Holiday",8607
2007-05-01,"Other world","Holiday",6305
2007-06-01,"Other world","Holiday",6073
2007-07-01,"Other world","Holiday",7068
2007-08-01,"Other world","Holiday",5553
2007-09-01,"Other world","Holiday",7651
2007-10-01,"Other world","Holiday",6623
2007-11-01,"Other world","Holiday",8204
2007-12-01,"Other world","Holiday",16963
2008-01-01,"Other world","Holiday",11986
2008-02-01,"Other world","Holiday",8619
2008-03-01,"Other world","Holiday",9903
2008-04-01,"Other world","Holiday",7877
2008-05-01,"Other world","Holiday",7643
2008-06-01,"Other world","Holiday",6926
2008-07-01,"Other world","Holiday",9270
2008-08-01,"Other world","Holiday",6596
2008-09-01,"Other world","Holiday",7024
2008-10-01,"Other world","Holiday",7360
2008-11-01,"Other world","Holiday",9207
2008-12-01,"Other world","Holiday",17651
2009-01-01,"Other world","Holiday",13157
2009-02-01,"Other world","Holiday",9260
2009-03-01,"Other world","Holiday",7561
2009-04-01,"Other world","Holiday",8745
2009-05-01,"Other world","Holiday",7630
2009-06-01,"Other world","Holiday",6432
2009-07-01,"Other world","Holiday",8275
2009-08-01,"Other world","Holiday",5806
2009-09-01,"Other world","Holiday",8568
2009-10-01,"Other world","Holiday",8849
2009-11-01,"Other world","Holiday",9075
2009-12-01,"Other world","Holiday",18450
2010-01-01,"Other world","Holiday",13173
2010-02-01,"Other world","Holiday",9412
2010-03-01,"Other world","Holiday",9271
2010-04-01,"Other world","Holiday",8392
2010-05-01,"Other world","Holiday",7737
2010-06-01,"Other world","Holiday",7505
2010-07-01,"Other world","Holiday",8395
2010-08-01,"Other world","Holiday",6859
2010-09-01,"Other world","Holiday",8452
2010-10-01,"Other world","Holiday",8413
2010-11-01,"Other world","Holiday",8889
2010-12-01,"Other world","Holiday",19639
2011-01-01,"Other world","Holiday",13256
2011-02-01,"Other world","Holiday",8349
2011-03-01,"Other world","Holiday",8484
2011-04-01,"Other world","Holiday",8651
2011-05-01,"Other world","Holiday",6931
2011-06-01,"Other world","Holiday",6147
2011-07-01,"Other world","Holiday",8516
2011-08-01,"Other world","Holiday",7034
2011-09-01,"Other world","Holiday",8498
2011-10-01,"Other world","Holiday",10219
2011-11-01,"Other world","Holiday",8343
2011-12-01,"Other world","Holiday",19349
2012-01-01,"Other world","Holiday",13700
2012-02-01,"Other world","Holiday",8508
2012-03-01,"Other world","Holiday",7752
2012-04-01,"Other world","Holiday",8297
2012-05-01,"Other world","Holiday",7443
2012-06-01,"Other world","Holiday",7382
2012-07-01,"Other world","Holiday",8089
2012-08-01,"Other world","Holiday",7050
2012-09-01,"Other world","Holiday",9260
2012-10-01,"Other world","Holiday",8349
2012-11-01,"Other world","Holiday",9135
2012-12-01,"Other world","Holiday",19960
2013-01-01,"Other world","Holiday",13826
2013-02-01,"Other world","Holiday",9388
2013-03-01,"Other world","Holiday",10382
2013-04-01,"Other world","Holiday",8526
2013-05-01,"Other world","Holiday",6894
2013-06-01,"Other world","Holiday",8033
2013-07-01,"Other world","Holiday",7891
2013-08-01,"Other world","Holiday",7852
2013-09-01,"Other world","Holiday",7995
2013-10-01,"Other world","Holiday",8951
2013-11-01,"Other world","Holiday",9092
2013-12-01,"Other world","Holiday",19451
2014-01-01,"Other world","Holiday",13141
2014-02-01,"Other world","Holiday",9950
2014-03-01,"Other world","Holiday",9481
2014-04-01,"Other world","Holiday",9258
2014-05-01,"Other world","Holiday",7050
2014-06-01,"Other world","Holiday",7555
2014-07-01,"Other world","Holiday",8073
2014-08-01,"Other world","Holiday",8408
2014-09-01,"Other world","Holiday",9092
2014-10-01,"Other world","Holiday",9081
2014-11-01,"Other world","Holiday",8971
2014-12-01,"Other world","Holiday",19912
2015-01-01,"Other world","Holiday",12658
2015-02-01,"Other world","Holiday",10191
2015-03-01,"Other world","Holiday",10437
2015-04-01,"Other world","Holiday",9703
2015-05-01,"Other world","Holiday",7185
2015-06-01,"Other world","Holiday",7669
2015-07-01,"Other world","Holiday",8262
2015-08-01,"Other world","Holiday",7734
2015-09-01,"Other world","Holiday",8052
2015-10-01,"Other world","Holiday",10255
2015-11-01,"Other world","Holiday",11389
2015-12-01,"Other world","Holiday",22239
2016-01-01,"Other world","Holiday",14682
2016-02-01,"Other world","Holiday",11613
2016-03-01,"Other world","Holiday",14002
2016-04-01,"Other world","Holiday",10814
2016-05-01,"Other world","Holiday",8983
2016-06-01,"Other world","Holiday",9274
2016-07-01,"Other world","Holiday",10376
2016-08-01,"Other world","Holiday",9545
2016-09-01,"Other world","Holiday",9495
2016-10-01,"Other world","Holiday",11403
2016-11-01,"Other world","Holiday",11867
2016-12-01,"Other world","Holiday",24942
2017-01-01,"Other world","Holiday",15798
2017-02-01,"Other world","Holiday",11379
2017-03-01,"Other world","Holiday",12777
2017-04-01,"Other world","Holiday",12639
2017-05-01,"Other world","Holiday",9643
2017-06-01,"Other world","Holiday",9249
2017-07-01,"Other world","Holiday",10653
2017-08-01,"Other world","Holiday",9737
2017-09-01,"Other world","Holiday",10904
2017-10-01,"Other world","Holiday",12688
2017-11-01,"Other world","Holiday",13970
2017-12-01,"Other world","Holiday",27025
2018-01-01,"Other world","Holiday",18952
2018-02-01,"Other world","Holiday",16035
2018-03-01,"Other world","Holiday",16081
2018-04-01,"Other world","Holiday",12374
2018-05-01,"Other world","Holiday",10443
2018-06-01,"Other world","Holiday",10490
2018-07-01,"Other world","Holiday",11226
2018-08-01,"Other world","Holiday",11170
2018-09-01,"Other world","Holiday",12257
2018-10-01,"Other world","Holiday",11612
2018-11-01,"Other world","Holiday",13510
2018-12-01,"Other world","Holiday",25641
2019-01-01,"Other world","Holiday",17678
2019-02-01,"Other world","Holiday",13920
2019-03-01,"Other world","Holiday",14418
2019-04-01,"Other world","Holiday",12354
2019-05-01,"Other world","Holiday",9778
2019-06-01,"Other world","Holiday",10536
2019-07-01,"Other world","Holiday",10729
2019-08-01,"Other world","Holiday",10733
2019-09-01,"Other world","Holiday",12241
2019-10-01,"Other world","Holiday",12016
2019-11-01,"Other world","Holiday",13493
2019-12-01,"Other world","Holiday",24800
2020-01-01,"Other world","Holiday",17311
2020-02-01,"Other world","Holiday",13513
2005-01-01,"Other world","Other",2597
2005-02-01,"Other world","Other",1842
2005-03-01,"Other world","Other",2041
2005-04-01,"Other world","Other",2179
2005-05-01,"Other world","Other",2321
2005-06-01,"Other world","Other",1777
2005-07-01,"Other world","Other",2115
2005-08-01,"Other world","Other",2236
2005-09-01,"Other world","Other",2156
2005-10-01,"Other world","Other",2110
2005-11-01,"Other world","Other",2634
2005-12-01,"Other world","Other",1600
2006-01-01,"Other world","Other",2119
2006-02-01,"Other world","Other",2170
2006-03-01,"Other world","Other",4007
2006-04-01,"Other world","Other",1903
2006-05-01,"Other world","Other",1796
2006-06-01,"Other world","Other",2287
2006-07-01,"Other world","Other",2208
2006-08-01,"Other world","Other",1777
2006-09-01,"Other world","Other",2129
2006-10-01,"Other world","Other",2429
2006-11-01,"Other world","Other",2510
2006-12-01,"Other world","Other",1871
2007-01-01,"Other world","Other",2298
2007-02-01,"Other world","Other",1928
2007-03-01,"Other world","Other",3395
2007-04-01,"Other world","Other",2389
2007-05-01,"Other world","Other",2652
2007-06-01,"Other world","Other",2080
2007-07-01,"Other world","Other",2041
2007-08-01,"Other world","Other",2056
2007-09-01,"Other world","Other",2178
2007-10-01,"Other world","Other",2493
2007-11-01,"Other world","Other",2621
2007-12-01,"Other world","Other",2073
2008-01-01,"Other world","Other",2141
2008-02-01,"Other world","Other",2024
2008-03-01,"Other world","Other",1871
2008-04-01,"Other world","Other",2314
2008-05-01,"Other world","Other",2145
2008-06-01,"Other world","Other",2366
2008-07-01,"Other world","Other",7251
2008-08-01,"Other world","Other",2239
2008-09-01,"Other world","Other",2251
2008-10-01,"Other world","Other",2711
2008-11-01,"Other world","Other",2372
2008-12-01,"Other world","Other",2106
2009-01-01,"Other world","Other",2073
2009-02-01,"Other world","Other",2041
2009-03-01,"Other world","Other",2559
2009-04-01,"Other world","Other",2316
2009-05-01,"Other world","Other",2688
2009-06-01,"Other world","Other",2119
2009-07-01,"Other world","Other",2435
2009-08-01,"Other world","Other",2772
2009-09-01,"Other world","Other",2875
2009-10-01,"Other world","Other",2958
2009-11-01,"Other world","Other",2677
2009-12-01,"Other world","Other",2528
2010-01-01,"Other world","Other",2378
2010-02-01,"Other world","Other",1987
2010-03-01,"Other world","Other",2458
2010-04-01,"Other world","Other",2402
2010-05-01,"Other world","Other",2267
2010-06-01,"Other world","Other",2053
2010-07-01,"Other world","Other",2194
2010-08-01,"Other world","Other",2268
2010-09-01,"Other world","Other",2623
2010-10-01,"Other world","Other",2992
2010-11-01,"Other world","Other",2537
2010-12-01,"Other world","Other",2403
2011-01-01,"Other world","Other",2641
2011-02-01,"Other world","Other",2413
2011-03-01,"Other world","Other",2686
2011-04-01,"Other world","Other",2053
2011-05-01,"Other world","Other",2595
2011-06-01,"Other world","Other",2268
2011-07-01,"Other world","Other",2591
2011-08-01,"Other world","Other",2384
2011-09-01,"Other world","Other",2782
2011-10-01,"Other world","Other",3170
2011-11-01,"Other world","Other",2840
2011-12-01,"Other world","Other",2175
2012-01-01,"Other world","Other",2637
2012-02-01,"Other world","Other",2850
2012-03-01,"Other world","Other",2255
2012-04-01,"Other world","Other",2439
2012-05-01,"Other world","Other",2328
2012-06-01,"Other world","Other",2587
2012-07-01,"Other world","Other",2465
2012-08-01,"Other world","Other",2093
2012-09-01,"Other world","Other",2485
2012-10-01,"Other world","Other",2789
2012-11-01,"Other world","Other",3041
2012-12-01,"Other world","Other",2293
2013-01-01,"Other world","Other",2952
2013-02-01,"Other world","Other",2456
2013-03-01,"Other world","Other",2886
2013-04-01,"Other world","Other",2262
2013-05-01,"Other world","Other",2427
2013-06-01,"Other world","Other",2930
2013-07-01,"Other world","Other",2442
2013-08-01,"Other world","Other",2159
2013-09-01,"Other world","Other",2540
2013-10-01,"Other world","Other",3048
2013-11-01,"Other world","Other",2728
2013-12-01,"Other world","Other",2390
2014-01-01,"Other world","Other",2465
2014-02-01,"Other world","Other",2450
2014-03-01,"Other world","Other",2501
2014-04-01,"Other world","Other",2459
2014-05-01,"Other world","Other",2316
2014-06-01,"Other world","Other",2347
2014-07-01,"Other world","Other",2393
2014-08-01,"Other world","Other",2677
2014-09-01,"Other world","Other",2452
2014-10-01,"Other world","Other",3052
2014-11-01,"Other world","Other",3202
2014-12-01,"Other world","Other",2827
2015-01-01,"Other world","Other",2881
2015-02-01,"Other world","Other",2447
2015-03-01,"Other world","Other",2985
2015-04-01,"Other world","Other",2291
2015-05-01,"Other world","Other",2433
2015-06-01,"Other world","Other",2392
2015-07-01,"Other world","Other",2470
2015-08-01,"Other world","Other",2106
2015-09-01,"Other world","Other",2433
2015-10-01,"Other world","Other",2817
2015-11-01,"Other world","Other",2299
2015-12-01,"Other world","Other",1908
2016-01-01,"Other world","Other",2413
2016-02-01,"Other world","Other",2242
2016-03-01,"Other world","Other",2257
2016-04-01,"Other world","Other",2707
2016-05-01,"Other world","Other",3200
2016-06-01,"Other world","Other",2274
2016-07-01,"Other world","Other",2314
2016-08-01,"Other world","Other",2554
2016-09-01,"Other world","Other",2422
2016-10-01,"Other world","Other",3128
2016-11-01,"Other world","Other",2766
2016-12-01,"Other world","Other",2467
2017-01-01,"Other world","Other",2501
2017-02-01,"Other world","Other",2210
2017-03-01,"Other world","Other",2472
2017-04-01,"Other world","Other",2337
2017-05-01,"Other world","Other",2121
2017-06-01,"Other world","Other",2205
2017-07-01,"Other world","Other",2056
2017-08-01,"Other world","Other",2377
2017-09-01,"Other world","Other",2484
2017-10-01,"Other world","Other",2434
2017-11-01,"Other world","Other",2325
2017-12-01,"Other world","Other",1640
2018-01-01,"Other world","Other",2333
2018-02-01,"Other world","Other",1627
2018-03-01,"Other world","Other",3648
2018-04-01,"Other world","Other",3402
2018-05-01,"Other world","Other",2400
2018-06-01,"Other world","Other",2243
2018-07-01,"Other world","Other",2295
2018-08-01,"Other world","Other",2182
2018-09-01,"Other world","Other",2858
2018-10-01,"Other world","Other",2457
2018-11-01,"Other world","Other",2882
2018-12-01,"Other world","Other",2720
2019-01-01,"Other world","Other",2739
2019-02-01,"Other world","Other",2484
2019-03-01,"Other world","Other",3039
2019-04-01,"Other world","Other",2499
2019-05-01,"Other world","Other",2540
2019-06-01,"Other world","Other",2710
2019-07-01,"Other world","Other",2201
2019-08-01,"Other world","Other",3083
2019-09-01,"Other world","Other",2620
2019-10-01,"Other world","Other",2962
2019-11-01,"Other world","Other",3236
2019-12-01,"Other world","Other",2195
2020-01-01,"Other world","Other",2489
2020-02-01,"Other world","Other",2730
2005-01-01,"Other world","Visiting Friends or Relatives",4144
2005-02-01,"Other world","Visiting Friends or Relatives",4619
2005-03-01,"Other world","Visiting Friends or Relatives",6782
2005-04-01,"Other world","Visiting Friends or Relatives",4627
2005-05-01,"Other world","Visiting Friends or Relatives",4341
2005-06-01,"Other world","Visiting Friends or Relatives",4139
2005-07-01,"Other world","Visiting Friends or Relatives",4146
2005-08-01,"Other world","Visiting Friends or Relatives",4479
2005-09-01,"Other world","Visiting Friends or Relatives",5642
2005-10-01,"Other world","Visiting Friends or Relatives",4910
2005-11-01,"Other world","Visiting Friends or Relatives",5859
2005-12-01,"Other world","Visiting Friends or Relatives",12358
2006-01-01,"Other world","Visiting Friends or Relatives",3926
2006-02-01,"Other world","Visiting Friends or Relatives",4855
2006-03-01,"Other world","Visiting Friends or Relatives",5274
2006-04-01,"Other world","Visiting Friends or Relatives",6185
2006-05-01,"Other world","Visiting Friends or Relatives",4160
2006-06-01,"Other world","Visiting Friends or Relatives",4927
2006-07-01,"Other world","Visiting Friends or Relatives",4606
2006-08-01,"Other world","Visiting Friends or Relatives",4547
2006-09-01,"Other world","Visiting Friends or Relatives",5641
2006-10-01,"Other world","Visiting Friends or Relatives",5241
2006-11-01,"Other world","Visiting Friends or Relatives",7020
2006-12-01,"Other world","Visiting Friends or Relatives",14913
2007-01-01,"Other world","Visiting Friends or Relatives",4976
2007-02-01,"Other world","Visiting Friends or Relatives",4789
2007-03-01,"Other world","Visiting Friends or Relatives",7132
2007-04-01,"Other world","Visiting Friends or Relatives",6272
2007-05-01,"Other world","Visiting Friends or Relatives",4848
2007-06-01,"Other world","Visiting Friends or Relatives",5164
2007-07-01,"Other world","Visiting Friends or Relatives",4988
2007-08-01,"Other world","Visiting Friends or Relatives",4783
2007-09-01,"Other world","Visiting Friends or Relatives",5824
2007-10-01,"Other world","Visiting Friends or Relatives",5664
2007-11-01,"Other world","Visiting Friends or Relatives",8068
2007-12-01,"Other world","Visiting Friends or Relatives",14156
2008-01-01,"Other world","Visiting Friends or Relatives",4756
2008-02-01,"Other world","Visiting Friends or Relatives",5950
2008-03-01,"Other world","Visiting Friends or Relatives",7628
2008-04-01,"Other world","Visiting Friends or Relatives",7076
2008-05-01,"Other world","Visiting Friends or Relatives",6241
2008-06-01,"Other world","Visiting Friends or Relatives",6360
2008-07-01,"Other world","Visiting Friends or Relatives",6109
2008-08-01,"Other world","Visiting Friends or Relatives",5934
2008-09-01,"Other world","Visiting Friends or Relatives",6875
2008-10-01,"Other world","Visiting Friends or Relatives",7002
2008-11-01,"Other world","Visiting Friends or Relatives",8895
2008-12-01,"Other world","Visiting Friends or Relatives",16661
2009-01-01,"Other world","Visiting Friends or Relatives",5612
2009-02-01,"Other world","Visiting Friends or Relatives",6381
2009-03-01,"Other world","Visiting Friends or Relatives",7580
2009-04-01,"Other world","Visiting Friends or Relatives",8174
2009-05-01,"Other world","Visiting Friends or Relatives",6502
2009-06-01,"Other world","Visiting Friends or Relatives",6833
2009-07-01,"Other world","Visiting Friends or Relatives",6549
2009-08-01,"Other world","Visiting Friends or Relatives",6392
2009-09-01,"Other world","Visiting Friends or Relatives",7504
2009-10-01,"Other world","Visiting Friends or Relatives",7633
2009-11-01,"Other world","Visiting Friends or Relatives",9146
2009-12-01,"Other world","Visiting Friends or Relatives",18989
2010-01-01,"Other world","Visiting Friends or Relatives",6634
2010-02-01,"Other world","Visiting Friends or Relatives",6819
2010-03-01,"Other world","Visiting Friends or Relatives",10026
2010-04-01,"Other world","Visiting Friends or Relatives",7671
2010-05-01,"Other world","Visiting Friends or Relatives",6424
2010-06-01,"Other world","Visiting Friends or Relatives",7147
2010-07-01,"Other world","Visiting Friends or Relatives",6995
2010-08-01,"Other world","Visiting Friends or Relatives",7175
2010-09-01,"Other world","Visiting Friends or Relatives",8319
2010-10-01,"Other world","Visiting Friends or Relatives",7596
2010-11-01,"Other world","Visiting Friends or Relatives",9289
2010-12-01,"Other world","Visiting Friends or Relatives",19610
2011-01-01,"Other world","Visiting Friends or Relatives",6702
2011-02-01,"Other world","Visiting Friends or Relatives",6993
2011-03-01,"Other world","Visiting Friends or Relatives",8880
2011-04-01,"Other world","Visiting Friends or Relatives",9506
2011-05-01,"Other world","Visiting Friends or Relatives",6650
2011-06-01,"Other world","Visiting Friends or Relatives",6763
2011-07-01,"Other world","Visiting Friends or Relatives",7554
2011-08-01,"Other world","Visiting Friends or Relatives",6918
2011-09-01,"Other world","Visiting Friends or Relatives",9243
2011-10-01,"Other world","Visiting Friends or Relatives",8158
2011-11-01,"Other world","Visiting Friends or Relatives",9483
2011-12-01,"Other world","Visiting Friends or Relatives",19627
2012-01-01,"Other world","Visiting Friends or Relatives",7312
2012-02-01,"Other world","Visiting Friends or Relatives",7992
2012-03-01,"Other world","Visiting Friends or Relatives",9607
2012-04-01,"Other world","Visiting Friends or Relatives",8336
2012-05-01,"Other world","Visiting Friends or Relatives",7286
2012-06-01,"Other world","Visiting Friends or Relatives",7987
2012-07-01,"Other world","Visiting Friends or Relatives",6852
2012-08-01,"Other world","Visiting Friends or Relatives",6984
2012-09-01,"Other world","Visiting Friends or Relatives",8743
2012-10-01,"Other world","Visiting Friends or Relatives",8054
2012-11-01,"Other world","Visiting Friends or Relatives",10351
2012-12-01,"Other world","Visiting Friends or Relatives",20095
2013-01-01,"Other world","Visiting Friends or Relatives",6375
2013-02-01,"Other world","Visiting Friends or Relatives",7376
2013-03-01,"Other world","Visiting Friends or Relatives",10907
2013-04-01,"Other world","Visiting Friends or Relatives",8320
2013-05-01,"Other world","Visiting Friends or Relatives",6953
2013-06-01,"Other world","Visiting Friends or Relatives",8199
2013-07-01,"Other world","Visiting Friends or Relatives",6836
2013-08-01,"Other world","Visiting Friends or Relatives",7587
2013-09-01,"Other world","Visiting Friends or Relatives",9556
2013-10-01,"Other world","Visiting Friends or Relatives",8764
2013-11-01,"Other world","Visiting Friends or Relatives",11069
2013-12-01,"Other world","Visiting Friends or Relatives",22452
2014-01-01,"Other world","Visiting Friends or Relatives",8302
2014-02-01,"Other world","Visiting Friends or Relatives",8615
2014-03-01,"Other world","Visiting Friends or Relatives",9203
2014-04-01,"Other world","Visiting Friends or Relatives",10122
2014-05-01,"Other world","Visiting Friends or Relatives",7649
2014-06-01,"Other world","Visiting Friends or Relatives",8570
2014-07-01,"Other world","Visiting Friends or Relatives",7246
2014-08-01,"Other world","Visiting Friends or Relatives",8016
2014-09-01,"Other world","Visiting Friends or Relatives",9326
2014-10-01,"Other world","Visiting Friends or Relatives",8882
2014-11-01,"Other world","Visiting Friends or Relatives",11025
2014-12-01,"Other world","Visiting Friends or Relatives",22657
2015-01-01,"Other world","Visiting Friends or Relatives",9071
2015-02-01,"Other world","Visiting Friends or Relatives",9231
2015-03-01,"Other world","Visiting Friends or Relatives",10992
2015-04-01,"Other world","Visiting Friends or Relatives",9635
2015-05-01,"Other world","Visiting Friends or Relatives",7484
2015-06-01,"Other world","Visiting Friends or Relatives",8448
2015-07-01,"Other world","Visiting Friends or Relatives",7966
2015-08-01,"Other world","Visiting Friends or Relatives",8476
2015-09-01,"Other world","Visiting Friends or Relatives",10315
2015-10-01,"Other world","Visiting Friends or Relatives",9196
2015-11-01,"Other world","Visiting Friends or Relatives",10157
2015-12-01,"Other world","Visiting Friends or Relatives",21608
2016-01-01,"Other world","Visiting Friends or Relatives",8302
2016-02-01,"Other world","Visiting Friends or Relatives",9198
2016-03-01,"Other world","Visiting Friends or Relatives",11674
2016-04-01,"Other world","Visiting Friends or Relatives",9851
2016-05-01,"Other world","Visiting Friends or Relatives",7634
2016-06-01,"Other world","Visiting Friends or Relatives",8748
2016-07-01,"Other world","Visiting Friends or Relatives",8056
2016-08-01,"Other world","Visiting Friends or Relatives",7606
2016-09-01,"Other world","Visiting Friends or Relatives",10282
2016-10-01,"Other world","Visiting Friends or Relatives",9014
2016-11-01,"Other world","Visiting Friends or Relatives",12020
2016-12-01,"Other world","Visiting Friends or Relatives",24091
2017-01-01,"Other world","Visiting Friends or Relatives",8079
2017-02-01,"Other world","Visiting Friends or Relatives",9397
2017-03-01,"Other world","Visiting Friends or Relatives",11644
2017-04-01,"Other world","Visiting Friends or Relatives",12701
2017-05-01,"Other world","Visiting Friends or Relatives",8779
2017-06-01,"Other world","Visiting Friends or Relatives",9432
2017-07-01,"Other world","Visiting Friends or Relatives",9314
2017-08-01,"Other world","Visiting Friends or Relatives",9978
2017-09-01,"Other world","Visiting Friends or Relatives",11611
2017-10-01,"Other world","Visiting Friends or Relatives",11228
2017-11-01,"Other world","Visiting Friends or Relatives",13888
2017-12-01,"Other world","Visiting Friends or Relatives",26920
2018-01-01,"Other world","Visiting Friends or Relatives",9340
2018-02-01,"Other world","Visiting Friends or Relatives",10796
2018-03-01,"Other world","Visiting Friends or Relatives",14691
2018-04-01,"Other world","Visiting Friends or Relatives",12406
2018-05-01,"Other world","Visiting Friends or Relatives",10549
2018-06-01,"Other world","Visiting Friends or Relatives",11633
2018-07-01,"Other world","Visiting Friends or Relatives",10151
2018-08-01,"Other world","Visiting Friends or Relatives",11464
2018-09-01,"Other world","Visiting Friends or Relatives",12655
2018-10-01,"Other world","Visiting Friends or Relatives",11615
2018-11-01,"Other world","Visiting Friends or Relatives",14414
2018-12-01,"Other world","Visiting Friends or Relatives",28962
2019-01-01,"Other world","Visiting Friends or Relatives",10147
2019-02-01,"Other world","Visiting Friends or Relatives",11311
2019-03-01,"Other world","Visiting Friends or Relatives",14148
2019-04-01,"Other world","Visiting Friends or Relatives",13406
2019-05-01,"Other world","Visiting Friends or Relatives",10360
2019-06-01,"Other world","Visiting Friends or Relatives",11320
2019-07-01,"Other world","Visiting Friends or Relatives",9794
2019-08-01,"Other world","Visiting Friends or Relatives",11362
2019-09-01,"Other world","Visiting Friends or Relatives",13418
2019-10-01,"Other world","Visiting Friends or Relatives",12000
2019-11-01,"Other world","Visiting Friends or Relatives",15328
2019-12-01,"Other world","Visiting Friends or Relatives",30151
2020-01-01,"Other world","Visiting Friends or Relatives",9845
2020-02-01,"Other world","Visiting Friends or Relatives",10977
2005-01-01,"Singapore","Business",2347
2005-02-01,"Singapore","Business",3169
2005-03-01,"Singapore","Business",3655
2005-04-01,"Singapore","Business",3435
2005-05-01,"Singapore","Business",3836
2005-06-01,"Singapore","Business",2947
2005-07-01,"Singapore","Business",3770
2005-08-01,"Singapore","Business",4457
2005-09-01,"Singapore","Business",3430
2005-10-01,"Singapore","Business",3594
2005-11-01,"Singapore","Business",4385
2005-12-01,"Singapore","Business",2132
2006-01-01,"Singapore","Business",2358
2006-02-01,"Singapore","Business",4048
2006-03-01,"Singapore","Business",3940
2006-04-01,"Singapore","Business",3390
2006-05-01,"Singapore","Business",4138
2006-06-01,"Singapore","Business",3650
2006-07-01,"Singapore","Business",3909
2006-08-01,"Singapore","Business",4746
2006-09-01,"Singapore","Business",4554
2006-10-01,"Singapore","Business",4731
2006-11-01,"Singapore","Business",4693
2006-12-01,"Singapore","Business",2153
2007-01-01,"Singapore","Business",3471
2007-02-01,"Singapore","Business",3410
2007-03-01,"Singapore","Business",4554
2007-04-01,"Singapore","Business",3513
2007-05-01,"Singapore","Business",4992
2007-06-01,"Singapore","Business",3534
2007-07-01,"Singapore","Business",3656
2007-08-01,"Singapore","Business",4442
2007-09-01,"Singapore","Business",3615
2007-10-01,"Singapore","Business",4764
2007-11-01,"Singapore","Business",4397
2007-12-01,"Singapore","Business",2488
2008-01-01,"Singapore","Business",2742
2008-02-01,"Singapore","Business",4437
2008-03-01,"Singapore","Business",4626
2008-04-01,"Singapore","Business",3978
2008-05-01,"Singapore","Business",4203
2008-06-01,"Singapore","Business",4254
2008-07-01,"Singapore","Business",4236
2008-08-01,"Singapore","Business",3967
2008-09-01,"Singapore","Business",3495
2008-10-01,"Singapore","Business",4186
2008-11-01,"Singapore","Business",3740
2008-12-01,"Singapore","Business",2354
2009-01-01,"Singapore","Business",2236
2009-02-01,"Singapore","Business",3638
2009-03-01,"Singapore","Business",3986
2009-04-01,"Singapore","Business",2805
2009-05-01,"Singapore","Business",3596
2009-06-01,"Singapore","Business",3568
2009-07-01,"Singapore","Business",3094
2009-08-01,"Singapore","Business",4149
2009-09-01,"Singapore","Business",3574
2009-10-01,"Singapore","Business",3855
2009-11-01,"Singapore","Business",4819
2009-12-01,"Singapore","Business",2141
2010-01-01,"Singapore","Business",2654
2010-02-01,"Singapore","Business",3988
2010-03-01,"Singapore","Business",4929
2010-04-01,"Singapore","Business",3788
2010-05-01,"Singapore","Business",4775
2010-06-01,"Singapore","Business",3512
2010-07-01,"Singapore","Business",3631
2010-08-01,"Singapore","Business",4716
2010-09-01,"Singapore","Business",4171
2010-10-01,"Singapore","Business",4934
2010-11-01,"Singapore","Business",4764
2010-12-01,"Singapore","Business",3116
2011-01-01,"Singapore","Business",3100
2011-02-01,"Singapore","Business",4401
2011-03-01,"Singapore","Business",5430
2011-04-01,"Singapore","Business",4149
2011-05-01,"Singapore","Business",4652
2011-06-01,"Singapore","Business",4256
2011-07-01,"Singapore","Business",4450
2011-08-01,"Singapore","Business",4479
2011-09-01,"Singapore","Business",4692
2011-10-01,"Singapore","Business",5122
2011-11-01,"Singapore","Business",5673
2011-12-01,"Singapore","Business",2511
2012-01-01,"Singapore","Business",2574
2012-02-01,"Singapore","Business",5369
2012-03-01,"Singapore","Business",4196
2012-04-01,"Singapore","Business",4344
2012-05-01,"Singapore","Business",5263
2012-06-01,"Singapore","Business",4081
2012-07-01,"Singapore","Business",5087
2012-08-01,"Singapore","Business",4675
2012-09-01,"Singapore","Business",4874
2012-10-01,"Singapore","Business",4822
2012-11-01,"Singapore","Business",4533
2012-12-01,"Singapore","Business",3206
2013-01-01,"Singapore","Business",2954
2013-02-01,"Singapore","Business",4636
2013-03-01,"Singapore","Business",4811
2013-04-01,"Singapore","Business",4516
2013-05-01,"Singapore","Business",5179
2013-06-01,"Singapore","Business",4490
2013-07-01,"Singapore","Business",5376
2013-08-01,"Singapore","Business",4491
2013-09-01,"Singapore","Business",5071
2013-10-01,"Singapore","Business",4949
2013-11-01,"Singapore","Business",5105
2013-12-01,"Singapore","Business",3439
2014-01-01,"Singapore","Business",3180
2014-02-01,"Singapore","Business",5396
2014-03-01,"Singapore","Business",5002
2014-04-01,"Singapore","Business",3395
2014-05-01,"Singapore","Business",5512
2014-06-01,"Singapore","Business",4530
2014-07-01,"Singapore","Business",4446
2014-08-01,"Singapore","Business",5456
2014-09-01,"Singapore","Business",4509
2014-10-01,"Singapore","Business",4966
2014-11-01,"Singapore","Business",5825
2014-12-01,"Singapore","Business",3245
2015-01-01,"Singapore","Business",3379
2015-02-01,"Singapore","Business",4442
2015-03-01,"Singapore","Business",5687
2015-04-01,"Singapore","Business",4646
2015-05-01,"Singapore","Business",5479
2015-06-01,"Singapore","Business",5566
2015-07-01,"Singapore","Business",4401
2015-08-01,"Singapore","Business",4673
2015-09-01,"Singapore","Business",5575
2015-10-01,"Singapore","Business",4629
2015-11-01,"Singapore","Business",6216
2015-12-01,"Singapore","Business",2488
2016-01-01,"Singapore","Business",3257
2016-02-01,"Singapore","Business",5388
2016-03-01,"Singapore","Business",4638
2016-04-01,"Singapore","Business",5384
2016-05-01,"Singapore","Business",5631
2016-06-01,"Singapore","Business",4512
2016-07-01,"Singapore","Business",4841
2016-08-01,"Singapore","Business",5829
2016-09-01,"Singapore","Business",5086
2016-10-01,"Singapore","Business",5410
2016-11-01,"Singapore","Business",6004
2016-12-01,"Singapore","Business",2614
2017-01-01,"Singapore","Business",3134
2017-02-01,"Singapore","Business",5906
2017-03-01,"Singapore","Business",5836
2017-04-01,"Singapore","Business",4160
2017-05-01,"Singapore","Business",5894
2017-06-01,"Singapore","Business",4417
2017-07-01,"Singapore","Business",5671
2017-08-01,"Singapore","Business",6233
2017-09-01,"Singapore","Business",5120
2017-10-01,"Singapore","Business",6264
2017-11-01,"Singapore","Business",7503
2017-12-01,"Singapore","Business",2982
2018-01-01,"Singapore","Business",4371
2018-02-01,"Singapore","Business",6255
2018-03-01,"Singapore","Business",7104
2018-04-01,"Singapore","Business",5413
2018-05-01,"Singapore","Business",6434
2018-06-01,"Singapore","Business",5110
2018-07-01,"Singapore","Business",6061
2018-08-01,"Singapore","Business",5508
2018-09-01,"Singapore","Business",6111
2018-10-01,"Singapore","Business",7364
2018-11-01,"Singapore","Business",6408
2018-12-01,"Singapore","Business",3446
2019-01-01,"Singapore","Business",4918
2019-02-01,"Singapore","Business",6046
2019-03-01,"Singapore","Business",6936
2019-04-01,"Singapore","Business",5155
2019-05-01,"Singapore","Business",7816
2019-06-01,"Singapore","Business",5730
2019-07-01,"Singapore","Business",5981
2019-08-01,"Singapore","Business",6559
2019-09-01,"Singapore","Business",6431
2019-10-01,"Singapore","Business",6640
2019-11-01,"Singapore","Business",6495
2019-12-01,"Singapore","Business",3873
2020-01-01,"Singapore","Business",2925
2020-02-01,"Singapore","Business",4907
2005-01-01,"Singapore","Education",1516
2005-02-01,"Singapore","Education",4288
2005-03-01,"Singapore","Education",779
2005-04-01,"Singapore","Education",756
2005-05-01,"Singapore","Education",716
2005-06-01,"Singapore","Education",479
2005-07-01,"Singapore","Education",3084
2005-08-01,"Singapore","Education",359
2005-09-01,"Singapore","Education",418
2005-10-01,"Singapore","Education",738
2005-11-01,"Singapore","Education",629
2005-12-01,"Singapore","Education",435
2006-01-01,"Singapore","Education",1182
2006-02-01,"Singapore","Education",4181
2006-03-01,"Singapore","Education",813
2006-04-01,"Singapore","Education",597
2006-05-01,"Singapore","Education",396
2006-06-01,"Singapore","Education",891
2006-07-01,"Singapore","Education",3242
2006-08-01,"Singapore","Education",413
2006-09-01,"Singapore","Education",563
2006-10-01,"Singapore","Education",582
2006-11-01,"Singapore","Education",588
2006-12-01,"Singapore","Education",525
2007-01-01,"Singapore","Education",1194
2007-02-01,"Singapore","Education",3539
2007-03-01,"Singapore","Education",735
2007-04-01,"Singapore","Education",723
2007-05-01,"Singapore","Education",712
2007-06-01,"Singapore","Education",688
2007-07-01,"Singapore","Education",2626
2007-08-01,"Singapore","Education",390
2007-09-01,"Singapore","Education",486
2007-10-01,"Singapore","Education",513
2007-11-01,"Singapore","Education",1005
2007-12-01,"Singapore","Education",557
2008-01-01,"Singapore","Education",1286
2008-02-01,"Singapore","Education",3576
2008-03-01,"Singapore","Education",1518
2008-04-01,"Singapore","Education",490
2008-05-01,"Singapore","Education",547
2008-06-01,"Singapore","Education",1040
2008-07-01,"Singapore","Education",2416
2008-08-01,"Singapore","Education",744
2008-09-01,"Singapore","Education",616
2008-10-01,"Singapore","Education",620
2008-11-01,"Singapore","Education",794
2008-12-01,"Singapore","Education",456
2009-01-01,"Singapore","Education",1540
2009-02-01,"Singapore","Education",4058
2009-03-01,"Singapore","Education",1311
2009-04-01,"Singapore","Education",762
2009-05-01,"Singapore","Education",400
2009-06-01,"Singapore","Education",674
2009-07-01,"Singapore","Education",2987
2009-08-01,"Singapore","Education",508
2009-09-01,"Singapore","Education",470
2009-10-01,"Singapore","Education",677
2009-11-01,"Singapore","Education",948
2009-12-01,"Singapore","Education",753
2010-01-01,"Singapore","Education",1534
2010-02-01,"Singapore","Education",3950
2010-03-01,"Singapore","Education",1165
2010-04-01,"Singapore","Education",814
2010-05-01,"Singapore","Education",534
2010-06-01,"Singapore","Education",1144
2010-07-01,"Singapore","Education",3046
2010-08-01,"Singapore","Education",816
2010-09-01,"Singapore","Education",612
2010-10-01,"Singapore","Education",708
2010-11-01,"Singapore","Education",800
2010-12-01,"Singapore","Education",619
2011-01-01,"Singapore","Education",1570
2011-02-01,"Singapore","Education",4229
2011-03-01,"Singapore","Education",879
2011-04-01,"Singapore","Education",526
2011-05-01,"Singapore","Education",925
2011-06-01,"Singapore","Education",855
2011-07-01,"Singapore","Education",3121
2011-08-01,"Singapore","Education",599
2011-09-01,"Singapore","Education",803
2011-10-01,"Singapore","Education",524
2011-11-01,"Singapore","Education",1075
2011-12-01,"Singapore","Education",602
2012-01-01,"Singapore","Education",1385
2012-02-01,"Singapore","Education",3931
2012-03-01,"Singapore","Education",941
2012-04-01,"Singapore","Education",839
2012-05-01,"Singapore","Education",620
2012-06-01,"Singapore","Education",912
2012-07-01,"Singapore","Education",3436
2012-08-01,"Singapore","Education",539
2012-09-01,"Singapore","Education",965
2012-10-01,"Singapore","Education",829
2012-11-01,"Singapore","Education",911
2012-12-01,"Singapore","Education",658
2013-01-01,"Singapore","Education",1481
2013-02-01,"Singapore","Education",3568
2013-03-01,"Singapore","Education",1152
2013-04-01,"Singapore","Education",692
2013-05-01,"Singapore","Education",475
2013-06-01,"Singapore","Education",712
2013-07-01,"Singapore","Education",3033
2013-08-01,"Singapore","Education",743
2013-09-01,"Singapore","Education",781
2013-10-01,"Singapore","Education",927
2013-11-01,"Singapore","Education",874
2013-12-01,"Singapore","Education",573
2014-01-01,"Singapore","Education",1155
2014-02-01,"Singapore","Education",3311
2014-03-01,"Singapore","Education",1219
2014-04-01,"Singapore","Education",774
2014-05-01,"Singapore","Education",540
2014-06-01,"Singapore","Education",745
2014-07-01,"Singapore","Education",2697
2014-08-01,"Singapore","Education",665
2014-09-01,"Singapore","Education",679
2014-10-01,"Singapore","Education",1095
2014-11-01,"Singapore","Education",937
2014-12-01,"Singapore","Education",575
2015-01-01,"Singapore","Education",1349
2015-02-01,"Singapore","Education",3061
2015-03-01,"Singapore","Education",1404
2015-04-01,"Singapore","Education",1096
2015-05-01,"Singapore","Education",510
2015-06-01,"Singapore","Education",954
2015-07-01,"Singapore","Education",3113
2015-08-01,"Singapore","Education",1224
2015-09-01,"Singapore","Education",832
2015-10-01,"Singapore","Education",787
2015-11-01,"Singapore","Education",1338
2015-12-01,"Singapore","Education",1220
2016-01-01,"Singapore","Education",1442
2016-02-01,"Singapore","Education",3581
2016-03-01,"Singapore","Education",968
2016-04-01,"Singapore","Education",945
2016-05-01,"Singapore","Education",481
2016-06-01,"Singapore","Education",836
2016-07-01,"Singapore","Education",2841
2016-08-01,"Singapore","Education",512
2016-09-01,"Singapore","Education",1083
2016-10-01,"Singapore","Education",1472
2016-11-01,"Singapore","Education",784
2016-12-01,"Singapore","Education",1031
2017-01-01,"Singapore","Education",1658
2017-02-01,"Singapore","Education",3990
2017-03-01,"Singapore","Education",825
2017-04-01,"Singapore","Education",991
2017-05-01,"Singapore","Education",532
2017-06-01,"Singapore","Education",916
2017-07-01,"Singapore","Education",3011
2017-08-01,"Singapore","Education",655
2017-09-01,"Singapore","Education",1367
2017-10-01,"Singapore","Education",1013
2017-11-01,"Singapore","Education",661
2017-12-01,"Singapore","Education",591
2018-01-01,"Singapore","Education",1559
2018-02-01,"Singapore","Education",3484
2018-03-01,"Singapore","Education",789
2018-04-01,"Singapore","Education",890
2018-05-01,"Singapore","Education",726
2018-06-01,"Singapore","Education",1029
2018-07-01,"Singapore","Education",2680
2018-08-01,"Singapore","Education",701
2018-09-01,"Singapore","Education",1030
2018-10-01,"Singapore","Education",970
2018-11-01,"Singapore","Education",520
2018-12-01,"Singapore","Education",561
2019-01-01,"Singapore","Education",1535
2019-02-01,"Singapore","Education",3015
2019-03-01,"Singapore","Education",875
2019-04-01,"Singapore","Education",796
2019-05-01,"Singapore","Education",539
2019-06-01,"Singapore","Education",923
2019-07-01,"Singapore","Education",2735
2019-08-01,"Singapore","Education",775
2019-09-01,"Singapore","Education",1026
2019-10-01,"Singapore","Education",927
2019-11-01,"Singapore","Education",635
2019-12-01,"Singapore","Education",706
2020-01-01,"Singapore","Education",1358
2020-02-01,"Singapore","Education",3064
2005-01-01,"Singapore","Employment",257
2005-02-01,"Singapore","Employment",315
2005-03-01,"Singapore","Employment",329
2005-04-01,"Singapore","Employment",166
2005-05-01,"Singapore","Employment",330
2005-06-01,"Singapore","Employment",557
2005-07-01,"Singapore","Employment",280
2005-08-01,"Singapore","Employment",389
2005-09-01,"Singapore","Employment",592
2005-10-01,"Singapore","Employment",912
2005-11-01,"Singapore","Employment",985
2005-12-01,"Singapore","Employment",1217
2006-01-01,"Singapore","Employment",688
2006-02-01,"Singapore","Employment",468
2006-03-01,"Singapore","Employment",534
2006-04-01,"Singapore","Employment",727
2006-05-01,"Singapore","Employment",780
2006-06-01,"Singapore","Employment",1432
2006-07-01,"Singapore","Employment",513
2006-08-01,"Singapore","Employment",693
2006-09-01,"Singapore","Employment",796
2006-10-01,"Singapore","Employment",1151
2006-11-01,"Singapore","Employment",1466
2006-12-01,"Singapore","Employment",1475
2007-01-01,"Singapore","Employment",262
2007-02-01,"Singapore","Employment",576
2007-03-01,"Singapore","Employment",458
2007-04-01,"Singapore","Employment",613
2007-05-01,"Singapore","Employment",761
2007-06-01,"Singapore","Employment",1365
2007-07-01,"Singapore","Employment",392
2007-08-01,"Singapore","Employment",746
2007-09-01,"Singapore","Employment",599
2007-10-01,"Singapore","Employment",501
2007-11-01,"Singapore","Employment",1122
2007-12-01,"Singapore","Employment",1228
2008-01-01,"Singapore","Employment",415
2008-02-01,"Singapore","Employment",844
2008-03-01,"Singapore","Employment",708
2008-04-01,"Singapore","Employment",755
2008-05-01,"Singapore","Employment",1158
2008-06-01,"Singapore","Employment",839
2008-07-01,"Singapore","Employment",523
2008-08-01,"Singapore","Employment",504
2008-09-01,"Singapore","Employment",563
2008-10-01,"Singapore","Employment",443
2008-11-01,"Singapore","Employment",877
2008-12-01,"Singapore","Employment",1185
2009-01-01,"Singapore","Employment",710
2009-02-01,"Singapore","Employment",499
2009-03-01,"Singapore","Employment",566
2009-04-01,"Singapore","Employment",867
2009-05-01,"Singapore","Employment",741
2009-06-01,"Singapore","Employment",823
2009-07-01,"Singapore","Employment",484
2009-08-01,"Singapore","Employment",568
2009-09-01,"Singapore","Employment",776
2009-10-01,"Singapore","Employment",465
2009-11-01,"Singapore","Employment",687
2009-12-01,"Singapore","Employment",1075
2010-01-01,"Singapore","Employment",375
2010-02-01,"Singapore","Employment",745
2010-03-01,"Singapore","Employment",652
2010-04-01,"Singapore","Employment",666
2010-05-01,"Singapore","Employment",593
2010-06-01,"Singapore","Employment",621
2010-07-01,"Singapore","Employment",540
2010-08-01,"Singapore","Employment",512
2010-09-01,"Singapore","Employment",526
2010-10-01,"Singapore","Employment",602
2010-11-01,"Singapore","Employment",890
2010-12-01,"Singapore","Employment",960
2011-01-01,"Singapore","Employment",598
2011-02-01,"Singapore","Employment",796
2011-03-01,"Singapore","Employment",674
2011-04-01,"Singapore","Employment",627
2011-05-01,"Singapore","Employment",549
2011-06-01,"Singapore","Employment",965
2011-07-01,"Singapore","Employment",605
2011-08-01,"Singapore","Employment",565
2011-09-01,"Singapore","Employment",695
2011-10-01,"Singapore","Employment",582
2011-11-01,"Singapore","Employment",783
2011-12-01,"Singapore","Employment",748
2012-01-01,"Singapore","Employment",732
2012-02-01,"Singapore","Employment",525
2012-03-01,"Singapore","Employment",345
2012-04-01,"Singapore","Employment",477
2012-05-01,"Singapore","Employment",469
2012-06-01,"Singapore","Employment",543
2012-07-01,"Singapore","Employment",679
2012-08-01,"Singapore","Employment",753
2012-09-01,"Singapore","Employment",764
2012-10-01,"Singapore","Employment",624
2012-11-01,"Singapore","Employment",703
2012-12-01,"Singapore","Employment",790
2013-01-01,"Singapore","Employment",392
2013-02-01,"Singapore","Employment",715
2013-03-01,"Singapore","Employment",785
2013-04-01,"Singapore","Employment",635
2013-05-01,"Singapore","Employment",509
2013-06-01,"Singapore","Employment",775
2013-07-01,"Singapore","Employment",413
2013-08-01,"Singapore","Employment",700
2013-09-01,"Singapore","Employment",443
2013-10-01,"Singapore","Employment",576
2013-11-01,"Singapore","Employment",728
2013-12-01,"Singapore","Employment",904
2014-01-01,"Singapore","Employment",444
2014-02-01,"Singapore","Employment",580
2014-03-01,"Singapore","Employment",648
2014-04-01,"Singapore","Employment",489
2014-05-01,"Singapore","Employment",414
2014-06-01,"Singapore","Employment",503
2014-07-01,"Singapore","Employment",508
2014-08-01,"Singapore","Employment",353
2014-09-01,"Singapore","Employment",574
2014-10-01,"Singapore","Employment",1014
2014-11-01,"Singapore","Employment",1265
2014-12-01,"Singapore","Employment",2143
2015-01-01,"Singapore","Employment",537
2015-02-01,"Singapore","Employment",1032
2015-03-01,"Singapore","Employment",623
2015-04-01,"Singapore","Employment",959
2015-05-01,"Singapore","Employment",1037
2015-06-01,"Singapore","Employment",1385
2015-07-01,"Singapore","Employment",1073
2015-08-01,"Singapore","Employment",1163
2015-09-01,"Singapore","Employment",920
2015-10-01,"Singapore","Employment",692
2015-11-01,"Singapore","Employment",1242
2015-12-01,"Singapore","Employment",1498
2016-01-01,"Singapore","Employment",430
2016-02-01,"Singapore","Employment",755
2016-03-01,"Singapore","Employment",673
2016-04-01,"Singapore","Employment",819
2016-05-01,"Singapore","Employment",849
2016-06-01,"Singapore","Employment",844
2016-07-01,"Singapore","Employment",679
2016-08-01,"Singapore","Employment",739
2016-09-01,"Singapore","Employment",975
2016-10-01,"Singapore","Employment",1273
2016-11-01,"Singapore","Employment",835
2016-12-01,"Singapore","Employment",1401
2017-01-01,"Singapore","Employment",807
2017-02-01,"Singapore","Employment",742
2017-03-01,"Singapore","Employment",755
2017-04-01,"Singapore","Employment",705
2017-05-01,"Singapore","Employment",775
2017-06-01,"Singapore","Employment",1131
2017-07-01,"Singapore","Employment",682
2017-08-01,"Singapore","Employment",865
2017-09-01,"Singapore","Employment",844
2017-10-01,"Singapore","Employment",320
2017-11-01,"Singapore","Employment",320
2017-12-01,"Singapore","Employment",435
2018-01-01,"Singapore","Employment",477
2018-02-01,"Singapore","Employment",366
2018-03-01,"Singapore","Employment",346
2018-04-01,"Singapore","Employment",205
2018-05-01,"Singapore","Employment",236
2018-06-01,"Singapore","Employment",301
2018-07-01,"Singapore","Employment",434
2018-08-01,"Singapore","Employment",346
2018-09-01,"Singapore","Employment",277
2018-10-01,"Singapore","Employment",292
2018-11-01,"Singapore","Employment",280
2018-12-01,"Singapore","Employment",366
2019-01-01,"Singapore","Employment",426
2019-02-01,"Singapore","Employment",468
2019-03-01,"Singapore","Employment",337
2019-04-01,"Singapore","Employment",242
2019-05-01,"Singapore","Employment",167
2019-06-01,"Singapore","Employment",342
2019-07-01,"Singapore","Employment",259
2019-08-01,"Singapore","Employment",380
2019-09-01,"Singapore","Employment",347
2019-10-01,"Singapore","Employment",214
2019-11-01,"Singapore","Employment",343
2019-12-01,"Singapore","Employment",230
2020-01-01,"Singapore","Employment",512
2020-02-01,"Singapore","Employment",420
2005-01-01,"Singapore","Holiday",3502
2005-02-01,"Singapore","Holiday",10865
2005-03-01,"Singapore","Holiday",11545
2005-04-01,"Singapore","Holiday",8522
2005-05-01,"Singapore","Holiday",11569
2005-06-01,"Singapore","Holiday",19354
2005-07-01,"Singapore","Holiday",6390
2005-08-01,"Singapore","Holiday",6768
2005-09-01,"Singapore","Holiday",7471
2005-10-01,"Singapore","Holiday",10217
2005-11-01,"Singapore","Holiday",13053
2005-12-01,"Singapore","Holiday",20101
2006-01-01,"Singapore","Holiday",6020
2006-02-01,"Singapore","Holiday",4128
2006-03-01,"Singapore","Holiday",7191
2006-04-01,"Singapore","Holiday",8288
2006-05-01,"Singapore","Holiday",7747
2006-06-01,"Singapore","Holiday",13294
2006-07-01,"Singapore","Holiday",4905
2006-08-01,"Singapore","Holiday",5885
2006-09-01,"Singapore","Holiday",6750
2006-10-01,"Singapore","Holiday",7715
2006-11-01,"Singapore","Holiday",13267
2006-12-01,"Singapore","Holiday",20568
2007-01-01,"Singapore","Holiday",2872
2007-02-01,"Singapore","Holiday",8193
2007-03-01,"Singapore","Holiday",7905
2007-04-01,"Singapore","Holiday",8316
2007-05-01,"Singapore","Holiday",10535
2007-06-01,"Singapore","Holiday",14224
2007-07-01,"Singapore","Holiday",4518
2007-08-01,"Singapore","Holiday",7330
2007-09-01,"Singapore","Holiday",6219
2007-10-01,"Singapore","Holiday",5783
2007-11-01,"Singapore","Holiday",14625
2007-12-01,"Singapore","Holiday",19766
2008-01-01,"Singapore","Holiday",2295
2008-02-01,"Singapore","Holiday",7781
2008-03-01,"Singapore","Holiday",9490
2008-04-01,"Singapore","Holiday",6087
2008-05-01,"Singapore","Holiday",10295
2008-06-01,"Singapore","Holiday",12612
2008-07-01,"Singapore","Holiday",5197
2008-08-01,"Singapore","Holiday",6098
2008-09-01,"Singapore","Holiday",5644
2008-10-01,"Singapore","Holiday",6667
2008-11-01,"Singapore","Holiday",13604
2008-12-01,"Singapore","Holiday",20384
2009-01-01,"Singapore","Holiday",5799
2009-02-01,"Singapore","Holiday",5032
2009-03-01,"Singapore","Holiday",9292
2009-04-01,"Singapore","Holiday",9526
2009-05-01,"Singapore","Holiday",11068
2009-06-01,"Singapore","Holiday",14950
2009-07-01,"Singapore","Holiday",4489
2009-08-01,"Singapore","Holiday",6392
2009-09-01,"Singapore","Holiday",8139
2009-10-01,"Singapore","Holiday",7140
2009-11-01,"Singapore","Holiday",14079
2009-12-01,"Singapore","Holiday",20999
2010-01-01,"Singapore","Holiday",3142
2010-02-01,"Singapore","Holiday",8635
2010-03-01,"Singapore","Holiday",9458
2010-04-01,"Singapore","Holiday",7893
2010-05-01,"Singapore","Holiday",9911
2010-06-01,"Singapore","Holiday",15420
2010-07-01,"Singapore","Holiday",6741
2010-08-01,"Singapore","Holiday",7649
2010-09-01,"Singapore","Holiday",9157
2010-10-01,"Singapore","Holiday",8110
2010-11-01,"Singapore","Holiday",15982
2010-12-01,"Singapore","Holiday",21054
2011-01-01,"Singapore","Holiday",3746
2011-02-01,"Singapore","Holiday",8465
2011-03-01,"Singapore","Holiday",7971
2011-04-01,"Singapore","Holiday",9012
2011-05-01,"Singapore","Holiday",8139
2011-06-01,"Singapore","Holiday",16230
2011-07-01,"Singapore","Holiday",6801
2011-08-01,"Singapore","Holiday",7309
2011-09-01,"Singapore","Holiday",7015
2011-10-01,"Singapore","Holiday",7454
2011-11-01,"Singapore","Holiday",13711
2011-12-01,"Singapore","Holiday",22546
2012-01-01,"Singapore","Holiday",5182
2012-02-01,"Singapore","Holiday",4571
2012-03-01,"Singapore","Holiday",9470
2012-04-01,"Singapore","Holiday",7972
2012-05-01,"Singapore","Holiday",8187
2012-06-01,"Singapore","Holiday",20102
2012-07-01,"Singapore","Holiday",7537
2012-08-01,"Singapore","Holiday",11500
2012-09-01,"Singapore","Holiday",9733
2012-10-01,"Singapore","Holiday",9204
2012-11-01,"Singapore","Holiday",17331
2012-12-01,"Singapore","Holiday",25717
2013-01-01,"Singapore","Holiday",3551
2013-02-01,"Singapore","Holiday",9462
2013-03-01,"Singapore","Holiday",12890
2013-04-01,"Singapore","Holiday",8013
2013-05-01,"Singapore","Holiday",10253
2013-06-01,"Singapore","Holiday",23729
2013-07-01,"Singapore","Holiday",8728
2013-08-01,"Singapore","Holiday",14397
2013-09-01,"Singapore","Holiday",11424
2013-10-01,"Singapore","Holiday",11651
2013-11-01,"Singapore","Holiday",20996
2013-12-01,"Singapore","Holiday",32094
2014-01-01,"Singapore","Holiday",8087
2014-02-01,"Singapore","Holiday",8339
2014-03-01,"Singapore","Holiday",15433
2014-04-01,"Singapore","Holiday",10630
2014-05-01,"Singapore","Holiday",14326
2014-06-01,"Singapore","Holiday",28296
2014-07-01,"Singapore","Holiday",11440
2014-08-01,"Singapore","Holiday",11476
2014-09-01,"Singapore","Holiday",14373
2014-10-01,"Singapore","Holiday",13560
2014-11-01,"Singapore","Holiday",22052
2014-12-01,"Singapore","Holiday",28027
2015-01-01,"Singapore","Holiday",3697
2015-02-01,"Singapore","Holiday",12171
2015-03-01,"Singapore","Holiday",13150
2015-04-01,"Singapore","Holiday",12452
2015-05-01,"Singapore","Holiday",13898
2015-06-01,"Singapore","Holiday",24834
2015-07-01,"Singapore","Holiday",10998
2015-08-01,"Singapore","Holiday",15352
2015-09-01,"Singapore","Holiday",15787
2015-10-01,"Singapore","Holiday",13451
2015-11-01,"Singapore","Holiday",28100
2015-12-01,"Singapore","Holiday",36670
2016-01-01,"Singapore","Holiday",5547
2016-02-01,"Singapore","Holiday",15061
2016-03-01,"Singapore","Holiday",21356
2016-04-01,"Singapore","Holiday",17163
2016-05-01,"Singapore","Holiday",20800
2016-06-01,"Singapore","Holiday",33432
2016-07-01,"Singapore","Holiday",14658
2016-08-01,"Singapore","Holiday",16944
2016-09-01,"Singapore","Holiday",20739
2016-10-01,"Singapore","Holiday",14924
2016-11-01,"Singapore","Holiday",26924
2016-12-01,"Singapore","Holiday",36750
2017-01-01,"Singapore","Holiday",9026
2017-02-01,"Singapore","Holiday",10118
2017-03-01,"Singapore","Holiday",19488
2017-04-01,"Singapore","Holiday",19712
2017-05-01,"Singapore","Holiday",22874
2017-06-01,"Singapore","Holiday",31850
2017-07-01,"Singapore","Holiday",13511
2017-08-01,"Singapore","Holiday",20134
2017-09-01,"Singapore","Holiday",17664
2017-10-01,"Singapore","Holiday",20558
2017-11-01,"Singapore","Holiday",27250
2017-12-01,"Singapore","Holiday",33553
2018-01-01,"Singapore","Holiday",5021
2018-02-01,"Singapore","Holiday",14473
2018-03-01,"Singapore","Holiday",21833
2018-04-01,"Singapore","Holiday",14969
2018-05-01,"Singapore","Holiday",22991
2018-06-01,"Singapore","Holiday",32836
2018-07-01,"Singapore","Holiday",14474
2018-08-01,"Singapore","Holiday",22622
2018-09-01,"Singapore","Holiday",18174
2018-10-01,"Singapore","Holiday",17345
2018-11-01,"Singapore","Holiday",32338
2018-12-01,"Singapore","Holiday",38093
2019-01-01,"Singapore","Holiday",6596
2019-02-01,"Singapore","Holiday",15610
2019-03-01,"Singapore","Holiday",22245
2019-04-01,"Singapore","Holiday",15574
2019-05-01,"Singapore","Holiday",25738
2019-06-01,"Singapore","Holiday",42209
2019-07-01,"Singapore","Holiday",17180
2019-08-01,"Singapore","Holiday",27826
2019-09-01,"Singapore","Holiday",19959
2019-10-01,"Singapore","Holiday",22026
2019-11-01,"Singapore","Holiday",32909
2019-12-01,"Singapore","Holiday",36169
2020-01-01,"Singapore","Holiday",9257
2020-02-01,"Singapore","Holiday",9776
2005-01-01,"Singapore","Other",699
2005-02-01,"Singapore","Other",502
2005-03-01,"Singapore","Other",489
2005-04-01,"Singapore","Other",382
2005-05-01,"Singapore","Other",830
2005-06-01,"Singapore","Other",562
2005-07-01,"Singapore","Other",531
2005-08-01,"Singapore","Other",389
2005-09-01,"Singapore","Other",525
2005-10-01,"Singapore","Other",1026
2005-11-01,"Singapore","Other",2220
2005-12-01,"Singapore","Other",476
2006-01-01,"Singapore","Other",640
2006-02-01,"Singapore","Other",580
2006-03-01,"Singapore","Other",704
2006-04-01,"Singapore","Other",353
2006-05-01,"Singapore","Other",430
2006-06-01,"Singapore","Other",607
2006-07-01,"Singapore","Other",592
2006-08-01,"Singapore","Other",311
2006-09-01,"Singapore","Other",664
2006-10-01,"Singapore","Other",843
2006-11-01,"Singapore","Other",727
2006-12-01,"Singapore","Other",363
2007-01-01,"Singapore","Other",543
2007-02-01,"Singapore","Other",512
2007-03-01,"Singapore","Other",851
2007-04-01,"Singapore","Other",535
2007-05-01,"Singapore","Other",597
2007-06-01,"Singapore","Other",442
2007-07-01,"Singapore","Other",321
2007-08-01,"Singapore","Other",363
2007-09-01,"Singapore","Other",671
2007-10-01,"Singapore","Other",828
2007-11-01,"Singapore","Other",778
2007-12-01,"Singapore","Other",467
2008-01-01,"Singapore","Other",483
2008-02-01,"Singapore","Other",475
2008-03-01,"Singapore","Other",618
2008-04-01,"Singapore","Other",617
2008-05-01,"Singapore","Other",457
2008-06-01,"Singapore","Other",862
2008-07-01,"Singapore","Other",795
2008-08-01,"Singapore","Other",458
2008-09-01,"Singapore","Other",705
2008-10-01,"Singapore","Other",751
2008-11-01,"Singapore","Other",710
2008-12-01,"Singapore","Other",492
2009-01-01,"Singapore","Other",461
2009-02-01,"Singapore","Other",566
2009-03-01,"Singapore","Other",429
2009-04-01,"Singapore","Other",409
2009-05-01,"Singapore","Other",620
2009-06-01,"Singapore","Other",625
2009-07-01,"Singapore","Other",526
2009-08-01,"Singapore","Other",344
2009-09-01,"Singapore","Other",496
2009-10-01,"Singapore","Other",867
2009-11-01,"Singapore","Other",637
2009-12-01,"Singapore","Other",670
2010-01-01,"Singapore","Other",399
2010-02-01,"Singapore","Other",691
2010-03-01,"Singapore","Other",740
2010-04-01,"Singapore","Other",529
2010-05-01,"Singapore","Other",460
2010-06-01,"Singapore","Other",830
2010-07-01,"Singapore","Other",747
2010-08-01,"Singapore","Other",452
2010-09-01,"Singapore","Other",792
2010-10-01,"Singapore","Other",1973
2010-11-01,"Singapore","Other",2209
2010-12-01,"Singapore","Other",529
2011-01-01,"Singapore","Other",460
2011-02-01,"Singapore","Other",976
2011-03-01,"Singapore","Other",657
2011-04-01,"Singapore","Other",572
2011-05-01,"Singapore","Other",777
2011-06-01,"Singapore","Other",802
2011-07-01,"Singapore","Other",647
2011-08-01,"Singapore","Other",567
2011-09-01,"Singapore","Other",1825
2011-10-01,"Singapore","Other",1479
2011-11-01,"Singapore","Other",1242
2011-12-01,"Singapore","Other",508
2012-01-01,"Singapore","Other",440
2012-02-01,"Singapore","Other",734
2012-03-01,"Singapore","Other",712
2012-04-01,"Singapore","Other",671
2012-05-01,"Singapore","Other",475
2012-06-01,"Singapore","Other",786
2012-07-01,"Singapore","Other",757
2012-08-01,"Singapore","Other",532
2012-09-01,"Singapore","Other",940
2012-10-01,"Singapore","Other",1253
2012-11-01,"Singapore","Other",727
2012-12-01,"Singapore","Other",550
2013-01-01,"Singapore","Other",546
2013-02-01,"Singapore","Other",649
2013-03-01,"Singapore","Other",581
2013-04-01,"Singapore","Other",682
2013-05-01,"Singapore","Other",635
2013-06-01,"Singapore","Other",648
2013-07-01,"Singapore","Other",623
2013-08-01,"Singapore","Other",410
2013-09-01,"Singapore","Other",661
2013-10-01,"Singapore","Other",667
2013-11-01,"Singapore","Other",1054
2013-12-01,"Singapore","Other",727
2014-01-01,"Singapore","Other",488
2014-02-01,"Singapore","Other",680
2014-03-01,"Singapore","Other",575
2014-04-01,"Singapore","Other",331
2014-05-01,"Singapore","Other",897
2014-06-01,"Singapore","Other",795
2014-07-01,"Singapore","Other",674
2014-08-01,"Singapore","Other",624
2014-09-01,"Singapore","Other",969
2014-10-01,"Singapore","Other",1560
2014-11-01,"Singapore","Other",894
2014-12-01,"Singapore","Other",937
2015-01-01,"Singapore","Other",513
2015-02-01,"Singapore","Other",1041
2015-03-01,"Singapore","Other",744
2015-04-01,"Singapore","Other",692
2015-05-01,"Singapore","Other",708
2015-06-01,"Singapore","Other",748
2015-07-01,"Singapore","Other",754
2015-08-01,"Singapore","Other",569
2015-09-01,"Singapore","Other",909
2015-10-01,"Singapore","Other",1051
2015-11-01,"Singapore","Other",753
2015-12-01,"Singapore","Other",728
2016-01-01,"Singapore","Other",720
2016-02-01,"Singapore","Other",690
2016-03-01,"Singapore","Other",686
2016-04-01,"Singapore","Other",878
2016-05-01,"Singapore","Other",874
2016-06-01,"Singapore","Other",837
2016-07-01,"Singapore","Other",912
2016-08-01,"Singapore","Other",655
2016-09-01,"Singapore","Other",1406
2016-10-01,"Singapore","Other",1481
2016-11-01,"Singapore","Other",760
2016-12-01,"Singapore","Other",888
2017-01-01,"Singapore","Other",304
2017-02-01,"Singapore","Other",815
2017-03-01,"Singapore","Other",656
2017-04-01,"Singapore","Other",497
2017-05-01,"Singapore","Other",487
2017-06-01,"Singapore","Other",697
2017-07-01,"Singapore","Other",487
2017-08-01,"Singapore","Other",826
2017-09-01,"Singapore","Other",1157
2017-10-01,"Singapore","Other",607
2017-11-01,"Singapore","Other",714
2017-12-01,"Singapore","Other",597
2018-01-01,"Singapore","Other",544
2018-02-01,"Singapore","Other",785
2018-03-01,"Singapore","Other",650
2018-04-01,"Singapore","Other",618
2018-05-01,"Singapore","Other",560
2018-06-01,"Singapore","Other",638
2018-07-01,"Singapore","Other",926
2018-08-01,"Singapore","Other",522
2018-09-01,"Singapore","Other",927
2018-10-01,"Singapore","Other",1435
2018-11-01,"Singapore","Other",841
2018-12-01,"Singapore","Other",1098
2019-01-01,"Singapore","Other",609
2019-02-01,"Singapore","Other",620
2019-03-01,"Singapore","Other",634
2019-04-01,"Singapore","Other",577
2019-05-01,"Singapore","Other",460
2019-06-01,"Singapore","Other",681
2019-07-01,"Singapore","Other",611
2019-08-01,"Singapore","Other",639
2019-09-01,"Singapore","Other",1272
2019-10-01,"Singapore","Other",1176
2019-11-01,"Singapore","Other",574
2019-12-01,"Singapore","Other",453
2020-01-01,"Singapore","Other",410
2020-02-01,"Singapore","Other",569
2005-01-01,"Singapore","Visiting Friends or Relatives",2294
2005-02-01,"Singapore","Visiting Friends or Relatives",4110
2005-03-01,"Singapore","Visiting Friends or Relatives",4251
2005-04-01,"Singapore","Visiting Friends or Relatives",3781
2005-05-01,"Singapore","Visiting Friends or Relatives",4059
2005-06-01,"Singapore","Visiting Friends or Relatives",5543
2005-07-01,"Singapore","Visiting Friends or Relatives",3155
2005-08-01,"Singapore","Visiting Friends or Relatives",2662
2005-09-01,"Singapore","Visiting Friends or Relatives",4023
2005-10-01,"Singapore","Visiting Friends or Relatives",3716
2005-11-01,"Singapore","Visiting Friends or Relatives",4243
2005-12-01,"Singapore","Visiting Friends or Relatives",6644
2006-01-01,"Singapore","Visiting Friends or Relatives",2724
2006-02-01,"Singapore","Visiting Friends or Relatives",2845
2006-03-01,"Singapore","Visiting Friends or Relatives",3738
2006-04-01,"Singapore","Visiting Friends or Relatives",4286
2006-05-01,"Singapore","Visiting Friends or Relatives",2974
2006-06-01,"Singapore","Visiting Friends or Relatives",5147
2006-07-01,"Singapore","Visiting Friends or Relatives",3281
2006-08-01,"Singapore","Visiting Friends or Relatives",2387
2006-09-01,"Singapore","Visiting Friends or Relatives",3055
2006-10-01,"Singapore","Visiting Friends or Relatives",3516
2006-11-01,"Singapore","Visiting Friends or Relatives",4289
2006-12-01,"Singapore","Visiting Friends or Relatives",7210
2007-01-01,"Singapore","Visiting Friends or Relatives",1871
2007-02-01,"Singapore","Visiting Friends or Relatives",4185
2007-03-01,"Singapore","Visiting Friends or Relatives",4118
2007-04-01,"Singapore","Visiting Friends or Relatives",3861
2007-05-01,"Singapore","Visiting Friends or Relatives",3780
2007-06-01,"Singapore","Visiting Friends or Relatives",4473
2007-07-01,"Singapore","Visiting Friends or Relatives",2666
2007-08-01,"Singapore","Visiting Friends or Relatives",3090
2007-09-01,"Singapore","Visiting Friends or Relatives",3402
2007-10-01,"Singapore","Visiting Friends or Relatives",3244
2007-11-01,"Singapore","Visiting Friends or Relatives",4424
2007-12-01,"Singapore","Visiting Friends or Relatives",7928
2008-01-01,"Singapore","Visiting Friends or Relatives",2003
2008-02-01,"Singapore","Visiting Friends or Relatives",3428
2008-03-01,"Singapore","Visiting Friends or Relatives",4496
2008-04-01,"Singapore","Visiting Friends or Relatives",3529
2008-05-01,"Singapore","Visiting Friends or Relatives",4343
2008-06-01,"Singapore","Visiting Friends or Relatives",4683
2008-07-01,"Singapore","Visiting Friends or Relatives",2696
2008-08-01,"Singapore","Visiting Friends or Relatives",3039
2008-09-01,"Singapore","Visiting Friends or Relatives",3773
2008-10-01,"Singapore","Visiting Friends or Relatives",3477
2008-11-01,"Singapore","Visiting Friends or Relatives",4640
2008-12-01,"Singapore","Visiting Friends or Relatives",7985
2009-01-01,"Singapore","Visiting Friends or Relatives",2663
2009-02-01,"Singapore","Visiting Friends or Relatives",3110
2009-03-01,"Singapore","Visiting Friends or Relatives",4850
2009-04-01,"Singapore","Visiting Friends or Relatives",5747
2009-05-01,"Singapore","Visiting Friends or Relatives",4658
2009-06-01,"Singapore","Visiting Friends or Relatives",5681
2009-07-01,"Singapore","Visiting Friends or Relatives",3659
2009-08-01,"Singapore","Visiting Friends or Relatives",3798
2009-09-01,"Singapore","Visiting Friends or Relatives",4484
2009-10-01,"Singapore","Visiting Friends or Relatives",4705
2009-11-01,"Singapore","Visiting Friends or Relatives",5277
2009-12-01,"Singapore","Visiting Friends or Relatives",9398
2010-01-01,"Singapore","Visiting Friends or Relatives",2005
2010-02-01,"Singapore","Visiting Friends or Relatives",4164
2010-03-01,"Singapore","Visiting Friends or Relatives",5015
2010-04-01,"Singapore","Visiting Friends or Relatives",4454
2010-05-01,"Singapore","Visiting Friends or Relatives",4562
2010-06-01,"Singapore","Visiting Friends or Relatives",5541
2010-07-01,"Singapore","Visiting Friends or Relatives",3749
2010-08-01,"Singapore","Visiting Friends or Relatives",4298
2010-09-01,"Singapore","Visiting Friends or Relatives",4575
2010-10-01,"Singapore","Visiting Friends or Relatives",4784
2010-11-01,"Singapore","Visiting Friends or Relatives",5685
2010-12-01,"Singapore","Visiting Friends or Relatives",10157
2011-01-01,"Singapore","Visiting Friends or Relatives",2632
2011-02-01,"Singapore","Visiting Friends or Relatives",3883
2011-03-01,"Singapore","Visiting Friends or Relatives",5113
2011-04-01,"Singapore","Visiting Friends or Relatives",5355
2011-05-01,"Singapore","Visiting Friends or Relatives",4527
2011-06-01,"Singapore","Visiting Friends or Relatives",5213
2011-07-01,"Singapore","Visiting Friends or Relatives",4226
2011-08-01,"Singapore","Visiting Friends or Relatives",4457
2011-09-01,"Singapore","Visiting Friends or Relatives",4928
2011-10-01,"Singapore","Visiting Friends or Relatives",4789
2011-11-01,"Singapore","Visiting Friends or Relatives",4916
2011-12-01,"Singapore","Visiting Friends or Relatives",10274
2012-01-01,"Singapore","Visiting Friends or Relatives",2929
2012-02-01,"Singapore","Visiting Friends or Relatives",2690
2012-03-01,"Singapore","Visiting Friends or Relatives",5490
2012-04-01,"Singapore","Visiting Friends or Relatives",5572
2012-05-01,"Singapore","Visiting Friends or Relatives",4178
2012-06-01,"Singapore","Visiting Friends or Relatives",5852
2012-07-01,"Singapore","Visiting Friends or Relatives",3836
2012-08-01,"Singapore","Visiting Friends or Relatives",5342
2012-09-01,"Singapore","Visiting Friends or Relatives",5439
2012-10-01,"Singapore","Visiting Friends or Relatives",4897
2012-11-01,"Singapore","Visiting Friends or Relatives",7470
2012-12-01,"Singapore","Visiting Friends or Relatives",12014
2013-01-01,"Singapore","Visiting Friends or Relatives",2462
2013-02-01,"Singapore","Visiting Friends or Relatives",5524
2013-03-01,"Singapore","Visiting Friends or Relatives",7228
2013-04-01,"Singapore","Visiting Friends or Relatives",4417
2013-05-01,"Singapore","Visiting Friends or Relatives",5481
2013-06-01,"Singapore","Visiting Friends or Relatives",8015
2013-07-01,"Singapore","Visiting Friends or Relatives",4502
2013-08-01,"Singapore","Visiting Friends or Relatives",6298
2013-09-01,"Singapore","Visiting Friends or Relatives",6413
2013-10-01,"Singapore","Visiting Friends or Relatives",6943
2013-11-01,"Singapore","Visiting Friends or Relatives",8052
2013-12-01,"Singapore","Visiting Friends or Relatives",15087
2014-01-01,"Singapore","Visiting Friends or Relatives",4829
2014-02-01,"Singapore","Visiting Friends or Relatives",5384
2014-03-01,"Singapore","Visiting Friends or Relatives",7777
2014-04-01,"Singapore","Visiting Friends or Relatives",7404
2014-05-01,"Singapore","Visiting Friends or Relatives",6804
2014-06-01,"Singapore","Visiting Friends or Relatives",9086
2014-07-01,"Singapore","Visiting Friends or Relatives",5656
2014-08-01,"Singapore","Visiting Friends or Relatives",5824
2014-09-01,"Singapore","Visiting Friends or Relatives",6659
2014-10-01,"Singapore","Visiting Friends or Relatives",6586
2014-11-01,"Singapore","Visiting Friends or Relatives",7101
2014-12-01,"Singapore","Visiting Friends or Relatives",15193
2015-01-01,"Singapore","Visiting Friends or Relatives",3878
2015-02-01,"Singapore","Visiting Friends or Relatives",6967
2015-03-01,"Singapore","Visiting Friends or Relatives",8387
2015-04-01,"Singapore","Visiting Friends or Relatives",6186
2015-05-01,"Singapore","Visiting Friends or Relatives",6943
2015-06-01,"Singapore","Visiting Friends or Relatives",8618
2015-07-01,"Singapore","Visiting Friends or Relatives",6534
2015-08-01,"Singapore","Visiting Friends or Relatives",7569
2015-09-01,"Singapore","Visiting Friends or Relatives",7771
2015-10-01,"Singapore","Visiting Friends or Relatives",7096
2015-11-01,"Singapore","Visiting Friends or Relatives",7158
2015-12-01,"Singapore","Visiting Friends or Relatives",13997
2016-01-01,"Singapore","Visiting Friends or Relatives",3707
2016-02-01,"Singapore","Visiting Friends or Relatives",6000
2016-03-01,"Singapore","Visiting Friends or Relatives",8717
2016-04-01,"Singapore","Visiting Friends or Relatives",7231
2016-05-01,"Singapore","Visiting Friends or Relatives",6798
2016-06-01,"Singapore","Visiting Friends or Relatives",8679
2016-07-01,"Singapore","Visiting Friends or Relatives",5754
2016-08-01,"Singapore","Visiting Friends or Relatives",6060
2016-09-01,"Singapore","Visiting Friends or Relatives",8076
2016-10-01,"Singapore","Visiting Friends or Relatives",6541
2016-11-01,"Singapore","Visiting Friends or Relatives",6933
2016-12-01,"Singapore","Visiting Friends or Relatives",15300
2017-01-01,"Singapore","Visiting Friends or Relatives",3902
2017-02-01,"Singapore","Visiting Friends or Relatives",5816
2017-03-01,"Singapore","Visiting Friends or Relatives",8470
2017-04-01,"Singapore","Visiting Friends or Relatives",8269
2017-05-01,"Singapore","Visiting Friends or Relatives",7397
2017-06-01,"Singapore","Visiting Friends or Relatives",9339
2017-07-01,"Singapore","Visiting Friends or Relatives",5535
2017-08-01,"Singapore","Visiting Friends or Relatives",7330
2017-09-01,"Singapore","Visiting Friends or Relatives",7332
2017-10-01,"Singapore","Visiting Friends or Relatives",6775
2017-11-01,"Singapore","Visiting Friends or Relatives",7817
2017-12-01,"Singapore","Visiting Friends or Relatives",13688
2018-01-01,"Singapore","Visiting Friends or Relatives",3638
2018-02-01,"Singapore","Visiting Friends or Relatives",7193
2018-03-01,"Singapore","Visiting Friends or Relatives",9235
2018-04-01,"Singapore","Visiting Friends or Relatives",6744
2018-05-01,"Singapore","Visiting Friends or Relatives",6921
2018-06-01,"Singapore","Visiting Friends or Relatives",7780
2018-07-01,"Singapore","Visiting Friends or Relatives",6250
2018-08-01,"Singapore","Visiting Friends or Relatives",7440
2018-09-01,"Singapore","Visiting Friends or Relatives",7505
2018-10-01,"Singapore","Visiting Friends or Relatives",8142
2018-11-01,"Singapore","Visiting Friends or Relatives",9157
2018-12-01,"Singapore","Visiting Friends or Relatives",14620
2019-01-01,"Singapore","Visiting Friends or Relatives",4210
2019-02-01,"Singapore","Visiting Friends or Relatives",6416
2019-03-01,"Singapore","Visiting Friends or Relatives",7577
2019-04-01,"Singapore","Visiting Friends or Relatives",7510
2019-05-01,"Singapore","Visiting Friends or Relatives",6894
2019-06-01,"Singapore","Visiting Friends or Relatives",9159
2019-07-01,"Singapore","Visiting Friends or Relatives",7256
2019-08-01,"Singapore","Visiting Friends or Relatives",8026
2019-09-01,"Singapore","Visiting Friends or Relatives",7225
2019-10-01,"Singapore","Visiting Friends or Relatives",8448
2019-11-01,"Singapore","Visiting Friends or Relatives",7747
2019-12-01,"Singapore","Visiting Friends or Relatives",14864
2020-01-01,"Singapore","Visiting Friends or Relatives",4962
2020-02-01,"Singapore","Visiting Friends or Relatives",5292
2005-01-01,"South Korea","Business",1784
2005-02-01,"South Korea","Business",1286
2005-03-01,"South Korea","Business",1275
2005-04-01,"South Korea","Business",1377
2005-05-01,"South Korea","Business",1061
2005-06-01,"South Korea","Business",1204
2005-07-01,"South Korea","Business",1272
2005-08-01,"South Korea","Business",1468
2005-09-01,"South Korea","Business",1372
2005-10-01,"South Korea","Business",1539
2005-11-01,"South Korea","Business",1963
2005-12-01,"South Korea","Business",1113
2006-01-01,"South Korea","Business",1355
2006-02-01,"South Korea","Business",1800
2006-03-01,"South Korea","Business",1525
2006-04-01,"South Korea","Business",1110
2006-05-01,"South Korea","Business",1542
2006-06-01,"South Korea","Business",1471
2006-07-01,"South Korea","Business",1768
2006-08-01,"South Korea","Business",1691
2006-09-01,"South Korea","Business",1528
2006-10-01,"South Korea","Business",1820
2006-11-01,"South Korea","Business",1546
2006-12-01,"South Korea","Business",1654
2007-01-01,"South Korea","Business",1588
2007-02-01,"South Korea","Business",1409
2007-03-01,"South Korea","Business",2041
2007-04-01,"South Korea","Business",1754
2007-05-01,"South Korea","Business",1204
2007-06-01,"South Korea","Business",1487
2007-07-01,"South Korea","Business",1505
2007-08-01,"South Korea","Business",1675
2007-09-01,"South Korea","Business",1707
2007-10-01,"South Korea","Business",2059
2007-11-01,"South Korea","Business",1864
2007-12-01,"South Korea","Business",1022
2008-01-01,"South Korea","Business",2225
2008-02-01,"South Korea","Business",1196
2008-03-01,"South Korea","Business",1329
2008-04-01,"South Korea","Business",1544
2008-05-01,"South Korea","Business",1387
2008-06-01,"South Korea","Business",1475
2008-07-01,"South Korea","Business",2255
2008-08-01,"South Korea","Business",1533
2008-09-01,"South Korea","Business",1326
2008-10-01,"South Korea","Business",1440
2008-11-01,"South Korea","Business",1086
2008-12-01,"South Korea","Business",991
2009-01-01,"South Korea","Business",723
2009-02-01,"South Korea","Business",1087
2009-03-01,"South Korea","Business",1184
2009-04-01,"South Korea","Business",944
2009-05-01,"South Korea","Business",1040
2009-06-01,"South Korea","Business",893
2009-07-01,"South Korea","Business",1231
2009-08-01,"South Korea","Business",1259
2009-09-01,"South Korea","Business",869
2009-10-01,"South Korea","Business",1100
2009-11-01,"South Korea","Business",1437
2009-12-01,"South Korea","Business",1041
2010-01-01,"South Korea","Business",1167
2010-02-01,"South Korea","Business",1113
2010-03-01,"South Korea","Business",1218
2010-04-01,"South Korea","Business",1251
2010-05-01,"South Korea","Business",1595
2010-06-01,"South Korea","Business",1685
2010-07-01,"South Korea","Business",1499
2010-08-01,"South Korea","Business",1191
2010-09-01,"South Korea","Business",1456
2010-10-01,"South Korea","Business",1395
2010-11-01,"South Korea","Business",2060
2010-12-01,"South Korea","Business",1147
2011-01-01,"South Korea","Business",1115
2011-02-01,"South Korea","Business",1784
2011-03-01,"South Korea","Business",1482
2011-04-01,"South Korea","Business",1090
2011-05-01,"South Korea","Business",1274
2011-06-01,"South Korea","Business",1294
2011-07-01,"South Korea","Business",1933
2011-08-01,"South Korea","Business",1221
2011-09-01,"South Korea","Business",1429
2011-10-01,"South Korea","Business",1559
2011-11-01,"South Korea","Business",2235
2011-12-01,"South Korea","Business",1088
2012-01-01,"South Korea","Business",1066
2012-02-01,"South Korea","Business",1715
2012-03-01,"South Korea","Business",1256
2012-04-01,"South Korea","Business",1469
2012-05-01,"South Korea","Business",1499
2012-06-01,"South Korea","Business",1406
2012-07-01,"South Korea","Business",1569
2012-08-01,"South Korea","Business",1403
2012-09-01,"South Korea","Business",1699
2012-10-01,"South Korea","Business",2127
2012-11-01,"South Korea","Business",1831
2012-12-01,"South Korea","Business",909
2013-01-01,"South Korea","Business",1226
2013-02-01,"South Korea","Business",1097
2013-03-01,"South Korea","Business",1050
2013-04-01,"South Korea","Business",1556
2013-05-01,"South Korea","Business",1458
2013-06-01,"South Korea","Business",1385
2013-07-01,"South Korea","Business",1480
2013-08-01,"South Korea","Business",1267
2013-09-01,"South Korea","Business",1352
2013-10-01,"South Korea","Business",1459
2013-11-01,"South Korea","Business",1796
2013-12-01,"South Korea","Business",1288
2014-01-01,"South Korea","Business",1229
2014-02-01,"South Korea","Business",1439
2014-03-01,"South Korea","Business",1478
2014-04-01,"South Korea","Business",1316
2014-05-01,"South Korea","Business",1521
2014-06-01,"South Korea","Business",1271
2014-07-01,"South Korea","Business",1171
2014-08-01,"South Korea","Business",1326
2014-09-01,"South Korea","Business",1190
2014-10-01,"South Korea","Business",1478
2014-11-01,"South Korea","Business",1991
2014-12-01,"South Korea","Business",919
2015-01-01,"South Korea","Business",1235
2015-02-01,"South Korea","Business",1265
2015-03-01,"South Korea","Business",1298
2015-04-01,"South Korea","Business",1422
2015-05-01,"South Korea","Business",1140
2015-06-01,"South Korea","Business",1208
2015-07-01,"South Korea","Business",1460
2015-08-01,"South Korea","Business",1263
2015-09-01,"South Korea","Business",1378
2015-10-01,"South Korea","Business",1570
2015-11-01,"South Korea","Business",2258
2015-12-01,"South Korea","Business",992
2016-01-01,"South Korea","Business",1306
2016-02-01,"South Korea","Business",1553
2016-03-01,"South Korea","Business",1746
2016-04-01,"South Korea","Business",1451
2016-05-01,"South Korea","Business",1421
2016-06-01,"South Korea","Business",1647
2016-07-01,"South Korea","Business",1646
2016-08-01,"South Korea","Business",1418
2016-09-01,"South Korea","Business",1504
2016-10-01,"South Korea","Business",2136
2016-11-01,"South Korea","Business",1586
2016-12-01,"South Korea","Business",908
2017-01-01,"South Korea","Business",1214
2017-02-01,"South Korea","Business",1714
2017-03-01,"South Korea","Business",1299
2017-04-01,"South Korea","Business",1518
2017-05-01,"South Korea","Business",1185
2017-06-01,"South Korea","Business",1464
2017-07-01,"South Korea","Business",1946
2017-08-01,"South Korea","Business",1958
2017-09-01,"South Korea","Business",1928
2017-10-01,"South Korea","Business",1888
2017-11-01,"South Korea","Business",2038
2017-12-01,"South Korea","Business",1520
2018-01-01,"South Korea","Business",1490
2018-02-01,"South Korea","Business",1317
2018-03-01,"South Korea","Business",1698
2018-04-01,"South Korea","Business",1472
2018-05-01,"South Korea","Business",1718
2018-06-01,"South Korea","Business",1227
2018-07-01,"South Korea","Business",1731
2018-08-01,"South Korea","Business",1588
2018-09-01,"South Korea","Business",1536
2018-10-01,"South Korea","Business",1491
2018-11-01,"South Korea","Business",1946
2018-12-01,"South Korea","Business",1396
2019-01-01,"South Korea","Business",1285
2019-02-01,"South Korea","Business",1274
2019-03-01,"South Korea","Business",1790
2019-04-01,"South Korea","Business",1280
2019-05-01,"South Korea","Business",1418
2019-06-01,"South Korea","Business",1197
2019-07-01,"South Korea","Business",1420
2019-08-01,"South Korea","Business",1520
2019-09-01,"South Korea","Business",1756
2019-10-01,"South Korea","Business",1663
2019-11-01,"South Korea","Business",2035
2019-12-01,"South Korea","Business",1253
2020-01-01,"South Korea","Business",864
2020-02-01,"South Korea","Business",985
2005-01-01,"South Korea","Education",5487
2005-02-01,"South Korea","Education",2435
2005-03-01,"South Korea","Education",1501
2005-04-01,"South Korea","Education",1596
2005-05-01,"South Korea","Education",930
2005-06-01,"South Korea","Education",1457
2005-07-01,"South Korea","Education",4450
2005-08-01,"South Korea","Education",1108
2005-09-01,"South Korea","Education",1410
2005-10-01,"South Korea","Education",1331
2005-11-01,"South Korea","Education",1008
2005-12-01,"South Korea","Education",1696
2006-01-01,"South Korea","Education",5692
2006-02-01,"South Korea","Education",3157
2006-03-01,"South Korea","Education",1646
2006-04-01,"South Korea","Education",1773
2006-05-01,"South Korea","Education",1418
2006-06-01,"South Korea","Education",1871
2006-07-01,"South Korea","Education",4963
2006-08-01,"South Korea","Education",1482
2006-09-01,"South Korea","Education",1646
2006-10-01,"South Korea","Education",1919
2006-11-01,"South Korea","Education",1421
2006-12-01,"South Korea","Education",1737
2007-01-01,"South Korea","Education",6899
2007-02-01,"South Korea","Education",3456
2007-03-01,"South Korea","Education",2494
2007-04-01,"South Korea","Education",2112
2007-05-01,"South Korea","Education",1478
2007-06-01,"South Korea","Education",1920
2007-07-01,"South Korea","Education",4389
2007-08-01,"South Korea","Education",1435
2007-09-01,"South Korea","Education",1342
2007-10-01,"South Korea","Education",1785
2007-11-01,"South Korea","Education",1321
2007-12-01,"South Korea","Education",1157
2008-01-01,"South Korea","Education",5707
2008-02-01,"South Korea","Education",3328
2008-03-01,"South Korea","Education",2084
2008-04-01,"South Korea","Education",1543
2008-05-01,"South Korea","Education",1052
2008-06-01,"South Korea","Education",1493
2008-07-01,"South Korea","Education",4049
2008-08-01,"South Korea","Education",1504
2008-09-01,"South Korea","Education",1296
2008-10-01,"South Korea","Education",1550
2008-11-01,"South Korea","Education",1078
2008-12-01,"South Korea","Education",1251
2009-01-01,"South Korea","Education",5307
2009-02-01,"South Korea","Education",3795
2009-03-01,"South Korea","Education",1898
2009-04-01,"South Korea","Education",1577
2009-05-01,"South Korea","Education",1244
2009-06-01,"South Korea","Education",1470
2009-07-01,"South Korea","Education",3678
2009-08-01,"South Korea","Education",1757
2009-09-01,"South Korea","Education",1284
2009-10-01,"South Korea","Education",1635
2009-11-01,"South Korea","Education",1101
2009-12-01,"South Korea","Education",1132
2010-01-01,"South Korea","Education",4492
2010-02-01,"South Korea","Education",3656
2010-03-01,"South Korea","Education",1829
2010-04-01,"South Korea","Education",1275
2010-05-01,"South Korea","Education",998
2010-06-01,"South Korea","Education",1599
2010-07-01,"South Korea","Education",3860
2010-08-01,"South Korea","Education",1398
2010-09-01,"South Korea","Education",1039
2010-10-01,"South Korea","Education",1210
2010-11-01,"South Korea","Education",950
2010-12-01,"South Korea","Education",946
2011-01-01,"South Korea","Education",3991
2011-02-01,"South Korea","Education",3152
2011-03-01,"South Korea","Education",1419
2011-04-01,"South Korea","Education",1234
2011-05-01,"South Korea","Education",1030
2011-06-01,"South Korea","Education",1160
2011-07-01,"South Korea","Education",3347
2011-08-01,"South Korea","Education",1344
2011-09-01,"South Korea","Education",1147
2011-10-01,"South Korea","Education",1364
2011-11-01,"South Korea","Education",830
2011-12-01,"South Korea","Education",1313
2012-01-01,"South Korea","Education",3571
2012-02-01,"South Korea","Education",3206
2012-03-01,"South Korea","Education",1566
2012-04-01,"South Korea","Education",1052
2012-05-01,"South Korea","Education",799
2012-06-01,"South Korea","Education",980
2012-07-01,"South Korea","Education",3057
2012-08-01,"South Korea","Education",1150
2012-09-01,"South Korea","Education",879
2012-10-01,"South Korea","Education",902
2012-11-01,"South Korea","Education",781
2012-12-01,"South Korea","Education",1044
2013-01-01,"South Korea","Education",3423
2013-02-01,"South Korea","Education",2580
2013-03-01,"South Korea","Education",1283
2013-04-01,"South Korea","Education",911
2013-05-01,"South Korea","Education",919
2013-06-01,"South Korea","Education",1134
2013-07-01,"South Korea","Education",2452
2013-08-01,"South Korea","Education",1311
2013-09-01,"South Korea","Education",882
2013-10-01,"South Korea","Education",931
2013-11-01,"South Korea","Education",738
2013-12-01,"South Korea","Education",708
2014-01-01,"South Korea","Education",2523
2014-02-01,"South Korea","Education",2421
2014-03-01,"South Korea","Education",816
2014-04-01,"South Korea","Education",973
2014-05-01,"South Korea","Education",708
2014-06-01,"South Korea","Education",670
2014-07-01,"South Korea","Education",2053
2014-08-01,"South Korea","Education",1099
2014-09-01,"South Korea","Education",826
2014-10-01,"South Korea","Education",1225
2014-11-01,"South Korea","Education",861
2014-12-01,"South Korea","Education",850
2015-01-01,"South Korea","Education",2573
2015-02-01,"South Korea","Education",2344
2015-03-01,"South Korea","Education",1252
2015-04-01,"South Korea","Education",1063
2015-05-01,"South Korea","Education",904
2015-06-01,"South Korea","Education",1038
2015-07-01,"South Korea","Education",2018
2015-08-01,"South Korea","Education",1194
2015-09-01,"South Korea","Education",912
2015-10-01,"South Korea","Education",1006
2015-11-01,"South Korea","Education",1027
2015-12-01,"South Korea","Education",1104
2016-01-01,"South Korea","Education",3310
2016-02-01,"South Korea","Education",2278
2016-03-01,"South Korea","Education",1042
2016-04-01,"South Korea","Education",920
2016-05-01,"South Korea","Education",716
2016-06-01,"South Korea","Education",990
2016-07-01,"South Korea","Education",2653
2016-08-01,"South Korea","Education",1293
2016-09-01,"South Korea","Education",1223
2016-10-01,"South Korea","Education",1227
2016-11-01,"South Korea","Education",991
2016-12-01,"South Korea","Education",1073
2017-01-01,"South Korea","Education",2725
2017-02-01,"South Korea","Education",2774
2017-03-01,"South Korea","Education",1235
2017-04-01,"South Korea","Education",1122
2017-05-01,"South Korea","Education",953
2017-06-01,"South Korea","Education",1234
2017-07-01,"South Korea","Education",2410
2017-08-01,"South Korea","Education",931
2017-09-01,"South Korea","Education",960
2017-10-01,"South Korea","Education",1458
2017-11-01,"South Korea","Education",1192
2017-12-01,"South Korea","Education",897
2018-01-01,"South Korea","Education",3249
2018-02-01,"South Korea","Education",1950
2018-03-01,"South Korea","Education",1458
2018-04-01,"South Korea","Education",1318
2018-05-01,"South Korea","Education",920
2018-06-01,"South Korea","Education",1084
2018-07-01,"South Korea","Education",2827
2018-08-01,"South Korea","Education",1048
2018-09-01,"South Korea","Education",1127
2018-10-01,"South Korea","Education",1408
2018-11-01,"South Korea","Education",806
2018-12-01,"South Korea","Education",918
2019-01-01,"South Korea","Education",2988
2019-02-01,"South Korea","Education",1929
2019-03-01,"South Korea","Education",1188
2019-04-01,"South Korea","Education",959
2019-05-01,"South Korea","Education",812
2019-06-01,"South Korea","Education",985
2019-07-01,"South Korea","Education",2300
2019-08-01,"South Korea","Education",917
2019-09-01,"South Korea","Education",1362
2019-10-01,"South Korea","Education",1183
2019-11-01,"South Korea","Education",840
2019-12-01,"South Korea","Education",846
2020-01-01,"South Korea","Education",2940
2020-02-01,"South Korea","Education",2391
2005-01-01,"South Korea","Employment",313
2005-02-01,"South Korea","Employment",111
2005-03-01,"South Korea","Employment",150
2005-04-01,"South Korea","Employment",203
2005-05-01,"South Korea","Employment",92
2005-06-01,"South Korea","Employment",192
2005-07-01,"South Korea","Employment",333
2005-08-01,"South Korea","Employment",246
2005-09-01,"South Korea","Employment",315
2005-10-01,"South Korea","Employment",444
2005-11-01,"South Korea","Employment",511
2005-12-01,"South Korea","Employment",485
2006-01-01,"South Korea","Employment",611
2006-02-01,"South Korea","Employment",678
2006-03-01,"South Korea","Employment",602
2006-04-01,"South Korea","Employment",661
2006-05-01,"South Korea","Employment",513
2006-06-01,"South Korea","Employment",544
2006-07-01,"South Korea","Employment",762
2006-08-01,"South Korea","Employment",670
2006-09-01,"South Korea","Employment",644
2006-10-01,"South Korea","Employment",623
2006-11-01,"South Korea","Employment",799
2006-12-01,"South Korea","Employment",538
2007-01-01,"South Korea","Employment",808
2007-02-01,"South Korea","Employment",598
2007-03-01,"South Korea","Employment",653
2007-04-01,"South Korea","Employment",574
2007-05-01,"South Korea","Employment",518
2007-06-01,"South Korea","Employment",587
2007-07-01,"South Korea","Employment",457
2007-08-01,"South Korea","Employment",611
2007-09-01,"South Korea","Employment",413
2007-10-01,"South Korea","Employment",552
2007-11-01,"South Korea","Employment",474
2007-12-01,"South Korea","Employment",418
2008-01-01,"South Korea","Employment",443
2008-02-01,"South Korea","Employment",705
2008-03-01,"South Korea","Employment",490
2008-04-01,"South Korea","Employment",660
2008-05-01,"South Korea","Employment",453
2008-06-01,"South Korea","Employment",565
2008-07-01,"South Korea","Employment",672
2008-08-01,"South Korea","Employment",515
2008-09-01,"South Korea","Employment",490
2008-10-01,"South Korea","Employment",427
2008-11-01,"South Korea","Employment",283
2008-12-01,"South Korea","Employment",452
2009-01-01,"South Korea","Employment",520
2009-02-01,"South Korea","Employment",489
2009-03-01,"South Korea","Employment",650
2009-04-01,"South Korea","Employment",514
2009-05-01,"South Korea","Employment",348
2009-06-01,"South Korea","Employment",302
2009-07-01,"South Korea","Employment",423
2009-08-01,"South Korea","Employment",482
2009-09-01,"South Korea","Employment",361
2009-10-01,"South Korea","Employment",422
2009-11-01,"South Korea","Employment",465
2009-12-01,"South Korea","Employment",394
2010-01-01,"South Korea","Employment",654
2010-02-01,"South Korea","Employment",370
2010-03-01,"South Korea","Employment",614
2010-04-01,"South Korea","Employment",318
2010-05-01,"South Korea","Employment",403
2010-06-01,"South Korea","Employment",381
2010-07-01,"South Korea","Employment",420
2010-08-01,"South Korea","Employment",574
2010-09-01,"South Korea","Employment",386
2010-10-01,"South Korea","Employment",479
2010-11-01,"South Korea","Employment",421
2010-12-01,"South Korea","Employment",379
2011-01-01,"South Korea","Employment",583
2011-02-01,"South Korea","Employment",516
2011-03-01,"South Korea","Employment",612
2011-04-01,"South Korea","Employment",478
2011-05-01,"South Korea","Employment",463
2011-06-01,"South Korea","Employment",372
2011-07-01,"South Korea","Employment",575
2011-08-01,"South Korea","Employment",415
2011-09-01,"South Korea","Employment",468
2011-10-01,"South Korea","Employment",424
2011-11-01,"South Korea","Employment",384
2011-12-01,"South Korea","Employment",334
2012-01-01,"South Korea","Employment",570
2012-02-01,"South Korea","Employment",607
2012-03-01,"South Korea","Employment",558
2012-04-01,"South Korea","Employment",439
2012-05-01,"South Korea","Employment",395
2012-06-01,"South Korea","Employment",322
2012-07-01,"South Korea","Employment",360
2012-08-01,"South Korea","Employment",587
2012-09-01,"South Korea","Employment",530
2012-10-01,"South Korea","Employment",376
2012-11-01,"South Korea","Employment",406
2012-12-01,"South Korea","Employment",523
2013-01-01,"South Korea","Employment",503
2013-02-01,"South Korea","Employment",474
2013-03-01,"South Korea","Employment",676
2013-04-01,"South Korea","Employment",573
2013-05-01,"South Korea","Employment",383
2013-06-01,"South Korea","Employment",448
2013-07-01,"South Korea","Employment",353
2013-08-01,"South Korea","Employment",409
2013-09-01,"South Korea","Employment",462
2013-10-01,"South Korea","Employment",474
2013-11-01,"South Korea","Employment",409
2013-12-01,"South Korea","Employment",430
2014-01-01,"South Korea","Employment",635
2014-02-01,"South Korea","Employment",533
2014-03-01,"South Korea","Employment",444
2014-04-01,"South Korea","Employment",388
2014-05-01,"South Korea","Employment",426
2014-06-01,"South Korea","Employment",280
2014-07-01,"South Korea","Employment",428
2014-08-01,"South Korea","Employment",289
2014-09-01,"South Korea","Employment",487
2014-10-01,"South Korea","Employment",667
2014-11-01,"South Korea","Employment",606
2014-12-01,"South Korea","Employment",832
2015-01-01,"South Korea","Employment",999
2015-02-01,"South Korea","Employment",681
2015-03-01,"South Korea","Employment",610
2015-04-01,"South Korea","Employment",852
2015-05-01,"South Korea","Employment",936
2015-06-01,"South Korea","Employment",710
2015-07-01,"South Korea","Employment",652
2015-08-01,"South Korea","Employment",910
2015-09-01,"South Korea","Employment",454
2015-10-01,"South Korea","Employment",383
2015-11-01,"South Korea","Employment",879
2015-12-01,"South Korea","Employment",586
2016-01-01,"South Korea","Employment",523
2016-02-01,"South Korea","Employment",625
2016-03-01,"South Korea","Employment",614
2016-04-01,"South Korea","Employment",587
2016-05-01,"South Korea","Employment",511
2016-06-01,"South Korea","Employment",547
2016-07-01,"South Korea","Employment",630
2016-08-01,"South Korea","Employment",469
2016-09-01,"South Korea","Employment",629
2016-10-01,"South Korea","Employment",683
2016-11-01,"South Korea","Employment",679
2016-12-01,"South Korea","Employment",799
2017-01-01,"South Korea","Employment",1131
2017-02-01,"South Korea","Employment",923
2017-03-01,"South Korea","Employment",601
2017-04-01,"South Korea","Employment",615
2017-05-01,"South Korea","Employment",513
2017-06-01,"South Korea","Employment",412
2017-07-01,"South Korea","Employment",393
2017-08-01,"South Korea","Employment",419
2017-09-01,"South Korea","Employment",460
2017-10-01,"South Korea","Employment",435
2017-11-01,"South Korea","Employment",448
2017-12-01,"South Korea","Employment",286
2018-01-01,"South Korea","Employment",428
2018-02-01,"South Korea","Employment",383
2018-03-01,"South Korea","Employment",506
2018-04-01,"South Korea","Employment",409
2018-05-01,"South Korea","Employment",542
2018-06-01,"South Korea","Employment",398
2018-07-01,"South Korea","Employment",271
2018-08-01,"South Korea","Employment",395
2018-09-01,"South Korea","Employment",381
2018-10-01,"South Korea","Employment",396
2018-11-01,"South Korea","Employment",318
2018-12-01,"South Korea","Employment",314
2019-01-01,"South Korea","Employment",365
2019-02-01,"South Korea","Employment",407
2019-03-01,"South Korea","Employment",491
2019-04-01,"South Korea","Employment",337
2019-05-01,"South Korea","Employment",333
2019-06-01,"South Korea","Employment",321
2019-07-01,"South Korea","Employment",279
2019-08-01,"South Korea","Employment",176
2019-09-01,"South Korea","Employment",318
2019-10-01,"South Korea","Employment",366
2019-11-01,"South Korea","Employment",343
2019-12-01,"South Korea","Employment",265
2020-01-01,"South Korea","Employment",528
2020-02-01,"South Korea","Employment",429
2005-01-01,"South Korea","Holiday",20255
2005-02-01,"South Korea","Holiday",14021
2005-03-01,"South Korea","Holiday",13955
2005-04-01,"South Korea","Holiday",13567
2005-05-01,"South Korea","Holiday",13177
2005-06-01,"South Korea","Holiday",11299
2005-07-01,"South Korea","Holiday",12538
2005-08-01,"South Korea","Holiday",13060
2005-09-01,"South Korea","Holiday",8995
2005-10-01,"South Korea","Holiday",14089
2005-11-01,"South Korea","Holiday",15766
2005-12-01,"South Korea","Holiday",13139
2006-01-01,"South Korea","Holiday",15565
2006-02-01,"South Korea","Holiday",12844
2006-03-01,"South Korea","Holiday",12116
2006-04-01,"South Korea","Holiday",12080
2006-05-01,"South Korea","Holiday",11161
2006-06-01,"South Korea","Holiday",10818
2006-07-01,"South Korea","Holiday",11791
2006-08-01,"South Korea","Holiday",12887
2006-09-01,"South Korea","Holiday",11337
2006-10-01,"South Korea","Holiday",15728
2006-11-01,"South Korea","Holiday",16860
2006-12-01,"South Korea","Holiday",19262
2007-01-01,"South Korea","Holiday",19409
2007-02-01,"South Korea","Holiday",11039
2007-03-01,"South Korea","Holiday",14154
2007-04-01,"South Korea","Holiday",13595
2007-05-01,"South Korea","Holiday",11986
2007-06-01,"South Korea","Holiday",10945
2007-07-01,"South Korea","Holiday",11698
2007-08-01,"South Korea","Holiday",12559
2007-09-01,"South Korea","Holiday",9933
2007-10-01,"South Korea","Holiday",12589
2007-11-01,"South Korea","Holiday",14020
2007-12-01,"South Korea","Holiday",12302
2008-01-01,"South Korea","Holiday",14943
2008-02-01,"South Korea","Holiday",11302
2008-03-01,"South Korea","Holiday",10096
2008-04-01,"South Korea","Holiday",10422
2008-05-01,"South Korea","Holiday",10998
2008-06-01,"South Korea","Holiday",9317
2008-07-01,"South Korea","Holiday",11993
2008-08-01,"South Korea","Holiday",12042
2008-09-01,"South Korea","Holiday",7407
2008-10-01,"South Korea","Holiday",10377
2008-11-01,"South Korea","Holiday",8975
2008-12-01,"South Korea","Holiday",8737
2009-01-01,"South Korea","Holiday",8008
2009-02-01,"South Korea","Holiday",8163
2009-03-01,"South Korea","Holiday",8769
2009-04-01,"South Korea","Holiday",8524
2009-05-01,"South Korea","Holiday",7324
2009-06-01,"South Korea","Holiday",6963
2009-07-01,"South Korea","Holiday",7724
2009-08-01,"South Korea","Holiday",8724
2009-09-01,"South Korea","Holiday",5700
2009-10-01,"South Korea","Holiday",6740
2009-11-01,"South Korea","Holiday",9066
2009-12-01,"South Korea","Holiday",10986
2010-01-01,"South Korea","Holiday",10707
2010-02-01,"South Korea","Holiday",8746
2010-03-01,"South Korea","Holiday",12947
2010-04-01,"South Korea","Holiday",10129
2010-05-01,"South Korea","Holiday",9904
2010-06-01,"South Korea","Holiday",8433
2010-07-01,"South Korea","Holiday",8843
2010-08-01,"South Korea","Holiday",10501
2010-09-01,"South Korea","Holiday",9413
2010-10-01,"South Korea","Holiday",12275
2010-11-01,"South Korea","Holiday",12472
2010-12-01,"South Korea","Holiday",11706
2011-01-01,"South Korea","Holiday",11882
2011-02-01,"South Korea","Holiday",10615
2011-03-01,"South Korea","Holiday",8975
2011-04-01,"South Korea","Holiday",6563
2011-05-01,"South Korea","Holiday",9066
2011-06-01,"South Korea","Holiday",7695
2011-07-01,"South Korea","Holiday",8781
2011-08-01,"South Korea","Holiday",9646
2011-09-01,"South Korea","Holiday",8239
2011-10-01,"South Korea","Holiday",9260
2011-11-01,"South Korea","Holiday",10710
2011-12-01,"South Korea","Holiday",12389
2012-01-01,"South Korea","Holiday",10411
2012-02-01,"South Korea","Holiday",11959
2012-03-01,"South Korea","Holiday",9847
2012-04-01,"South Korea","Holiday",8496
2012-05-01,"South Korea","Holiday",7667
2012-06-01,"South Korea","Holiday",7643
2012-07-01,"South Korea","Holiday",7601
2012-08-01,"South Korea","Holiday",9602
2012-09-01,"South Korea","Holiday",7606
2012-10-01,"South Korea","Holiday",10020
2012-11-01,"South Korea","Holiday",10699
2012-12-01,"South Korea","Holiday",12173
2013-01-01,"South Korea","Holiday",11711
2013-02-01,"South Korea","Holiday",8435
2013-03-01,"South Korea","Holiday",9083
2013-04-01,"South Korea","Holiday",8365
2013-05-01,"South Korea","Holiday",7857
2013-06-01,"South Korea","Holiday",7841
2013-07-01,"South Korea","Holiday",7879
2013-08-01,"South Korea","Holiday",8898
2013-09-01,"South Korea","Holiday",9106
2013-10-01,"South Korea","Holiday",10298
2013-11-01,"South Korea","Holiday",9695
2013-12-01,"South Korea","Holiday",11808
2014-01-01,"South Korea","Holiday",12691
2014-02-01,"South Korea","Holiday",9536
2014-03-01,"South Korea","Holiday",9726
2014-04-01,"South Korea","Holiday",8096
2014-05-01,"South Korea","Holiday",7989
2014-06-01,"South Korea","Holiday",7017
2014-07-01,"South Korea","Holiday",8422
2014-08-01,"South Korea","Holiday",10215
2014-09-01,"South Korea","Holiday",8745
2014-10-01,"South Korea","Holiday",9103
2014-11-01,"South Korea","Holiday",9738
2014-12-01,"South Korea","Holiday",13231
2015-01-01,"South Korea","Holiday",12392
2015-02-01,"South Korea","Holiday",10979
2015-03-01,"South Korea","Holiday",10741
2015-04-01,"South Korea","Holiday",8955
2015-05-01,"South Korea","Holiday",8316
2015-06-01,"South Korea","Holiday",6125
2015-07-01,"South Korea","Holiday",7359
2015-08-01,"South Korea","Holiday",9560
2015-09-01,"South Korea","Holiday",7762
2015-10-01,"South Korea","Holiday",11263
2015-11-01,"South Korea","Holiday",13569
2015-12-01,"South Korea","Holiday",18376
2016-01-01,"South Korea","Holiday",17240
2016-02-01,"South Korea","Holiday",18224
2016-03-01,"South Korea","Holiday",15825
2016-04-01,"South Korea","Holiday",13386
2016-05-01,"South Korea","Holiday",12353
2016-06-01,"South Korea","Holiday",10556
2016-07-01,"South Korea","Holiday",11327
2016-08-01,"South Korea","Holiday",13577
2016-09-01,"South Korea","Holiday",13418
2016-10-01,"South Korea","Holiday",13097
2016-11-01,"South Korea","Holiday",17407
2016-12-01,"South Korea","Holiday",18393
2017-01-01,"South Korea","Holiday",21171
2017-02-01,"South Korea","Holiday",18813
2017-03-01,"South Korea","Holiday",15717
2017-04-01,"South Korea","Holiday",14484
2017-05-01,"South Korea","Holiday",13740
2017-06-01,"South Korea","Holiday",10731
2017-07-01,"South Korea","Holiday",10923
2017-08-01,"South Korea","Holiday",14157
2017-09-01,"South Korea","Holiday",16898
2017-10-01,"South Korea","Holiday",18939
2017-11-01,"South Korea","Holiday",18209
2017-12-01,"South Korea","Holiday",21495
2018-01-01,"South Korea","Holiday",22432
2018-02-01,"South Korea","Holiday",17833
2018-03-01,"South Korea","Holiday",17444
2018-04-01,"South Korea","Holiday",14131
2018-05-01,"South Korea","Holiday",13106
2018-06-01,"South Korea","Holiday",13191
2018-07-01,"South Korea","Holiday",13064
2018-08-01,"South Korea","Holiday",17057
2018-09-01,"South Korea","Holiday",13959
2018-10-01,"South Korea","Holiday",12645
2018-11-01,"South Korea","Holiday",16623
2018-12-01,"South Korea","Holiday",18856
2019-01-01,"South Korea","Holiday",19989
2019-02-01,"South Korea","Holiday",22210
2019-03-01,"South Korea","Holiday",18923
2019-04-01,"South Korea","Holiday",10599
2019-05-01,"South Korea","Holiday",13047
2019-06-01,"South Korea","Holiday",12937
2019-07-01,"South Korea","Holiday",12939
2019-08-01,"South Korea","Holiday",15075
2019-09-01,"South Korea","Holiday",12449
2019-10-01,"South Korea","Holiday",12888
2019-11-01,"South Korea","Holiday",18320
2019-12-01,"South Korea","Holiday",21944
2020-01-01,"South Korea","Holiday",19632
2020-02-01,"South Korea","Holiday",13265
2005-01-01,"South Korea","Other",1745
2005-02-01,"South Korea","Other",792
2005-03-01,"South Korea","Other",938
2005-04-01,"South Korea","Other",1056
2005-05-01,"South Korea","Other",1007
2005-06-01,"South Korea","Other",1102
2005-07-01,"South Korea","Other",992
2005-08-01,"South Korea","Other",808
2005-09-01,"South Korea","Other",705
2005-10-01,"South Korea","Other",994
2005-11-01,"South Korea","Other",1185
2005-12-01,"South Korea","Other",1003
2006-01-01,"South Korea","Other",1449
2006-02-01,"South Korea","Other",1312
2006-03-01,"South Korea","Other",1172
2006-04-01,"South Korea","Other",1211
2006-05-01,"South Korea","Other",1089
2006-06-01,"South Korea","Other",996
2006-07-01,"South Korea","Other",1136
2006-08-01,"South Korea","Other",610
2006-09-01,"South Korea","Other",1065
2006-10-01,"South Korea","Other",1064
2006-11-01,"South Korea","Other",1542
2006-12-01,"South Korea","Other",1204
2007-01-01,"South Korea","Other",1681
2007-02-01,"South Korea","Other",1035
2007-03-01,"South Korea","Other",1187
2007-04-01,"South Korea","Other",970
2007-05-01,"South Korea","Other",1190
2007-06-01,"South Korea","Other",992
2007-07-01,"South Korea","Other",1047
2007-08-01,"South Korea","Other",520
2007-09-01,"South Korea","Other",900
2007-10-01,"South Korea","Other",1108
2007-11-01,"South Korea","Other",1089
2007-12-01,"South Korea","Other",1034
2008-01-01,"South Korea","Other",1317
2008-02-01,"South Korea","Other",1155
2008-03-01,"South Korea","Other",976
2008-04-01,"South Korea","Other",949
2008-05-01,"South Korea","Other",734
2008-06-01,"South Korea","Other",1057
2008-07-01,"South Korea","Other",1321
2008-08-01,"South Korea","Other",1022
2008-09-01,"South Korea","Other",887
2008-10-01,"South Korea","Other",1004
2008-11-01,"South Korea","Other",811
2008-12-01,"South Korea","Other",753
2009-01-01,"South Korea","Other",1150
2009-02-01,"South Korea","Other",1105
2009-03-01,"South Korea","Other",1329
2009-04-01,"South Korea","Other",866
2009-05-01,"South Korea","Other",737
2009-06-01,"South Korea","Other",897
2009-07-01,"South Korea","Other",1017
2009-08-01,"South Korea","Other",1024
2009-09-01,"South Korea","Other",1090
2009-10-01,"South Korea","Other",799
2009-11-01,"South Korea","Other",840
2009-12-01,"South Korea","Other",724
2010-01-01,"South Korea","Other",1330
2010-02-01,"South Korea","Other",960
2010-03-01,"South Korea","Other",1368
2010-04-01,"South Korea","Other",1099
2010-05-01,"South Korea","Other",920
2010-06-01,"South Korea","Other",791
2010-07-01,"South Korea","Other",758
2010-08-01,"South Korea","Other",621
2010-09-01,"South Korea","Other",927
2010-10-01,"South Korea","Other",854
2010-11-01,"South Korea","Other",1052
2010-12-01,"South Korea","Other",762
2011-01-01,"South Korea","Other",990
2011-02-01,"South Korea","Other",938
2011-03-01,"South Korea","Other",1243
2011-04-01,"South Korea","Other",696
2011-05-01,"South Korea","Other",850
2011-06-01,"South Korea","Other",714
2011-07-01,"South Korea","Other",975
2011-08-01,"South Korea","Other",831
2011-09-01,"South Korea","Other",706
2011-10-01,"South Korea","Other",1243
2011-11-01,"South Korea","Other",1131
2011-12-01,"South Korea","Other",831
2012-01-01,"South Korea","Other",892
2012-02-01,"South Korea","Other",959
2012-03-01,"South Korea","Other",1287
2012-04-01,"South Korea","Other",1152
2012-05-01,"South Korea","Other",1026
2012-06-01,"South Korea","Other",802
2012-07-01,"South Korea","Other",910
2012-08-01,"South Korea","Other",793
2012-09-01,"South Korea","Other",1065
2012-10-01,"South Korea","Other",951
2012-11-01,"South Korea","Other",1011
2012-12-01,"South Korea","Other",885
2013-01-01,"South Korea","Other",1154
2013-02-01,"South Korea","Other",906
2013-03-01,"South Korea","Other",1081
2013-04-01,"South Korea","Other",957
2013-05-01,"South Korea","Other",1055
2013-06-01,"South Korea","Other",842
2013-07-01,"South Korea","Other",721
2013-08-01,"South Korea","Other",534
2013-09-01,"South Korea","Other",867
2013-10-01,"South Korea","Other",809
2013-11-01,"South Korea","Other",853
2013-12-01,"South Korea","Other",560
2014-01-01,"South Korea","Other",872
2014-02-01,"South Korea","Other",1126
2014-03-01,"South Korea","Other",877
2014-04-01,"South Korea","Other",896
2014-05-01,"South Korea","Other",957
2014-06-01,"South Korea","Other",662
2014-07-01,"South Korea","Other",733
2014-08-01,"South Korea","Other",908
2014-09-01,"South Korea","Other",910
2014-10-01,"South Korea","Other",909
2014-11-01,"South Korea","Other",1236
2014-12-01,"South Korea","Other",1037
2015-01-01,"South Korea","Other",1439
2015-02-01,"South Korea","Other",947
2015-03-01,"South Korea","Other",1288
2015-04-01,"South Korea","Other",1061
2015-05-01,"South Korea","Other",1192
2015-06-01,"South Korea","Other",738
2015-07-01,"South Korea","Other",755
2015-08-01,"South Korea","Other",651
2015-09-01,"South Korea","Other",769
2015-10-01,"South Korea","Other",1036
2015-11-01,"South Korea","Other",827
2015-12-01,"South Korea","Other",857
2016-01-01,"South Korea","Other",910
2016-02-01,"South Korea","Other",911
2016-03-01,"South Korea","Other",1146
2016-04-01,"South Korea","Other",1411
2016-05-01,"South Korea","Other",1441
2016-06-01,"South Korea","Other",721
2016-07-01,"South Korea","Other",954
2016-08-01,"South Korea","Other",862
2016-09-01,"South Korea","Other",782
2016-10-01,"South Korea","Other",1367
2016-11-01,"South Korea","Other",962
2016-12-01,"South Korea","Other",860
2017-01-01,"South Korea","Other",984
2017-02-01,"South Korea","Other",837
2017-03-01,"South Korea","Other",972
2017-04-01,"South Korea","Other",1048
2017-05-01,"South Korea","Other",803
2017-06-01,"South Korea","Other",773
2017-07-01,"South Korea","Other",797
2017-08-01,"South Korea","Other",766
2017-09-01,"South Korea","Other",990
2017-10-01,"South Korea","Other",880
2017-11-01,"South Korea","Other",1172
2017-12-01,"South Korea","Other",920
2018-01-01,"South Korea","Other",1206
2018-02-01,"South Korea","Other",782
2018-03-01,"South Korea","Other",1117
2018-04-01,"South Korea","Other",1120
2018-05-01,"South Korea","Other",854
2018-06-01,"South Korea","Other",586
2018-07-01,"South Korea","Other",920
2018-08-01,"South Korea","Other",706
2018-09-01,"South Korea","Other",807
2018-10-01,"South Korea","Other",861
2018-11-01,"South Korea","Other",1150
2018-12-01,"South Korea","Other",963
2019-01-01,"South Korea","Other",951
2019-02-01,"South Korea","Other",1022
2019-03-01,"South Korea","Other",1165
2019-04-01,"South Korea","Other",722
2019-05-01,"South Korea","Other",781
2019-06-01,"South Korea","Other",826
2019-07-01,"South Korea","Other",695
2019-08-01,"South Korea","Other",729
2019-09-01,"South Korea","Other",858
2019-10-01,"South Korea","Other",1090
2019-11-01,"South Korea","Other",1005
2019-12-01,"South Korea","Other",592
2020-01-01,"South Korea","Other",924
2020-02-01,"South Korea","Other",807
2005-01-01,"South Korea","Visiting Friends or Relatives",4153
2005-02-01,"South Korea","Visiting Friends or Relatives",3028
2005-03-01,"South Korea","Visiting Friends or Relatives",2321
2005-04-01,"South Korea","Visiting Friends or Relatives",2260
2005-05-01,"South Korea","Visiting Friends or Relatives",2048
2005-06-01,"South Korea","Visiting Friends or Relatives",3024
2005-07-01,"South Korea","Visiting Friends or Relatives",3258
2005-08-01,"South Korea","Visiting Friends or Relatives",1813
2005-09-01,"South Korea","Visiting Friends or Relatives",2516
2005-10-01,"South Korea","Visiting Friends or Relatives",2239
2005-11-01,"South Korea","Visiting Friends or Relatives",2378
2005-12-01,"South Korea","Visiting Friends or Relatives",4893
2006-01-01,"South Korea","Visiting Friends or Relatives",3896
2006-02-01,"South Korea","Visiting Friends or Relatives",2544
2006-03-01,"South Korea","Visiting Friends or Relatives",2400
2006-04-01,"South Korea","Visiting Friends or Relatives",2507
2006-05-01,"South Korea","Visiting Friends or Relatives",1741
2006-06-01,"South Korea","Visiting Friends or Relatives",2539
2006-07-01,"South Korea","Visiting Friends or Relatives",3365
2006-08-01,"South Korea","Visiting Friends or Relatives",2158
2006-09-01,"South Korea","Visiting Friends or Relatives",3276
2006-10-01,"South Korea","Visiting Friends or Relatives",2724
2006-11-01,"South Korea","Visiting Friends or Relatives",2916
2006-12-01,"South Korea","Visiting Friends or Relatives",4935
2007-01-01,"South Korea","Visiting Friends or Relatives",3788
2007-02-01,"South Korea","Visiting Friends or Relatives",2763
2007-03-01,"South Korea","Visiting Friends or Relatives",2511
2007-04-01,"South Korea","Visiting Friends or Relatives",2534
2007-05-01,"South Korea","Visiting Friends or Relatives",2217
2007-06-01,"South Korea","Visiting Friends or Relatives",2982
2007-07-01,"South Korea","Visiting Friends or Relatives",3864
2007-08-01,"South Korea","Visiting Friends or Relatives",2392
2007-09-01,"South Korea","Visiting Friends or Relatives",3228
2007-10-01,"South Korea","Visiting Friends or Relatives",2121
2007-11-01,"South Korea","Visiting Friends or Relatives",3025
2007-12-01,"South Korea","Visiting Friends or Relatives",5231
2008-01-01,"South Korea","Visiting Friends or Relatives",3768
2008-02-01,"South Korea","Visiting Friends or Relatives",3498
2008-03-01,"South Korea","Visiting Friends or Relatives",2625
2008-04-01,"South Korea","Visiting Friends or Relatives",2539
2008-05-01,"South Korea","Visiting Friends or Relatives",2515
2008-06-01,"South Korea","Visiting Friends or Relatives",2545
2008-07-01,"South Korea","Visiting Friends or Relatives",3150
2008-08-01,"South Korea","Visiting Friends or Relatives",2673
2008-09-01,"South Korea","Visiting Friends or Relatives",2357
2008-10-01,"South Korea","Visiting Friends or Relatives",2214
2008-11-01,"South Korea","Visiting Friends or Relatives",2529
2008-12-01,"South Korea","Visiting Friends or Relatives",3951
2009-01-01,"South Korea","Visiting Friends or Relatives",2789
2009-02-01,"South Korea","Visiting Friends or Relatives",2453
2009-03-01,"South Korea","Visiting Friends or Relatives",2517
2009-04-01,"South Korea","Visiting Friends or Relatives",2618
2009-05-01,"South Korea","Visiting Friends or Relatives",2302
2009-06-01,"South Korea","Visiting Friends or Relatives",2493
2009-07-01,"South Korea","Visiting Friends or Relatives",3330
2009-08-01,"South Korea","Visiting Friends or Relatives",2449
2009-09-01,"South Korea","Visiting Friends or Relatives",2411
2009-10-01,"South Korea","Visiting Friends or Relatives",2710
2009-11-01,"South Korea","Visiting Friends or Relatives",2491
2009-12-01,"South Korea","Visiting Friends or Relatives",4821
2010-01-01,"South Korea","Visiting Friends or Relatives",2920
2010-02-01,"South Korea","Visiting Friends or Relatives",2404
2010-03-01,"South Korea","Visiting Friends or Relatives",3034
2010-04-01,"South Korea","Visiting Friends or Relatives",3062
2010-05-01,"South Korea","Visiting Friends or Relatives",2338
2010-06-01,"South Korea","Visiting Friends or Relatives",2445
2010-07-01,"South Korea","Visiting Friends or Relatives",3218
2010-08-01,"South Korea","Visiting Friends or Relatives",2288
2010-09-01,"South Korea","Visiting Friends or Relatives",3310
2010-10-01,"South Korea","Visiting Friends or Relatives",2437
2010-11-01,"South Korea","Visiting Friends or Relatives",3067
2010-12-01,"South Korea","Visiting Friends or Relatives",5155
2011-01-01,"South Korea","Visiting Friends or Relatives",3372
2011-02-01,"South Korea","Visiting Friends or Relatives",2719
2011-03-01,"South Korea","Visiting Friends or Relatives",2815
2011-04-01,"South Korea","Visiting Friends or Relatives",2684
2011-05-01,"South Korea","Visiting Friends or Relatives",2240
2011-06-01,"South Korea","Visiting Friends or Relatives",2253
2011-07-01,"South Korea","Visiting Friends or Relatives",3170
2011-08-01,"South Korea","Visiting Friends or Relatives",2824
2011-09-01,"South Korea","Visiting Friends or Relatives",2348
2011-10-01,"South Korea","Visiting Friends or Relatives",2761
2011-11-01,"South Korea","Visiting Friends or Relatives",2812
2011-12-01,"South Korea","Visiting Friends or Relatives",5063
2012-01-01,"South Korea","Visiting Friends or Relatives",3404
2012-02-01,"South Korea","Visiting Friends or Relatives",3433
2012-03-01,"South Korea","Visiting Friends or Relatives",3055
2012-04-01,"South Korea","Visiting Friends or Relatives",2803
2012-05-01,"South Korea","Visiting Friends or Relatives",2087
2012-06-01,"South Korea","Visiting Friends or Relatives",2807
2012-07-01,"South Korea","Visiting Friends or Relatives",2779
2012-08-01,"South Korea","Visiting Friends or Relatives",2696
2012-09-01,"South Korea","Visiting Friends or Relatives",2623
2012-10-01,"South Korea","Visiting Friends or Relatives",2520
2012-11-01,"South Korea","Visiting Friends or Relatives",3198
2012-12-01,"South Korea","Visiting Friends or Relatives",5799
2013-01-01,"South Korea","Visiting Friends or Relatives",3362
2013-02-01,"South Korea","Visiting Friends or Relatives",3065
2013-03-01,"South Korea","Visiting Friends or Relatives",3418
2013-04-01,"South Korea","Visiting Friends or Relatives",2930
2013-05-01,"South Korea","Visiting Friends or Relatives",2347
2013-06-01,"South Korea","Visiting Friends or Relatives",2896
2013-07-01,"South Korea","Visiting Friends or Relatives",3012
2013-08-01,"South Korea","Visiting Friends or Relatives",2607
2013-09-01,"South Korea","Visiting Friends or Relatives",3559
2013-10-01,"South Korea","Visiting Friends or Relatives",2629
2013-11-01,"South Korea","Visiting Friends or Relatives",3164
2013-12-01,"South Korea","Visiting Friends or Relatives",5287
2014-01-01,"South Korea","Visiting Friends or Relatives",4152
2014-02-01,"South Korea","Visiting Friends or Relatives",3453
2014-03-01,"South Korea","Visiting Friends or Relatives",3106
2014-04-01,"South Korea","Visiting Friends or Relatives",3032
2014-05-01,"South Korea","Visiting Friends or Relatives",3113
2014-06-01,"South Korea","Visiting Friends or Relatives",2722
2014-07-01,"South Korea","Visiting Friends or Relatives",2692
2014-08-01,"South Korea","Visiting Friends or Relatives",2428
2014-09-01,"South Korea","Visiting Friends or Relatives",3075
2014-10-01,"South Korea","Visiting Friends or Relatives",2412
2014-11-01,"South Korea","Visiting Friends or Relatives",3160
2014-12-01,"South Korea","Visiting Friends or Relatives",6484
2015-01-01,"South Korea","Visiting Friends or Relatives",5337
2015-02-01,"South Korea","Visiting Friends or Relatives",4646
2015-03-01,"South Korea","Visiting Friends or Relatives",4217
2015-04-01,"South Korea","Visiting Friends or Relatives",3028
2015-05-01,"South Korea","Visiting Friends or Relatives",3106
2015-06-01,"South Korea","Visiting Friends or Relatives",2644
2015-07-01,"South Korea","Visiting Friends or Relatives",3164
2015-08-01,"South Korea","Visiting Friends or Relatives",3245
2015-09-01,"South Korea","Visiting Friends or Relatives",4016
2015-10-01,"South Korea","Visiting Friends or Relatives",3210
2015-11-01,"South Korea","Visiting Friends or Relatives",3808
2015-12-01,"South Korea","Visiting Friends or Relatives",7819
2016-01-01,"South Korea","Visiting Friends or Relatives",4819
2016-02-01,"South Korea","Visiting Friends or Relatives",4592
2016-03-01,"South Korea","Visiting Friends or Relatives",4037
2016-04-01,"South Korea","Visiting Friends or Relatives",2819
2016-05-01,"South Korea","Visiting Friends or Relatives",2489
2016-06-01,"South Korea","Visiting Friends or Relatives",3328
2016-07-01,"South Korea","Visiting Friends or Relatives",3493
2016-08-01,"South Korea","Visiting Friends or Relatives",3476
2016-09-01,"South Korea","Visiting Friends or Relatives",4460
2016-10-01,"South Korea","Visiting Friends or Relatives",3344
2016-11-01,"South Korea","Visiting Friends or Relatives",4596
2016-12-01,"South Korea","Visiting Friends or Relatives",8195
2017-01-01,"South Korea","Visiting Friends or Relatives",5196
2017-02-01,"South Korea","Visiting Friends or Relatives",4690
2017-03-01,"South Korea","Visiting Friends or Relatives",3889
2017-04-01,"South Korea","Visiting Friends or Relatives",4152
2017-05-01,"South Korea","Visiting Friends or Relatives",2819
2017-06-01,"South Korea","Visiting Friends or Relatives",3163
2017-07-01,"South Korea","Visiting Friends or Relatives",3623
2017-08-01,"South Korea","Visiting Friends or Relatives",2953
2017-09-01,"South Korea","Visiting Friends or Relatives",5139
2017-10-01,"South Korea","Visiting Friends or Relatives",4344
2017-11-01,"South Korea","Visiting Friends or Relatives",4255
2017-12-01,"South Korea","Visiting Friends or Relatives",7587
2018-01-01,"South Korea","Visiting Friends or Relatives",5723
2018-02-01,"South Korea","Visiting Friends or Relatives",4375
2018-03-01,"South Korea","Visiting Friends or Relatives",4158
2018-04-01,"South Korea","Visiting Friends or Relatives",3163
2018-05-01,"South Korea","Visiting Friends or Relatives",2865
2018-06-01,"South Korea","Visiting Friends or Relatives",3268
2018-07-01,"South Korea","Visiting Friends or Relatives",3153
2018-08-01,"South Korea","Visiting Friends or Relatives",3049
2018-09-01,"South Korea","Visiting Friends or Relatives",3595
2018-10-01,"South Korea","Visiting Friends or Relatives",2500
2018-11-01,"South Korea","Visiting Friends or Relatives",3230
2018-12-01,"South Korea","Visiting Friends or Relatives",6155
2019-01-01,"South Korea","Visiting Friends or Relatives",4191
2019-02-01,"South Korea","Visiting Friends or Relatives",4091
2019-03-01,"South Korea","Visiting Friends or Relatives",2573
2019-04-01,"South Korea","Visiting Friends or Relatives",2806
2019-05-01,"South Korea","Visiting Friends or Relatives",2439
2019-06-01,"South Korea","Visiting Friends or Relatives",2891
2019-07-01,"South Korea","Visiting Friends or Relatives",3294
2019-08-01,"South Korea","Visiting Friends or Relatives",2547
2019-09-01,"South Korea","Visiting Friends or Relatives",3236
2019-10-01,"South Korea","Visiting Friends or Relatives",2631
2019-11-01,"South Korea","Visiting Friends or Relatives",3469
2019-12-01,"South Korea","Visiting Friends or Relatives",6365
2020-01-01,"South Korea","Visiting Friends or Relatives",4549
2020-02-01,"South Korea","Visiting Friends or Relatives",3187
2005-01-01,"Thailand","Business",576
2005-02-01,"Thailand","Business",797
2005-03-01,"Thailand","Business",1319
2005-04-01,"Thailand","Business",931
2005-05-01,"Thailand","Business",1402
2005-06-01,"Thailand","Business",1101
2005-07-01,"Thailand","Business",1062
2005-08-01,"Thailand","Business",1206
2005-09-01,"Thailand","Business",981
2005-10-01,"Thailand","Business",1202
2005-11-01,"Thailand","Business",1218
2005-12-01,"Thailand","Business",372
2006-01-01,"Thailand","Business",491
2006-02-01,"Thailand","Business",1030
2006-03-01,"Thailand","Business",1049
2006-04-01,"Thailand","Business",1109
2006-05-01,"Thailand","Business",1253
2006-06-01,"Thailand","Business",823
2006-07-01,"Thailand","Business",1122
2006-08-01,"Thailand","Business",1079
2006-09-01,"Thailand","Business",885
2006-10-01,"Thailand","Business",1162
2006-11-01,"Thailand","Business",1186
2006-12-01,"Thailand","Business",436
2007-01-01,"Thailand","Business",500
2007-02-01,"Thailand","Business",923
2007-03-01,"Thailand","Business",1281
2007-04-01,"Thailand","Business",1251
2007-05-01,"Thailand","Business",1010
2007-06-01,"Thailand","Business",958
2007-07-01,"Thailand","Business",992
2007-08-01,"Thailand","Business",1234
2007-09-01,"Thailand","Business",1348
2007-10-01,"Thailand","Business",1079
2007-11-01,"Thailand","Business",1223
2007-12-01,"Thailand","Business",533
2008-01-01,"Thailand","Business",540
2008-02-01,"Thailand","Business",1173
2008-03-01,"Thailand","Business",1149
2008-04-01,"Thailand","Business",1062
2008-05-01,"Thailand","Business",1070
2008-06-01,"Thailand","Business",1089
2008-07-01,"Thailand","Business",1109
2008-08-01,"Thailand","Business",1051
2008-09-01,"Thailand","Business",916
2008-10-01,"Thailand","Business",805
2008-11-01,"Thailand","Business",914
2008-12-01,"Thailand","Business",390
2009-01-01,"Thailand","Business",545
2009-02-01,"Thailand","Business",809
2009-03-01,"Thailand","Business",1115
2009-04-01,"Thailand","Business",699
2009-05-01,"Thailand","Business",947
2009-06-01,"Thailand","Business",645
2009-07-01,"Thailand","Business",1194
2009-08-01,"Thailand","Business",1059
2009-09-01,"Thailand","Business",1150
2009-10-01,"Thailand","Business",934
2009-11-01,"Thailand","Business",1010
2009-12-01,"Thailand","Business",373
2010-01-01,"Thailand","Business",658
2010-02-01,"Thailand","Business",1283
2010-03-01,"Thailand","Business",1111
2010-04-01,"Thailand","Business",808
2010-05-01,"Thailand","Business",966
2010-06-01,"Thailand","Business",858
2010-07-01,"Thailand","Business",913
2010-08-01,"Thailand","Business",1276
2010-09-01,"Thailand","Business",1123
2010-10-01,"Thailand","Business",1254
2010-11-01,"Thailand","Business",1484
2010-12-01,"Thailand","Business",504
2011-01-01,"Thailand","Business",533
2011-02-01,"Thailand","Business",1036
2011-03-01,"Thailand","Business",1174
2011-04-01,"Thailand","Business",817
2011-05-01,"Thailand","Business",1346
2011-06-01,"Thailand","Business",1084
2011-07-01,"Thailand","Business",1000
2011-08-01,"Thailand","Business",1048
2011-09-01,"Thailand","Business",1535
2011-10-01,"Thailand","Business",964
2011-11-01,"Thailand","Business",1112
2011-12-01,"Thailand","Business",415
2012-01-01,"Thailand","Business",577
2012-02-01,"Thailand","Business",966
2012-03-01,"Thailand","Business",1088
2012-04-01,"Thailand","Business",923
2012-05-01,"Thailand","Business",1165
2012-06-01,"Thailand","Business",923
2012-07-01,"Thailand","Business",803
2012-08-01,"Thailand","Business",977
2012-09-01,"Thailand","Business",1520
2012-10-01,"Thailand","Business",1116
2012-11-01,"Thailand","Business",1134
2012-12-01,"Thailand","Business",555
2013-01-01,"Thailand","Business",430
2013-02-01,"Thailand","Business",766
2013-03-01,"Thailand","Business",1063
2013-04-01,"Thailand","Business",1220
2013-05-01,"Thailand","Business",1456
2013-06-01,"Thailand","Business",998
2013-07-01,"Thailand","Business",1226
2013-08-01,"Thailand","Business",1248
2013-09-01,"Thailand","Business",1200
2013-10-01,"Thailand","Business",990
2013-11-01,"Thailand","Business",911
2013-12-01,"Thailand","Business",726
2014-01-01,"Thailand","Business",471
2014-02-01,"Thailand","Business",803
2014-03-01,"Thailand","Business",974
2014-04-01,"Thailand","Business",974
2014-05-01,"Thailand","Business",1236
2014-06-01,"Thailand","Business",943
2014-07-01,"Thailand","Business",1094
2014-08-01,"Thailand","Business",1237
2014-09-01,"Thailand","Business",900
2014-10-01,"Thailand","Business",880
2014-11-01,"Thailand","Business",1127
2014-12-01,"Thailand","Business",360
2015-01-01,"Thailand","Business",401
2015-02-01,"Thailand","Business",944
2015-03-01,"Thailand","Business",853
2015-04-01,"Thailand","Business",767
2015-05-01,"Thailand","Business",1024
2015-06-01,"Thailand","Business",680
2015-07-01,"Thailand","Business",702
2015-08-01,"Thailand","Business",1055
2015-09-01,"Thailand","Business",917
2015-10-01,"Thailand","Business",945
2015-11-01,"Thailand","Business",1142
2015-12-01,"Thailand","Business",553
2016-01-01,"Thailand","Business",613
2016-02-01,"Thailand","Business",843
2016-03-01,"Thailand","Business",1081
2016-04-01,"Thailand","Business",849
2016-05-01,"Thailand","Business",1030
2016-06-01,"Thailand","Business",868
2016-07-01,"Thailand","Business",955
2016-08-01,"Thailand","Business",768
2016-09-01,"Thailand","Business",1275
2016-10-01,"Thailand","Business",808
2016-11-01,"Thailand","Business",1034
2016-12-01,"Thailand","Business",498
2017-01-01,"Thailand","Business",613
2017-02-01,"Thailand","Business",925
2017-03-01,"Thailand","Business",823
2017-04-01,"Thailand","Business",834
2017-05-01,"Thailand","Business",1249
2017-06-01,"Thailand","Business",613
2017-07-01,"Thailand","Business",932
2017-08-01,"Thailand","Business",993
2017-09-01,"Thailand","Business",1581
2017-10-01,"Thailand","Business",752
2017-11-01,"Thailand","Business",1328
2017-12-01,"Thailand","Business",554
2018-01-01,"Thailand","Business",755
2018-02-01,"Thailand","Business",978
2018-03-01,"Thailand","Business",1290
2018-04-01,"Thailand","Business",1059
2018-05-01,"Thailand","Business",1226
2018-06-01,"Thailand","Business",985
2018-07-01,"Thailand","Business",1221
2018-08-01,"Thailand","Business",998
2018-09-01,"Thailand","Business",1064
2018-10-01,"Thailand","Business",1083
2018-11-01,"Thailand","Business",1011
2018-12-01,"Thailand","Business",576
2019-01-01,"Thailand","Business",594
2019-02-01,"Thailand","Business",669
2019-03-01,"Thailand","Business",1183
2019-04-01,"Thailand","Business",855
2019-05-01,"Thailand","Business",1246
2019-06-01,"Thailand","Business",811
2019-07-01,"Thailand","Business",963
2019-08-01,"Thailand","Business",2003
2019-09-01,"Thailand","Business",1142
2019-10-01,"Thailand","Business",1119
2019-11-01,"Thailand","Business",1361
2019-12-01,"Thailand","Business",496
2020-01-01,"Thailand","Business",313
2020-02-01,"Thailand","Business",657
2005-01-01,"Thailand","Education",1381
2005-02-01,"Thailand","Education",1861
2005-03-01,"Thailand","Education",1151
2005-04-01,"Thailand","Education",1484
2005-05-01,"Thailand","Education",661
2005-06-01,"Thailand","Education",525
2005-07-01,"Thailand","Education",1739
2005-08-01,"Thailand","Education",517
2005-09-01,"Thailand","Education",594
2005-10-01,"Thailand","Education",848
2005-11-01,"Thailand","Education",435
2005-12-01,"Thailand","Education",276
2006-01-01,"Thailand","Education",1309
2006-02-01,"Thailand","Education",1573
2006-03-01,"Thailand","Education",1306
2006-04-01,"Thailand","Education",1252
2006-05-01,"Thailand","Education",494
2006-06-01,"Thailand","Education",465
2006-07-01,"Thailand","Education",1816
2006-08-01,"Thailand","Education",579
2006-09-01,"Thailand","Education",528
2006-10-01,"Thailand","Education",778
2006-11-01,"Thailand","Education",453
2006-12-01,"Thailand","Education",310
2007-01-01,"Thailand","Education",1311
2007-02-01,"Thailand","Education",1647
2007-03-01,"Thailand","Education",1255
2007-04-01,"Thailand","Education",1473
2007-05-01,"Thailand","Education",690
2007-06-01,"Thailand","Education",605
2007-07-01,"Thailand","Education",1576
2007-08-01,"Thailand","Education",730
2007-09-01,"Thailand","Education",591
2007-10-01,"Thailand","Education",854
2007-11-01,"Thailand","Education",376
2007-12-01,"Thailand","Education",397
2008-01-01,"Thailand","Education",1119
2008-02-01,"Thailand","Education",1446
2008-03-01,"Thailand","Education",1206
2008-04-01,"Thailand","Education",1299
2008-05-01,"Thailand","Education",552
2008-06-01,"Thailand","Education",621
2008-07-01,"Thailand","Education",1493
2008-08-01,"Thailand","Education",643
2008-09-01,"Thailand","Education",355
2008-10-01,"Thailand","Education",880
2008-11-01,"Thailand","Education",424
2008-12-01,"Thailand","Education",368
2009-01-01,"Thailand","Education",1190
2009-02-01,"Thailand","Education",1704
2009-03-01,"Thailand","Education",1309
2009-04-01,"Thailand","Education",1265
2009-05-01,"Thailand","Education",864
2009-06-01,"Thailand","Education",593
2009-07-01,"Thailand","Education",1727
2009-08-01,"Thailand","Education",768
2009-09-01,"Thailand","Education",557
2009-10-01,"Thailand","Education",943
2009-11-01,"Thailand","Education",480
2009-12-01,"Thailand","Education",510
2010-01-01,"Thailand","Education",1575
2010-02-01,"Thailand","Education",1498
2010-03-01,"Thailand","Education",952
2010-04-01,"Thailand","Education",1115
2010-05-01,"Thailand","Education",553
2010-06-01,"Thailand","Education",445
2010-07-01,"Thailand","Education",1358
2010-08-01,"Thailand","Education",524
2010-09-01,"Thailand","Education",522
2010-10-01,"Thailand","Education",908
2010-11-01,"Thailand","Education",469
2010-12-01,"Thailand","Education",444
2011-01-01,"Thailand","Education",1024
2011-02-01,"Thailand","Education",1434
2011-03-01,"Thailand","Education",985
2011-04-01,"Thailand","Education",818
2011-05-01,"Thailand","Education",739
2011-06-01,"Thailand","Education",453
2011-07-01,"Thailand","Education",1397
2011-08-01,"Thailand","Education",547
2011-09-01,"Thailand","Education",509
2011-10-01,"Thailand","Education",696
2011-11-01,"Thailand","Education",347
2011-12-01,"Thailand","Education",294
2012-01-01,"Thailand","Education",952
2012-02-01,"Thailand","Education",1204
2012-03-01,"Thailand","Education",654
2012-04-01,"Thailand","Education",806
2012-05-01,"Thailand","Education",492
2012-06-01,"Thailand","Education",516
2012-07-01,"Thailand","Education",1088
2012-08-01,"Thailand","Education",453
2012-09-01,"Thailand","Education",433
2012-10-01,"Thailand","Education",664
2012-11-01,"Thailand","Education",430
2012-12-01,"Thailand","Education",204
2013-01-01,"Thailand","Education",1005
2013-02-01,"Thailand","Education",1031
2013-03-01,"Thailand","Education",907
2013-04-01,"Thailand","Education",1141
2013-05-01,"Thailand","Education",450
2013-06-01,"Thailand","Education",527
2013-07-01,"Thailand","Education",1059
2013-08-01,"Thailand","Education",586
2013-09-01,"Thailand","Education",564
2013-10-01,"Thailand","Education",719
2013-11-01,"Thailand","Education",524
2013-12-01,"Thailand","Education",395
2014-01-01,"Thailand","Education",730
2014-02-01,"Thailand","Education",1118
2014-03-01,"Thailand","Education",1080
2014-04-01,"Thailand","Education",1114
2014-05-01,"Thailand","Education",887
2014-06-01,"Thailand","Education",654
2014-07-01,"Thailand","Education",1105
2014-08-01,"Thailand","Education",513
2014-09-01,"Thailand","Education",469
2014-10-01,"Thailand","Education",524
2014-11-01,"Thailand","Education",467
2014-12-01,"Thailand","Education",442
2015-01-01,"Thailand","Education",910
2015-02-01,"Thailand","Education",899
2015-03-01,"Thailand","Education",838
2015-04-01,"Thailand","Education",996
2015-05-01,"Thailand","Education",725
2015-06-01,"Thailand","Education",716
2015-07-01,"Thailand","Education",1340
2015-08-01,"Thailand","Education",744
2015-09-01,"Thailand","Education",482
2015-10-01,"Thailand","Education",740
2015-11-01,"Thailand","Education",556
2015-12-01,"Thailand","Education",585
2016-01-01,"Thailand","Education",1003
2016-02-01,"Thailand","Education",1251
2016-03-01,"Thailand","Education",876
2016-04-01,"Thailand","Education",1113
2016-05-01,"Thailand","Education",682
2016-06-01,"Thailand","Education",965
2016-07-01,"Thailand","Education",1249
2016-08-01,"Thailand","Education",835
2016-09-01,"Thailand","Education",760
2016-10-01,"Thailand","Education",932
2016-11-01,"Thailand","Education",624
2016-12-01,"Thailand","Education",576
2017-01-01,"Thailand","Education",1199
2017-02-01,"Thailand","Education",1465
2017-03-01,"Thailand","Education",974
2017-04-01,"Thailand","Education",1460
2017-05-01,"Thailand","Education",1025
2017-06-01,"Thailand","Education",1145
2017-07-01,"Thailand","Education",1432
2017-08-01,"Thailand","Education",842
2017-09-01,"Thailand","Education",566
2017-10-01,"Thailand","Education",1019
2017-11-01,"Thailand","Education",625
2017-12-01,"Thailand","Education",557
2018-01-01,"Thailand","Education",1145
2018-02-01,"Thailand","Education",1243
2018-03-01,"Thailand","Education",809
2018-04-01,"Thailand","Education",1591
2018-05-01,"Thailand","Education",882
2018-06-01,"Thailand","Education",975
2018-07-01,"Thailand","Education",1444
2018-08-01,"Thailand","Education",598
2018-09-01,"Thailand","Education",602
2018-10-01,"Thailand","Education",897
2018-11-01,"Thailand","Education",603
2018-12-01,"Thailand","Education",484
2019-01-01,"Thailand","Education",1147
2019-02-01,"Thailand","Education",1146
2019-03-01,"Thailand","Education",1062
2019-04-01,"Thailand","Education",1204
2019-05-01,"Thailand","Education",892
2019-06-01,"Thailand","Education",980
2019-07-01,"Thailand","Education",1226
2019-08-01,"Thailand","Education",789
2019-09-01,"Thailand","Education",819
2019-10-01,"Thailand","Education",1140
2019-11-01,"Thailand","Education",679
2019-12-01,"Thailand","Education",728
2020-01-01,"Thailand","Education",1242
2020-02-01,"Thailand","Education",1252
2005-01-01,"Thailand","Employment",185
2005-02-01,"Thailand","Employment",86
2005-03-01,"Thailand","Employment",134
2005-04-01,"Thailand","Employment",172
2005-05-01,"Thailand","Employment",54
2005-06-01,"Thailand","Employment",128
2005-07-01,"Thailand","Employment",148
2005-08-01,"Thailand","Employment",172
2005-09-01,"Thailand","Employment",230
2005-10-01,"Thailand","Employment",274
2005-11-01,"Thailand","Employment",180
2005-12-01,"Thailand","Employment",241
2006-01-01,"Thailand","Employment",130
2006-02-01,"Thailand","Employment",82
2006-03-01,"Thailand","Employment",297
2006-04-01,"Thailand","Employment",379
2006-05-01,"Thailand","Employment",227
2006-06-01,"Thailand","Employment",238
2006-07-01,"Thailand","Employment",330
2006-08-01,"Thailand","Employment",154
2006-09-01,"Thailand","Employment",203
2006-10-01,"Thailand","Employment",190
2006-11-01,"Thailand","Employment",103
2006-12-01,"Thailand","Employment",342
2007-01-01,"Thailand","Employment",211
2007-02-01,"Thailand","Employment",234
2007-03-01,"Thailand","Employment",291
2007-04-01,"Thailand","Employment",502
2007-05-01,"Thailand","Employment",344
2007-06-01,"Thailand","Employment",238
2007-07-01,"Thailand","Employment",193
2007-08-01,"Thailand","Employment",195
2007-09-01,"Thailand","Employment",300
2007-10-01,"Thailand","Employment",186
2007-11-01,"Thailand","Employment",313
2007-12-01,"Thailand","Employment",203
2008-01-01,"Thailand","Employment",279
2008-02-01,"Thailand","Employment",119
2008-03-01,"Thailand","Employment",167
2008-04-01,"Thailand","Employment",546
2008-05-01,"Thailand","Employment",242
2008-06-01,"Thailand","Employment",242
2008-07-01,"Thailand","Employment",282
2008-08-01,"Thailand","Employment",282
2008-09-01,"Thailand","Employment",240
2008-10-01,"Thailand","Employment",288
2008-11-01,"Thailand","Employment",225
2008-12-01,"Thailand","Employment",178
2009-01-01,"Thailand","Employment",239
2009-02-01,"Thailand","Employment",285
2009-03-01,"Thailand","Employment",317
2009-04-01,"Thailand","Employment",273
2009-05-01,"Thailand","Employment",235
2009-06-01,"Thailand","Employment",127
2009-07-01,"Thailand","Employment",234
2009-08-01,"Thailand","Employment",188
2009-09-01,"Thailand","Employment",177
2009-10-01,"Thailand","Employment",205
2009-11-01,"Thailand","Employment",211
2009-12-01,"Thailand","Employment",212
2010-01-01,"Thailand","Employment",124
2010-02-01,"Thailand","Employment",281
2010-03-01,"Thailand","Employment",263
2010-04-01,"Thailand","Employment",342
2010-05-01,"Thailand","Employment",180
2010-06-01,"Thailand","Employment",99
2010-07-01,"Thailand","Employment",311
2010-08-01,"Thailand","Employment",268
2010-09-01,"Thailand","Employment",196
2010-10-01,"Thailand","Employment",276
2010-11-01,"Thailand","Employment",229
2010-12-01,"Thailand","Employment",156
2011-01-01,"Thailand","Employment",173
2011-02-01,"Thailand","Employment",137
2011-03-01,"Thailand","Employment",280
2011-04-01,"Thailand","Employment",445
2011-05-01,"Thailand","Employment",243
2011-06-01,"Thailand","Employment",251
2011-07-01,"Thailand","Employment",220
2011-08-01,"Thailand","Employment",315
2011-09-01,"Thailand","Employment",170
2011-10-01,"Thailand","Employment",246
2011-11-01,"Thailand","Employment",239
2011-12-01,"Thailand","Employment",203
2012-01-01,"Thailand","Employment",175
2012-02-01,"Thailand","Employment",224
2012-03-01,"Thailand","Employment",223
2012-04-01,"Thailand","Employment",271
2012-05-01,"Thailand","Employment",236
2012-06-01,"Thailand","Employment",226
2012-07-01,"Thailand","Employment",124
2012-08-01,"Thailand","Employment",253
2012-09-01,"Thailand","Employment",150
2012-10-01,"Thailand","Employment",243
2012-11-01,"Thailand","Employment",167
2012-12-01,"Thailand","Employment",124
2013-01-01,"Thailand","Employment",164
2013-02-01,"Thailand","Employment",118
2013-03-01,"Thailand","Employment",387
2013-04-01,"Thailand","Employment",467
2013-05-01,"Thailand","Employment",326
2013-06-01,"Thailand","Employment",253
2013-07-01,"Thailand","Employment",158
2013-08-01,"Thailand","Employment",205
2013-09-01,"Thailand","Employment",227
2013-10-01,"Thailand","Employment",307
2013-11-01,"Thailand","Employment",182
2013-12-01,"Thailand","Employment",258
2014-01-01,"Thailand","Employment",210
2014-02-01,"Thailand","Employment",224
2014-03-01,"Thailand","Employment",240
2014-04-01,"Thailand","Employment",374
2014-05-01,"Thailand","Employment",165
2014-06-01,"Thailand","Employment",198
2014-07-01,"Thailand","Employment",184
2014-08-01,"Thailand","Employment",125
2014-09-01,"Thailand","Employment",233
2014-10-01,"Thailand","Employment",275
2014-11-01,"Thailand","Employment",196
2014-12-01,"Thailand","Employment",407
2015-01-01,"Thailand","Employment",197
2015-02-01,"Thailand","Employment",254
2015-03-01,"Thailand","Employment",241
2015-04-01,"Thailand","Employment",432
2015-05-01,"Thailand","Employment",338
2015-06-01,"Thailand","Employment",212
2015-07-01,"Thailand","Employment",318
2015-08-01,"Thailand","Employment",353
2015-09-01,"Thailand","Employment",360
2015-10-01,"Thailand","Employment",394
2015-11-01,"Thailand","Employment",234
2015-12-01,"Thailand","Employment",268
2016-01-01,"Thailand","Employment",224
2016-02-01,"Thailand","Employment",203
2016-03-01,"Thailand","Employment",391
2016-04-01,"Thailand","Employment",471
2016-05-01,"Thailand","Employment",422
2016-06-01,"Thailand","Employment",294
2016-07-01,"Thailand","Employment",198
2016-08-01,"Thailand","Employment",292
2016-09-01,"Thailand","Employment",224
2016-10-01,"Thailand","Employment",456
2016-11-01,"Thailand","Employment",337
2016-12-01,"Thailand","Employment",334
2017-01-01,"Thailand","Employment",432
2017-02-01,"Thailand","Employment",313
2017-03-01,"Thailand","Employment",361
2017-04-01,"Thailand","Employment",541
2017-05-01,"Thailand","Employment",354
2017-06-01,"Thailand","Employment",382
2017-07-01,"Thailand","Employment",242
2017-08-01,"Thailand","Employment",183
2017-09-01,"Thailand","Employment",214
2017-10-01,"Thailand","Employment",250
2017-11-01,"Thailand","Employment",154
2017-12-01,"Thailand","Employment",214
2018-01-01,"Thailand","Employment",228
2018-02-01,"Thailand","Employment",143
2018-03-01,"Thailand","Employment",200
2018-04-01,"Thailand","Employment",319
2018-05-01,"Thailand","Employment",299
2018-06-01,"Thailand","Employment",182
2018-07-01,"Thailand","Employment",239
2018-08-01,"Thailand","Employment",222
2018-09-01,"Thailand","Employment",166
2018-10-01,"Thailand","Employment",241
2018-11-01,"Thailand","Employment",156
2018-12-01,"Thailand","Employment",182
2019-01-01,"Thailand","Employment",264
2019-02-01,"Thailand","Employment",287
2019-03-01,"Thailand","Employment",233
2019-04-01,"Thailand","Employment",215
2019-05-01,"Thailand","Employment",296
2019-06-01,"Thailand","Employment",168
2019-07-01,"Thailand","Employment",186
2019-08-01,"Thailand","Employment",156
2019-09-01,"Thailand","Employment",199
2019-10-01,"Thailand","Employment",217
2019-11-01,"Thailand","Employment",240
2019-12-01,"Thailand","Employment",145
2020-01-01,"Thailand","Employment",244
2020-02-01,"Thailand","Employment",223
2005-01-01,"Thailand","Holiday",1224
2005-02-01,"Thailand","Holiday",1445
2005-03-01,"Thailand","Holiday",2806
2005-04-01,"Thailand","Holiday",6663
2005-05-01,"Thailand","Holiday",2219
2005-06-01,"Thailand","Holiday",1348
2005-07-01,"Thailand","Holiday",2408
2005-08-01,"Thailand","Holiday",1761
2005-09-01,"Thailand","Holiday",1774
2005-10-01,"Thailand","Holiday",2813
2005-11-01,"Thailand","Holiday",1265
2005-12-01,"Thailand","Holiday",2703
2006-01-01,"Thailand","Holiday",890
2006-02-01,"Thailand","Holiday",1605
2006-03-01,"Thailand","Holiday",3041
2006-04-01,"Thailand","Holiday",5581
2006-05-01,"Thailand","Holiday",2109
2006-06-01,"Thailand","Holiday",1312
2006-07-01,"Thailand","Holiday",1600
2006-08-01,"Thailand","Holiday",1571
2006-09-01,"Thailand","Holiday",1511
2006-10-01,"Thailand","Holiday",2782
2006-11-01,"Thailand","Holiday",1474
2006-12-01,"Thailand","Holiday",2938
2007-01-01,"Thailand","Holiday",804
2007-02-01,"Thailand","Holiday",1111
2007-03-01,"Thailand","Holiday",2745
2007-04-01,"Thailand","Holiday",4958
2007-05-01,"Thailand","Holiday",2469
2007-06-01,"Thailand","Holiday",1386
2007-07-01,"Thailand","Holiday",1845
2007-08-01,"Thailand","Holiday",2497
2007-09-01,"Thailand","Holiday",3046
2007-10-01,"Thailand","Holiday",3366
2007-11-01,"Thailand","Holiday",1344
2007-12-01,"Thailand","Holiday",2326
2008-01-01,"Thailand","Holiday",835
2008-02-01,"Thailand","Holiday",1388
2008-03-01,"Thailand","Holiday",2572
2008-04-01,"Thailand","Holiday",4758
2008-05-01,"Thailand","Holiday",2685
2008-06-01,"Thailand","Holiday",2004
2008-07-01,"Thailand","Holiday",1410
2008-08-01,"Thailand","Holiday",1894
2008-09-01,"Thailand","Holiday",1718
2008-10-01,"Thailand","Holiday",2116
2008-11-01,"Thailand","Holiday",1356
2008-12-01,"Thailand","Holiday",2804
2009-01-01,"Thailand","Holiday",1096
2009-02-01,"Thailand","Holiday",1182
2009-03-01,"Thailand","Holiday",2290
2009-04-01,"Thailand","Holiday",4478
2009-05-01,"Thailand","Holiday",2798
2009-06-01,"Thailand","Holiday",1315
2009-07-01,"Thailand","Holiday",1627
2009-08-01,"Thailand","Holiday",2023
2009-09-01,"Thailand","Holiday",1612
2009-10-01,"Thailand","Holiday",2729
2009-11-01,"Thailand","Holiday",1546
2009-12-01,"Thailand","Holiday",3182
2010-01-01,"Thailand","Holiday",1045
2010-02-01,"Thailand","Holiday",1278
2010-03-01,"Thailand","Holiday",3137
2010-04-01,"Thailand","Holiday",5032
2010-05-01,"Thailand","Holiday",2089
2010-06-01,"Thailand","Holiday",1459
2010-07-01,"Thailand","Holiday",1543
2010-08-01,"Thailand","Holiday",2147
2010-09-01,"Thailand","Holiday",1829
2010-10-01,"Thailand","Holiday",3219
2010-11-01,"Thailand","Holiday",1492
2010-12-01,"Thailand","Holiday",2901
2011-01-01,"Thailand","Holiday",934
2011-02-01,"Thailand","Holiday",1371
2011-03-01,"Thailand","Holiday",2728
2011-04-01,"Thailand","Holiday",5247
2011-05-01,"Thailand","Holiday",3577
2011-06-01,"Thailand","Holiday",2587
2011-07-01,"Thailand","Holiday",2743
2011-08-01,"Thailand","Holiday",2814
2011-09-01,"Thailand","Holiday",1542
2011-10-01,"Thailand","Holiday",2444
2011-11-01,"Thailand","Holiday",1320
2011-12-01,"Thailand","Holiday",2475
2012-01-01,"Thailand","Holiday",924
2012-02-01,"Thailand","Holiday",1253
2012-03-01,"Thailand","Holiday",2100
2012-04-01,"Thailand","Holiday",4277
2012-05-01,"Thailand","Holiday",2184
2012-06-01,"Thailand","Holiday",1480
2012-07-01,"Thailand","Holiday",1541
2012-08-01,"Thailand","Holiday",2044
2012-09-01,"Thailand","Holiday",2706
2012-10-01,"Thailand","Holiday",2905
2012-11-01,"Thailand","Holiday",1567
2012-12-01,"Thailand","Holiday",2717
2013-01-01,"Thailand","Holiday",866
2013-02-01,"Thailand","Holiday",1143
2013-03-01,"Thailand","Holiday",2060
2013-04-01,"Thailand","Holiday",4998
2013-05-01,"Thailand","Holiday",2406
2013-06-01,"Thailand","Holiday",1676
2013-07-01,"Thailand","Holiday",2336
2013-08-01,"Thailand","Holiday",2572
2013-09-01,"Thailand","Holiday",1890
2013-10-01,"Thailand","Holiday",3454
2013-11-01,"Thailand","Holiday",1698
2013-12-01,"Thailand","Holiday",3315
2014-01-01,"Thailand","Holiday",1385
2014-02-01,"Thailand","Holiday",1342
2014-03-01,"Thailand","Holiday",1910
2014-04-01,"Thailand","Holiday",4162
2014-05-01,"Thailand","Holiday",2559
2014-06-01,"Thailand","Holiday",1796
2014-07-01,"Thailand","Holiday",1996
2014-08-01,"Thailand","Holiday",2150
2014-09-01,"Thailand","Holiday",1538
2014-10-01,"Thailand","Holiday",2993
2014-11-01,"Thailand","Holiday",1642
2014-12-01,"Thailand","Holiday",3193
2015-01-01,"Thailand","Holiday",1185
2015-02-01,"Thailand","Holiday",1502
2015-03-01,"Thailand","Holiday",1788
2015-04-01,"Thailand","Holiday",4787
2015-05-01,"Thailand","Holiday",2292
2015-06-01,"Thailand","Holiday",1726
2015-07-01,"Thailand","Holiday",2185
2015-08-01,"Thailand","Holiday",2123
2015-09-01,"Thailand","Holiday",1736
2015-10-01,"Thailand","Holiday",2785
2015-11-01,"Thailand","Holiday",2121
2015-12-01,"Thailand","Holiday",3681
2016-01-01,"Thailand","Holiday",1524
2016-02-01,"Thailand","Holiday",1689
2016-03-01,"Thailand","Holiday",2424
2016-04-01,"Thailand","Holiday",6785
2016-05-01,"Thailand","Holiday",3446
2016-06-01,"Thailand","Holiday",2115
2016-07-01,"Thailand","Holiday",3170
2016-08-01,"Thailand","Holiday",2533
2016-09-01,"Thailand","Holiday",2548
2016-10-01,"Thailand","Holiday",3383
2016-11-01,"Thailand","Holiday",2084
2016-12-01,"Thailand","Holiday",4388
2017-01-01,"Thailand","Holiday",1314
2017-02-01,"Thailand","Holiday",2834
2017-03-01,"Thailand","Holiday",2800
2017-04-01,"Thailand","Holiday",7075
2017-05-01,"Thailand","Holiday",2697
2017-06-01,"Thailand","Holiday",2342
2017-07-01,"Thailand","Holiday",3350
2017-08-01,"Thailand","Holiday",2915
2017-09-01,"Thailand","Holiday",3217
2017-10-01,"Thailand","Holiday",3974
2017-11-01,"Thailand","Holiday",2256
2017-12-01,"Thailand","Holiday",4327
2018-01-01,"Thailand","Holiday",1415
2018-02-01,"Thailand","Holiday",1802
2018-03-01,"Thailand","Holiday",2689
2018-04-01,"Thailand","Holiday",6812
2018-05-01,"Thailand","Holiday",3427
2018-06-01,"Thailand","Holiday",2746
2018-07-01,"Thailand","Holiday",3556
2018-08-01,"Thailand","Holiday",3194
2018-09-01,"Thailand","Holiday",2078
2018-10-01,"Thailand","Holiday",3933
2018-11-01,"Thailand","Holiday",2452
2018-12-01,"Thailand","Holiday",4376
2019-01-01,"Thailand","Holiday",1548
2019-02-01,"Thailand","Holiday",2203
2019-03-01,"Thailand","Holiday",2774
2019-04-01,"Thailand","Holiday",6643
2019-05-01,"Thailand","Holiday",3433
2019-06-01,"Thailand","Holiday",2475
2019-07-01,"Thailand","Holiday",3832
2019-08-01,"Thailand","Holiday",4050
2019-09-01,"Thailand","Holiday",2471
2019-10-01,"Thailand","Holiday",4310
2019-11-01,"Thailand","Holiday",2669
2019-12-01,"Thailand","Holiday",5286
2020-01-01,"Thailand","Holiday",1469
2020-02-01,"Thailand","Holiday",2123
2005-01-01,"Thailand","Other",394
2005-02-01,"Thailand","Other",178
2005-03-01,"Thailand","Other",527
2005-04-01,"Thailand","Other",488
2005-05-01,"Thailand","Other",458
2005-06-01,"Thailand","Other",427
2005-07-01,"Thailand","Other",288
2005-08-01,"Thailand","Other",329
2005-09-01,"Thailand","Other",339
2005-10-01,"Thailand","Other",267
2005-11-01,"Thailand","Other",337
2005-12-01,"Thailand","Other",177
2006-01-01,"Thailand","Other",249
2006-02-01,"Thailand","Other",184
2006-03-01,"Thailand","Other",368
2006-04-01,"Thailand","Other",370
2006-05-01,"Thailand","Other",501
2006-06-01,"Thailand","Other",393
2006-07-01,"Thailand","Other",402
2006-08-01,"Thailand","Other",220
2006-09-01,"Thailand","Other",247
2006-10-01,"Thailand","Other",377
2006-11-01,"Thailand","Other",179
2006-12-01,"Thailand","Other",122
2007-01-01,"Thailand","Other",247
2007-02-01,"Thailand","Other",282
2007-03-01,"Thailand","Other",318
2007-04-01,"Thailand","Other",355
2007-05-01,"Thailand","Other",264
2007-06-01,"Thailand","Other",261
2007-07-01,"Thailand","Other",188
2007-08-01,"Thailand","Other",233
2007-09-01,"Thailand","Other",321
2007-10-01,"Thailand","Other",237
2007-11-01,"Thailand","Other",207
2007-12-01,"Thailand","Other",177
2008-01-01,"Thailand","Other",202
2008-02-01,"Thailand","Other",304
2008-03-01,"Thailand","Other",461
2008-04-01,"Thailand","Other",491
2008-05-01,"Thailand","Other",421
2008-06-01,"Thailand","Other",489
2008-07-01,"Thailand","Other",437
2008-08-01,"Thailand","Other",193
2008-09-01,"Thailand","Other",375
2008-10-01,"Thailand","Other",296
2008-11-01,"Thailand","Other",240
2008-12-01,"Thailand","Other",175
2009-01-01,"Thailand","Other",219
2009-02-01,"Thailand","Other",136
2009-03-01,"Thailand","Other",275
2009-04-01,"Thailand","Other",406
2009-05-01,"Thailand","Other",416
2009-06-01,"Thailand","Other",153
2009-07-01,"Thailand","Other",252
2009-08-01,"Thailand","Other",208
2009-09-01,"Thailand","Other",281
2009-10-01,"Thailand","Other",420
2009-11-01,"Thailand","Other",199
2009-12-01,"Thailand","Other",149
2010-01-01,"Thailand","Other",393
2010-02-01,"Thailand","Other",410
2010-03-01,"Thailand","Other",207
2010-04-01,"Thailand","Other",461
2010-05-01,"Thailand","Other",206
2010-06-01,"Thailand","Other",204
2010-07-01,"Thailand","Other",278
2010-08-01,"Thailand","Other",296
2010-09-01,"Thailand","Other",269
2010-10-01,"Thailand","Other",258
2010-11-01,"Thailand","Other",351
2010-12-01,"Thailand","Other",180
2011-01-01,"Thailand","Other",464
2011-02-01,"Thailand","Other",327
2011-03-01,"Thailand","Other",596
2011-04-01,"Thailand","Other",376
2011-05-01,"Thailand","Other",373
2011-06-01,"Thailand","Other",295
2011-07-01,"Thailand","Other",271
2011-08-01,"Thailand","Other",289
2011-09-01,"Thailand","Other",328
2011-10-01,"Thailand","Other",290
2011-11-01,"Thailand","Other",191
2011-12-01,"Thailand","Other",222
2012-01-01,"Thailand","Other",256
2012-02-01,"Thailand","Other",298
2012-03-01,"Thailand","Other",367
2012-04-01,"Thailand","Other",309
2012-05-01,"Thailand","Other",513
2012-06-01,"Thailand","Other",270
2012-07-01,"Thailand","Other",240
2012-08-01,"Thailand","Other",164
2012-09-01,"Thailand","Other",574
2012-10-01,"Thailand","Other",340
2012-11-01,"Thailand","Other",155
2012-12-01,"Thailand","Other",203
2013-01-01,"Thailand","Other",311
2013-02-01,"Thailand","Other",381
2013-03-01,"Thailand","Other",283
2013-04-01,"Thailand","Other",400
2013-05-01,"Thailand","Other",377
2013-06-01,"Thailand","Other",196
2013-07-01,"Thailand","Other",364
2013-08-01,"Thailand","Other",230
2013-09-01,"Thailand","Other",466
2013-10-01,"Thailand","Other",301
2013-11-01,"Thailand","Other",384
2013-12-01,"Thailand","Other",156
2014-01-01,"Thailand","Other",301
2014-02-01,"Thailand","Other",288
2014-03-01,"Thailand","Other",563
2014-04-01,"Thailand","Other",262
2014-05-01,"Thailand","Other",456
2014-06-01,"Thailand","Other",182
2014-07-01,"Thailand","Other",330
2014-08-01,"Thailand","Other",324
2014-09-01,"Thailand","Other",295
2014-10-01,"Thailand","Other",357
2014-11-01,"Thailand","Other",347
2014-12-01,"Thailand","Other",145
2015-01-01,"Thailand","Other",278
2015-02-01,"Thailand","Other",226
2015-03-01,"Thailand","Other",325
2015-04-01,"Thailand","Other",470
2015-05-01,"Thailand","Other",327
2015-06-01,"Thailand","Other",233
2015-07-01,"Thailand","Other",441
2015-08-01,"Thailand","Other",196
2015-09-01,"Thailand","Other",382
2015-10-01,"Thailand","Other",253
2015-11-01,"Thailand","Other",179
2015-12-01,"Thailand","Other",187
2016-01-01,"Thailand","Other",194
2016-02-01,"Thailand","Other",214
2016-03-01,"Thailand","Other",310
2016-04-01,"Thailand","Other",439
2016-05-01,"Thailand","Other",492
2016-06-01,"Thailand","Other",369
2016-07-01,"Thailand","Other",507
2016-08-01,"Thailand","Other",209
2016-09-01,"Thailand","Other",303
2016-10-01,"Thailand","Other",365
2016-11-01,"Thailand","Other",388
2016-12-01,"Thailand","Other",380
2017-01-01,"Thailand","Other",165
2017-02-01,"Thailand","Other",390
2017-03-01,"Thailand","Other",171
2017-04-01,"Thailand","Other",370
2017-05-01,"Thailand","Other",274
2017-06-01,"Thailand","Other",366
2017-07-01,"Thailand","Other",187
2017-08-01,"Thailand","Other",290
2017-09-01,"Thailand","Other",386
2017-10-01,"Thailand","Other",258
2017-11-01,"Thailand","Other",247
2017-12-01,"Thailand","Other",272
2018-01-01,"Thailand","Other",316
2018-02-01,"Thailand","Other",282
2018-03-01,"Thailand","Other",461
2018-04-01,"Thailand","Other",374
2018-05-01,"Thailand","Other",315
2018-06-01,"Thailand","Other",297
2018-07-01,"Thailand","Other",344
2018-08-01,"Thailand","Other",288
2018-09-01,"Thailand","Other",498
2018-10-01,"Thailand","Other",352
2018-11-01,"Thailand","Other",256
2018-12-01,"Thailand","Other",369
2019-01-01,"Thailand","Other",245
2019-02-01,"Thailand","Other",261
2019-03-01,"Thailand","Other",406
2019-04-01,"Thailand","Other",470
2019-05-01,"Thailand","Other",304
2019-06-01,"Thailand","Other",285
2019-07-01,"Thailand","Other",259
2019-08-01,"Thailand","Other",398
2019-09-01,"Thailand","Other",329
2019-10-01,"Thailand","Other",344
2019-11-01,"Thailand","Other",205
2019-12-01,"Thailand","Other",210
2020-01-01,"Thailand","Other",384
2020-02-01,"Thailand","Other",273
2005-01-01,"Thailand","Visiting Friends or Relatives",579
2005-02-01,"Thailand","Visiting Friends or Relatives",796
2005-03-01,"Thailand","Visiting Friends or Relatives",1813
2005-04-01,"Thailand","Visiting Friends or Relatives",1955
2005-05-01,"Thailand","Visiting Friends or Relatives",1067
2005-06-01,"Thailand","Visiting Friends or Relatives",954
2005-07-01,"Thailand","Visiting Friends or Relatives",1272
2005-08-01,"Thailand","Visiting Friends or Relatives",981
2005-09-01,"Thailand","Visiting Friends or Relatives",1056
2005-10-01,"Thailand","Visiting Friends or Relatives",1529
2005-11-01,"Thailand","Visiting Friends or Relatives",837
2005-12-01,"Thailand","Visiting Friends or Relatives",1851
2006-01-01,"Thailand","Visiting Friends or Relatives",595
2006-02-01,"Thailand","Visiting Friends or Relatives",763
2006-03-01,"Thailand","Visiting Friends or Relatives",1187
2006-04-01,"Thailand","Visiting Friends or Relatives",2166
2006-05-01,"Thailand","Visiting Friends or Relatives",960
2006-06-01,"Thailand","Visiting Friends or Relatives",835
2006-07-01,"Thailand","Visiting Friends or Relatives",1092
2006-08-01,"Thailand","Visiting Friends or Relatives",821
2006-09-01,"Thailand","Visiting Friends or Relatives",1026
2006-10-01,"Thailand","Visiting Friends or Relatives",1254
2006-11-01,"Thailand","Visiting Friends or Relatives",781
2006-12-01,"Thailand","Visiting Friends or Relatives",1911
2007-01-01,"Thailand","Visiting Friends or Relatives",566
2007-02-01,"Thailand","Visiting Friends or Relatives",921
2007-03-01,"Thailand","Visiting Friends or Relatives",1615
2007-04-01,"Thailand","Visiting Friends or Relatives",2204
2007-05-01,"Thailand","Visiting Friends or Relatives",1245
2007-06-01,"Thailand","Visiting Friends or Relatives",1217
2007-07-01,"Thailand","Visiting Friends or Relatives",1102
2007-08-01,"Thailand","Visiting Friends or Relatives",1255
2007-09-01,"Thailand","Visiting Friends or Relatives",1448
2007-10-01,"Thailand","Visiting Friends or Relatives",1595
2007-11-01,"Thailand","Visiting Friends or Relatives",990
2007-12-01,"Thailand","Visiting Friends or Relatives",1988
2008-01-01,"Thailand","Visiting Friends or Relatives",826
2008-02-01,"Thailand","Visiting Friends or Relatives",1170
2008-03-01,"Thailand","Visiting Friends or Relatives",1798
2008-04-01,"Thailand","Visiting Friends or Relatives",2633
2008-05-01,"Thailand","Visiting Friends or Relatives",1312
2008-06-01,"Thailand","Visiting Friends or Relatives",1231
2008-07-01,"Thailand","Visiting Friends or Relatives",1197
2008-08-01,"Thailand","Visiting Friends or Relatives",1248
2008-09-01,"Thailand","Visiting Friends or Relatives",967
2008-10-01,"Thailand","Visiting Friends or Relatives",1668
2008-11-01,"Thailand","Visiting Friends or Relatives",1173
2008-12-01,"Thailand","Visiting Friends or Relatives",1880
2009-01-01,"Thailand","Visiting Friends or Relatives",960
2009-02-01,"Thailand","Visiting Friends or Relatives",1174
2009-03-01,"Thailand","Visiting Friends or Relatives",1903
2009-04-01,"Thailand","Visiting Friends or Relatives",2538
2009-05-01,"Thailand","Visiting Friends or Relatives",1215
2009-06-01,"Thailand","Visiting Friends or Relatives",1517
2009-07-01,"Thailand","Visiting Friends or Relatives",1469
2009-08-01,"Thailand","Visiting Friends or Relatives",1439
2009-09-01,"Thailand","Visiting Friends or Relatives",1354
2009-10-01,"Thailand","Visiting Friends or Relatives",2104
2009-11-01,"Thailand","Visiting Friends or Relatives",1227
2009-12-01,"Thailand","Visiting Friends or Relatives",2756
2010-01-01,"Thailand","Visiting Friends or Relatives",1104
2010-02-01,"Thailand","Visiting Friends or Relatives",1052
2010-03-01,"Thailand","Visiting Friends or Relatives",1698
2010-04-01,"Thailand","Visiting Friends or Relatives",2778
2010-05-01,"Thailand","Visiting Friends or Relatives",1098
2010-06-01,"Thailand","Visiting Friends or Relatives",1228
2010-07-01,"Thailand","Visiting Friends or Relatives",1398
2010-08-01,"Thailand","Visiting Friends or Relatives",1576
2010-09-01,"Thailand","Visiting Friends or Relatives",1437
2010-10-01,"Thailand","Visiting Friends or Relatives",1704
2010-11-01,"Thailand","Visiting Friends or Relatives",1254
2010-12-01,"Thailand","Visiting Friends or Relatives",2519
2011-01-01,"Thailand","Visiting Friends or Relatives",833
2011-02-01,"Thailand","Visiting Friends or Relatives",1053
2011-03-01,"Thailand","Visiting Friends or Relatives",1651
2011-04-01,"Thailand","Visiting Friends or Relatives",2945
2011-05-01,"Thailand","Visiting Friends or Relatives",1306
2011-06-01,"Thailand","Visiting Friends or Relatives",923
2011-07-01,"Thailand","Visiting Friends or Relatives",1248
2011-08-01,"Thailand","Visiting Friends or Relatives",1258
2011-09-01,"Thailand","Visiting Friends or Relatives",1253
2011-10-01,"Thailand","Visiting Friends or Relatives",1791
2011-11-01,"Thailand","Visiting Friends or Relatives",912
2011-12-01,"Thailand","Visiting Friends or Relatives",2365
2012-01-01,"Thailand","Visiting Friends or Relatives",1112
2012-02-01,"Thailand","Visiting Friends or Relatives",1203
2012-03-01,"Thailand","Visiting Friends or Relatives",2112
2012-04-01,"Thailand","Visiting Friends or Relatives",2845
2012-05-01,"Thailand","Visiting Friends or Relatives",1466
2012-06-01,"Thailand","Visiting Friends or Relatives",1507
2012-07-01,"Thailand","Visiting Friends or Relatives",1397
2012-08-01,"Thailand","Visiting Friends or Relatives",1437
2012-09-01,"Thailand","Visiting Friends or Relatives",1520
2012-10-01,"Thailand","Visiting Friends or Relatives",1767
2012-11-01,"Thailand","Visiting Friends or Relatives",1461
2012-12-01,"Thailand","Visiting Friends or Relatives",2636
2013-01-01,"Thailand","Visiting Friends or Relatives",985
2013-02-01,"Thailand","Visiting Friends or Relatives",1284
2013-03-01,"Thailand","Visiting Friends or Relatives",2147
2013-04-01,"Thailand","Visiting Friends or Relatives",3074
2013-05-01,"Thailand","Visiting Friends or Relatives",1775
2013-06-01,"Thailand","Visiting Friends or Relatives",1461
2013-07-01,"Thailand","Visiting Friends or Relatives",1525
2013-08-01,"Thailand","Visiting Friends or Relatives",1602
2013-09-01,"Thailand","Visiting Friends or Relatives",1550
2013-10-01,"Thailand","Visiting Friends or Relatives",2216
2013-11-01,"Thailand","Visiting Friends or Relatives",1822
2013-12-01,"Thailand","Visiting Friends or Relatives",2639
2014-01-01,"Thailand","Visiting Friends or Relatives",1112
2014-02-01,"Thailand","Visiting Friends or Relatives",1626
2014-03-01,"Thailand","Visiting Friends or Relatives",2049
2014-04-01,"Thailand","Visiting Friends or Relatives",2980
2014-05-01,"Thailand","Visiting Friends or Relatives",1995
2014-06-01,"Thailand","Visiting Friends or Relatives",1533
2014-07-01,"Thailand","Visiting Friends or Relatives",1543
2014-08-01,"Thailand","Visiting Friends or Relatives",1786
2014-09-01,"Thailand","Visiting Friends or Relatives",1638
2014-10-01,"Thailand","Visiting Friends or Relatives",2520
2014-11-01,"Thailand","Visiting Friends or Relatives",1642
2014-12-01,"Thailand","Visiting Friends or Relatives",2858
2015-01-01,"Thailand","Visiting Friends or Relatives",1317
2015-02-01,"Thailand","Visiting Friends or Relatives",1760
2015-03-01,"Thailand","Visiting Friends or Relatives",2201
2015-04-01,"Thailand","Visiting Friends or Relatives",2998
2015-05-01,"Thailand","Visiting Friends or Relatives",1814
2015-06-01,"Thailand","Visiting Friends or Relatives",1474
2015-07-01,"Thailand","Visiting Friends or Relatives",1618
2015-08-01,"Thailand","Visiting Friends or Relatives",1754
2015-09-01,"Thailand","Visiting Friends or Relatives",2040
2015-10-01,"Thailand","Visiting Friends or Relatives",1857
2015-11-01,"Thailand","Visiting Friends or Relatives",1630
2015-12-01,"Thailand","Visiting Friends or Relatives",3089
2016-01-01,"Thailand","Visiting Friends or Relatives",862
2016-02-01,"Thailand","Visiting Friends or Relatives",1456
2016-03-01,"Thailand","Visiting Friends or Relatives",2486
2016-04-01,"Thailand","Visiting Friends or Relatives",3579
2016-05-01,"Thailand","Visiting Friends or Relatives",1855
2016-06-01,"Thailand","Visiting Friends or Relatives",1963
2016-07-01,"Thailand","Visiting Friends or Relatives",2152
2016-08-01,"Thailand","Visiting Friends or Relatives",2115
2016-09-01,"Thailand","Visiting Friends or Relatives",1593
2016-10-01,"Thailand","Visiting Friends or Relatives",2572
2016-11-01,"Thailand","Visiting Friends or Relatives",2098
2016-12-01,"Thailand","Visiting Friends or Relatives",3382
2017-01-01,"Thailand","Visiting Friends or Relatives",960
2017-02-01,"Thailand","Visiting Friends or Relatives",1873
2017-03-01,"Thailand","Visiting Friends or Relatives",2306
2017-04-01,"Thailand","Visiting Friends or Relatives",3856
2017-05-01,"Thailand","Visiting Friends or Relatives",2080
2017-06-01,"Thailand","Visiting Friends or Relatives",2005
2017-07-01,"Thailand","Visiting Friends or Relatives",2314
2017-08-01,"Thailand","Visiting Friends or Relatives",2157
2017-09-01,"Thailand","Visiting Friends or Relatives",2459
2017-10-01,"Thailand","Visiting Friends or Relatives",2533
2017-11-01,"Thailand","Visiting Friends or Relatives",2028
2017-12-01,"Thailand","Visiting Friends or Relatives",3669
2018-01-01,"Thailand","Visiting Friends or Relatives",1637
2018-02-01,"Thailand","Visiting Friends or Relatives",1643
2018-03-01,"Thailand","Visiting Friends or Relatives",2945
2018-04-01,"Thailand","Visiting Friends or Relatives",3657
2018-05-01,"Thailand","Visiting Friends or Relatives",2527
2018-06-01,"Thailand","Visiting Friends or Relatives",2176
2018-07-01,"Thailand","Visiting Friends or Relatives",2035
2018-08-01,"Thailand","Visiting Friends or Relatives",2353
2018-09-01,"Thailand","Visiting Friends or Relatives",2236
2018-10-01,"Thailand","Visiting Friends or Relatives",3163
2018-11-01,"Thailand","Visiting Friends or Relatives",2121
2018-12-01,"Thailand","Visiting Friends or Relatives",4133
2019-01-01,"Thailand","Visiting Friends or Relatives",1251
2019-02-01,"Thailand","Visiting Friends or Relatives",1940
2019-03-01,"Thailand","Visiting Friends or Relatives",2723
2019-04-01,"Thailand","Visiting Friends or Relatives",3893
2019-05-01,"Thailand","Visiting Friends or Relatives",2440
2019-06-01,"Thailand","Visiting Friends or Relatives",2213
2019-07-01,"Thailand","Visiting Friends or Relatives",2303
2019-08-01,"Thailand","Visiting Friends or Relatives",2312
2019-09-01,"Thailand","Visiting Friends or Relatives",2525
2019-10-01,"Thailand","Visiting Friends or Relatives",2801
2019-11-01,"Thailand","Visiting Friends or Relatives",2141
2019-12-01,"Thailand","Visiting Friends or Relatives",3883
2020-01-01,"Thailand","Visiting Friends or Relatives",1417
2020-02-01,"Thailand","Visiting Friends or Relatives",1790
2005-01-01,"USA","Business",6134
2005-02-01,"USA","Business",7447
2005-03-01,"USA","Business",8676
2005-04-01,"USA","Business",7449
2005-05-01,"USA","Business",8161
2005-06-01,"USA","Business",6704
2005-07-01,"USA","Business",8057
2005-08-01,"USA","Business",9681
2005-09-01,"USA","Business",8079
2005-10-01,"USA","Business",8798
2005-11-01,"USA","Business",7978
2005-12-01,"USA","Business",3920
2006-01-01,"USA","Business",6436
2006-02-01,"USA","Business",8291
2006-03-01,"USA","Business",7964
2006-04-01,"USA","Business",7410
2006-05-01,"USA","Business",8187
2006-06-01,"USA","Business",7682
2006-07-01,"USA","Business",9279
2006-08-01,"USA","Business",9007
2006-09-01,"USA","Business",9122
2006-10-01,"USA","Business",10323
2006-11-01,"USA","Business",7392
2006-12-01,"USA","Business",4969
2007-01-01,"USA","Business",7166
2007-02-01,"USA","Business",9106
2007-03-01,"USA","Business",10067
2007-04-01,"USA","Business",9252
2007-05-01,"USA","Business",8833
2007-06-01,"USA","Business",9491
2007-07-01,"USA","Business",10083
2007-08-01,"USA","Business",8818
2007-09-01,"USA","Business",8998
2007-10-01,"USA","Business",9893
2007-11-01,"USA","Business",8783
2007-12-01,"USA","Business",5317
2008-01-01,"USA","Business",7031
2008-02-01,"USA","Business",11442
2008-03-01,"USA","Business",11168
2008-04-01,"USA","Business",9198
2008-05-01,"USA","Business",8306
2008-06-01,"USA","Business",7820
2008-07-01,"USA","Business",14567
2008-08-01,"USA","Business",8539
2008-09-01,"USA","Business",7738
2008-10-01,"USA","Business",8477
2008-11-01,"USA","Business",7500
2008-12-01,"USA","Business",4354
2009-01-01,"USA","Business",5303
2009-02-01,"USA","Business",7270
2009-03-01,"USA","Business",8963
2009-04-01,"USA","Business",6489
2009-05-01,"USA","Business",6855
2009-06-01,"USA","Business",7277
2009-07-01,"USA","Business",9526
2009-08-01,"USA","Business",8367
2009-09-01,"USA","Business",7770
2009-10-01,"USA","Business",8023
2009-11-01,"USA","Business",10050
2009-12-01,"USA","Business",5756
2010-01-01,"USA","Business",6900
2010-02-01,"USA","Business",9705
2010-03-01,"USA","Business",9800
2010-04-01,"USA","Business",8216
2010-05-01,"USA","Business",9081
2010-06-01,"USA","Business",9867
2010-07-01,"USA","Business",7867
2010-08-01,"USA","Business",10023
2010-09-01,"USA","Business",7889
2010-10-01,"USA","Business",9778
2010-11-01,"USA","Business",11109
2010-12-01,"USA","Business",6023
2011-01-01,"USA","Business",6853
2011-02-01,"USA","Business",10956
2011-03-01,"USA","Business",10429
2011-04-01,"USA","Business",6918
2011-05-01,"USA","Business",9383
2011-06-01,"USA","Business",8212
2011-07-01,"USA","Business",10991
2011-08-01,"USA","Business",8487
2011-09-01,"USA","Business",8560
2011-10-01,"USA","Business",9947
2011-11-01,"USA","Business",11898
2011-12-01,"USA","Business",4757
2012-01-01,"USA","Business",8290
2012-02-01,"USA","Business",11114
2012-03-01,"USA","Business",10163
2012-04-01,"USA","Business",9159
2012-05-01,"USA","Business",11423
2012-06-01,"USA","Business",9035
2012-07-01,"USA","Business",9275
2012-08-01,"USA","Business",8837
2012-09-01,"USA","Business",10397
2012-10-01,"USA","Business",10717
2012-11-01,"USA","Business",10124
2012-12-01,"USA","Business",6493
2013-01-01,"USA","Business",7746
2013-02-01,"USA","Business",11320
2013-03-01,"USA","Business",10131
2013-04-01,"USA","Business",9801
2013-05-01,"USA","Business",8984
2013-06-01,"USA","Business",7758
2013-07-01,"USA","Business",9081
2013-08-01,"USA","Business",9071
2013-09-01,"USA","Business",8939
2013-10-01,"USA","Business",10047
2013-11-01,"USA","Business",10424
2013-12-01,"USA","Business",7371
2014-01-01,"USA","Business",6838
2014-02-01,"USA","Business",11087
2014-03-01,"USA","Business",11666
2014-04-01,"USA","Business",8585
2014-05-01,"USA","Business",10245
2014-06-01,"USA","Business",8238
2014-07-01,"USA","Business",10029
2014-08-01,"USA","Business",10109
2014-09-01,"USA","Business",8386
2014-10-01,"USA","Business",12737
2014-11-01,"USA","Business",12424
2014-12-01,"USA","Business",5966
2015-01-01,"USA","Business",7606
2015-02-01,"USA","Business",10463
2015-03-01,"USA","Business",10807
2015-04-01,"USA","Business",9749
2015-05-01,"USA","Business",9835
2015-06-01,"USA","Business",8472
2015-07-01,"USA","Business",8109
2015-08-01,"USA","Business",8872
2015-09-01,"USA","Business",9038
2015-10-01,"USA","Business",9738
2015-11-01,"USA","Business",11179
2015-12-01,"USA","Business",5231
2016-01-01,"USA","Business",6737
2016-02-01,"USA","Business",10663
2016-03-01,"USA","Business",10066
2016-04-01,"USA","Business",9707
2016-05-01,"USA","Business",10150
2016-06-01,"USA","Business",7867
2016-07-01,"USA","Business",9116
2016-08-01,"USA","Business",10197
2016-09-01,"USA","Business",9391
2016-10-01,"USA","Business",10209
2016-11-01,"USA","Business",10927
2016-12-01,"USA","Business",6442
2017-01-01,"USA","Business",7181
2017-02-01,"USA","Business",12032
2017-03-01,"USA","Business",12391
2017-04-01,"USA","Business",9803
2017-05-01,"USA","Business",10104
2017-06-01,"USA","Business",9415
2017-07-01,"USA","Business",12217
2017-08-01,"USA","Business",12046
2017-09-01,"USA","Business",11966
2017-10-01,"USA","Business",13524
2017-11-01,"USA","Business",12773
2017-12-01,"USA","Business",7343
2018-01-01,"USA","Business",8663
2018-02-01,"USA","Business",12808
2018-03-01,"USA","Business",12936
2018-04-01,"USA","Business",12579
2018-05-01,"USA","Business",12641
2018-06-01,"USA","Business",9412
2018-07-01,"USA","Business",12054
2018-08-01,"USA","Business",11932
2018-09-01,"USA","Business",12153
2018-10-01,"USA","Business",14257
2018-11-01,"USA","Business",13090
2018-12-01,"USA","Business",8302
2019-01-01,"USA","Business",8365
2019-02-01,"USA","Business",13874
2019-03-01,"USA","Business",15177
2019-04-01,"USA","Business",11372
2019-05-01,"USA","Business",12889
2019-06-01,"USA","Business",10244
2019-07-01,"USA","Business",12660
2019-08-01,"USA","Business",11784
2019-09-01,"USA","Business",12045
2019-10-01,"USA","Business",13465
2019-11-01,"USA","Business",15639
2019-12-01,"USA","Business",8336
2020-01-01,"USA","Business",7782
2020-02-01,"USA","Business",10815
2005-01-01,"USA","Education",2626
2005-02-01,"USA","Education",5345
2005-03-01,"USA","Education",807
2005-04-01,"USA","Education",1978
2005-05-01,"USA","Education",1768
2005-06-01,"USA","Education",4781
2005-07-01,"USA","Education",7355
2005-08-01,"USA","Education",895
2005-09-01,"USA","Education",1228
2005-10-01,"USA","Education",816
2005-11-01,"USA","Education",804
2005-12-01,"USA","Education",848
2006-01-01,"USA","Education",2167
2006-02-01,"USA","Education",5341
2006-03-01,"USA","Education",662
2006-04-01,"USA","Education",2137
2006-05-01,"USA","Education",1765
2006-06-01,"USA","Education",4728
2006-07-01,"USA","Education",7253
2006-08-01,"USA","Education",1068
2006-09-01,"USA","Education",777
2006-10-01,"USA","Education",875
2006-11-01,"USA","Education",621
2006-12-01,"USA","Education",468
2007-01-01,"USA","Education",2485
2007-02-01,"USA","Education",4791
2007-03-01,"USA","Education",760
2007-04-01,"USA","Education",1405
2007-05-01,"USA","Education",1316
2007-06-01,"USA","Education",5598
2007-07-01,"USA","Education",6662
2007-08-01,"USA","Education",898
2007-09-01,"USA","Education",1102
2007-10-01,"USA","Education",862
2007-11-01,"USA","Education",996
2007-12-01,"USA","Education",942
2008-01-01,"USA","Education",2825
2008-02-01,"USA","Education",5042
2008-03-01,"USA","Education",1308
2008-04-01,"USA","Education",918
2008-05-01,"USA","Education",1553
2008-06-01,"USA","Education",2850
2008-07-01,"USA","Education",5816
2008-08-01,"USA","Education",1315
2008-09-01,"USA","Education",913
2008-10-01,"USA","Education",660
2008-11-01,"USA","Education",825
2008-12-01,"USA","Education",918
2009-01-01,"USA","Education",2290
2009-02-01,"USA","Education",4517
2009-03-01,"USA","Education",803
2009-04-01,"USA","Education",1867
2009-05-01,"USA","Education",1798
2009-06-01,"USA","Education",2956
2009-07-01,"USA","Education",5295
2009-08-01,"USA","Education",961
2009-09-01,"USA","Education",974
2009-10-01,"USA","Education",934
2009-11-01,"USA","Education",858
2009-12-01,"USA","Education",1021
2010-01-01,"USA","Education",2337
2010-02-01,"USA","Education",4497
2010-03-01,"USA","Education",810
2010-04-01,"USA","Education",1624
2010-05-01,"USA","Education",1240
2010-06-01,"USA","Education",3330
2010-07-01,"USA","Education",5777
2010-08-01,"USA","Education",1082
2010-09-01,"USA","Education",1037
2010-10-01,"USA","Education",886
2010-11-01,"USA","Education",722
2010-12-01,"USA","Education",710
2011-01-01,"USA","Education",2395
2011-02-01,"USA","Education",5154
2011-03-01,"USA","Education",1172
2011-04-01,"USA","Education",1110
2011-05-01,"USA","Education",2080
2011-06-01,"USA","Education",3142
2011-07-01,"USA","Education",4938
2011-08-01,"USA","Education",1031
2011-09-01,"USA","Education",1011
2011-10-01,"USA","Education",1097
2011-11-01,"USA","Education",786
2011-12-01,"USA","Education",829
2012-01-01,"USA","Education",2621
2012-02-01,"USA","Education",4143
2012-03-01,"USA","Education",1097
2012-04-01,"USA","Education",1840
2012-05-01,"USA","Education",1200
2012-06-01,"USA","Education",2412
2012-07-01,"USA","Education",3692
2012-08-01,"USA","Education",983
2012-09-01,"USA","Education",1175
2012-10-01,"USA","Education",752
2012-11-01,"USA","Education",681
2012-12-01,"USA","Education",1052
2013-01-01,"USA","Education",2625
2013-02-01,"USA","Education",4086
2013-03-01,"USA","Education",1247
2013-04-01,"USA","Education",1775
2013-05-01,"USA","Education",1863
2013-06-01,"USA","Education",2860
2013-07-01,"USA","Education",3970
2013-08-01,"USA","Education",1240
2013-09-01,"USA","Education",1256
2013-10-01,"USA","Education",1454
2013-11-01,"USA","Education",802
2013-12-01,"USA","Education",641
2014-01-01,"USA","Education",2068
2014-02-01,"USA","Education",3044
2014-03-01,"USA","Education",1093
2014-04-01,"USA","Education",1366
2014-05-01,"USA","Education",2108
2014-06-01,"USA","Education",2041
2014-07-01,"USA","Education",3739
2014-08-01,"USA","Education",969
2014-09-01,"USA","Education",771
2014-10-01,"USA","Education",1279
2014-11-01,"USA","Education",1047
2014-12-01,"USA","Education",1017
2015-01-01,"USA","Education",2675
2015-02-01,"USA","Education",3976
2015-03-01,"USA","Education",1248
2015-04-01,"USA","Education",2074
2015-05-01,"USA","Education",1683
2015-06-01,"USA","Education",2402
2015-07-01,"USA","Education",4668
2015-08-01,"USA","Education",1077
2015-09-01,"USA","Education",1206
2015-10-01,"USA","Education",1447
2015-11-01,"USA","Education",1881
2015-12-01,"USA","Education",1957
2016-01-01,"USA","Education",2754
2016-02-01,"USA","Education",3955
2016-03-01,"USA","Education",1408
2016-04-01,"USA","Education",1929
2016-05-01,"USA","Education",2147
2016-06-01,"USA","Education",2554
2016-07-01,"USA","Education",4508
2016-08-01,"USA","Education",1185
2016-09-01,"USA","Education",1154
2016-10-01,"USA","Education",2232
2016-11-01,"USA","Education",979
2016-12-01,"USA","Education",1998
2017-01-01,"USA","Education",2738
2017-02-01,"USA","Education",5222
2017-03-01,"USA","Education",1661
2017-04-01,"USA","Education",2841
2017-05-01,"USA","Education",2877
2017-06-01,"USA","Education",3015
2017-07-01,"USA","Education",4184
2017-08-01,"USA","Education",1080
2017-09-01,"USA","Education",1286
2017-10-01,"USA","Education",1046
2017-11-01,"USA","Education",961
2017-12-01,"USA","Education",996
2018-01-01,"USA","Education",3325
2018-02-01,"USA","Education",4208
2018-03-01,"USA","Education",1117
2018-04-01,"USA","Education",2231
2018-05-01,"USA","Education",2267
2018-06-01,"USA","Education",2750
2018-07-01,"USA","Education",3391
2018-08-01,"USA","Education",942
2018-09-01,"USA","Education",1037
2018-10-01,"USA","Education",1061
2018-11-01,"USA","Education",1019
2018-12-01,"USA","Education",1016
2019-01-01,"USA","Education",2814
2019-02-01,"USA","Education",3242
2019-03-01,"USA","Education",1178
2019-04-01,"USA","Education",1645
2019-05-01,"USA","Education",2511
2019-06-01,"USA","Education",2402
2019-07-01,"USA","Education",2957
2019-08-01,"USA","Education",1271
2019-09-01,"USA","Education",984
2019-10-01,"USA","Education",945
2019-11-01,"USA","Education",940
2019-12-01,"USA","Education",1076
2020-01-01,"USA","Education",3712
2020-02-01,"USA","Education",4521
2005-01-01,"USA","Employment",734
2005-02-01,"USA","Employment",682
2005-03-01,"USA","Employment",665
2005-04-01,"USA","Employment",421
2005-05-01,"USA","Employment",643
2005-06-01,"USA","Employment",885
2005-07-01,"USA","Employment",1082
2005-08-01,"USA","Employment",980
2005-09-01,"USA","Employment",845
2005-10-01,"USA","Employment",1369
2005-11-01,"USA","Employment",992
2005-12-01,"USA","Employment",1279
2006-01-01,"USA","Employment",1506
2006-02-01,"USA","Employment",1689
2006-03-01,"USA","Employment",1826
2006-04-01,"USA","Employment",1647
2006-05-01,"USA","Employment",1162
2006-06-01,"USA","Employment",1454
2006-07-01,"USA","Employment",1233
2006-08-01,"USA","Employment",1226
2006-09-01,"USA","Employment",1102
2006-10-01,"USA","Employment",1290
2006-11-01,"USA","Employment",1365
2006-12-01,"USA","Employment",1301
2007-01-01,"USA","Employment",1818
2007-02-01,"USA","Employment",1684
2007-03-01,"USA","Employment",1640
2007-04-01,"USA","Employment",1285
2007-05-01,"USA","Employment",1520
2007-06-01,"USA","Employment",1256
2007-07-01,"USA","Employment",1522
2007-08-01,"USA","Employment",1367
2007-09-01,"USA","Employment",1204
2007-10-01,"USA","Employment",1759
2007-11-01,"USA","Employment",2109
2007-12-01,"USA","Employment",1646
2008-01-01,"USA","Employment",2414
2008-02-01,"USA","Employment",2352
2008-03-01,"USA","Employment",1791
2008-04-01,"USA","Employment",1613
2008-05-01,"USA","Employment",1088
2008-06-01,"USA","Employment",1652
2008-07-01,"USA","Employment",1258
2008-08-01,"USA","Employment",1308
2008-09-01,"USA","Employment",1190
2008-10-01,"USA","Employment",1423
2008-11-01,"USA","Employment",1584
2008-12-01,"USA","Employment",1794
2009-01-01,"USA","Employment",1963
2009-02-01,"USA","Employment",1764
2009-03-01,"USA","Employment",1799
2009-04-01,"USA","Employment",1447
2009-05-01,"USA","Employment",1120
2009-06-01,"USA","Employment",1591
2009-07-01,"USA","Employment",1542
2009-08-01,"USA","Employment",1859
2009-09-01,"USA","Employment",1126
2009-10-01,"USA","Employment",1806
2009-11-01,"USA","Employment",1411
2009-12-01,"USA","Employment",2006
2010-01-01,"USA","Employment",1966
2010-02-01,"USA","Employment",2160
2010-03-01,"USA","Employment",1772
2010-04-01,"USA","Employment",1165
2010-05-01,"USA","Employment",1100
2010-06-01,"USA","Employment",1614
2010-07-01,"USA","Employment",1408
2010-08-01,"USA","Employment",1596
2010-09-01,"USA","Employment",1097
2010-10-01,"USA","Employment",1322
2010-11-01,"USA","Employment",1389
2010-12-01,"USA","Employment",1573
2011-01-01,"USA","Employment",1777
2011-02-01,"USA","Employment",2226
2011-03-01,"USA","Employment",1778
2011-04-01,"USA","Employment",1178
2011-05-01,"USA","Employment",1419
2011-06-01,"USA","Employment",1312
2011-07-01,"USA","Employment",1563
2011-08-01,"USA","Employment",1419
2011-09-01,"USA","Employment",1127
2011-10-01,"USA","Employment",1469
2011-11-01,"USA","Employment",1708
2011-12-01,"USA","Employment",1922
2012-01-01,"USA","Employment",1739
2012-02-01,"USA","Employment",1845
2012-03-01,"USA","Employment",1625
2012-04-01,"USA","Employment",1766
2012-05-01,"USA","Employment",1293
2012-06-01,"USA","Employment",1466
2012-07-01,"USA","Employment",1582
2012-08-01,"USA","Employment",1286
2012-09-01,"USA","Employment",1199
2012-10-01,"USA","Employment",1281
2012-11-01,"USA","Employment",1162
2012-12-01,"USA","Employment",1503
2013-01-01,"USA","Employment",2266
2013-02-01,"USA","Employment",1621
2013-03-01,"USA","Employment",1728
2013-04-01,"USA","Employment",1382
2013-05-01,"USA","Employment",877
2013-06-01,"USA","Employment",1251
2013-07-01,"USA","Employment",1634
2013-08-01,"USA","Employment",1118
2013-09-01,"USA","Employment",819
2013-10-01,"USA","Employment",1181
2013-11-01,"USA","Employment",1389
2013-12-01,"USA","Employment",1296
2014-01-01,"USA","Employment",2337
2014-02-01,"USA","Employment",1658
2014-03-01,"USA","Employment",1689
2014-04-01,"USA","Employment",1405
2014-05-01,"USA","Employment",1380
2014-06-01,"USA","Employment",1301
2014-07-01,"USA","Employment",1223
2014-08-01,"USA","Employment",937
2014-09-01,"USA","Employment",1236
2014-10-01,"USA","Employment",1867
2014-11-01,"USA","Employment",2400
2014-12-01,"USA","Employment",2928
2015-01-01,"USA","Employment",2906
2015-02-01,"USA","Employment",2808
2015-03-01,"USA","Employment",2222
2015-04-01,"USA","Employment",2135
2015-05-01,"USA","Employment",2020
2015-06-01,"USA","Employment",2472
2015-07-01,"USA","Employment",2489
2015-08-01,"USA","Employment",1892
2015-09-01,"USA","Employment",1890
2015-10-01,"USA","Employment",1710
2015-11-01,"USA","Employment",1962
2015-12-01,"USA","Employment",2698
2016-01-01,"USA","Employment",2359
2016-02-01,"USA","Employment",2129
2016-03-01,"USA","Employment",2454
2016-04-01,"USA","Employment",1742
2016-05-01,"USA","Employment",1603
2016-06-01,"USA","Employment",1860
2016-07-01,"USA","Employment",2059
2016-08-01,"USA","Employment",1238
2016-09-01,"USA","Employment",1567
2016-10-01,"USA","Employment",2190
2016-11-01,"USA","Employment",2225
2016-12-01,"USA","Employment",2514
2017-01-01,"USA","Employment",3027
2017-02-01,"USA","Employment",3094
2017-03-01,"USA","Employment",1817
2017-04-01,"USA","Employment",2976
2017-05-01,"USA","Employment",1769
2017-06-01,"USA","Employment",2102
2017-07-01,"USA","Employment",1517
2017-08-01,"USA","Employment",744
2017-09-01,"USA","Employment",996
2017-10-01,"USA","Employment",1216
2017-11-01,"USA","Employment",861
2017-12-01,"USA","Employment",876
2018-01-01,"USA","Employment",1275
2018-02-01,"USA","Employment",831
2018-03-01,"USA","Employment",832
2018-04-01,"USA","Employment",662
2018-05-01,"USA","Employment",686
2018-06-01,"USA","Employment",997
2018-07-01,"USA","Employment",833
2018-08-01,"USA","Employment",652
2018-09-01,"USA","Employment",800
2018-10-01,"USA","Employment",912
2018-11-01,"USA","Employment",727
2018-12-01,"USA","Employment",597
2019-01-01,"USA","Employment",992
2019-02-01,"USA","Employment",1026
2019-03-01,"USA","Employment",932
2019-04-01,"USA","Employment",692
2019-05-01,"USA","Employment",839
2019-06-01,"USA","Employment",936
2019-07-01,"USA","Employment",808
2019-08-01,"USA","Employment",728
2019-09-01,"USA","Employment",785
2019-10-01,"USA","Employment",755
2019-11-01,"USA","Employment",670
2019-12-01,"USA","Employment",654
2020-01-01,"USA","Employment",1103
2020-02-01,"USA","Employment",736
2005-01-01,"USA","Holiday",16095
2005-02-01,"USA","Holiday",18523
2005-03-01,"USA","Holiday",20262
2005-04-01,"USA","Holiday",11777
2005-05-01,"USA","Holiday",10590
2005-06-01,"USA","Holiday",14555
2005-07-01,"USA","Holiday",15089
2005-08-01,"USA","Holiday",12225
2005-09-01,"USA","Holiday",8757
2005-10-01,"USA","Holiday",13048
2005-11-01,"USA","Holiday",14107
2005-12-01,"USA","Holiday",18333
2006-01-01,"USA","Holiday",16878
2006-02-01,"USA","Holiday",19151
2006-03-01,"USA","Holiday",19215
2006-04-01,"USA","Holiday",14087
2006-05-01,"USA","Holiday",10029
2006-06-01,"USA","Holiday",15861
2006-07-01,"USA","Holiday",14392
2006-08-01,"USA","Holiday",11103
2006-09-01,"USA","Holiday",10211
2006-10-01,"USA","Holiday",12408
2006-11-01,"USA","Holiday",16886
2006-12-01,"USA","Holiday",19289
2007-01-01,"USA","Holiday",17040
2007-02-01,"USA","Holiday",17895
2007-03-01,"USA","Holiday",18494
2007-04-01,"USA","Holiday",12490
2007-05-01,"USA","Holiday",9063
2007-06-01,"USA","Holiday",13731
2007-07-01,"USA","Holiday",14085
2007-08-01,"USA","Holiday",10346
2007-09-01,"USA","Holiday",10123
2007-10-01,"USA","Holiday",14316
2007-11-01,"USA","Holiday",15646
2007-12-01,"USA","Holiday",18336
2008-01-01,"USA","Holiday",16974
2008-02-01,"USA","Holiday",21397
2008-03-01,"USA","Holiday",16024
2008-04-01,"USA","Holiday",12510
2008-05-01,"USA","Holiday",9565
2008-06-01,"USA","Holiday",11819
2008-07-01,"USA","Holiday",12804
2008-08-01,"USA","Holiday",11180
2008-09-01,"USA","Holiday",8044
2008-10-01,"USA","Holiday",12516
2008-11-01,"USA","Holiday",16065
2008-12-01,"USA","Holiday",18931
2009-01-01,"USA","Holiday",15690
2009-02-01,"USA","Holiday",18916
2009-03-01,"USA","Holiday",16630
2009-04-01,"USA","Holiday",10804
2009-05-01,"USA","Holiday",11313
2009-06-01,"USA","Holiday",13642
2009-07-01,"USA","Holiday",14193
2009-08-01,"USA","Holiday",14398
2009-09-01,"USA","Holiday",12256
2009-10-01,"USA","Holiday",16395
2009-11-01,"USA","Holiday",17576
2009-12-01,"USA","Holiday",22972
2010-01-01,"USA","Holiday",16761
2010-02-01,"USA","Holiday",19913
2010-03-01,"USA","Holiday",16242
2010-04-01,"USA","Holiday",11268
2010-05-01,"USA","Holiday",9956
2010-06-01,"USA","Holiday",12287
2010-07-01,"USA","Holiday",13213
2010-08-01,"USA","Holiday",12943
2010-09-01,"USA","Holiday",11139
2010-10-01,"USA","Holiday",12297
2010-11-01,"USA","Holiday",14939
2010-12-01,"USA","Holiday",21382
2011-01-01,"USA","Holiday",15936
2011-02-01,"USA","Holiday",18086
2011-03-01,"USA","Holiday",15986
2011-04-01,"USA","Holiday",10908
2011-05-01,"USA","Holiday",9386
2011-06-01,"USA","Holiday",11693
2011-07-01,"USA","Holiday",11767
2011-08-01,"USA","Holiday",9808
2011-09-01,"USA","Holiday",9185
2011-10-01,"USA","Holiday",13205
2011-11-01,"USA","Holiday",16065
2011-12-01,"USA","Holiday",22111
2012-01-01,"USA","Holiday",17602
2012-02-01,"USA","Holiday",18930
2012-03-01,"USA","Holiday",16863
2012-04-01,"USA","Holiday",11843
2012-05-01,"USA","Holiday",9299
2012-06-01,"USA","Holiday",11768
2012-07-01,"USA","Holiday",12505
2012-08-01,"USA","Holiday",11272
2012-09-01,"USA","Holiday",9373
2012-10-01,"USA","Holiday",14546
2012-11-01,"USA","Holiday",19414
2012-12-01,"USA","Holiday",23212
2013-01-01,"USA","Holiday",19966
2013-02-01,"USA","Holiday",21797
2013-03-01,"USA","Holiday",20113
2013-04-01,"USA","Holiday",12172
2013-05-01,"USA","Holiday",10115
2013-06-01,"USA","Holiday",12384
2013-07-01,"USA","Holiday",12047
2013-08-01,"USA","Holiday",10105
2013-09-01,"USA","Holiday",9779
2013-10-01,"USA","Holiday",16069
2013-11-01,"USA","Holiday",21082
2013-12-01,"USA","Holiday",25311
2014-01-01,"USA","Holiday",19156
2014-02-01,"USA","Holiday",25589
2014-03-01,"USA","Holiday",23061
2014-04-01,"USA","Holiday",14440
2014-05-01,"USA","Holiday",13051
2014-06-01,"USA","Holiday",12785
2014-07-01,"USA","Holiday",13015
2014-08-01,"USA","Holiday",12846
2014-09-01,"USA","Holiday",12977
2014-10-01,"USA","Holiday",17563
2014-11-01,"USA","Holiday",21399
2014-12-01,"USA","Holiday",26794
2015-01-01,"USA","Holiday",18677
2015-02-01,"USA","Holiday",25565
2015-03-01,"USA","Holiday",27932
2015-04-01,"USA","Holiday",14401
2015-05-01,"USA","Holiday",12925
2015-06-01,"USA","Holiday",15647
2015-07-01,"USA","Holiday",14779
2015-08-01,"USA","Holiday",12495
2015-09-01,"USA","Holiday",13634
2015-10-01,"USA","Holiday",23556
2015-11-01,"USA","Holiday",26971
2015-12-01,"USA","Holiday",38608
2016-01-01,"USA","Holiday",26813
2016-02-01,"USA","Holiday",35246
2016-03-01,"USA","Holiday",35112
2016-04-01,"USA","Holiday",21276
2016-05-01,"USA","Holiday",18032
2016-06-01,"USA","Holiday",21378
2016-07-01,"USA","Holiday",21161
2016-08-01,"USA","Holiday",20678
2016-09-01,"USA","Holiday",18929
2016-10-01,"USA","Holiday",24335
2016-11-01,"USA","Holiday",34600
2016-12-01,"USA","Holiday",42713
2017-01-01,"USA","Holiday",31240
2017-02-01,"USA","Holiday",34552
2017-03-01,"USA","Holiday",37470
2017-04-01,"USA","Holiday",28103
2017-05-01,"USA","Holiday",20215
2017-06-01,"USA","Holiday",24615
2017-07-01,"USA","Holiday",21387
2017-08-01,"USA","Holiday",19390
2017-09-01,"USA","Holiday",18104
2017-10-01,"USA","Holiday",28709
2017-11-01,"USA","Holiday",38498
2017-12-01,"USA","Holiday",46944
2018-01-01,"USA","Holiday",36451
2018-02-01,"USA","Holiday",44325
2018-03-01,"USA","Holiday",39809
2018-04-01,"USA","Holiday",25398
2018-05-01,"USA","Holiday",17830
2018-06-01,"USA","Holiday",24319
2018-07-01,"USA","Holiday",22530
2018-08-01,"USA","Holiday",18521
2018-09-01,"USA","Holiday",19164
2018-10-01,"USA","Holiday",27619
2018-11-01,"USA","Holiday",39464
2018-12-01,"USA","Holiday",53439
2019-01-01,"USA","Holiday",38865
2019-02-01,"USA","Holiday",45427
2019-03-01,"USA","Holiday",47816
2019-04-01,"USA","Holiday",27644
2019-05-01,"USA","Holiday",24051
2019-06-01,"USA","Holiday",28555
2019-07-01,"USA","Holiday",23892
2019-08-01,"USA","Holiday",21396
2019-09-01,"USA","Holiday",20714
2019-10-01,"USA","Holiday",28705
2019-11-01,"USA","Holiday",37524
2019-12-01,"USA","Holiday",53364
2020-01-01,"USA","Holiday",39655
2020-02-01,"USA","Holiday",43286
2005-01-01,"USA","Other",1477
2005-02-01,"USA","Other",1121
2005-03-01,"USA","Other",1587
2005-04-01,"USA","Other",1277
2005-05-01,"USA","Other",1153
2005-06-01,"USA","Other",3428
2005-07-01,"USA","Other",4346
2005-08-01,"USA","Other",1324
2005-09-01,"USA","Other",823
2005-10-01,"USA","Other",1241
2005-11-01,"USA","Other",1314
2005-12-01,"USA","Other",1108
2006-01-01,"USA","Other",1564
2006-02-01,"USA","Other",1395
2006-03-01,"USA","Other",1389
2006-04-01,"USA","Other",684
2006-05-01,"USA","Other",1307
2006-06-01,"USA","Other",2571
2006-07-01,"USA","Other",3077
2006-08-01,"USA","Other",931
2006-09-01,"USA","Other",936
2006-10-01,"USA","Other",842
2006-11-01,"USA","Other",1066
2006-12-01,"USA","Other",973
2007-01-01,"USA","Other",1545
2007-02-01,"USA","Other",988
2007-03-01,"USA","Other",2009
2007-04-01,"USA","Other",906
2007-05-01,"USA","Other",1193
2007-06-01,"USA","Other",2598
2007-07-01,"USA","Other",3585
2007-08-01,"USA","Other",1231
2007-09-01,"USA","Other",1249
2007-10-01,"USA","Other",1657
2007-11-01,"USA","Other",1287
2007-12-01,"USA","Other",1472
2008-01-01,"USA","Other",1590
2008-02-01,"USA","Other",1825
2008-03-01,"USA","Other",1485
2008-04-01,"USA","Other",1487
2008-05-01,"USA","Other",1960
2008-06-01,"USA","Other",1811
2008-07-01,"USA","Other",8011
2008-08-01,"USA","Other",1315
2008-09-01,"USA","Other",928
2008-10-01,"USA","Other",1607
2008-11-01,"USA","Other",1549
2008-12-01,"USA","Other",1209
2009-01-01,"USA","Other",1565
2009-02-01,"USA","Other",1942
2009-03-01,"USA","Other",1404
2009-04-01,"USA","Other",1358
2009-05-01,"USA","Other",1122
2009-06-01,"USA","Other",1871
2009-07-01,"USA","Other",3277
2009-08-01,"USA","Other",1780
2009-09-01,"USA","Other",1428
2009-10-01,"USA","Other",2154
2009-11-01,"USA","Other",1702
2009-12-01,"USA","Other",1603
2010-01-01,"USA","Other",1746
2010-02-01,"USA","Other",2079
2010-03-01,"USA","Other",1621
2010-04-01,"USA","Other",1165
2010-05-01,"USA","Other",1621
2010-06-01,"USA","Other",2370
2010-07-01,"USA","Other",2544
2010-08-01,"USA","Other",1582
2010-09-01,"USA","Other",1542
2010-10-01,"USA","Other",2155
2010-11-01,"USA","Other",1561
2010-12-01,"USA","Other",1651
2011-01-01,"USA","Other",1679
2011-02-01,"USA","Other",2403
2011-03-01,"USA","Other",1776
2011-04-01,"USA","Other",1566
2011-05-01,"USA","Other",1336
2011-06-01,"USA","Other",1845
2011-07-01,"USA","Other",2805
2011-08-01,"USA","Other",1315
2011-09-01,"USA","Other",1577
2011-10-01,"USA","Other",1285
2011-11-01,"USA","Other",1561
2011-12-01,"USA","Other",1432
2012-01-01,"USA","Other",1642
2012-02-01,"USA","Other",1847
2012-03-01,"USA","Other",1635
2012-04-01,"USA","Other",2110
2012-05-01,"USA","Other",1738
2012-06-01,"USA","Other",2024
2012-07-01,"USA","Other",2505
2012-08-01,"USA","Other",1250
2012-09-01,"USA","Other",1981
2012-10-01,"USA","Other",2042
2012-11-01,"USA","Other",1995
2012-12-01,"USA","Other",1633
2013-01-01,"USA","Other",2340
2013-02-01,"USA","Other",2022
2013-03-01,"USA","Other",1867
2013-04-01,"USA","Other",1681
2013-05-01,"USA","Other",1498
2013-06-01,"USA","Other",1730
2013-07-01,"USA","Other",3073
2013-08-01,"USA","Other",1425
2013-09-01,"USA","Other",1619
2013-10-01,"USA","Other",1504
2013-11-01,"USA","Other",1859
2013-12-01,"USA","Other",1976
2014-01-01,"USA","Other",1747
2014-02-01,"USA","Other",2618
2014-03-01,"USA","Other",2217
2014-04-01,"USA","Other",1654
2014-05-01,"USA","Other",1622
2014-06-01,"USA","Other",1875
2014-07-01,"USA","Other",2136
2014-08-01,"USA","Other",1887
2014-09-01,"USA","Other",1227
2014-10-01,"USA","Other",1937
2014-11-01,"USA","Other",2540
2014-12-01,"USA","Other",1843
2015-01-01,"USA","Other",1996
2015-02-01,"USA","Other",1962
2015-03-01,"USA","Other",2946
2015-04-01,"USA","Other",1990
2015-05-01,"USA","Other",1792
2015-06-01,"USA","Other",2692
2015-07-01,"USA","Other",2549
2015-08-01,"USA","Other",1562
2015-09-01,"USA","Other",1387
2015-10-01,"USA","Other",1910
2015-11-01,"USA","Other",1637
2015-12-01,"USA","Other",1613
2016-01-01,"USA","Other",2281
2016-02-01,"USA","Other",2091
2016-03-01,"USA","Other",2884
2016-04-01,"USA","Other",3121
2016-05-01,"USA","Other",2371
2016-06-01,"USA","Other",2804
2016-07-01,"USA","Other",2662
2016-08-01,"USA","Other",3017
2016-09-01,"USA","Other",1839
2016-10-01,"USA","Other",2932
2016-11-01,"USA","Other",2000
2016-12-01,"USA","Other",2418
2017-01-01,"USA","Other",2102
2017-02-01,"USA","Other",2189
2017-03-01,"USA","Other",2557
2017-04-01,"USA","Other",2248
2017-05-01,"USA","Other",1914
2017-06-01,"USA","Other",2471
2017-07-01,"USA","Other",3565
2017-08-01,"USA","Other",2099
2017-09-01,"USA","Other",1785
2017-10-01,"USA","Other",1973
2017-11-01,"USA","Other",2373
2017-12-01,"USA","Other",1573
2018-01-01,"USA","Other",2349
2018-02-01,"USA","Other",2630
2018-03-01,"USA","Other",2698
2018-04-01,"USA","Other",2028
2018-05-01,"USA","Other",1482
2018-06-01,"USA","Other",2182
2018-07-01,"USA","Other",2530
2018-08-01,"USA","Other",1380
2018-09-01,"USA","Other",1715
2018-10-01,"USA","Other",2506
2018-11-01,"USA","Other",2400
2018-12-01,"USA","Other",2463
2019-01-01,"USA","Other",2392
2019-02-01,"USA","Other",2254
2019-03-01,"USA","Other",3061
2019-04-01,"USA","Other",1534
2019-05-01,"USA","Other",1801
2019-06-01,"USA","Other",2020
2019-07-01,"USA","Other",3803
2019-08-01,"USA","Other",1917
2019-09-01,"USA","Other",1935
2019-10-01,"USA","Other",1917
2019-11-01,"USA","Other",2106
2019-12-01,"USA","Other",1393
2020-01-01,"USA","Other",2517
2020-02-01,"USA","Other",2689
2005-01-01,"USA","Visiting Friends or Relatives",8705
2005-02-01,"USA","Visiting Friends or Relatives",9298
2005-03-01,"USA","Visiting Friends or Relatives",11441
2005-04-01,"USA","Visiting Friends or Relatives",8725
2005-05-01,"USA","Visiting Friends or Relatives",7787
2005-06-01,"USA","Visiting Friends or Relatives",11885
2005-07-01,"USA","Visiting Friends or Relatives",9832
2005-08-01,"USA","Visiting Friends or Relatives",8776
2005-09-01,"USA","Visiting Friends or Relatives",7381
2005-10-01,"USA","Visiting Friends or Relatives",7219
2005-11-01,"USA","Visiting Friends or Relatives",8803
2005-12-01,"USA","Visiting Friends or Relatives",18320
2006-01-01,"USA","Visiting Friends or Relatives",6529
2006-02-01,"USA","Visiting Friends or Relatives",9259
2006-03-01,"USA","Visiting Friends or Relatives",11105
2006-04-01,"USA","Visiting Friends or Relatives",10390
2006-05-01,"USA","Visiting Friends or Relatives",6999
2006-06-01,"USA","Visiting Friends or Relatives",11119
2006-07-01,"USA","Visiting Friends or Relatives",9212
2006-08-01,"USA","Visiting Friends or Relatives",8920
2006-09-01,"USA","Visiting Friends or Relatives",7802
2006-10-01,"USA","Visiting Friends or Relatives",7424
2006-11-01,"USA","Visiting Friends or Relatives",9591
2006-12-01,"USA","Visiting Friends or Relatives",16936
2007-01-01,"USA","Visiting Friends or Relatives",6786
2007-02-01,"USA","Visiting Friends or Relatives",8131
2007-03-01,"USA","Visiting Friends or Relatives",11239
2007-04-01,"USA","Visiting Friends or Relatives",9708
2007-05-01,"USA","Visiting Friends or Relatives",7495
2007-06-01,"USA","Visiting Friends or Relatives",9651
2007-07-01,"USA","Visiting Friends or Relatives",9683
2007-08-01,"USA","Visiting Friends or Relatives",8880
2007-09-01,"USA","Visiting Friends or Relatives",7847
2007-10-01,"USA","Visiting Friends or Relatives",7863
2007-11-01,"USA","Visiting Friends or Relatives",9683
2007-12-01,"USA","Visiting Friends or Relatives",17927
2008-01-01,"USA","Visiting Friends or Relatives",6508
2008-02-01,"USA","Visiting Friends or Relatives",9266
2008-03-01,"USA","Visiting Friends or Relatives",11859
2008-04-01,"USA","Visiting Friends or Relatives",8614
2008-05-01,"USA","Visiting Friends or Relatives",8311
2008-06-01,"USA","Visiting Friends or Relatives",10186
2008-07-01,"USA","Visiting Friends or Relatives",7959
2008-08-01,"USA","Visiting Friends or Relatives",10818
2008-09-01,"USA","Visiting Friends or Relatives",8134
2008-10-01,"USA","Visiting Friends or Relatives",7684
2008-11-01,"USA","Visiting Friends or Relatives",12089
2008-12-01,"USA","Visiting Friends or Relatives",18242
2009-01-01,"USA","Visiting Friends or Relatives",7246
2009-02-01,"USA","Visiting Friends or Relatives",10317
2009-03-01,"USA","Visiting Friends or Relatives",12392
2009-04-01,"USA","Visiting Friends or Relatives",11315
2009-05-01,"USA","Visiting Friends or Relatives",11112
2009-06-01,"USA","Visiting Friends or Relatives",11930
2009-07-01,"USA","Visiting Friends or Relatives",13383
2009-08-01,"USA","Visiting Friends or Relatives",10620
2009-09-01,"USA","Visiting Friends or Relatives",10162
2009-10-01,"USA","Visiting Friends or Relatives",10372
2009-11-01,"USA","Visiting Friends or Relatives",12939
2009-12-01,"USA","Visiting Friends or Relatives",21147
2010-01-01,"USA","Visiting Friends or Relatives",9257
2010-02-01,"USA","Visiting Friends or Relatives",9602
2010-03-01,"USA","Visiting Friends or Relatives",13079
2010-04-01,"USA","Visiting Friends or Relatives",9276
2010-05-01,"USA","Visiting Friends or Relatives",9593
2010-06-01,"USA","Visiting Friends or Relatives",11496
2010-07-01,"USA","Visiting Friends or Relatives",11020
2010-08-01,"USA","Visiting Friends or Relatives",10000
2010-09-01,"USA","Visiting Friends or Relatives",9740
2010-10-01,"USA","Visiting Friends or Relatives",9915
2010-11-01,"USA","Visiting Friends or Relatives",11433
2010-12-01,"USA","Visiting Friends or Relatives",22421
2011-01-01,"USA","Visiting Friends or Relatives",9124
2011-02-01,"USA","Visiting Friends or Relatives",10965
2011-03-01,"USA","Visiting Friends or Relatives",11509
2011-04-01,"USA","Visiting Friends or Relatives",12320
2011-05-01,"USA","Visiting Friends or Relatives",8511
2011-06-01,"USA","Visiting Friends or Relatives",10406
2011-07-01,"USA","Visiting Friends or Relatives",10499
2011-08-01,"USA","Visiting Friends or Relatives",9005
2011-09-01,"USA","Visiting Friends or Relatives",8781
2011-10-01,"USA","Visiting Friends or Relatives",7626
2011-11-01,"USA","Visiting Friends or Relatives",12415
2011-12-01,"USA","Visiting Friends or Relatives",22310
2012-01-01,"USA","Visiting Friends or Relatives",9536
2012-02-01,"USA","Visiting Friends or Relatives",13086
2012-03-01,"USA","Visiting Friends or Relatives",14651
2012-04-01,"USA","Visiting Friends or Relatives",11233
2012-05-01,"USA","Visiting Friends or Relatives",8302
2012-06-01,"USA","Visiting Friends or Relatives",11260
2012-07-01,"USA","Visiting Friends or Relatives",10811
2012-08-01,"USA","Visiting Friends or Relatives",9404
2012-09-01,"USA","Visiting Friends or Relatives",9926
2012-10-01,"USA","Visiting Friends or Relatives",10549
2012-11-01,"USA","Visiting Friends or Relatives",14018
2012-12-01,"USA","Visiting Friends or Relatives",24103
2013-01-01,"USA","Visiting Friends or Relatives",9271
2013-02-01,"USA","Visiting Friends or Relatives",12789
2013-03-01,"USA","Visiting Friends or Relatives",16074
2013-04-01,"USA","Visiting Friends or Relatives",9916
2013-05-01,"USA","Visiting Friends or Relatives",9278
2013-06-01,"USA","Visiting Friends or Relatives",12743
2013-07-01,"USA","Visiting Friends or Relatives",10951
2013-08-01,"USA","Visiting Friends or Relatives",9171
2013-09-01,"USA","Visiting Friends or Relatives",10087
2013-10-01,"USA","Visiting Friends or Relatives",10513
2013-11-01,"USA","Visiting Friends or Relatives",13594
2013-12-01,"USA","Visiting Friends or Relatives",27267
2014-01-01,"USA","Visiting Friends or Relatives",12567
2014-02-01,"USA","Visiting Friends or Relatives",14721
2014-03-01,"USA","Visiting Friends or Relatives",16811
2014-04-01,"USA","Visiting Friends or Relatives",12543
2014-05-01,"USA","Visiting Friends or Relatives",11130
2014-06-01,"USA","Visiting Friends or Relatives",13262
2014-07-01,"USA","Visiting Friends or Relatives",11567
2014-08-01,"USA","Visiting Friends or Relatives",10894
2014-09-01,"USA","Visiting Friends or Relatives",10897
2014-10-01,"USA","Visiting Friends or Relatives",10572
2014-11-01,"USA","Visiting Friends or Relatives",15565
2014-12-01,"USA","Visiting Friends or Relatives",27985
2015-01-01,"USA","Visiting Friends or Relatives",12275
2015-02-01,"USA","Visiting Friends or Relatives",18094
2015-03-01,"USA","Visiting Friends or Relatives",19292
2015-04-01,"USA","Visiting Friends or Relatives",12642
2015-05-01,"USA","Visiting Friends or Relatives",10734
2015-06-01,"USA","Visiting Friends or Relatives",14753
2015-07-01,"USA","Visiting Friends or Relatives",12009
2015-08-01,"USA","Visiting Friends or Relatives",12457
2015-09-01,"USA","Visiting Friends or Relatives",12894
2015-10-01,"USA","Visiting Friends or Relatives",12842
2015-11-01,"USA","Visiting Friends or Relatives",16576
2015-12-01,"USA","Visiting Friends or Relatives",32177
2016-01-01,"USA","Visiting Friends or Relatives",11638
2016-02-01,"USA","Visiting Friends or Relatives",17837
2016-03-01,"USA","Visiting Friends or Relatives",20546
2016-04-01,"USA","Visiting Friends or Relatives",13132
2016-05-01,"USA","Visiting Friends or Relatives",12461
2016-06-01,"USA","Visiting Friends or Relatives",16914
2016-07-01,"USA","Visiting Friends or Relatives",16022
2016-08-01,"USA","Visiting Friends or Relatives",13984
2016-09-01,"USA","Visiting Friends or Relatives",13804
2016-10-01,"USA","Visiting Friends or Relatives",14710
2016-11-01,"USA","Visiting Friends or Relatives",18041
2016-12-01,"USA","Visiting Friends or Relatives",34487
2017-01-01,"USA","Visiting Friends or Relatives",13269
2017-02-01,"USA","Visiting Friends or Relatives",20052
2017-03-01,"USA","Visiting Friends or Relatives",21431
2017-04-01,"USA","Visiting Friends or Relatives",19228
2017-05-01,"USA","Visiting Friends or Relatives",13327
2017-06-01,"USA","Visiting Friends or Relatives",19901
2017-07-01,"USA","Visiting Friends or Relatives",16364
2017-08-01,"USA","Visiting Friends or Relatives",14130
2017-09-01,"USA","Visiting Friends or Relatives",14913
2017-10-01,"USA","Visiting Friends or Relatives",14307
2017-11-01,"USA","Visiting Friends or Relatives",20069
2017-12-01,"USA","Visiting Friends or Relatives",37808
2018-01-01,"USA","Visiting Friends or Relatives",17844
2018-02-01,"USA","Visiting Friends or Relatives",19189
2018-03-01,"USA","Visiting Friends or Relatives",23266
2018-04-01,"USA","Visiting Friends or Relatives",14403
2018-05-01,"USA","Visiting Friends or Relatives",13363
2018-06-01,"USA","Visiting Friends or Relatives",18568
2018-07-01,"USA","Visiting Friends or Relatives",15971
2018-08-01,"USA","Visiting Friends or Relatives",14609
2018-09-01,"USA","Visiting Friends or Relatives",12444
2018-10-01,"USA","Visiting Friends or Relatives",15337
2018-11-01,"USA","Visiting Friends or Relatives",19080
2018-12-01,"USA","Visiting Friends or Relatives",35078
2019-01-01,"USA","Visiting Friends or Relatives",14209
2019-02-01,"USA","Visiting Friends or Relatives",18384
2019-03-01,"USA","Visiting Friends or Relatives",21014
2019-04-01,"USA","Visiting Friends or Relatives",17948
2019-05-01,"USA","Visiting Friends or Relatives",14320
2019-06-01,"USA","Visiting Friends or Relatives",18531
2019-07-01,"USA","Visiting Friends or Relatives",17409
2019-08-01,"USA","Visiting Friends or Relatives",14886
2019-09-01,"USA","Visiting Friends or Relatives",11919
2019-10-01,"USA","Visiting Friends or Relatives",14414
2019-11-01,"USA","Visiting Friends or Relatives",18156
2019-12-01,"USA","Visiting Friends or Relatives",35075
2020-01-01,"USA","Visiting Friends or Relatives",15782
2020-02-01,"USA","Visiting Friends or Relatives",16296
2005-01-01,"United Kingdom","Business",3784
2005-02-01,"United Kingdom","Business",4834
2005-03-01,"United Kingdom","Business",5574
2005-04-01,"United Kingdom","Business",3812
2005-05-01,"United Kingdom","Business",3222
2005-06-01,"United Kingdom","Business",2910
2005-07-01,"United Kingdom","Business",4084
2005-08-01,"United Kingdom","Business",4033
2005-09-01,"United Kingdom","Business",3774
2005-10-01,"United Kingdom","Business",4746
2005-11-01,"United Kingdom","Business",6502
2005-12-01,"United Kingdom","Business",2402
2006-01-01,"United Kingdom","Business",3827
2006-02-01,"United Kingdom","Business",5175
2006-03-01,"United Kingdom","Business",6552
2006-04-01,"United Kingdom","Business",3866
2006-05-01,"United Kingdom","Business",3823
2006-06-01,"United Kingdom","Business",3335
2006-07-01,"United Kingdom","Business",4585
2006-08-01,"United Kingdom","Business",3874
2006-09-01,"United Kingdom","Business",4114
2006-10-01,"United Kingdom","Business",5836
2006-11-01,"United Kingdom","Business",5991
2006-12-01,"United Kingdom","Business",3025
2007-01-01,"United Kingdom","Business",4453
2007-02-01,"United Kingdom","Business",4613
2007-03-01,"United Kingdom","Business",7001
2007-04-01,"United Kingdom","Business",4162
2007-05-01,"United Kingdom","Business",3963
2007-06-01,"United Kingdom","Business",3640
2007-07-01,"United Kingdom","Business",4964
2007-08-01,"United Kingdom","Business",4013
2007-09-01,"United Kingdom","Business",4789
2007-10-01,"United Kingdom","Business",5874
2007-11-01,"United Kingdom","Business",5656
2007-12-01,"United Kingdom","Business",2609
2008-01-01,"United Kingdom","Business",4298
2008-02-01,"United Kingdom","Business",5595
2008-03-01,"United Kingdom","Business",6151
2008-04-01,"United Kingdom","Business",5109
2008-05-01,"United Kingdom","Business",4620
2008-06-01,"United Kingdom","Business",4152
2008-07-01,"United Kingdom","Business",4895
2008-08-01,"United Kingdom","Business",4532
2008-09-01,"United Kingdom","Business",4150
2008-10-01,"United Kingdom","Business",5377
2008-11-01,"United Kingdom","Business",5365
2008-12-01,"United Kingdom","Business",2519
2009-01-01,"United Kingdom","Business",3073
2009-02-01,"United Kingdom","Business",4506
2009-03-01,"United Kingdom","Business",5474
2009-04-01,"United Kingdom","Business",3345
2009-05-01,"United Kingdom","Business",3632
2009-06-01,"United Kingdom","Business",3682
2009-07-01,"United Kingdom","Business",3915
2009-08-01,"United Kingdom","Business",4147
2009-09-01,"United Kingdom","Business",4129
2009-10-01,"United Kingdom","Business",4936
2009-11-01,"United Kingdom","Business",6019
2009-12-01,"United Kingdom","Business",2437
2010-01-01,"United Kingdom","Business",4528
2010-02-01,"United Kingdom","Business",5887
2010-03-01,"United Kingdom","Business",6662
2010-04-01,"United Kingdom","Business",3451
2010-05-01,"United Kingdom","Business",4840
2010-06-01,"United Kingdom","Business",3655
2010-07-01,"United Kingdom","Business",4747
2010-08-01,"United Kingdom","Business",3915
2010-09-01,"United Kingdom","Business",4936
2010-10-01,"United Kingdom","Business",5514
2010-11-01,"United Kingdom","Business",6609
2010-12-01,"United Kingdom","Business",3207
2011-01-01,"United Kingdom","Business",4368
2011-02-01,"United Kingdom","Business",6552
2011-03-01,"United Kingdom","Business",6853
2011-04-01,"United Kingdom","Business",4136
2011-05-01,"United Kingdom","Business",4034
2011-06-01,"United Kingdom","Business",3800
2011-07-01,"United Kingdom","Business",5393
2011-08-01,"United Kingdom","Business",3986
2011-09-01,"United Kingdom","Business",5082
2011-10-01,"United Kingdom","Business",5729
2011-11-01,"United Kingdom","Business",6749
2011-12-01,"United Kingdom","Business",2974
2012-01-01,"United Kingdom","Business",4694
2012-02-01,"United Kingdom","Business",7428
2012-03-01,"United Kingdom","Business",6730
2012-04-01,"United Kingdom","Business",4662
2012-05-01,"United Kingdom","Business",5958
2012-06-01,"United Kingdom","Business",4001
2012-07-01,"United Kingdom","Business",4545
2012-08-01,"United Kingdom","Business",4287
2012-09-01,"United Kingdom","Business",5961
2012-10-01,"United Kingdom","Business",6838
2012-11-01,"United Kingdom","Business",6587
2012-12-01,"United Kingdom","Business",3614
2013-01-01,"United Kingdom","Business",4213
2013-02-01,"United Kingdom","Business",6091
2013-03-01,"United Kingdom","Business",5954
2013-04-01,"United Kingdom","Business",4403
2013-05-01,"United Kingdom","Business",4879
2013-06-01,"United Kingdom","Business",4247
2013-07-01,"United Kingdom","Business",4175
2013-08-01,"United Kingdom","Business",3912
2013-09-01,"United Kingdom","Business",4355
2013-10-01,"United Kingdom","Business",5983
2013-11-01,"United Kingdom","Business",6380
2013-12-01,"United Kingdom","Business",3813
2014-01-01,"United Kingdom","Business",4544
2014-02-01,"United Kingdom","Business",6011
2014-03-01,"United Kingdom","Business",7244
2014-04-01,"United Kingdom","Business",4062
2014-05-01,"United Kingdom","Business",5622
2014-06-01,"United Kingdom","Business",4165
2014-07-01,"United Kingdom","Business",4500
2014-08-01,"United Kingdom","Business",4401
2014-09-01,"United Kingdom","Business",4852
2014-10-01,"United Kingdom","Business",5914
2014-11-01,"United Kingdom","Business",7353
2014-12-01,"United Kingdom","Business",3163
2015-01-01,"United Kingdom","Business",4201
2015-02-01,"United Kingdom","Business",4803
2015-03-01,"United Kingdom","Business",6528
2015-04-01,"United Kingdom","Business",4585
2015-05-01,"United Kingdom","Business",4964
2015-06-01,"United Kingdom","Business",4027
2015-07-01,"United Kingdom","Business",3172
2015-08-01,"United Kingdom","Business",4387
2015-09-01,"United Kingdom","Business",4789
2015-10-01,"United Kingdom","Business",4796
2015-11-01,"United Kingdom","Business",6828
2015-12-01,"United Kingdom","Business",2387
2016-01-01,"United Kingdom","Business",4065
2016-02-01,"United Kingdom","Business",6103
2016-03-01,"United Kingdom","Business",6036
2016-04-01,"United Kingdom","Business",4448
2016-05-01,"United Kingdom","Business",4537
2016-06-01,"United Kingdom","Business",4019
2016-07-01,"United Kingdom","Business",4107
2016-08-01,"United Kingdom","Business",3495
2016-09-01,"United Kingdom","Business",3996
2016-10-01,"United Kingdom","Business",5728
2016-11-01,"United Kingdom","Business",6273
2016-12-01,"United Kingdom","Business",2759
2017-01-01,"United Kingdom","Business",4403
2017-02-01,"United Kingdom","Business",5411
2017-03-01,"United Kingdom","Business",6711
2017-04-01,"United Kingdom","Business",3895
2017-05-01,"United Kingdom","Business",4831
2017-06-01,"United Kingdom","Business",3601
2017-07-01,"United Kingdom","Business",3993
2017-08-01,"United Kingdom","Business",3721
2017-09-01,"United Kingdom","Business",4772
2017-10-01,"United Kingdom","Business",6064
2017-11-01,"United Kingdom","Business",6627
2017-12-01,"United Kingdom","Business",2706
2018-01-01,"United Kingdom","Business",5024
2018-02-01,"United Kingdom","Business",5583
2018-03-01,"United Kingdom","Business",6143
2018-04-01,"United Kingdom","Business",5452
2018-05-01,"United Kingdom","Business",4850
2018-06-01,"United Kingdom","Business",3899
2018-07-01,"United Kingdom","Business",4252
2018-08-01,"United Kingdom","Business",4630
2018-09-01,"United Kingdom","Business",5176
2018-10-01,"United Kingdom","Business",7459
2018-11-01,"United Kingdom","Business",7098
2018-12-01,"United Kingdom","Business",2677
2019-01-01,"United Kingdom","Business",4287
2019-02-01,"United Kingdom","Business",5642
2019-03-01,"United Kingdom","Business",7228
2019-04-01,"United Kingdom","Business",4138
2019-05-01,"United Kingdom","Business",4753
2019-06-01,"United Kingdom","Business",4824
2019-07-01,"United Kingdom","Business",4319
2019-08-01,"United Kingdom","Business",3868
2019-09-01,"United Kingdom","Business",4522
2019-10-01,"United Kingdom","Business",6609
2019-11-01,"United Kingdom","Business",6950
2019-12-01,"United Kingdom","Business",3251
2020-01-01,"United Kingdom","Business",3495
2020-02-01,"United Kingdom","Business",6158
2005-01-01,"United Kingdom","Education",960
2005-02-01,"United Kingdom","Education",1077
2005-03-01,"United Kingdom","Education",648
2005-04-01,"United Kingdom","Education",435
2005-05-01,"United Kingdom","Education",458
2005-06-01,"United Kingdom","Education",324
2005-07-01,"United Kingdom","Education",1552
2005-08-01,"United Kingdom","Education",483
2005-09-01,"United Kingdom","Education",348
2005-10-01,"United Kingdom","Education",474
2005-11-01,"United Kingdom","Education",406
2005-12-01,"United Kingdom","Education",404
2006-01-01,"United Kingdom","Education",888
2006-02-01,"United Kingdom","Education",1076
2006-03-01,"United Kingdom","Education",490
2006-04-01,"United Kingdom","Education",526
2006-05-01,"United Kingdom","Education",245
2006-06-01,"United Kingdom","Education",497
2006-07-01,"United Kingdom","Education",1345
2006-08-01,"United Kingdom","Education",476
2006-09-01,"United Kingdom","Education",489
2006-10-01,"United Kingdom","Education",420
2006-11-01,"United Kingdom","Education",345
2006-12-01,"United Kingdom","Education",304
2007-01-01,"United Kingdom","Education",1130
2007-02-01,"United Kingdom","Education",1230
2007-03-01,"United Kingdom","Education",599
2007-04-01,"United Kingdom","Education",501
2007-05-01,"United Kingdom","Education",315
2007-06-01,"United Kingdom","Education",545
2007-07-01,"United Kingdom","Education",1627
2007-08-01,"United Kingdom","Education",441
2007-09-01,"United Kingdom","Education",528
2007-10-01,"United Kingdom","Education",379
2007-11-01,"United Kingdom","Education",363
2007-12-01,"United Kingdom","Education",326
2008-01-01,"United Kingdom","Education",836
2008-02-01,"United Kingdom","Education",1630
2008-03-01,"United Kingdom","Education",676
2008-04-01,"United Kingdom","Education",439
2008-05-01,"United Kingdom","Education",308
2008-06-01,"United Kingdom","Education",459
2008-07-01,"United Kingdom","Education",1494
2008-08-01,"United Kingdom","Education",547
2008-09-01,"United Kingdom","Education",354
2008-10-01,"United Kingdom","Education",466
2008-11-01,"United Kingdom","Education",291
2008-12-01,"United Kingdom","Education",326
2009-01-01,"United Kingdom","Education",918
2009-02-01,"United Kingdom","Education",1465
2009-03-01,"United Kingdom","Education",562
2009-04-01,"United Kingdom","Education",468
2009-05-01,"United Kingdom","Education",248
2009-06-01,"United Kingdom","Education",539
2009-07-01,"United Kingdom","Education",1258
2009-08-01,"United Kingdom","Education",361
2009-09-01,"United Kingdom","Education",350
2009-10-01,"United Kingdom","Education",557
2009-11-01,"United Kingdom","Education",440
2009-12-01,"United Kingdom","Education",210
2010-01-01,"United Kingdom","Education",1240
2010-02-01,"United Kingdom","Education",1673
2010-03-01,"United Kingdom","Education",450
2010-04-01,"United Kingdom","Education",414
2010-05-01,"United Kingdom","Education",159
2010-06-01,"United Kingdom","Education",508
2010-07-01,"United Kingdom","Education",1379
2010-08-01,"United Kingdom","Education",346
2010-09-01,"United Kingdom","Education",425
2010-10-01,"United Kingdom","Education",329
2010-11-01,"United Kingdom","Education",241
2010-12-01,"United Kingdom","Education",314
2011-01-01,"United Kingdom","Education",911
2011-02-01,"United Kingdom","Education",1940
2011-03-01,"United Kingdom","Education",419
2011-04-01,"United Kingdom","Education",469
2011-05-01,"United Kingdom","Education",429
2011-06-01,"United Kingdom","Education",451
2011-07-01,"United Kingdom","Education",1479
2011-08-01,"United Kingdom","Education",240
2011-09-01,"United Kingdom","Education",327
2011-10-01,"United Kingdom","Education",487
2011-11-01,"United Kingdom","Education",232
2011-12-01,"United Kingdom","Education",332
2012-01-01,"United Kingdom","Education",842
2012-02-01,"United Kingdom","Education",2263
2012-03-01,"United Kingdom","Education",546
2012-04-01,"United Kingdom","Education",323
2012-05-01,"United Kingdom","Education",211
2012-06-01,"United Kingdom","Education",411
2012-07-01,"United Kingdom","Education",1576
2012-08-01,"United Kingdom","Education",473
2012-09-01,"United Kingdom","Education",387
2012-10-01,"United Kingdom","Education",256
2012-11-01,"United Kingdom","Education",341
2012-12-01,"United Kingdom","Education",425
2013-01-01,"United Kingdom","Education",1054
2013-02-01,"United Kingdom","Education",2043
2013-03-01,"United Kingdom","Education",631
2013-04-01,"United Kingdom","Education",501
2013-05-01,"United Kingdom","Education",364
2013-06-01,"United Kingdom","Education",439
2013-07-01,"United Kingdom","Education",1814
2013-08-01,"United Kingdom","Education",581
2013-09-01,"United Kingdom","Education",299
2013-10-01,"United Kingdom","Education",553
2013-11-01,"United Kingdom","Education",356
2013-12-01,"United Kingdom","Education",224
2014-01-01,"United Kingdom","Education",820
2014-02-01,"United Kingdom","Education",1186
2014-03-01,"United Kingdom","Education",468
2014-04-01,"United Kingdom","Education",692
2014-05-01,"United Kingdom","Education",366
2014-06-01,"United Kingdom","Education",402
2014-07-01,"United Kingdom","Education",1598
2014-08-01,"United Kingdom","Education",573
2014-09-01,"United Kingdom","Education",410
2014-10-01,"United Kingdom","Education",521
2014-11-01,"United Kingdom","Education",565
2014-12-01,"United Kingdom","Education",513
2015-01-01,"United Kingdom","Education",1329
2015-02-01,"United Kingdom","Education",1607
2015-03-01,"United Kingdom","Education",685
2015-04-01,"United Kingdom","Education",704
2015-05-01,"United Kingdom","Education",562
2015-06-01,"United Kingdom","Education",818
2015-07-01,"United Kingdom","Education",2712
2015-08-01,"United Kingdom","Education",751
2015-09-01,"United Kingdom","Education",451
2015-10-01,"United Kingdom","Education",688
2015-11-01,"United Kingdom","Education",1121
2015-12-01,"United Kingdom","Education",1477
2016-01-01,"United Kingdom","Education",1096
2016-02-01,"United Kingdom","Education",2093
2016-03-01,"United Kingdom","Education",653
2016-04-01,"United Kingdom","Education",633
2016-05-01,"United Kingdom","Education",598
2016-06-01,"United Kingdom","Education",707
2016-07-01,"United Kingdom","Education",2304
2016-08-01,"United Kingdom","Education",354
2016-09-01,"United Kingdom","Education",564
2016-10-01,"United Kingdom","Education",1369
2016-11-01,"United Kingdom","Education",516
2016-12-01,"United Kingdom","Education",1222
2017-01-01,"United Kingdom","Education",1644
2017-02-01,"United Kingdom","Education",3122
2017-03-01,"United Kingdom","Education",698
2017-04-01,"United Kingdom","Education",868
2017-05-01,"United Kingdom","Education",331
2017-06-01,"United Kingdom","Education",626
2017-07-01,"United Kingdom","Education",1630
2017-08-01,"United Kingdom","Education",396
2017-09-01,"United Kingdom","Education",424
2017-10-01,"United Kingdom","Education",380
2017-11-01,"United Kingdom","Education",311
2017-12-01,"United Kingdom","Education",451
2018-01-01,"United Kingdom","Education",1102
2018-02-01,"United Kingdom","Education",1497
2018-03-01,"United Kingdom","Education",414
2018-04-01,"United Kingdom","Education",381
2018-05-01,"United Kingdom","Education",339
2018-06-01,"United Kingdom","Education",397
2018-07-01,"United Kingdom","Education",1281
2018-08-01,"United Kingdom","Education",248
2018-09-01,"United Kingdom","Education",305
2018-10-01,"United Kingdom","Education",287
2018-11-01,"United Kingdom","Education",195
2018-12-01,"United Kingdom","Education",524
2019-01-01,"United Kingdom","Education",773
2019-02-01,"United Kingdom","Education",975
2019-03-01,"United Kingdom","Education",633
2019-04-01,"United Kingdom","Education",348
2019-05-01,"United Kingdom","Education",220
2019-06-01,"United Kingdom","Education",381
2019-07-01,"United Kingdom","Education",1168
2019-08-01,"United Kingdom","Education",323
2019-09-01,"United Kingdom","Education",369
2019-10-01,"United Kingdom","Education",457
2019-11-01,"United Kingdom","Education",245
2019-12-01,"United Kingdom","Education",381
2020-01-01,"United Kingdom","Education",769
2020-02-01,"United Kingdom","Education",926
2005-01-01,"United Kingdom","Employment",1261
2005-02-01,"United Kingdom","Employment",856
2005-03-01,"United Kingdom","Employment",970
2005-04-01,"United Kingdom","Employment",977
2005-05-01,"United Kingdom","Employment",765
2005-06-01,"United Kingdom","Employment",857
2005-07-01,"United Kingdom","Employment",875
2005-08-01,"United Kingdom","Employment",1365
2005-09-01,"United Kingdom","Employment",1231
2005-10-01,"United Kingdom","Employment",1618
2005-11-01,"United Kingdom","Employment",1360
2005-12-01,"United Kingdom","Employment",1535
2006-01-01,"United Kingdom","Employment",1854
2006-02-01,"United Kingdom","Employment",1593
2006-03-01,"United Kingdom","Employment",1420
2006-04-01,"United Kingdom","Employment",1206
2006-05-01,"United Kingdom","Employment",1143
2006-06-01,"United Kingdom","Employment",826
2006-07-01,"United Kingdom","Employment",1424
2006-08-01,"United Kingdom","Employment",1447
2006-09-01,"United Kingdom","Employment",1427
2006-10-01,"United Kingdom","Employment",1533
2006-11-01,"United Kingdom","Employment",1768
2006-12-01,"United Kingdom","Employment",2371
2007-01-01,"United Kingdom","Employment",2117
2007-02-01,"United Kingdom","Employment",1633
2007-03-01,"United Kingdom","Employment",1860
2007-04-01,"United Kingdom","Employment",1211
2007-05-01,"United Kingdom","Employment",952
2007-06-01,"United Kingdom","Employment",1088
2007-07-01,"United Kingdom","Employment",1034
2007-08-01,"United Kingdom","Employment",1576
2007-09-01,"United Kingdom","Employment",1374
2007-10-01,"United Kingdom","Employment",1518
2007-11-01,"United Kingdom","Employment",1870
2007-12-01,"United Kingdom","Employment",1882
2008-01-01,"United Kingdom","Employment",2213
2008-02-01,"United Kingdom","Employment",2320
2008-03-01,"United Kingdom","Employment",1814
2008-04-01,"United Kingdom","Employment",1499
2008-05-01,"United Kingdom","Employment",1053
2008-06-01,"United Kingdom","Employment",982
2008-07-01,"United Kingdom","Employment",1370
2008-08-01,"United Kingdom","Employment",1556
2008-09-01,"United Kingdom","Employment",2095
2008-10-01,"United Kingdom","Employment",1795
2008-11-01,"United Kingdom","Employment",1842
2008-12-01,"United Kingdom","Employment",1822
2009-01-01,"United Kingdom","Employment",2302
2009-02-01,"United Kingdom","Employment",1516
2009-03-01,"United Kingdom","Employment",1823
2009-04-01,"United Kingdom","Employment",1509
2009-05-01,"United Kingdom","Employment",1045
2009-06-01,"United Kingdom","Employment",1505
2009-07-01,"United Kingdom","Employment",1118
2009-08-01,"United Kingdom","Employment",1656
2009-09-01,"United Kingdom","Employment",1772
2009-10-01,"United Kingdom","Employment",1770
2009-11-01,"United Kingdom","Employment",1550
2009-12-01,"United Kingdom","Employment",1753
2010-01-01,"United Kingdom","Employment",2201
2010-02-01,"United Kingdom","Employment",2089
2010-03-01,"United Kingdom","Employment",1919
2010-04-01,"United Kingdom","Employment",1346
2010-05-01,"United Kingdom","Employment",1462
2010-06-01,"United Kingdom","Employment",1550
2010-07-01,"United Kingdom","Employment",1602
2010-08-01,"United Kingdom","Employment",1567
2010-09-01,"United Kingdom","Employment",2034
2010-10-01,"United Kingdom","Employment",2112
2010-11-01,"United Kingdom","Employment",2073
2010-12-01,"United Kingdom","Employment",2319
2011-01-01,"United Kingdom","Employment",2656
2011-02-01,"United Kingdom","Employment",2704
2011-03-01,"United Kingdom","Employment",1890
2011-04-01,"United Kingdom","Employment",1650
2011-05-01,"United Kingdom","Employment",1472
2011-06-01,"United Kingdom","Employment",1771
2011-07-01,"United Kingdom","Employment",1833
2011-08-01,"United Kingdom","Employment",2123
2011-09-01,"United Kingdom","Employment",2575
2011-10-01,"United Kingdom","Employment",2663
2011-11-01,"United Kingdom","Employment",2052
2011-12-01,"United Kingdom","Employment",2139
2012-01-01,"United Kingdom","Employment",3393
2012-02-01,"United Kingdom","Employment",2486
2012-03-01,"United Kingdom","Employment",1987
2012-04-01,"United Kingdom","Employment",1772
2012-05-01,"United Kingdom","Employment",1642
2012-06-01,"United Kingdom","Employment",2066
2012-07-01,"United Kingdom","Employment",1680
2012-08-01,"United Kingdom","Employment",2561
2012-09-01,"United Kingdom","Employment",2231
2012-10-01,"United Kingdom","Employment",2701
2012-11-01,"United Kingdom","Employment",2097
2012-12-01,"United Kingdom","Employment",2028
2013-01-01,"United Kingdom","Employment",3568
2013-02-01,"United Kingdom","Employment",2468
2013-03-01,"United Kingdom","Employment",2363
2013-04-01,"United Kingdom","Employment",2070
2013-05-01,"United Kingdom","Employment",1837
2013-06-01,"United Kingdom","Employment",2163
2013-07-01,"United Kingdom","Employment",2099
2013-08-01,"United Kingdom","Employment",2424
2013-09-01,"United Kingdom","Employment",2628
2013-10-01,"United Kingdom","Employment",2941
2013-11-01,"United Kingdom","Employment",2626
2013-12-01,"United Kingdom","Employment",2225
2014-01-01,"United Kingdom","Employment",4240
2014-02-01,"United Kingdom","Employment",2324
2014-03-01,"United Kingdom","Employment",2131
2014-04-01,"United Kingdom","Employment",2225
2014-05-01,"United Kingdom","Employment",1617
2014-06-01,"United Kingdom","Employment",2123
2014-07-01,"United Kingdom","Employment",1724
2014-08-01,"United Kingdom","Employment",2928
2014-09-01,"United Kingdom","Employment",2654
2014-10-01,"United Kingdom","Employment",3749
2014-11-01,"United Kingdom","Employment",3654
2014-12-01,"United Kingdom","Employment",4579
2015-01-01,"United Kingdom","Employment",4541
2015-02-01,"United Kingdom","Employment",3638
2015-03-01,"United Kingdom","Employment",2461
2015-04-01,"United Kingdom","Employment",2602
2015-05-01,"United Kingdom","Employment",2266
2015-06-01,"United Kingdom","Employment",1930
2015-07-01,"United Kingdom","Employment",2841
2015-08-01,"United Kingdom","Employment",2838
2015-09-01,"United Kingdom","Employment",2513
2015-10-01,"United Kingdom","Employment",2338
2015-11-01,"United Kingdom","Employment",2876
2015-12-01,"United Kingdom","Employment",3086
2016-01-01,"United Kingdom","Employment",3210
2016-02-01,"United Kingdom","Employment",2657
2016-03-01,"United Kingdom","Employment",2624
2016-04-01,"United Kingdom","Employment",1805
2016-05-01,"United Kingdom","Employment",1623
2016-06-01,"United Kingdom","Employment",2181
2016-07-01,"United Kingdom","Employment",2040
2016-08-01,"United Kingdom","Employment",2146
2016-09-01,"United Kingdom","Employment",2327
2016-10-01,"United Kingdom","Employment",3757
2016-11-01,"United Kingdom","Employment",2633
2016-12-01,"United Kingdom","Employment",2951
2017-01-01,"United Kingdom","Employment",4269
2017-02-01,"United Kingdom","Employment",3214
2017-03-01,"United Kingdom","Employment",2525
2017-04-01,"United Kingdom","Employment",2198
2017-05-01,"United Kingdom","Employment",1512
2017-06-01,"United Kingdom","Employment",2306
2017-07-01,"United Kingdom","Employment",1857
2017-08-01,"United Kingdom","Employment",2132
2017-09-01,"United Kingdom","Employment",2644
2017-10-01,"United Kingdom","Employment",2405
2017-11-01,"United Kingdom","Employment",2014
2017-12-01,"United Kingdom","Employment",1673
2018-01-01,"United Kingdom","Employment",2933
2018-02-01,"United Kingdom","Employment",2056
2018-03-01,"United Kingdom","Employment",1622
2018-04-01,"United Kingdom","Employment",1832
2018-05-01,"United Kingdom","Employment",1636
2018-06-01,"United Kingdom","Employment",1877
2018-07-01,"United Kingdom","Employment",1665
2018-08-01,"United Kingdom","Employment",1855
2018-09-01,"United Kingdom","Employment",2549
2018-10-01,"United Kingdom","Employment",2047
2018-11-01,"United Kingdom","Employment",1609
2018-12-01,"United Kingdom","Employment",1899
2019-01-01,"United Kingdom","Employment",3048
2019-02-01,"United Kingdom","Employment",1716
2019-03-01,"United Kingdom","Employment",1369
2019-04-01,"United Kingdom","Employment",1306
2019-05-01,"United Kingdom","Employment",1582
2019-06-01,"United Kingdom","Employment",1553
2019-07-01,"United Kingdom","Employment",1731
2019-08-01,"United Kingdom","Employment",1707
2019-09-01,"United Kingdom","Employment",2013
2019-10-01,"United Kingdom","Employment",2167
2019-11-01,"United Kingdom","Employment",1724
2019-12-01,"United Kingdom","Employment",1442
2020-01-01,"United Kingdom","Employment",3052
2020-02-01,"United Kingdom","Employment",2091
2005-01-01,"United Kingdom","Holiday",32167
2005-02-01,"United Kingdom","Holiday",37916
2005-03-01,"United Kingdom","Holiday",41433
2005-04-01,"United Kingdom","Holiday",20215
2005-05-01,"United Kingdom","Holiday",12837
2005-06-01,"United Kingdom","Holiday",13238
2005-07-01,"United Kingdom","Holiday",24159
2005-08-01,"United Kingdom","Holiday",19256
2005-09-01,"United Kingdom","Holiday",17074
2005-10-01,"United Kingdom","Holiday",27568
2005-11-01,"United Kingdom","Holiday",29067
2005-12-01,"United Kingdom","Holiday",50231
2006-01-01,"United Kingdom","Holiday",31497
2006-02-01,"United Kingdom","Holiday",36963
2006-03-01,"United Kingdom","Holiday",34494
2006-04-01,"United Kingdom","Holiday",25123
2006-05-01,"United Kingdom","Holiday",11950
2006-06-01,"United Kingdom","Holiday",11620
2006-07-01,"United Kingdom","Holiday",20780
2006-08-01,"United Kingdom","Holiday",17304
2006-09-01,"United Kingdom","Holiday",17359
2006-10-01,"United Kingdom","Holiday",26560
2006-11-01,"United Kingdom","Holiday",35841
2006-12-01,"United Kingdom","Holiday",70299
2007-01-01,"United Kingdom","Holiday",31996
2007-02-01,"United Kingdom","Holiday",35960
2007-03-01,"United Kingdom","Holiday",37046
2007-04-01,"United Kingdom","Holiday",22197
2007-05-01,"United Kingdom","Holiday",11675
2007-06-01,"United Kingdom","Holiday",10712
2007-07-01,"United Kingdom","Holiday",19388
2007-08-01,"United Kingdom","Holiday",17192
2007-09-01,"United Kingdom","Holiday",15732
2007-10-01,"United Kingdom","Holiday",25286
2007-11-01,"United Kingdom","Holiday",27702
2007-12-01,"United Kingdom","Holiday",45524
2008-01-01,"United Kingdom","Holiday",29936
2008-02-01,"United Kingdom","Holiday",37446
2008-03-01,"United Kingdom","Holiday",38440
2008-04-01,"United Kingdom","Holiday",19738
2008-05-01,"United Kingdom","Holiday",11948
2008-06-01,"United Kingdom","Holiday",11597
2008-07-01,"United Kingdom","Holiday",18487
2008-08-01,"United Kingdom","Holiday",16043
2008-09-01,"United Kingdom","Holiday",15146
2008-10-01,"United Kingdom","Holiday",24771
2008-11-01,"United Kingdom","Holiday",25521
2008-12-01,"United Kingdom","Holiday",41576
2009-01-01,"United Kingdom","Holiday",26331
2009-02-01,"United Kingdom","Holiday",37462
2009-03-01,"United Kingdom","Holiday",29828
2009-04-01,"United Kingdom","Holiday",21766
2009-05-01,"United Kingdom","Holiday",11924
2009-06-01,"United Kingdom","Holiday",10983
2009-07-01,"United Kingdom","Holiday",15962
2009-08-01,"United Kingdom","Holiday",15246
2009-09-01,"United Kingdom","Holiday",15891
2009-10-01,"United Kingdom","Holiday",24350
2009-11-01,"United Kingdom","Holiday",26447
2009-12-01,"United Kingdom","Holiday",40598
2010-01-01,"United Kingdom","Holiday",25865
2010-02-01,"United Kingdom","Holiday",33528
2010-03-01,"United Kingdom","Holiday",30418
2010-04-01,"United Kingdom","Holiday",16251
2010-05-01,"United Kingdom","Holiday",10548
2010-06-01,"United Kingdom","Holiday",9011
2010-07-01,"United Kingdom","Holiday",13583
2010-08-01,"United Kingdom","Holiday",12547
2010-09-01,"United Kingdom","Holiday",13448
2010-10-01,"United Kingdom","Holiday",22053
2010-11-01,"United Kingdom","Holiday",26629
2010-12-01,"United Kingdom","Holiday",44070
2011-01-01,"United Kingdom","Holiday",25423
2011-02-01,"United Kingdom","Holiday",29680
2011-03-01,"United Kingdom","Holiday",22886
2011-04-01,"United Kingdom","Holiday",20646
2011-05-01,"United Kingdom","Holiday",9149
2011-06-01,"United Kingdom","Holiday",8618
2011-07-01,"United Kingdom","Holiday",11764
2011-08-01,"United Kingdom","Holiday",12915
2011-09-01,"United Kingdom","Holiday",13573
2011-10-01,"United Kingdom","Holiday",19878
2011-11-01,"United Kingdom","Holiday",18944
2011-12-01,"United Kingdom","Holiday",33116
2012-01-01,"United Kingdom","Holiday",20958
2012-02-01,"United Kingdom","Holiday",28231
2012-03-01,"United Kingdom","Holiday",23751
2012-04-01,"United Kingdom","Holiday",13546
2012-05-01,"United Kingdom","Holiday",7368
2012-06-01,"United Kingdom","Holiday",8283
2012-07-01,"United Kingdom","Holiday",10461
2012-08-01,"United Kingdom","Holiday",10651
2012-09-01,"United Kingdom","Holiday",11601
2012-10-01,"United Kingdom","Holiday",18582
2012-11-01,"United Kingdom","Holiday",20373
2012-12-01,"United Kingdom","Holiday",31278
2013-01-01,"United Kingdom","Holiday",22005
2013-02-01,"United Kingdom","Holiday",25452
2013-03-01,"United Kingdom","Holiday",24476
2013-04-01,"United Kingdom","Holiday",12223
2013-05-01,"United Kingdom","Holiday",8209
2013-06-01,"United Kingdom","Holiday",20034
2013-07-01,"United Kingdom","Holiday",13611
2013-08-01,"United Kingdom","Holiday",11149
2013-09-01,"United Kingdom","Holiday",10831
2013-10-01,"United Kingdom","Holiday",17570
2013-11-01,"United Kingdom","Holiday",23327
2013-12-01,"United Kingdom","Holiday",40021
2014-01-01,"United Kingdom","Holiday",22792
2014-02-01,"United Kingdom","Holiday",28256
2014-03-01,"United Kingdom","Holiday",22480
2014-04-01,"United Kingdom","Holiday",16227
2014-05-01,"United Kingdom","Holiday",7446
2014-06-01,"United Kingdom","Holiday",6771
2014-07-01,"United Kingdom","Holiday",12546
2014-08-01,"United Kingdom","Holiday",12428
2014-09-01,"United Kingdom","Holiday",13125
2014-10-01,"United Kingdom","Holiday",17045
2014-11-01,"United Kingdom","Holiday",18870
2014-12-01,"United Kingdom","Holiday",30486
2015-01-01,"United Kingdom","Holiday",22294
2015-02-01,"United Kingdom","Holiday",25482
2015-03-01,"United Kingdom","Holiday",29127
2015-04-01,"United Kingdom","Holiday",14785
2015-05-01,"United Kingdom","Holiday",8153
2015-06-01,"United Kingdom","Holiday",7491
2015-07-01,"United Kingdom","Holiday",13275
2015-08-01,"United Kingdom","Holiday",12191
2015-09-01,"United Kingdom","Holiday",13010
2015-10-01,"United Kingdom","Holiday",21731
2015-11-01,"United Kingdom","Holiday",24072
2015-12-01,"United Kingdom","Holiday",39182
2016-01-01,"United Kingdom","Holiday",29654
2016-02-01,"United Kingdom","Holiday",33056
2016-03-01,"United Kingdom","Holiday",32605
2016-04-01,"United Kingdom","Holiday",15247
2016-05-01,"United Kingdom","Holiday",9130
2016-06-01,"United Kingdom","Holiday",9334
2016-07-01,"United Kingdom","Holiday",15176
2016-08-01,"United Kingdom","Holiday",14874
2016-09-01,"United Kingdom","Holiday",15478
2016-10-01,"United Kingdom","Holiday",21718
2016-11-01,"United Kingdom","Holiday",25766
2016-12-01,"United Kingdom","Holiday",39679
2017-01-01,"United Kingdom","Holiday",28139
2017-02-01,"United Kingdom","Holiday",35394
2017-03-01,"United Kingdom","Holiday",29543
2017-04-01,"United Kingdom","Holiday",19509
2017-05-01,"United Kingdom","Holiday",9103
2017-06-01,"United Kingdom","Holiday",8941
2017-07-01,"United Kingdom","Holiday",13964
2017-08-01,"United Kingdom","Holiday",13414
2017-09-01,"United Kingdom","Holiday",12294
2017-10-01,"United Kingdom","Holiday",20794
2017-11-01,"United Kingdom","Holiday",29683
2017-12-01,"United Kingdom","Holiday",42813
2018-01-01,"United Kingdom","Holiday",28695
2018-02-01,"United Kingdom","Holiday",35622
2018-03-01,"United Kingdom","Holiday",31080
2018-04-01,"United Kingdom","Holiday",17467
2018-05-01,"United Kingdom","Holiday",9353
2018-06-01,"United Kingdom","Holiday",8541
2018-07-01,"United Kingdom","Holiday",13345
2018-08-01,"United Kingdom","Holiday",12922
2018-09-01,"United Kingdom","Holiday",13456
2018-10-01,"United Kingdom","Holiday",20951
2018-11-01,"United Kingdom","Holiday",23944
2018-12-01,"United Kingdom","Holiday",34775
2019-01-01,"United Kingdom","Holiday",28644
2019-02-01,"United Kingdom","Holiday",34189
2019-03-01,"United Kingdom","Holiday",25397
2019-04-01,"United Kingdom","Holiday",18600
2019-05-01,"United Kingdom","Holiday",9581
2019-06-01,"United Kingdom","Holiday",7632
2019-07-01,"United Kingdom","Holiday",13708
2019-08-01,"United Kingdom","Holiday",12174
2019-09-01,"United Kingdom","Holiday",12618
2019-10-01,"United Kingdom","Holiday",21191
2019-11-01,"United Kingdom","Holiday",24691
2019-12-01,"United Kingdom","Holiday",34760
2020-01-01,"United Kingdom","Holiday",26638
2020-02-01,"United Kingdom","Holiday",34124
2005-01-01,"United Kingdom","Other",1499
2005-02-01,"United Kingdom","Other",1121
2005-03-01,"United Kingdom","Other",1569
2005-04-01,"United Kingdom","Other",1212
2005-05-01,"United Kingdom","Other",908
2005-06-01,"United Kingdom","Other",1039
2005-07-01,"United Kingdom","Other",1844
2005-08-01,"United Kingdom","Other",1244
2005-09-01,"United Kingdom","Other",1436
2005-10-01,"United Kingdom","Other",1189
2005-11-01,"United Kingdom","Other",1271
2005-12-01,"United Kingdom","Other",1520
2006-01-01,"United Kingdom","Other",1453
2006-02-01,"United Kingdom","Other",1934
2006-03-01,"United Kingdom","Other",2599
2006-04-01,"United Kingdom","Other",1342
2006-05-01,"United Kingdom","Other",1023
2006-06-01,"United Kingdom","Other",958
2006-07-01,"United Kingdom","Other",1282
2006-08-01,"United Kingdom","Other",849
2006-09-01,"United Kingdom","Other",1382
2006-10-01,"United Kingdom","Other",1284
2006-11-01,"United Kingdom","Other",1591
2006-12-01,"United Kingdom","Other",986
2007-01-01,"United Kingdom","Other",1348
2007-02-01,"United Kingdom","Other",1403
2007-03-01,"United Kingdom","Other",2177
2007-04-01,"United Kingdom","Other",1334
2007-05-01,"United Kingdom","Other",763
2007-06-01,"United Kingdom","Other",667
2007-07-01,"United Kingdom","Other",1149
2007-08-01,"United Kingdom","Other",1010
2007-09-01,"United Kingdom","Other",1216
2007-10-01,"United Kingdom","Other",1314
2007-11-01,"United Kingdom","Other",1340
2007-12-01,"United Kingdom","Other",1220
2008-01-01,"United Kingdom","Other",1361
2008-02-01,"United Kingdom","Other",1700
2008-03-01,"United Kingdom","Other",1598
2008-04-01,"United Kingdom","Other",997
2008-05-01,"United Kingdom","Other",846
2008-06-01,"United Kingdom","Other",1221
2008-07-01,"United Kingdom","Other",2374
2008-08-01,"United Kingdom","Other",1004
2008-09-01,"United Kingdom","Other",1128
2008-10-01,"United Kingdom","Other",1389
2008-11-01,"United Kingdom","Other",1075
2008-12-01,"United Kingdom","Other",1028
2009-01-01,"United Kingdom","Other",1522
2009-02-01,"United Kingdom","Other",2284
2009-03-01,"United Kingdom","Other",1466
2009-04-01,"United Kingdom","Other",1049
2009-05-01,"United Kingdom","Other",949
2009-06-01,"United Kingdom","Other",1175
2009-07-01,"United Kingdom","Other",1384
2009-08-01,"United Kingdom","Other",1246
2009-09-01,"United Kingdom","Other",1170
2009-10-01,"United Kingdom","Other",1488
2009-11-01,"United Kingdom","Other",1433
2009-12-01,"United Kingdom","Other",1229
2010-01-01,"United Kingdom","Other",1875
2010-02-01,"United Kingdom","Other",1683
2010-03-01,"United Kingdom","Other",1786
2010-04-01,"United Kingdom","Other",1116
2010-05-01,"United Kingdom","Other",1062
2010-06-01,"United Kingdom","Other",791
2010-07-01,"United Kingdom","Other",1421
2010-08-01,"United Kingdom","Other",1076
2010-09-01,"United Kingdom","Other",1056
2010-10-01,"United Kingdom","Other",1420
2010-11-01,"United Kingdom","Other",1032
2010-12-01,"United Kingdom","Other",1242
2011-01-01,"United Kingdom","Other",2274
2011-02-01,"United Kingdom","Other",1967
2011-03-01,"United Kingdom","Other",1538
2011-04-01,"United Kingdom","Other",1231
2011-05-01,"United Kingdom","Other",846
2011-06-01,"United Kingdom","Other",1259
2011-07-01,"United Kingdom","Other",1338
2011-08-01,"United Kingdom","Other",1139
2011-09-01,"United Kingdom","Other",1358
2011-10-01,"United Kingdom","Other",1689
2011-11-01,"United Kingdom","Other",1386
2011-12-01,"United Kingdom","Other",1328
2012-01-01,"United Kingdom","Other",1402
2012-02-01,"United Kingdom","Other",1487
2012-03-01,"United Kingdom","Other",1340
2012-04-01,"United Kingdom","Other",1526
2012-05-01,"United Kingdom","Other",926
2012-06-01,"United Kingdom","Other",1022
2012-07-01,"United Kingdom","Other",1614
2012-08-01,"United Kingdom","Other",1023
2012-09-01,"United Kingdom","Other",1444
2012-10-01,"United Kingdom","Other",1509
2012-11-01,"United Kingdom","Other",1666
2012-12-01,"United Kingdom","Other",1235
2013-01-01,"United Kingdom","Other",2002
2013-02-01,"United Kingdom","Other",1780
2013-03-01,"United Kingdom","Other",1205
2013-04-01,"United Kingdom","Other",1219
2013-05-01,"United Kingdom","Other",938
2013-06-01,"United Kingdom","Other",1220
2013-07-01,"United Kingdom","Other",1220
2013-08-01,"United Kingdom","Other",1067
2013-09-01,"United Kingdom","Other",1167
2013-10-01,"United Kingdom","Other",1123
2013-11-01,"United Kingdom","Other",1622
2013-12-01,"United Kingdom","Other",1060
2014-01-01,"United Kingdom","Other",1751
2014-02-01,"United Kingdom","Other",1752
2014-03-01,"United Kingdom","Other",1399
2014-04-01,"United Kingdom","Other",1154
2014-05-01,"United Kingdom","Other",933
2014-06-01,"United Kingdom","Other",842
2014-07-01,"United Kingdom","Other",1259
2014-08-01,"United Kingdom","Other",989
2014-09-01,"United Kingdom","Other",1373
2014-10-01,"United Kingdom","Other",2027
2014-11-01,"United Kingdom","Other",1811
2014-12-01,"United Kingdom","Other",1819
2015-01-01,"United Kingdom","Other",1944
2015-02-01,"United Kingdom","Other",1840
2015-03-01,"United Kingdom","Other",1985
2015-04-01,"United Kingdom","Other",1308
2015-05-01,"United Kingdom","Other",1204
2015-06-01,"United Kingdom","Other",1362
2015-07-01,"United Kingdom","Other",1061
2015-08-01,"United Kingdom","Other",947
2015-09-01,"United Kingdom","Other",1336
2015-10-01,"United Kingdom","Other",1348
2015-11-01,"United Kingdom","Other",1284
2015-12-01,"United Kingdom","Other",1188
2016-01-01,"United Kingdom","Other",2142
2016-02-01,"United Kingdom","Other",1996
2016-03-01,"United Kingdom","Other",1331
2016-04-01,"United Kingdom","Other",1698
2016-05-01,"United Kingdom","Other",1661
2016-06-01,"United Kingdom","Other",750
2016-07-01,"United Kingdom","Other",1303
2016-08-01,"United Kingdom","Other",1161
2016-09-01,"United Kingdom","Other",1304
2016-10-01,"United Kingdom","Other",2499
2016-11-01,"United Kingdom","Other",1281
2016-12-01,"United Kingdom","Other",1863
2017-01-01,"United Kingdom","Other",1713
2017-02-01,"United Kingdom","Other",1444
2017-03-01,"United Kingdom","Other",1124
2017-04-01,"United Kingdom","Other",1093
2017-05-01,"United Kingdom","Other",1029
2017-06-01,"United Kingdom","Other",732
2017-07-01,"United Kingdom","Other",1470
2017-08-01,"United Kingdom","Other",928
2017-09-01,"United Kingdom","Other",962
2017-10-01,"United Kingdom","Other",1040
2017-11-01,"United Kingdom","Other",1121
2017-12-01,"United Kingdom","Other",976
2018-01-01,"United Kingdom","Other",1205
2018-02-01,"United Kingdom","Other",1188
2018-03-01,"United Kingdom","Other",2201
2018-04-01,"United Kingdom","Other",1313
2018-05-01,"United Kingdom","Other",615
2018-06-01,"United Kingdom","Other",541
2018-07-01,"United Kingdom","Other",824
2018-08-01,"United Kingdom","Other",685
2018-09-01,"United Kingdom","Other",1242
2018-10-01,"United Kingdom","Other",1186
2018-11-01,"United Kingdom","Other",1315
2018-12-01,"United Kingdom","Other",1365
2019-01-01,"United Kingdom","Other",1102
2019-02-01,"United Kingdom","Other",749
2019-03-01,"United Kingdom","Other",821
2019-04-01,"United Kingdom","Other",638
2019-05-01,"United Kingdom","Other",620
2019-06-01,"United Kingdom","Other",721
2019-07-01,"United Kingdom","Other",718
2019-08-01,"United Kingdom","Other",678
2019-09-01,"United Kingdom","Other",816
2019-10-01,"United Kingdom","Other",1279
2019-11-01,"United Kingdom","Other",896
2019-12-01,"United Kingdom","Other",930
2020-01-01,"United Kingdom","Other",1316
2020-02-01,"United Kingdom","Other",895
2005-01-01,"United Kingdom","Visiting Friends or Relatives",31169
2005-02-01,"United Kingdom","Visiting Friends or Relatives",32399
2005-03-01,"United Kingdom","Visiting Friends or Relatives",37168
2005-04-01,"United Kingdom","Visiting Friends or Relatives",19872
2005-05-01,"United Kingdom","Visiting Friends or Relatives",11069
2005-06-01,"United Kingdom","Visiting Friends or Relatives",12119
2005-07-01,"United Kingdom","Visiting Friends or Relatives",16872
2005-08-01,"United Kingdom","Visiting Friends or Relatives",14909
2005-09-01,"United Kingdom","Visiting Friends or Relatives",17766
2005-10-01,"United Kingdom","Visiting Friends or Relatives",25949
2005-11-01,"United Kingdom","Visiting Friends or Relatives",28592
2005-12-01,"United Kingdom","Visiting Friends or Relatives",55000
2006-01-01,"United Kingdom","Visiting Friends or Relatives",28687
2006-02-01,"United Kingdom","Visiting Friends or Relatives",32651
2006-03-01,"United Kingdom","Visiting Friends or Relatives",33718
2006-04-01,"United Kingdom","Visiting Friends or Relatives",27789
2006-05-01,"United Kingdom","Visiting Friends or Relatives",10901
2006-06-01,"United Kingdom","Visiting Friends or Relatives",11928
2006-07-01,"United Kingdom","Visiting Friends or Relatives",16182
2006-08-01,"United Kingdom","Visiting Friends or Relatives",14303
2006-09-01,"United Kingdom","Visiting Friends or Relatives",17013
2006-10-01,"United Kingdom","Visiting Friends or Relatives",25975
2006-11-01,"United Kingdom","Visiting Friends or Relatives",30281
2006-12-01,"United Kingdom","Visiting Friends or Relatives",59664
2007-01-01,"United Kingdom","Visiting Friends or Relatives",30189
2007-02-01,"United Kingdom","Visiting Friends or Relatives",33201
2007-03-01,"United Kingdom","Visiting Friends or Relatives",37463
2007-04-01,"United Kingdom","Visiting Friends or Relatives",23385
2007-05-01,"United Kingdom","Visiting Friends or Relatives",12581
2007-06-01,"United Kingdom","Visiting Friends or Relatives",10874
2007-07-01,"United Kingdom","Visiting Friends or Relatives",15798
2007-08-01,"United Kingdom","Visiting Friends or Relatives",15426
2007-09-01,"United Kingdom","Visiting Friends or Relatives",19783
2007-10-01,"United Kingdom","Visiting Friends or Relatives",24515
2007-11-01,"United Kingdom","Visiting Friends or Relatives",30684
2007-12-01,"United Kingdom","Visiting Friends or Relatives",54569
2008-01-01,"United Kingdom","Visiting Friends or Relatives",28038
2008-02-01,"United Kingdom","Visiting Friends or Relatives",34926
2008-03-01,"United Kingdom","Visiting Friends or Relatives",39920
2008-04-01,"United Kingdom","Visiting Friends or Relatives",23556
2008-05-01,"United Kingdom","Visiting Friends or Relatives",12213
2008-06-01,"United Kingdom","Visiting Friends or Relatives",10507
2008-07-01,"United Kingdom","Visiting Friends or Relatives",14219
2008-08-01,"United Kingdom","Visiting Friends or Relatives",14378
2008-09-01,"United Kingdom","Visiting Friends or Relatives",18368
2008-10-01,"United Kingdom","Visiting Friends or Relatives",24555
2008-11-01,"United Kingdom","Visiting Friends or Relatives",28274
2008-12-01,"United Kingdom","Visiting Friends or Relatives",55943
2009-01-01,"United Kingdom","Visiting Friends or Relatives",26667
2009-02-01,"United Kingdom","Visiting Friends or Relatives",33955
2009-03-01,"United Kingdom","Visiting Friends or Relatives",34161
2009-04-01,"United Kingdom","Visiting Friends or Relatives",27928
2009-05-01,"United Kingdom","Visiting Friends or Relatives",14061
2009-06-01,"United Kingdom","Visiting Friends or Relatives",12510
2009-07-01,"United Kingdom","Visiting Friends or Relatives",16767
2009-08-01,"United Kingdom","Visiting Friends or Relatives",14731
2009-09-01,"United Kingdom","Visiting Friends or Relatives",19558
2009-10-01,"United Kingdom","Visiting Friends or Relatives",28420
2009-11-01,"United Kingdom","Visiting Friends or Relatives",30676
2009-12-01,"United Kingdom","Visiting Friends or Relatives",55978
2010-01-01,"United Kingdom","Visiting Friends or Relatives",29591
2010-02-01,"United Kingdom","Visiting Friends or Relatives",33573
2010-03-01,"United Kingdom","Visiting Friends or Relatives",38124
2010-04-01,"United Kingdom","Visiting Friends or Relatives",22266
2010-05-01,"United Kingdom","Visiting Friends or Relatives",13611
2010-06-01,"United Kingdom","Visiting Friends or Relatives",12120
2010-07-01,"United Kingdom","Visiting Friends or Relatives",14805
2010-08-01,"United Kingdom","Visiting Friends or Relatives",15250
2010-09-01,"United Kingdom","Visiting Friends or Relatives",18837
2010-10-01,"United Kingdom","Visiting Friends or Relatives",26380
2010-11-01,"United Kingdom","Visiting Friends or Relatives",29684
2010-12-01,"United Kingdom","Visiting Friends or Relatives",57979
2011-01-01,"United Kingdom","Visiting Friends or Relatives",27185
2011-02-01,"United Kingdom","Visiting Friends or Relatives",32772
2011-03-01,"United Kingdom","Visiting Friends or Relatives",28456
2011-04-01,"United Kingdom","Visiting Friends or Relatives",32779
2011-05-01,"United Kingdom","Visiting Friends or Relatives",11658
2011-06-01,"United Kingdom","Visiting Friends or Relatives",10176
2011-07-01,"United Kingdom","Visiting Friends or Relatives",13995
2011-08-01,"United Kingdom","Visiting Friends or Relatives",14791
2011-09-01,"United Kingdom","Visiting Friends or Relatives",18579
2011-10-01,"United Kingdom","Visiting Friends or Relatives",24711
2011-11-01,"United Kingdom","Visiting Friends or Relatives",29007
2011-12-01,"United Kingdom","Visiting Friends or Relatives",56357
2012-01-01,"United Kingdom","Visiting Friends or Relatives",28924
2012-02-01,"United Kingdom","Visiting Friends or Relatives",33281
2012-03-01,"United Kingdom","Visiting Friends or Relatives",35750
2012-04-01,"United Kingdom","Visiting Friends or Relatives",22342
2012-05-01,"United Kingdom","Visiting Friends or Relatives",12048
2012-06-01,"United Kingdom","Visiting Friends or Relatives",10822
2012-07-01,"United Kingdom","Visiting Friends or Relatives",12476
2012-08-01,"United Kingdom","Visiting Friends or Relatives",15502
2012-09-01,"United Kingdom","Visiting Friends or Relatives",19207
2012-10-01,"United Kingdom","Visiting Friends or Relatives",24015
2012-11-01,"United Kingdom","Visiting Friends or Relatives",30667
2012-12-01,"United Kingdom","Visiting Friends or Relatives",59513
2013-01-01,"United Kingdom","Visiting Friends or Relatives",28040
2013-02-01,"United Kingdom","Visiting Friends or Relatives",32464
2013-03-01,"United Kingdom","Visiting Friends or Relatives",39926
2013-04-01,"United Kingdom","Visiting Friends or Relatives",20100
2013-05-01,"United Kingdom","Visiting Friends or Relatives",11852
2013-06-01,"United Kingdom","Visiting Friends or Relatives",14049
2013-07-01,"United Kingdom","Visiting Friends or Relatives",16859
2013-08-01,"United Kingdom","Visiting Friends or Relatives",15915
2013-09-01,"United Kingdom","Visiting Friends or Relatives",21279
2013-10-01,"United Kingdom","Visiting Friends or Relatives",26459
2013-11-01,"United Kingdom","Visiting Friends or Relatives",32956
2013-12-01,"United Kingdom","Visiting Friends or Relatives",67007
2014-01-01,"United Kingdom","Visiting Friends or Relatives",31890
2014-02-01,"United Kingdom","Visiting Friends or Relatives",36729
2014-03-01,"United Kingdom","Visiting Friends or Relatives",34195
2014-04-01,"United Kingdom","Visiting Friends or Relatives",30684
2014-05-01,"United Kingdom","Visiting Friends or Relatives",12202
2014-06-01,"United Kingdom","Visiting Friends or Relatives",11788
2014-07-01,"United Kingdom","Visiting Friends or Relatives",17093
2014-08-01,"United Kingdom","Visiting Friends or Relatives",15010
2014-09-01,"United Kingdom","Visiting Friends or Relatives",20057
2014-10-01,"United Kingdom","Visiting Friends or Relatives",25382
2014-11-01,"United Kingdom","Visiting Friends or Relatives",30315
2014-12-01,"United Kingdom","Visiting Friends or Relatives",62357
2015-01-01,"United Kingdom","Visiting Friends or Relatives",35376
2015-02-01,"United Kingdom","Visiting Friends or Relatives",36091
2015-03-01,"United Kingdom","Visiting Friends or Relatives",41674
2015-04-01,"United Kingdom","Visiting Friends or Relatives",23266
2015-05-01,"United Kingdom","Visiting Friends or Relatives",12494
2015-06-01,"United Kingdom","Visiting Friends or Relatives",11297
2015-07-01,"United Kingdom","Visiting Friends or Relatives",18107
2015-08-01,"United Kingdom","Visiting Friends or Relatives",17054
2015-09-01,"United Kingdom","Visiting Friends or Relatives",20999
2015-10-01,"United Kingdom","Visiting Friends or Relatives",25331
2015-11-01,"United Kingdom","Visiting Friends or Relatives",31005
2015-12-01,"United Kingdom","Visiting Friends or Relatives",65475
2016-01-01,"United Kingdom","Visiting Friends or Relatives",30253
2016-02-01,"United Kingdom","Visiting Friends or Relatives",35765
2016-03-01,"United Kingdom","Visiting Friends or Relatives",44154
2016-04-01,"United Kingdom","Visiting Friends or Relatives",22859
2016-05-01,"United Kingdom","Visiting Friends or Relatives",12507
2016-06-01,"United Kingdom","Visiting Friends or Relatives",11801
2016-07-01,"United Kingdom","Visiting Friends or Relatives",17763
2016-08-01,"United Kingdom","Visiting Friends or Relatives",17246
2016-09-01,"United Kingdom","Visiting Friends or Relatives",19959
2016-10-01,"United Kingdom","Visiting Friends or Relatives",25509
2016-11-01,"United Kingdom","Visiting Friends or Relatives",31121
2016-12-01,"United Kingdom","Visiting Friends or Relatives",68277
2017-01-01,"United Kingdom","Visiting Friends or Relatives",32441
2017-02-01,"United Kingdom","Visiting Friends or Relatives",39125
2017-03-01,"United Kingdom","Visiting Friends or Relatives",38227
2017-04-01,"United Kingdom","Visiting Friends or Relatives",29767
2017-05-01,"United Kingdom","Visiting Friends or Relatives",13445
2017-06-01,"United Kingdom","Visiting Friends or Relatives",12959
2017-07-01,"United Kingdom","Visiting Friends or Relatives",17655
2017-08-01,"United Kingdom","Visiting Friends or Relatives",17315
2017-09-01,"United Kingdom","Visiting Friends or Relatives",20075
2017-10-01,"United Kingdom","Visiting Friends or Relatives",27417
2017-11-01,"United Kingdom","Visiting Friends or Relatives",35134
2017-12-01,"United Kingdom","Visiting Friends or Relatives",75737
2018-01-01,"United Kingdom","Visiting Friends or Relatives",37232
2018-02-01,"United Kingdom","Visiting Friends or Relatives",39460
2018-03-01,"United Kingdom","Visiting Friends or Relatives",48819
2018-04-01,"United Kingdom","Visiting Friends or Relatives",26490
2018-05-01,"United Kingdom","Visiting Friends or Relatives",14757
2018-06-01,"United Kingdom","Visiting Friends or Relatives",13529
2018-07-01,"United Kingdom","Visiting Friends or Relatives",17838
2018-08-01,"United Kingdom","Visiting Friends or Relatives",18162
2018-09-01,"United Kingdom","Visiting Friends or Relatives",20576
2018-10-01,"United Kingdom","Visiting Friends or Relatives",28890
2018-11-01,"United Kingdom","Visiting Friends or Relatives",33984
2018-12-01,"United Kingdom","Visiting Friends or Relatives",76612
2019-01-01,"United Kingdom","Visiting Friends or Relatives",36139
2019-02-01,"United Kingdom","Visiting Friends or Relatives",42062
2019-03-01,"United Kingdom","Visiting Friends or Relatives",38557
2019-04-01,"United Kingdom","Visiting Friends or Relatives",34125
2019-05-01,"United Kingdom","Visiting Friends or Relatives",13221
2019-06-01,"United Kingdom","Visiting Friends or Relatives",13178
2019-07-01,"United Kingdom","Visiting Friends or Relatives",17659
2019-08-01,"United Kingdom","Visiting Friends or Relatives",17382
2019-09-01,"United Kingdom","Visiting Friends or Relatives",20962
2019-10-01,"United Kingdom","Visiting Friends or Relatives",29234
2019-11-01,"United Kingdom","Visiting Friends or Relatives",34372
2019-12-01,"United Kingdom","Visiting Friends or Relatives",77764
2020-01-01,"United Kingdom","Visiting Friends or Relatives",36828
2020-02-01,"United Kingdom","Visiting Friends or Relatives",40552
