"fecha","Region","Age","Rate"
1975-01-01,"Australia","15",7
1976-01-01,"Australia","15",6.6
1977-01-01,"Australia","15",5.7
1978-01-01,"Australia","15",5.5
1979-01-01,"Australia","15",5.1
1980-01-01,"Australia","15",4.8
1981-01-01,"Australia","15",4.8
1982-01-01,"Australia","15",4.7
1983-01-01,"Australia","15",4.9
1984-01-01,"Australia","15",3.8
1985-01-01,"Australia","15",3.9
1986-01-01,"Australia","15",3.7
1987-01-01,"Australia","15",3.6
1988-01-01,"Australia","15",3.2
1989-01-01,"Australia","15",3.8
1990-01-01,"Australia","15",3.7
1991-01-01,"Australia","15",3.6
1992-01-01,"Australia","15",3.3
1993-01-01,"Australia","15",3.5
1994-01-01,"Australia","15",4.1
1995-01-01,"Australia","15",3.6
1996-01-01,"Australia","15",3.8
1997-01-01,"Australia","15",3.5
1998-01-01,"Australia","15",3.3
1999-01-01,"Australia","15",3.3
2000-01-01,"Australia","15",2.9
2001-01-01,"Australia","15",3.2
2002-01-01,"Australia","15",2.9
2003-01-01,"Australia","15",2.9
2004-01-01,"Australia","15",2.7
2005-01-01,"Australia","15",2.9
2006-01-01,"Australia","15",2.6
2007-01-01,"Australia","15",3.3
2008-01-01,"Australia","15",3.4
2009-01-01,"Australia","15",3.7
2010-01-01,"Australia","15",3.1
2011-01-01,"Australia","15",2.9
2012-01-01,"Australia","15",2.9
2013-01-01,"Australia","15",2.7
2014-01-01,"Australia","15",2.4
2015-01-01,"Australia","15",2.2
2016-01-01,"Australia","15",1.8
2017-01-01,"Australia","15",1.7
2018-01-01,"Australia","15",1.5
2019-01-01,"Australia","15",1.3
2020-01-01,"Australia","15",1.3
2021-01-01,"Australia","15",1.3
2022-01-01,"Australia","15",1.1
1975-01-01,"Australian Capital Territory","15",2.9
1976-01-01,"Australian Capital Territory","15",4.9
1977-01-01,"Australian Capital Territory","15",3.1
1978-01-01,"Australian Capital Territory","15",2.1
1979-01-01,"Australian Capital Territory","15",0.5
1980-01-01,"Australian Capital Territory","15",3.2
1981-01-01,"Australian Capital Territory","15",1.1
1982-01-01,"Australian Capital Territory","15",2
1983-01-01,"Australian Capital Territory","15",0.5
1984-01-01,"Australian Capital Territory","15",2.4
1985-01-01,"Australian Capital Territory","15",2.6
1986-01-01,"Australian Capital Territory","15",1.2
1987-01-01,"Australian Capital Territory","15",0.4
1988-01-01,"Australian Capital Territory","15",1.6
1989-01-01,"Australian Capital Territory","15",1.7
1990-01-01,"Australian Capital Territory","15",0.4
1991-01-01,"Australian Capital Territory","15",1.3
1992-01-01,"Australian Capital Territory","15",2.2
1993-01-01,"Australian Capital Territory","15",2.6
1994-01-01,"Australian Capital Territory","15",2.7
1995-01-01,"Australian Capital Territory","15",0.9
1996-01-01,"Australian Capital Territory","15",3.2
1997-01-01,"Australian Capital Territory","15",3.1
1998-01-01,"Australian Capital Territory","15",1.8
1999-01-01,"Australian Capital Territory","15",0.5
2000-01-01,"Australian Capital Territory","15",1.3
2001-01-01,"Australian Capital Territory","15",0.5
2002-01-01,"Australian Capital Territory","15",1.4
2003-01-01,"Australian Capital Territory","15",1.8
2004-01-01,"Australian Capital Territory","15",1.3
2005-01-01,"Australian Capital Territory","15",0.4
2006-01-01,"Australian Capital Territory","15",1.8
2007-01-01,"Australian Capital Territory","15",0.4
2008-01-01,"Australian Capital Territory","15",0.9
2009-01-01,"Australian Capital Territory","15",1.8
2010-01-01,"Australian Capital Territory","15",1.4
2011-01-01,"Australian Capital Territory","15",0.9
2012-01-01,"Australian Capital Territory","15",2.3
2013-01-01,"Australian Capital Territory","15",1.4
2014-01-01,"Australian Capital Territory","15",2.3
2015-01-01,"Australian Capital Territory","15",0
2016-01-01,"Australian Capital Territory","15",0.5
2017-01-01,"Australian Capital Territory","15",0.5
2018-01-01,"Australian Capital Territory","15",1.3
2019-01-01,"Australian Capital Territory","15",1.9
2020-01-01,"Australian Capital Territory","15",1.4
2021-01-01,"Australian Capital Territory","15",0
2022-01-01,"Australian Capital Territory","15",1.6
1975-01-01,"New South Wales","15",6.7
1976-01-01,"New South Wales","15",5.5
1977-01-01,"New South Wales","15",4.5
1978-01-01,"New South Wales","15",4.8
1979-01-01,"New South Wales","15",4
1980-01-01,"New South Wales","15",4.6
1981-01-01,"New South Wales","15",3.5
1982-01-01,"New South Wales","15",4.2
1983-01-01,"New South Wales","15",4
1984-01-01,"New South Wales","15",2.9
1985-01-01,"New South Wales","15",3.5
1986-01-01,"New South Wales","15",2.9
1987-01-01,"New South Wales","15",2.8
1988-01-01,"New South Wales","15",2.7
1989-01-01,"New South Wales","15",3.5
1990-01-01,"New South Wales","15",3.3
1991-01-01,"New South Wales","15",2.8
1992-01-01,"New South Wales","15",2.9
1993-01-01,"New South Wales","15",3.5
1994-01-01,"New South Wales","15",3.7
1995-01-01,"New South Wales","15",3.3
1996-01-01,"New South Wales","15",3
1997-01-01,"New South Wales","15",2.8
1998-01-01,"New South Wales","15",2.8
1999-01-01,"New South Wales","15",3.2
2000-01-01,"New South Wales","15",2.5
2001-01-01,"New South Wales","15",3
2002-01-01,"New South Wales","15",2.9
2003-01-01,"New South Wales","15",2.2
2004-01-01,"New South Wales","15",2.5
2005-01-01,"New South Wales","15",2.5
2006-01-01,"New South Wales","15",2.3
2007-01-01,"New South Wales","15",2.7
2008-01-01,"New South Wales","15",3
2009-01-01,"New South Wales","15",2.4
2010-01-01,"New South Wales","15",2.5
2011-01-01,"New South Wales","15",2.2
2012-01-01,"New South Wales","15",2.2
2013-01-01,"New South Wales","15",2.4
2014-01-01,"New South Wales","15",1.8
2015-01-01,"New South Wales","15",1.6
2016-01-01,"New South Wales","15",1.1
2017-01-01,"New South Wales","15",1.3
2018-01-01,"New South Wales","15",1.4
2019-01-01,"New South Wales","15",1.1
2020-01-01,"New South Wales","15",1.2
2021-01-01,"New South Wales","15",1
2022-01-01,"New South Wales","15",0.9
1975-01-01,"Northern Territory","15",64.4
1976-01-01,"Northern Territory","15",84.3
1977-01-01,"Northern Territory","15",63.1
1978-01-01,"Northern Territory","15",56.7
1979-01-01,"Northern Territory","15",87.1
1980-01-01,"Northern Territory","15",55.9
1981-01-01,"Northern Territory","15",72.8
1982-01-01,"Northern Territory","15",61.7
1983-01-01,"Northern Territory","15",79.4
1984-01-01,"Northern Territory","15",63.7
1985-01-01,"Northern Territory","15",52.9
1986-01-01,"Northern Territory","15",51.9
1987-01-01,"Northern Territory","15",45.6
1988-01-01,"Northern Territory","15",42.1
1989-01-01,"Northern Territory","15",47.7
1990-01-01,"Northern Territory","15",47.4
1991-01-01,"Northern Territory","15",54.6
1992-01-01,"Northern Territory","15",55.7
1993-01-01,"Northern Territory","15",41.1
1994-01-01,"Northern Territory","15",53.6
1995-01-01,"Northern Territory","15",45.4
1996-01-01,"Northern Territory","15",50.1
1997-01-01,"Northern Territory","15",40.5
1998-01-01,"Northern Territory","15",40.1
1999-01-01,"Northern Territory","15",33.3
2000-01-01,"Northern Territory","15",33.9
2001-01-01,"Northern Territory","15",35.6
2002-01-01,"Northern Territory","15",31.1
2003-01-01,"Northern Territory","15",19
2004-01-01,"Northern Territory","15",18.5
2005-01-01,"Northern Territory","15",35.7
2006-01-01,"Northern Territory","15",36.4
2007-01-01,"Northern Territory","15",31.5
2008-01-01,"Northern Territory","15",28
2009-01-01,"Northern Territory","15",25.4
2010-01-01,"Northern Territory","15",20.4
2011-01-01,"Northern Territory","15",29.3
2012-01-01,"Northern Territory","15",26.5
2013-01-01,"Northern Territory","15",18.4
2014-01-01,"Northern Territory","15",24.2
2015-01-01,"Northern Territory","15",22.8
2016-01-01,"Northern Territory","15",12.8
2017-01-01,"Northern Territory","15",15.1
2018-01-01,"Northern Territory","15",10.4
2019-01-01,"Northern Territory","15",12.1
2020-01-01,"Northern Territory","15",9.3
2021-01-01,"Northern Territory","15",14.7
2022-01-01,"Northern Territory","15",8.5
1975-01-01,"Queensland","15",10.4
1976-01-01,"Queensland","15",10
1977-01-01,"Queensland","15",8.2
1978-01-01,"Queensland","15",7
1979-01-01,"Queensland","15",6.9
1980-01-01,"Queensland","15",6.4
1981-01-01,"Queensland","15",6.7
1982-01-01,"Queensland","15",6.3
1983-01-01,"Queensland","15",5.9
1984-01-01,"Queensland","15",5.4
1985-01-01,"Queensland","15",4.3
1986-01-01,"Queensland","15",5
1987-01-01,"Queensland","15",4.1
1988-01-01,"Queensland","15",3.1
1989-01-01,"Queensland","15",4.8
1990-01-01,"Queensland","15",3.4
1991-01-01,"Queensland","15",3.5
1992-01-01,"Queensland","15",3.7
1993-01-01,"Queensland","15",3.9
1994-01-01,"Queensland","15",3.6
1995-01-01,"Queensland","15",4
1996-01-01,"Queensland","15",4.5
1997-01-01,"Queensland","15",4.8
1998-01-01,"Queensland","15",3.8
1999-01-01,"Queensland","15",3.8
2000-01-01,"Queensland","15",3.6
2001-01-01,"Queensland","15",4.1
2002-01-01,"Queensland","15",3.4
2003-01-01,"Queensland","15",4.5
2004-01-01,"Queensland","15",3.2
2005-01-01,"Queensland","15",3.3
2006-01-01,"Queensland","15",2.4
2007-01-01,"Queensland","15",4.3
2008-01-01,"Queensland","15",4.3
2009-01-01,"Queensland","15",6.2
2010-01-01,"Queensland","15",5
2011-01-01,"Queensland","15",4
2012-01-01,"Queensland","15",3.6
2013-01-01,"Queensland","15",3
2014-01-01,"Queensland","15",2.9
2015-01-01,"Queensland","15",3.2
2016-01-01,"Queensland","15",2.2
2017-01-01,"Queensland","15",2.5
2018-01-01,"Queensland","15",1.7
2019-01-01,"Queensland","15",2
2020-01-01,"Queensland","15",1.7
2021-01-01,"Queensland","15",1.9
2022-01-01,"Queensland","15",1.6
1975-01-01,"South Australia","15",7.4
1976-01-01,"South Australia","15",7.2
1977-01-01,"South Australia","15",6.6
1978-01-01,"South Australia","15",5.1
1979-01-01,"South Australia","15",5
1980-01-01,"South Australia","15",5.4
1981-01-01,"South Australia","15",4.8
1982-01-01,"South Australia","15",3.9
1983-01-01,"South Australia","15",5
1984-01-01,"South Australia","15",3.7
1985-01-01,"South Australia","15",2.9
1986-01-01,"South Australia","15",3.1
1987-01-01,"South Australia","15",3.7
1988-01-01,"South Australia","15",3.6
1989-01-01,"South Australia","15",5
1990-01-01,"South Australia","15",4.6
1991-01-01,"South Australia","15",5
1992-01-01,"South Australia","15",2.1
1993-01-01,"South Australia","15",1.8
1994-01-01,"South Australia","15",2.5
1995-01-01,"South Australia","15",1.6
1996-01-01,"South Australia","15",2.5
1997-01-01,"South Australia","15",2.6
1998-01-01,"South Australia","15",1.5
1999-01-01,"South Australia","15",1.4
2000-01-01,"South Australia","15",2.1
2001-01-01,"South Australia","15",1.1
2002-01-01,"South Australia","15",1.8
2003-01-01,"South Australia","15",2.3
2004-01-01,"South Australia","15",1.3
2005-01-01,"South Australia","15",2.4
2006-01-01,"South Australia","15",3.1
2007-01-01,"South Australia","15",3.4
2008-01-01,"South Australia","15",3.3
2009-01-01,"South Australia","15",3.8
2010-01-01,"South Australia","15",2.2
2011-01-01,"South Australia","15",2.4
2012-01-01,"South Australia","15",2.6
2013-01-01,"South Australia","15",2.2
2014-01-01,"South Australia","15",1.6
2015-01-01,"South Australia","15",2.3
2016-01-01,"South Australia","15",2.2
2017-01-01,"South Australia","15",0.6
2018-01-01,"South Australia","15",1.4
2019-01-01,"South Australia","15",0.9
2020-01-01,"South Australia","15",0.8
2021-01-01,"South Australia","15",1.9
2022-01-01,"South Australia","15",0.8
1975-01-01,"Tasmania","15",11.5
1976-01-01,"Tasmania","15",7.7
1977-01-01,"Tasmania","15",7.7
1978-01-01,"Tasmania","15",8.1
1979-01-01,"Tasmania","15",7
1980-01-01,"Tasmania","15",5.8
1981-01-01,"Tasmania","15",7
1982-01-01,"Tasmania","15",10
1983-01-01,"Tasmania","15",7.5
1984-01-01,"Tasmania","15",4.3
1985-01-01,"Tasmania","15",3.9
1986-01-01,"Tasmania","15",3.8
1987-01-01,"Tasmania","15",4.3
1988-01-01,"Tasmania","15",3.4
1989-01-01,"Tasmania","15",4
1990-01-01,"Tasmania","15",5.1
1991-01-01,"Tasmania","15",2.9
1992-01-01,"Tasmania","15",6.2
1993-01-01,"Tasmania","15",4.9
1994-01-01,"Tasmania","15",4.6
1995-01-01,"Tasmania","15",2.4
1996-01-01,"Tasmania","15",5.6
1997-01-01,"Tasmania","15",4.6
1998-01-01,"Tasmania","15",5.8
1999-01-01,"Tasmania","15",3.7
2000-01-01,"Tasmania","15",4
2001-01-01,"Tasmania","15",3.5
2002-01-01,"Tasmania","15",3.4
2003-01-01,"Tasmania","15",3.5
2004-01-01,"Tasmania","15",3.1
2005-01-01,"Tasmania","15",2.2
2006-01-01,"Tasmania","15",5
2007-01-01,"Tasmania","15",4.7
2008-01-01,"Tasmania","15",5
2009-01-01,"Tasmania","15",6.9
2010-01-01,"Tasmania","15",5.8
2011-01-01,"Tasmania","15",4.4
2012-01-01,"Tasmania","15",5.1
2013-01-01,"Tasmania","15",4.2
2014-01-01,"Tasmania","15",5.9
2015-01-01,"Tasmania","15",3.9
2016-01-01,"Tasmania","15",3
2017-01-01,"Tasmania","15",2
2018-01-01,"Tasmania","15",2
2019-01-01,"Tasmania","15",2
2020-01-01,"Tasmania","15",1
2021-01-01,"Tasmania","15",0
2022-01-01,"Tasmania","15",0.3
1975-01-01,"Victoria","15",3.3
1976-01-01,"Victoria","15",3.6
1977-01-01,"Victoria","15",3.7
1978-01-01,"Victoria","15",3.1
1979-01-01,"Victoria","15",2.5
1980-01-01,"Victoria","15",2.1
1981-01-01,"Victoria","15",2.6
1982-01-01,"Victoria","15",1.9
1983-01-01,"Victoria","15",2.1
1984-01-01,"Victoria","15",1.9
1985-01-01,"Victoria","15",2.3
1986-01-01,"Victoria","15",1.6
1987-01-01,"Victoria","15",2.3
1988-01-01,"Victoria","15",1.7
1989-01-01,"Victoria","15",1.3
1990-01-01,"Victoria","15",2
1991-01-01,"Victoria","15",1.9
1992-01-01,"Victoria","15",0.9
1993-01-01,"Victoria","15",1.5
1994-01-01,"Victoria","15",2.1
1995-01-01,"Victoria","15",2.5
1996-01-01,"Victoria","15",1.9
1997-01-01,"Victoria","15",1.8
1998-01-01,"Victoria","15",1.5
1999-01-01,"Victoria","15",1.8
2000-01-01,"Victoria","15",1.3
2001-01-01,"Victoria","15",1.7
2002-01-01,"Victoria","15",1.3
2003-01-01,"Victoria","15",1.3
2004-01-01,"Victoria","15",1.6
2005-01-01,"Victoria","15",1.3
2006-01-01,"Victoria","15",1.1
2007-01-01,"Victoria","15",1.5
2008-01-01,"Victoria","15",1.7
2009-01-01,"Victoria","15",1.3
2010-01-01,"Victoria","15",0.8
2011-01-01,"Victoria","15",1.2
2012-01-01,"Victoria","15",1.8
2013-01-01,"Victoria","15",1.7
2014-01-01,"Victoria","15",1.2
2015-01-01,"Victoria","15",0.8
2016-01-01,"Victoria","15",1
2017-01-01,"Victoria","15",0.8
2018-01-01,"Victoria","15",0.8
2019-01-01,"Victoria","15",0.7
2020-01-01,"Victoria","15",0.5
2021-01-01,"Victoria","15",0.3
2022-01-01,"Victoria","15",0.4
1975-01-01,"Western Australia","15",7.9
1976-01-01,"Western Australia","15",8.6
1977-01-01,"Western Australia","15",6.1
1978-01-01,"Western Australia","15",8.2
1979-01-01,"Western Australia","15",7.6
1980-01-01,"Western Australia","15",6.1
1981-01-01,"Western Australia","15",5.9
1982-01-01,"Western Australia","15",5.3
1983-01-01,"Western Australia","15",6.7
1984-01-01,"Western Australia","15",4.2
1985-01-01,"Western Australia","15",5.3
1986-01-01,"Western Australia","15",5.4
1987-01-01,"Western Australia","15",4.3
1988-01-01,"Western Australia","15",5.2
1989-01-01,"Western Australia","15",4.6
1990-01-01,"Western Australia","15",5.2
1991-01-01,"Western Australia","15",5.3
1992-01-01,"Western Australia","15",4.8
1993-01-01,"Western Australia","15",4.7
1994-01-01,"Western Australia","15",7.4
1995-01-01,"Western Australia","15",4.7
1996-01-01,"Western Australia","15",5
1997-01-01,"Western Australia","15",3.5
1998-01-01,"Western Australia","15",4.8
1999-01-01,"Western Australia","15",4.5
2000-01-01,"Western Australia","15",4.2
2001-01-01,"Western Australia","15",4.2
2002-01-01,"Western Australia","15",3.8
2003-01-01,"Western Australia","15",4.3
2004-01-01,"Western Australia","15",4.3
2005-01-01,"Western Australia","15",4.2
2006-01-01,"Western Australia","15",3.2
2007-01-01,"Western Australia","15",4.6
2008-01-01,"Western Australia","15",4.2
2009-01-01,"Western Australia","15",4.9
2010-01-01,"Western Australia","15",4.8
2011-01-01,"Western Australia","15",3.8
2012-01-01,"Western Australia","15",3.9
2013-01-01,"Western Australia","15",3.9
2014-01-01,"Western Australia","15",3.5
2015-01-01,"Western Australia","15",2.8
2016-01-01,"Western Australia","15",3.6
2017-01-01,"Western Australia","15",2.9
2018-01-01,"Western Australia","15",2.1
2019-01-01,"Western Australia","15",1.7
2020-01-01,"Western Australia","15",2.3
2021-01-01,"Western Australia","15",2
2022-01-01,"Western Australia","15",2
1975-01-01,"Australia","16",19.2
1976-01-01,"Australia","16",15.9
1977-01-01,"Australia","16",14.3
1978-01-01,"Australia","16",12.9
1979-01-01,"Australia","16",12.8
1980-01-01,"Australia","16",12
1981-01-01,"Australia","16",12.2
1982-01-01,"Australia","16",11.8
1983-01-01,"Australia","16",11.6
1984-01-01,"Australia","16",10.2
1985-01-01,"Australia","16",10.1
1986-01-01,"Australia","16",9
1987-01-01,"Australia","16",8.6
1988-01-01,"Australia","16",8.9
1989-01-01,"Australia","16",9
1990-01-01,"Australia","16",8.5
1991-01-01,"Australia","16",8.9
1992-01-01,"Australia","16",9
1993-01-01,"Australia","16",8.7
1994-01-01,"Australia","16",9
1995-01-01,"Australia","16",9.4
1996-01-01,"Australia","16",8.9
1997-01-01,"Australia","16",8.5
1998-01-01,"Australia","16",8.3
1999-01-01,"Australia","16",7.7
2000-01-01,"Australia","16",7.7
2001-01-01,"Australia","16",7.3
2002-01-01,"Australia","16",7.5
2003-01-01,"Australia","16",7.2
2004-01-01,"Australia","16",6.7
2005-01-01,"Australia","16",7
2006-01-01,"Australia","16",6.7
2007-01-01,"Australia","16",6.8
2008-01-01,"Australia","16",8
2009-01-01,"Australia","16",7.6
2010-01-01,"Australia","16",7
2011-01-01,"Australia","16",6.6
2012-01-01,"Australia","16",6.4
2013-01-01,"Australia","16",5.6
2014-01-01,"Australia","16",4.9
2015-01-01,"Australia","16",4.5
2016-01-01,"Australia","16",3.9
2017-01-01,"Australia","16",3.7
2018-01-01,"Australia","16",3.7
2019-01-01,"Australia","16",3
2020-01-01,"Australia","16",2.3
2021-01-01,"Australia","16",2.2
2022-01-01,"Australia","16",2.2
1975-01-01,"Australian Capital Territory","16",12.5
1976-01-01,"Australian Capital Territory","16",13.6
1977-01-01,"Australian Capital Territory","16",4.7
1978-01-01,"Australian Capital Territory","16",8.1
1979-01-01,"Australian Capital Territory","16",7.1
1980-01-01,"Australian Capital Territory","16",4.9
1981-01-01,"Australian Capital Territory","16",6.3
1982-01-01,"Australian Capital Territory","16",8.1
1983-01-01,"Australian Capital Territory","16",3.4
1984-01-01,"Australian Capital Territory","16",5.9
1985-01-01,"Australian Capital Territory","16",5.2
1986-01-01,"Australian Capital Territory","16",5.6
1987-01-01,"Australian Capital Territory","16",4
1988-01-01,"Australian Capital Territory","16",0.8
1989-01-01,"Australian Capital Territory","16",2.3
1990-01-01,"Australian Capital Territory","16",5.4
1991-01-01,"Australian Capital Territory","16",5.5
1992-01-01,"Australian Capital Territory","16",7.8
1993-01-01,"Australian Capital Territory","16",4.7
1994-01-01,"Australian Capital Territory","16",5.7
1995-01-01,"Australian Capital Territory","16",3.1
1996-01-01,"Australian Capital Territory","16",5.6
1997-01-01,"Australian Capital Territory","16",4.5
1998-01-01,"Australian Capital Territory","16",4.8
1999-01-01,"Australian Capital Territory","16",2.7
2000-01-01,"Australian Capital Territory","16",4.4
2001-01-01,"Australian Capital Territory","16",4
2002-01-01,"Australian Capital Territory","16",6.5
2003-01-01,"Australian Capital Territory","16",3.7
2004-01-01,"Australian Capital Territory","16",2.2
2005-01-01,"Australian Capital Territory","16",2.6
2006-01-01,"Australian Capital Territory","16",3.6
2007-01-01,"Australian Capital Territory","16",4
2008-01-01,"Australian Capital Territory","16",3
2009-01-01,"Australian Capital Territory","16",3.1
2010-01-01,"Australian Capital Territory","16",3.1
2011-01-01,"Australian Capital Territory","16",3.7
2012-01-01,"Australian Capital Territory","16",0.5
2013-01-01,"Australian Capital Territory","16",4
2014-01-01,"Australian Capital Territory","16",2.2
2015-01-01,"Australian Capital Territory","16",0.5
2016-01-01,"Australian Capital Territory","16",2.3
2017-01-01,"Australian Capital Territory","16",0.4
2018-01-01,"Australian Capital Territory","16",1.7
2019-01-01,"Australian Capital Territory","16",4.7
2020-01-01,"Australian Capital Territory","16",0.5
2021-01-01,"Australian Capital Territory","16",0
2022-01-01,"Australian Capital Territory","16",0
1975-01-01,"New South Wales","16",19.9
1976-01-01,"New South Wales","16",14.5
1977-01-01,"New South Wales","16",13
1978-01-01,"New South Wales","16",11.8
1979-01-01,"New South Wales","16",12.6
1980-01-01,"New South Wales","16",12
1981-01-01,"New South Wales","16",11.7
1982-01-01,"New South Wales","16",11.9
1983-01-01,"New South Wales","16",11.3
1984-01-01,"New South Wales","16",9
1985-01-01,"New South Wales","16",9.3
1986-01-01,"New South Wales","16",8.4
1987-01-01,"New South Wales","16",8.6
1988-01-01,"New South Wales","16",8.4
1989-01-01,"New South Wales","16",8.8
1990-01-01,"New South Wales","16",7.2
1991-01-01,"New South Wales","16",8.4
1992-01-01,"New South Wales","16",8.9
1993-01-01,"New South Wales","16",9.1
1994-01-01,"New South Wales","16",8.6
1995-01-01,"New South Wales","16",8.8
1996-01-01,"New South Wales","16",8.9
1997-01-01,"New South Wales","16",7.8
1998-01-01,"New South Wales","16",7.5
1999-01-01,"New South Wales","16",7.8
2000-01-01,"New South Wales","16",6.7
2001-01-01,"New South Wales","16",6.3
2002-01-01,"New South Wales","16",6.8
2003-01-01,"New South Wales","16",6.3
2004-01-01,"New South Wales","16",6
2005-01-01,"New South Wales","16",6.4
2006-01-01,"New South Wales","16",6.2
2007-01-01,"New South Wales","16",5.7
2008-01-01,"New South Wales","16",7.4
2009-01-01,"New South Wales","16",6.4
2010-01-01,"New South Wales","16",6.6
2011-01-01,"New South Wales","16",6.1
2012-01-01,"New South Wales","16",5.3
2013-01-01,"New South Wales","16",5
2014-01-01,"New South Wales","16",4
2015-01-01,"New South Wales","16",4.3
2016-01-01,"New South Wales","16",3.3
2017-01-01,"New South Wales","16",3.2
2018-01-01,"New South Wales","16",3.9
2019-01-01,"New South Wales","16",2.6
2020-01-01,"New South Wales","16",2.3
2021-01-01,"New South Wales","16",1.7
2022-01-01,"New South Wales","16",1.7
1975-01-01,"Northern Territory","16",78.2
1976-01-01,"Northern Territory","16",81.1
1977-01-01,"Northern Territory","16",72.6
1978-01-01,"Northern Territory","16",69.7
1979-01-01,"Northern Territory","16",73.1
1980-01-01,"Northern Territory","16",55.8
1981-01-01,"Northern Territory","16",65.6
1982-01-01,"Northern Territory","16",66.7
1983-01-01,"Northern Territory","16",61.3
1984-01-01,"Northern Territory","16",67.2
1985-01-01,"Northern Territory","16",60.7
1986-01-01,"Northern Territory","16",70.5
1987-01-01,"Northern Territory","16",58.8
1988-01-01,"Northern Territory","16",59.2
1989-01-01,"Northern Territory","16",54.5
1990-01-01,"Northern Territory","16",57.3
1991-01-01,"Northern Territory","16",43.9
1992-01-01,"Northern Territory","16",49.7
1993-01-01,"Northern Territory","16",59.5
1994-01-01,"Northern Territory","16",62.6
1995-01-01,"Northern Territory","16",70.4
1996-01-01,"Northern Territory","16",42.6
1997-01-01,"Northern Territory","16",51.6
1998-01-01,"Northern Territory","16",53.8
1999-01-01,"Northern Territory","16",41.4
2000-01-01,"Northern Territory","16",51.5
2001-01-01,"Northern Territory","16",46.6
2002-01-01,"Northern Territory","16",40.9
2003-01-01,"Northern Territory","16",53.8
2004-01-01,"Northern Territory","16",36.8
2005-01-01,"Northern Territory","16",38.5
2006-01-01,"Northern Territory","16",40.5
2007-01-01,"Northern Territory","16",34.5
2008-01-01,"Northern Territory","16",22.3
2009-01-01,"Northern Territory","16",26.5
2010-01-01,"Northern Territory","16",34.1
2011-01-01,"Northern Territory","16",20.7
2012-01-01,"Northern Territory","16",28.5
2013-01-01,"Northern Territory","16",21.3
2014-01-01,"Northern Territory","16",27.1
2015-01-01,"Northern Territory","16",20.5
2016-01-01,"Northern Territory","16",13
2017-01-01,"Northern Territory","16",13.8
2018-01-01,"Northern Territory","16",23.5
2019-01-01,"Northern Territory","16",13.3
2020-01-01,"Northern Territory","16",12.2
2021-01-01,"Northern Territory","16",12.1
2022-01-01,"Northern Territory","16",12.4
1975-01-01,"Queensland","16",25.5
1976-01-01,"Queensland","16",23.3
1977-01-01,"Queensland","16",20.1
1978-01-01,"Queensland","16",18.9
1979-01-01,"Queensland","16",15.8
1980-01-01,"Queensland","16",15.7
1981-01-01,"Queensland","16",18.1
1982-01-01,"Queensland","16",16.7
1983-01-01,"Queensland","16",17.3
1984-01-01,"Queensland","16",14.3
1985-01-01,"Queensland","16",15.1
1986-01-01,"Queensland","16",11.2
1987-01-01,"Queensland","16",10.6
1988-01-01,"Queensland","16",10.9
1989-01-01,"Queensland","16",11
1990-01-01,"Queensland","16",11
1991-01-01,"Queensland","16",10.9
1992-01-01,"Queensland","16",10.4
1993-01-01,"Queensland","16",11
1994-01-01,"Queensland","16",11.3
1995-01-01,"Queensland","16",12
1996-01-01,"Queensland","16",11.7
1997-01-01,"Queensland","16",11
1998-01-01,"Queensland","16",11.1
1999-01-01,"Queensland","16",9.7
2000-01-01,"Queensland","16",10.7
2001-01-01,"Queensland","16",9.4
2002-01-01,"Queensland","16",10.7
2003-01-01,"Queensland","16",9.9
2004-01-01,"Queensland","16",9.7
2005-01-01,"Queensland","16",8.8
2006-01-01,"Queensland","16",8
2007-01-01,"Queensland","16",9.3
2008-01-01,"Queensland","16",10.7
2009-01-01,"Queensland","16",12.1
2010-01-01,"Queensland","16",10.2
2011-01-01,"Queensland","16",9.4
2012-01-01,"Queensland","16",8.9
2013-01-01,"Queensland","16",7.8
2014-01-01,"Queensland","16",7
2015-01-01,"Queensland","16",5.8
2016-01-01,"Queensland","16",5.2
2017-01-01,"Queensland","16",5.3
2018-01-01,"Queensland","16",4.6
2019-01-01,"Queensland","16",4.4
2020-01-01,"Queensland","16",3
2021-01-01,"Queensland","16",3.5
2022-01-01,"Queensland","16",3.8
1975-01-01,"South Australia","16",18.3
1976-01-01,"South Australia","16",13.5
1977-01-01,"South Australia","16",14.8
1978-01-01,"South Australia","16",10.9
1979-01-01,"South Australia","16",12.2
1980-01-01,"South Australia","16",11
1981-01-01,"South Australia","16",10.6
1982-01-01,"South Australia","16",9.2
1983-01-01,"South Australia","16",10.8
1984-01-01,"South Australia","16",10.2
1985-01-01,"South Australia","16",9.4
1986-01-01,"South Australia","16",8.3
1987-01-01,"South Australia","16",8.5
1988-01-01,"South Australia","16",9.6
1989-01-01,"South Australia","16",10.7
1990-01-01,"South Australia","16",9
1991-01-01,"South Australia","16",8.4
1992-01-01,"South Australia","16",7
1993-01-01,"South Australia","16",4.7
1994-01-01,"South Australia","16",6.2
1995-01-01,"South Australia","16",7.2
1996-01-01,"South Australia","16",5.8
1997-01-01,"South Australia","16",6.9
1998-01-01,"South Australia","16",5.8
1999-01-01,"South Australia","16",5.5
2000-01-01,"South Australia","16",6.3
2001-01-01,"South Australia","16",5.8
2002-01-01,"South Australia","16",5.6
2003-01-01,"South Australia","16",3.8
2004-01-01,"South Australia","16",3.8
2005-01-01,"South Australia","16",8.1
2006-01-01,"South Australia","16",8
2007-01-01,"South Australia","16",7.5
2008-01-01,"South Australia","16",7.5
2009-01-01,"South Australia","16",7.8
2010-01-01,"South Australia","16",5.8
2011-01-01,"South Australia","16",6.1
2012-01-01,"South Australia","16",6.7
2013-01-01,"South Australia","16",4.7
2014-01-01,"South Australia","16",4.6
2015-01-01,"South Australia","16",2.8
2016-01-01,"South Australia","16",4.4
2017-01-01,"South Australia","16",2.9
2018-01-01,"South Australia","16",2.4
2019-01-01,"South Australia","16",2.8
2020-01-01,"South Australia","16",1.9
2021-01-01,"South Australia","16",2.3
2022-01-01,"South Australia","16",2.2
1975-01-01,"Tasmania","16",25
1976-01-01,"Tasmania","16",22.1
1977-01-01,"Tasmania","16",24.5
1978-01-01,"Tasmania","16",19.7
1979-01-01,"Tasmania","16",22.1
1980-01-01,"Tasmania","16",18
1981-01-01,"Tasmania","16",16.6
1982-01-01,"Tasmania","16",16.2
1983-01-01,"Tasmania","16",15.8
1984-01-01,"Tasmania","16",17.3
1985-01-01,"Tasmania","16",12.9
1986-01-01,"Tasmania","16",11
1987-01-01,"Tasmania","16",12.2
1988-01-01,"Tasmania","16",10.3
1989-01-01,"Tasmania","16",12.1
1990-01-01,"Tasmania","16",11.9
1991-01-01,"Tasmania","16",10.3
1992-01-01,"Tasmania","16",11.2
1993-01-01,"Tasmania","16",11.3
1994-01-01,"Tasmania","16",10.3
1995-01-01,"Tasmania","16",10
1996-01-01,"Tasmania","16",9.6
1997-01-01,"Tasmania","16",14.3
1998-01-01,"Tasmania","16",9.5
1999-01-01,"Tasmania","16",10.2
2000-01-01,"Tasmania","16",13.1
2001-01-01,"Tasmania","16",13
2002-01-01,"Tasmania","16",14.7
2003-01-01,"Tasmania","16",12.4
2004-01-01,"Tasmania","16",9.8
2005-01-01,"Tasmania","16",8.6
2006-01-01,"Tasmania","16",10.9
2007-01-01,"Tasmania","16",10.8
2008-01-01,"Tasmania","16",11.1
2009-01-01,"Tasmania","16",10.6
2010-01-01,"Tasmania","16",12.6
2011-01-01,"Tasmania","16",8
2012-01-01,"Tasmania","16",11.1
2013-01-01,"Tasmania","16",8.4
2014-01-01,"Tasmania","16",6.9
2015-01-01,"Tasmania","16",8.5
2016-01-01,"Tasmania","16",6.2
2017-01-01,"Tasmania","16",2.9
2018-01-01,"Tasmania","16",4
2019-01-01,"Tasmania","16",3.7
2020-01-01,"Tasmania","16",3.7
2021-01-01,"Tasmania","16",0.3
2022-01-01,"Tasmania","16",1.9
1975-01-01,"Victoria","16",12.9
1976-01-01,"Victoria","16",10.9
1977-01-01,"Victoria","16",9.8
1978-01-01,"Victoria","16",8.8
1979-01-01,"Victoria","16",8.6
1980-01-01,"Victoria","16",7.3
1981-01-01,"Victoria","16",7.1
1982-01-01,"Victoria","16",7.2
1983-01-01,"Victoria","16",6.7
1984-01-01,"Victoria","16",5.9
1985-01-01,"Victoria","16",5.9
1986-01-01,"Victoria","16",5.3
1987-01-01,"Victoria","16",5.4
1988-01-01,"Victoria","16",5.5
1989-01-01,"Victoria","16",5.3
1990-01-01,"Victoria","16",5.3
1991-01-01,"Victoria","16",5.9
1992-01-01,"Victoria","16",5.1
1993-01-01,"Victoria","16",4.2
1994-01-01,"Victoria","16",5.7
1995-01-01,"Victoria","16",5.6
1996-01-01,"Victoria","16",5.7
1997-01-01,"Victoria","16",5.3
1998-01-01,"Victoria","16",5
1999-01-01,"Victoria","16",3.8
2000-01-01,"Victoria","16",4.2
2001-01-01,"Victoria","16",4.7
2002-01-01,"Victoria","16",3.8
2003-01-01,"Victoria","16",4.1
2004-01-01,"Victoria","16",3.9
2005-01-01,"Victoria","16",3.7
2006-01-01,"Victoria","16",3.2
2007-01-01,"Victoria","16",3.4
2008-01-01,"Victoria","16",4.1
2009-01-01,"Victoria","16",4.1
2010-01-01,"Victoria","16",3.2
2011-01-01,"Victoria","16",3.6
2012-01-01,"Victoria","16",4
2013-01-01,"Victoria","16",3.1
2014-01-01,"Victoria","16",3
2015-01-01,"Victoria","16",2.2
2016-01-01,"Victoria","16",1.9
2017-01-01,"Victoria","16",2.2
2018-01-01,"Victoria","16",2
2019-01-01,"Victoria","16",1.5
2020-01-01,"Victoria","16",0.7
2021-01-01,"Victoria","16",1
2022-01-01,"Victoria","16",1
1975-01-01,"Western Australia","16",21.9
1976-01-01,"Western Australia","16",20.3
1977-01-01,"Western Australia","16",15.5
1978-01-01,"Western Australia","16",15.2
1979-01-01,"Western Australia","16",14.4
1980-01-01,"Western Australia","16",15.7
1981-01-01,"Western Australia","16",14.9
1982-01-01,"Western Australia","16",13
1983-01-01,"Western Australia","16",13
1984-01-01,"Western Australia","16",12.3
1985-01-01,"Western Australia","16",11.9
1986-01-01,"Western Australia","16",12
1987-01-01,"Western Australia","16",8.7
1988-01-01,"Western Australia","16",11
1989-01-01,"Western Australia","16",10.7
1990-01-01,"Western Australia","16",10.7
1991-01-01,"Western Australia","16",11.9
1992-01-01,"Western Australia","16",13.3
1993-01-01,"Western Australia","16",11.8
1994-01-01,"Western Australia","16",11.6
1995-01-01,"Western Australia","16",12.8
1996-01-01,"Western Australia","16",10.5
1997-01-01,"Western Australia","16",9.2
1998-01-01,"Western Australia","16",10
1999-01-01,"Western Australia","16",10.6
2000-01-01,"Western Australia","16",8.7
2001-01-01,"Western Australia","16",9.2
2002-01-01,"Western Australia","16",8.6
2003-01-01,"Western Australia","16",9.9
2004-01-01,"Western Australia","16",9.2
2005-01-01,"Western Australia","16",9.9
2006-01-01,"Western Australia","16",8.7
2007-01-01,"Western Australia","16",9.6
2008-01-01,"Western Australia","16",11.7
2009-01-01,"Western Australia","16",8.2
2010-01-01,"Western Australia","16",8.3
2011-01-01,"Western Australia","16",8.6
2012-01-01,"Western Australia","16",7.5
2013-01-01,"Western Australia","16",7.5
2014-01-01,"Western Australia","16",6
2015-01-01,"Western Australia","16",7.2
2016-01-01,"Western Australia","16",6.2
2017-01-01,"Western Australia","16",5.7
2018-01-01,"Western Australia","16",3.9
2019-01-01,"Western Australia","16",3.9
2020-01-01,"Western Australia","16",3.6
2021-01-01,"Western Australia","16",3.3
2022-01-01,"Western Australia","16",2.4
1975-01-01,"Australia","17",37.5
1976-01-01,"Australia","17",32.3
1977-01-01,"Australia","17",30
1978-01-01,"Australia","17",27.2
1979-01-01,"Australia","17",26.4
1980-01-01,"Australia","17",24.5
1981-01-01,"Australia","17",25
1982-01-01,"Australia","17",25.4
1983-01-01,"Australia","17",24.3
1984-01-01,"Australia","17",21.8
1985-01-01,"Australia","17",21.1
1986-01-01,"Australia","17",20.4
1987-01-01,"Australia","17",19.4
1988-01-01,"Australia","17",18.5
1989-01-01,"Australia","17",18.9
1990-01-01,"Australia","17",20.5
1991-01-01,"Australia","17",19.9
1992-01-01,"Australia","17",19.3
1993-01-01,"Australia","17",19.3
1994-01-01,"Australia","17",18.7
1995-01-01,"Australia","17",18.9
1996-01-01,"Australia","17",19.8
1997-01-01,"Australia","17",18.2
1998-01-01,"Australia","17",18
1999-01-01,"Australia","17",17.1
2000-01-01,"Australia","17",16.3
2001-01-01,"Australia","17",15.9
2002-01-01,"Australia","17",15
2003-01-01,"Australia","17",14.3
2004-01-01,"Australia","17",14.6
2005-01-01,"Australia","17",15.2
2006-01-01,"Australia","17",14.2
2007-01-01,"Australia","17",15.1
2008-01-01,"Australia","17",15.5
2009-01-01,"Australia","17",16.2
2010-01-01,"Australia","17",13.9
2011-01-01,"Australia","17",13.7
2012-01-01,"Australia","17",14.3
2013-01-01,"Australia","17",12.8
2014-01-01,"Australia","17",9.5
2015-01-01,"Australia","17",9.7
2016-01-01,"Australia","17",8.3
2017-01-01,"Australia","17",7.7
2018-01-01,"Australia","17",6.8
2019-01-01,"Australia","17",6.4
2020-01-01,"Australia","17",5.8
2021-01-01,"Australia","17",5
2022-01-01,"Australia","17",5.1
1975-01-01,"Australian Capital Territory","17",17.5
1976-01-01,"Australian Capital Territory","17",20.8
1977-01-01,"Australian Capital Territory","17",17.3
1978-01-01,"Australian Capital Territory","17",17.9
1979-01-01,"Australian Capital Territory","17",15.5
1980-01-01,"Australian Capital Territory","17",12.5
1981-01-01,"Australian Capital Territory","17",14.3
1982-01-01,"Australian Capital Territory","17",11.3
1983-01-01,"Australian Capital Territory","17",16.5
1984-01-01,"Australian Capital Territory","17",9
1985-01-01,"Australian Capital Territory","17",9.2
1986-01-01,"Australian Capital Territory","17",13
1987-01-01,"Australian Capital Territory","17",10.5
1988-01-01,"Australian Capital Territory","17",10.5
1989-01-01,"Australian Capital Territory","17",12.8
1990-01-01,"Australian Capital Territory","17",13.4
1991-01-01,"Australian Capital Territory","17",14
1992-01-01,"Australian Capital Territory","17",11.9
1993-01-01,"Australian Capital Territory","17",15.8
1994-01-01,"Australian Capital Territory","17",13.1
1995-01-01,"Australian Capital Territory","17",12.6
1996-01-01,"Australian Capital Territory","17",14.5
1997-01-01,"Australian Capital Territory","17",15.5
1998-01-01,"Australian Capital Territory","17",12.1
1999-01-01,"Australian Capital Territory","17",10
2000-01-01,"Australian Capital Territory","17",12.7
2001-01-01,"Australian Capital Territory","17",6.9
2002-01-01,"Australian Capital Territory","17",10
2003-01-01,"Australian Capital Territory","17",7.6
2004-01-01,"Australian Capital Territory","17",7
2005-01-01,"Australian Capital Territory","17",7.9
2006-01-01,"Australian Capital Territory","17",6.5
2007-01-01,"Australian Capital Territory","17",8.4
2008-01-01,"Australian Capital Territory","17",6.2
2009-01-01,"Australian Capital Territory","17",9.5
2010-01-01,"Australian Capital Territory","17",7.6
2011-01-01,"Australian Capital Territory","17",6.8
2012-01-01,"Australian Capital Territory","17",8
2013-01-01,"Australian Capital Territory","17",6.6
2014-01-01,"Australian Capital Territory","17",4.2
2015-01-01,"Australian Capital Territory","17",3.3
2016-01-01,"Australian Capital Territory","17",3
2017-01-01,"Australian Capital Territory","17",4.7
2018-01-01,"Australian Capital Territory","17",2.5
2019-01-01,"Australian Capital Territory","17",3.6
2020-01-01,"Australian Capital Territory","17",3.3
2021-01-01,"Australian Capital Territory","17",2.5
2022-01-01,"Australian Capital Territory","17",1.3
1975-01-01,"New South Wales","17",41
1976-01-01,"New South Wales","17",32.5
1977-01-01,"New South Wales","17",29.3
1978-01-01,"New South Wales","17",26.5
1979-01-01,"New South Wales","17",26.1
1980-01-01,"New South Wales","17",25.4
1981-01-01,"New South Wales","17",24.9
1982-01-01,"New South Wales","17",25.9
1983-01-01,"New South Wales","17",24.4
1984-01-01,"New South Wales","17",21.3
1985-01-01,"New South Wales","17",20.9
1986-01-01,"New South Wales","17",20.7
1987-01-01,"New South Wales","17",19.9
1988-01-01,"New South Wales","17",19.5
1989-01-01,"New South Wales","17",19.7
1990-01-01,"New South Wales","17",21.1
1991-01-01,"New South Wales","17",20.2
1992-01-01,"New South Wales","17",19.4
1993-01-01,"New South Wales","17",18.7
1994-01-01,"New South Wales","17",18.7
1995-01-01,"New South Wales","17",19.1
1996-01-01,"New South Wales","17",20.4
1997-01-01,"New South Wales","17",18.2
1998-01-01,"New South Wales","17",18.2
1999-01-01,"New South Wales","17",17.8
2000-01-01,"New South Wales","17",15.9
2001-01-01,"New South Wales","17",14.8
2002-01-01,"New South Wales","17",14.5
2003-01-01,"New South Wales","17",12.4
2004-01-01,"New South Wales","17",12.8
2005-01-01,"New South Wales","17",12.9
2006-01-01,"New South Wales","17",12.4
2007-01-01,"New South Wales","17",13
2008-01-01,"New South Wales","17",13.2
2009-01-01,"New South Wales","17",14.3
2010-01-01,"New South Wales","17",13.2
2011-01-01,"New South Wales","17",13.2
2012-01-01,"New South Wales","17",13
2013-01-01,"New South Wales","17",11.5
2014-01-01,"New South Wales","17",7.8
2015-01-01,"New South Wales","17",9.1
2016-01-01,"New South Wales","17",7.8
2017-01-01,"New South Wales","17",6.8
2018-01-01,"New South Wales","17",6.3
2019-01-01,"New South Wales","17",6.3
2020-01-01,"New South Wales","17",5.7
2021-01-01,"New South Wales","17",4.5
2022-01-01,"New South Wales","17",5.8
1975-01-01,"Northern Territory","17",109
1976-01-01,"Northern Territory","17",135.4
1977-01-01,"Northern Territory","17",89.1
1978-01-01,"Northern Territory","17",82.2
1979-01-01,"Northern Territory","17",106.3
1980-01-01,"Northern Territory","17",76.9
1981-01-01,"Northern Territory","17",97
1982-01-01,"Northern Territory","17",84.1
1983-01-01,"Northern Territory","17",84.1
1984-01-01,"Northern Territory","17",77.5
1985-01-01,"Northern Territory","17",94.5
1986-01-01,"Northern Territory","17",82.7
1987-01-01,"Northern Territory","17",86.6
1988-01-01,"Northern Territory","17",74.3
1989-01-01,"Northern Territory","17",80.4
1990-01-01,"Northern Territory","17",87.3
1991-01-01,"Northern Territory","17",71.6
1992-01-01,"Northern Territory","17",84.7
1993-01-01,"Northern Territory","17",78.9
1994-01-01,"Northern Territory","17",73
1995-01-01,"Northern Territory","17",78.3
1996-01-01,"Northern Territory","17",73
1997-01-01,"Northern Territory","17",79.7
1998-01-01,"Northern Territory","17",68.3
1999-01-01,"Northern Territory","17",74.8
2000-01-01,"Northern Territory","17",73
2001-01-01,"Northern Territory","17",73.5
2002-01-01,"Northern Territory","17",60.6
2003-01-01,"Northern Territory","17",63.5
2004-01-01,"Northern Territory","17",52.2
2005-01-01,"Northern Territory","17",67.3
2006-01-01,"Northern Territory","17",67.2
2007-01-01,"Northern Territory","17",55.7
2008-01-01,"Northern Territory","17",46.5
2009-01-01,"Northern Territory","17",54.3
2010-01-01,"Northern Territory","17",41.5
2011-01-01,"Northern Territory","17",44.3
2012-01-01,"Northern Territory","17",45.7
2013-01-01,"Northern Territory","17",40.3
2014-01-01,"Northern Territory","17",36.9
2015-01-01,"Northern Territory","17",26.3
2016-01-01,"Northern Territory","17",31.8
2017-01-01,"Northern Territory","17",23.9
2018-01-01,"Northern Territory","17",38.4
2019-01-01,"Northern Territory","17",24.7
2020-01-01,"Northern Territory","17",17.4
2021-01-01,"Northern Territory","17",17.5
2022-01-01,"Northern Territory","17",33.3
1975-01-01,"Queensland","17",47.8
1976-01-01,"Queensland","17",38.6
1977-01-01,"Queensland","17",36.6
1978-01-01,"Queensland","17",35.7
1979-01-01,"Queensland","17",34.4
1980-01-01,"Queensland","17",31.4
1981-01-01,"Queensland","17",34.4
1982-01-01,"Queensland","17",34.8
1983-01-01,"Queensland","17",34.9
1984-01-01,"Queensland","17",29.8
1985-01-01,"Queensland","17",26.2
1986-01-01,"Queensland","17",27.5
1987-01-01,"Queensland","17",23.8
1988-01-01,"Queensland","17",22.5
1989-01-01,"Queensland","17",22.2
1990-01-01,"Queensland","17",25.4
1991-01-01,"Queensland","17",23.5
1992-01-01,"Queensland","17",24.3
1993-01-01,"Queensland","17",24.2
1994-01-01,"Queensland","17",23.1
1995-01-01,"Queensland","17",24.2
1996-01-01,"Queensland","17",26
1997-01-01,"Queensland","17",23.6
1998-01-01,"Queensland","17",23
1999-01-01,"Queensland","17",22.3
2000-01-01,"Queensland","17",21.3
2001-01-01,"Queensland","17",22.6
2002-01-01,"Queensland","17",19.6
2003-01-01,"Queensland","17",18.8
2004-01-01,"Queensland","17",21
2005-01-01,"Queensland","17",20.1
2006-01-01,"Queensland","17",18.7
2007-01-01,"Queensland","17",21
2008-01-01,"Queensland","17",23.2
2009-01-01,"Queensland","17",25
2010-01-01,"Queensland","17",21.7
2011-01-01,"Queensland","17",18.9
2012-01-01,"Queensland","17",19.6
2013-01-01,"Queensland","17",17.6
2014-01-01,"Queensland","17",13.4
2015-01-01,"Queensland","17",13.8
2016-01-01,"Queensland","17",11
2017-01-01,"Queensland","17",11.4
2018-01-01,"Queensland","17",10.3
2019-01-01,"Queensland","17",9.1
2020-01-01,"Queensland","17",8.2
2021-01-01,"Queensland","17",7.3
2022-01-01,"Queensland","17",6.6
1975-01-01,"South Australia","17",32.2
1976-01-01,"South Australia","17",29.1
1977-01-01,"South Australia","17",29.5
1978-01-01,"South Australia","17",26
1979-01-01,"South Australia","17",24.6
1980-01-01,"South Australia","17",22.8
1981-01-01,"South Australia","17",21.5
1982-01-01,"South Australia","17",23.5
1983-01-01,"South Australia","17",21
1984-01-01,"South Australia","17",21.9
1985-01-01,"South Australia","17",21.5
1986-01-01,"South Australia","17",23.3
1987-01-01,"South Australia","17",18.1
1988-01-01,"South Australia","17",17.4
1989-01-01,"South Australia","17",18.8
1990-01-01,"South Australia","17",20.9
1991-01-01,"South Australia","17",19.5
1992-01-01,"South Australia","17",15
1993-01-01,"South Australia","17",15.8
1994-01-01,"South Australia","17",14.7
1995-01-01,"South Australia","17",13.4
1996-01-01,"South Australia","17",17.3
1997-01-01,"South Australia","17",15.7
1998-01-01,"South Australia","17",14.1
1999-01-01,"South Australia","17",12.7
2000-01-01,"South Australia","17",13.2
2001-01-01,"South Australia","17",11.7
2002-01-01,"South Australia","17",13.1
2003-01-01,"South Australia","17",13.2
2004-01-01,"South Australia","17",13
2005-01-01,"South Australia","17",18
2006-01-01,"South Australia","17",15.1
2007-01-01,"South Australia","17",15.5
2008-01-01,"South Australia","17",14.4
2009-01-01,"South Australia","17",13
2010-01-01,"South Australia","17",13.6
2011-01-01,"South Australia","17",10.5
2012-01-01,"South Australia","17",12.4
2013-01-01,"South Australia","17",12.2
2014-01-01,"South Australia","17",9.7
2015-01-01,"South Australia","17",10
2016-01-01,"South Australia","17",5.9
2017-01-01,"South Australia","17",6.4
2018-01-01,"South Australia","17",6.4
2019-01-01,"South Australia","17",4.4
2020-01-01,"South Australia","17",4.9
2021-01-01,"South Australia","17",3.8
2022-01-01,"South Australia","17",3.2
1975-01-01,"Tasmania","17",52.7
1976-01-01,"Tasmania","17",44.3
1977-01-01,"Tasmania","17",42.6
1978-01-01,"Tasmania","17",43.6
1979-01-01,"Tasmania","17",41.5
1980-01-01,"Tasmania","17",40.1
1981-01-01,"Tasmania","17",32.8
1982-01-01,"Tasmania","17",32.4
1983-01-01,"Tasmania","17",27.3
1984-01-01,"Tasmania","17",28.3
1985-01-01,"Tasmania","17",34
1986-01-01,"Tasmania","17",23.6
1987-01-01,"Tasmania","17",22
1988-01-01,"Tasmania","17",20.8
1989-01-01,"Tasmania","17",23.9
1990-01-01,"Tasmania","17",24
1991-01-01,"Tasmania","17",25.5
1992-01-01,"Tasmania","17",32.2
1993-01-01,"Tasmania","17",28
1994-01-01,"Tasmania","17",27.3
1995-01-01,"Tasmania","17",20
1996-01-01,"Tasmania","17",27.6
1997-01-01,"Tasmania","17",26.1
1998-01-01,"Tasmania","17",28.2
1999-01-01,"Tasmania","17",26
2000-01-01,"Tasmania","17",24.4
2001-01-01,"Tasmania","17",32.3
2002-01-01,"Tasmania","17",27.5
2003-01-01,"Tasmania","17",28.8
2004-01-01,"Tasmania","17",20.9
2005-01-01,"Tasmania","17",30.9
2006-01-01,"Tasmania","17",24.3
2007-01-01,"Tasmania","17",25.2
2008-01-01,"Tasmania","17",26.4
2009-01-01,"Tasmania","17",25.8
2010-01-01,"Tasmania","17",14.6
2011-01-01,"Tasmania","17",26.3
2012-01-01,"Tasmania","17",18.3
2013-01-01,"Tasmania","17",21.9
2014-01-01,"Tasmania","17",17.3
2015-01-01,"Tasmania","17",13.4
2016-01-01,"Tasmania","17",13.9
2017-01-01,"Tasmania","17",11.7
2018-01-01,"Tasmania","17",5.2
2019-01-01,"Tasmania","17",7.4
2020-01-01,"Tasmania","17",9.2
2021-01-01,"Tasmania","17",7.5
2022-01-01,"Tasmania","17",7.2
1975-01-01,"Victoria","17",26.5
1976-01-01,"Victoria","17",25.1
1977-01-01,"Victoria","17",23.4
1978-01-01,"Victoria","17",20.3
1979-01-01,"Victoria","17",19.1
1980-01-01,"Victoria","17",17
1981-01-01,"Victoria","17",17.3
1982-01-01,"Victoria","17",16.9
1983-01-01,"Victoria","17",15.9
1984-01-01,"Victoria","17",14.6
1985-01-01,"Victoria","17",14.4
1986-01-01,"Victoria","17",11.7
1987-01-01,"Victoria","17",13.6
1988-01-01,"Victoria","17",11.9
1989-01-01,"Victoria","17",12.9
1990-01-01,"Victoria","17",12.6
1991-01-01,"Victoria","17",14.5
1992-01-01,"Victoria","17",12.5
1993-01-01,"Victoria","17",12.7
1994-01-01,"Victoria","17",12.4
1995-01-01,"Victoria","17",12.3
1996-01-01,"Victoria","17",12.2
1997-01-01,"Victoria","17",10.5
1998-01-01,"Victoria","17",10.8
1999-01-01,"Victoria","17",9.4
2000-01-01,"Victoria","17",8.8
2001-01-01,"Victoria","17",9
2002-01-01,"Victoria","17",9.3
2003-01-01,"Victoria","17",8.8
2004-01-01,"Victoria","17",8.7
2005-01-01,"Victoria","17",8.3
2006-01-01,"Victoria","17",8.3
2007-01-01,"Victoria","17",8.6
2008-01-01,"Victoria","17",8.8
2009-01-01,"Victoria","17",8.8
2010-01-01,"Victoria","17",6.8
2011-01-01,"Victoria","17",7.5
2012-01-01,"Victoria","17",9.1
2013-01-01,"Victoria","17",7.7
2014-01-01,"Victoria","17",5.6
2015-01-01,"Victoria","17",5.2
2016-01-01,"Victoria","17",5.1
2017-01-01,"Victoria","17",4.4
2018-01-01,"Victoria","17",3.5
2019-01-01,"Victoria","17",3.4
2020-01-01,"Victoria","17",2.8
2021-01-01,"Victoria","17",2.5
2022-01-01,"Victoria","17",2.2
1975-01-01,"Western Australia","17",38.6
1976-01-01,"Western Australia","17",37.1
1977-01-01,"Western Australia","17",34.2
1978-01-01,"Western Australia","17",28.3
1979-01-01,"Western Australia","17",27.6
1980-01-01,"Western Australia","17",25.3
1981-01-01,"Western Australia","17",27.7
1982-01-01,"Western Australia","17",28
1983-01-01,"Western Australia","17",27.4
1984-01-01,"Western Australia","17",24.7
1985-01-01,"Western Australia","17",22.1
1986-01-01,"Western Australia","17",23.6
1987-01-01,"Western Australia","17",20.1
1988-01-01,"Western Australia","17",21.9
1989-01-01,"Western Australia","17",20
1990-01-01,"Western Australia","17",23.6
1991-01-01,"Western Australia","17",21.4
1992-01-01,"Western Australia","17",23
1993-01-01,"Western Australia","17",23
1994-01-01,"Western Australia","17",22.3
1995-01-01,"Western Australia","17",23.6
1996-01-01,"Western Australia","17",20.4
1997-01-01,"Western Australia","17",20.7
1998-01-01,"Western Australia","17",21.4
1999-01-01,"Western Australia","17",19.2
2000-01-01,"Western Australia","17",19.7
2001-01-01,"Western Australia","17",17.8
2002-01-01,"Western Australia","17",15.5
2003-01-01,"Western Australia","17",18.7
2004-01-01,"Western Australia","17",19.8
2005-01-01,"Western Australia","17",19.9
2006-01-01,"Western Australia","17",18.1
2007-01-01,"Western Australia","17",19.1
2008-01-01,"Western Australia","17",19.1
2009-01-01,"Western Australia","17",19.1
2010-01-01,"Western Australia","17",15.5
2011-01-01,"Western Australia","17",16.4
2012-01-01,"Western Australia","17",17.7
2013-01-01,"Western Australia","17",15.9
2014-01-01,"Western Australia","17",12.8
2015-01-01,"Western Australia","17",12.6
2016-01-01,"Western Australia","17",11.2
2017-01-01,"Western Australia","17",9.6
2018-01-01,"Western Australia","17",7.6
2019-01-01,"Western Australia","17",7.9
2020-01-01,"Western Australia","17",7.6
2021-01-01,"Western Australia","17",7.3
2022-01-01,"Western Australia","17",5.5
1975-01-01,"Australia","18",60.4
1976-01-01,"Australia","18",51.9
1977-01-01,"Australia","18",46.3
1978-01-01,"Australia","18",43.7
1979-01-01,"Australia","18",40.4
1980-01-01,"Australia","18",40.2
1981-01-01,"Australia","18",40.4
1982-01-01,"Australia","18",39.3
1983-01-01,"Australia","18",38
1984-01-01,"Australia","18",34.6
1985-01-01,"Australia","18",33.8
1986-01-01,"Australia","18",33.2
1987-01-01,"Australia","18",31.2
1988-01-01,"Australia","18",29
1989-01-01,"Australia","18",29.4
1990-01-01,"Australia","18",31.4
1991-01-01,"Australia","18",31.7
1992-01-01,"Australia","18",31.4
1993-01-01,"Australia","18",29.4
1994-01-01,"Australia","18",28.2
1995-01-01,"Australia","18",28.5
1996-01-01,"Australia","18",28.6
1997-01-01,"Australia","18",29
1998-01-01,"Australia","18",27.5
1999-01-01,"Australia","18",26.8
2000-01-01,"Australia","18",25.4
2001-01-01,"Australia","18",25.1
2002-01-01,"Australia","18",25
2003-01-01,"Australia","18",22.3
2004-01-01,"Australia","18",23.4
2005-01-01,"Australia","18",23.2
2006-01-01,"Australia","18",23.1
2007-01-01,"Australia","18",23.8
2008-01-01,"Australia","18",25.7
2009-01-01,"Australia","18",24.1
2010-01-01,"Australia","18",23
2011-01-01,"Australia","18",22.4
2012-01-01,"Australia","18",22.6
2013-01-01,"Australia","18",20.1
2014-01-01,"Australia","18",18.1
2015-01-01,"Australia","18",16.1
2016-01-01,"Australia","18",13.9
2017-01-01,"Australia","18",14
2018-01-01,"Australia","18",13
2019-01-01,"Australia","18",11.7
2020-01-01,"Australia","18",10.8
2021-01-01,"Australia","18",10
2022-01-01,"Australia","18",9.2
1975-01-01,"Australian Capital Territory","18",45.4
1976-01-01,"Australian Capital Territory","18",23.5
1977-01-01,"Australian Capital Territory","18",29.7
1978-01-01,"Australian Capital Territory","18",30.1
1979-01-01,"Australian Capital Territory","18",27
1980-01-01,"Australian Capital Territory","18",32.3
1981-01-01,"Australian Capital Territory","18",31.2
1982-01-01,"Australian Capital Territory","18",25.9
1983-01-01,"Australian Capital Territory","18",24.2
1984-01-01,"Australian Capital Territory","18",19.4
1985-01-01,"Australian Capital Territory","18",18.2
1986-01-01,"Australian Capital Territory","18",17.5
1987-01-01,"Australian Capital Territory","18",23
1988-01-01,"Australian Capital Territory","18",19
1989-01-01,"Australian Capital Territory","18",15.4
1990-01-01,"Australian Capital Territory","18",14.5
1991-01-01,"Australian Capital Territory","18",19.4
1992-01-01,"Australian Capital Territory","18",19.1
1993-01-01,"Australian Capital Territory","18",22.4
1994-01-01,"Australian Capital Territory","18",18.5
1995-01-01,"Australian Capital Territory","18",17.5
1996-01-01,"Australian Capital Territory","18",14.1
1997-01-01,"Australian Capital Territory","18",18.4
1998-01-01,"Australian Capital Territory","18",19.3
1999-01-01,"Australian Capital Territory","18",18.4
2000-01-01,"Australian Capital Territory","18",16.8
2001-01-01,"Australian Capital Territory","18",8.1
2002-01-01,"Australian Capital Territory","18",14.7
2003-01-01,"Australian Capital Territory","18",10.8
2004-01-01,"Australian Capital Territory","18",12.6
2005-01-01,"Australian Capital Territory","18",10.5
2006-01-01,"Australian Capital Territory","18",13.9
2007-01-01,"Australian Capital Territory","18",15.7
2008-01-01,"Australian Capital Territory","18",10.2
2009-01-01,"Australian Capital Territory","18",10.1
2010-01-01,"Australian Capital Territory","18",12.9
2011-01-01,"Australian Capital Territory","18",14.8
2012-01-01,"Australian Capital Territory","18",11.8
2013-01-01,"Australian Capital Territory","18",8.5
2014-01-01,"Australian Capital Territory","18",7.6
2015-01-01,"Australian Capital Territory","18",8.2
2016-01-01,"Australian Capital Territory","18",4.8
2017-01-01,"Australian Capital Territory","18",6.7
2018-01-01,"Australian Capital Territory","18",7.9
2019-01-01,"Australian Capital Territory","18",6.3
2020-01-01,"Australian Capital Territory","18",4.8
2021-01-01,"Australian Capital Territory","18",3.5
2022-01-01,"Australian Capital Territory","18",3.7
1975-01-01,"New South Wales","18",60.6
1976-01-01,"New South Wales","18",54.2
1977-01-01,"New South Wales","18",47.9
1978-01-01,"New South Wales","18",44.6
1979-01-01,"New South Wales","18",41.5
1980-01-01,"New South Wales","18",42
1981-01-01,"New South Wales","18",43.1
1982-01-01,"New South Wales","18",41
1983-01-01,"New South Wales","18",38.9
1984-01-01,"New South Wales","18",35
1985-01-01,"New South Wales","18",36.3
1986-01-01,"New South Wales","18",33.9
1987-01-01,"New South Wales","18",32.7
1988-01-01,"New South Wales","18",30.1
1989-01-01,"New South Wales","18",30.1
1990-01-01,"New South Wales","18",31.8
1991-01-01,"New South Wales","18",33
1992-01-01,"New South Wales","18",32.8
1993-01-01,"New South Wales","18",29
1994-01-01,"New South Wales","18",27.1
1995-01-01,"New South Wales","18",27.8
1996-01-01,"New South Wales","18",27.4
1997-01-01,"New South Wales","18",28.9
1998-01-01,"New South Wales","18",27.5
1999-01-01,"New South Wales","18",26.7
2000-01-01,"New South Wales","18",23.5
2001-01-01,"New South Wales","18",23.8
2002-01-01,"New South Wales","18",23.2
2003-01-01,"New South Wales","18",21
2004-01-01,"New South Wales","18",21.7
2005-01-01,"New South Wales","18",22.6
2006-01-01,"New South Wales","18",21.9
2007-01-01,"New South Wales","18",21.5
2008-01-01,"New South Wales","18",24.4
2009-01-01,"New South Wales","18",21.1
2010-01-01,"New South Wales","18",21.6
2011-01-01,"New South Wales","18",20.8
2012-01-01,"New South Wales","18",19.4
2013-01-01,"New South Wales","18",18.5
2014-01-01,"New South Wales","18",15.4
2015-01-01,"New South Wales","18",16.1
2016-01-01,"New South Wales","18",13.5
2017-01-01,"New South Wales","18",12.2
2018-01-01,"New South Wales","18",13
2019-01-01,"New South Wales","18",12.2
2020-01-01,"New South Wales","18",10.4
2021-01-01,"New South Wales","18",10.1
2022-01-01,"New South Wales","18",9.5
1975-01-01,"Northern Territory","18",144.8
1976-01-01,"Northern Territory","18",178.2
1977-01-01,"Northern Territory","18",130.4
1978-01-01,"Northern Territory","18",131.1
1979-01-01,"Northern Territory","18",122.8
1980-01-01,"Northern Territory","18",121.6
1981-01-01,"Northern Territory","18",108.8
1982-01-01,"Northern Territory","18",110
1983-01-01,"Northern Territory","18",107.1
1984-01-01,"Northern Territory","18",101.7
1985-01-01,"Northern Territory","18",100.7
1986-01-01,"Northern Territory","18",119.4
1987-01-01,"Northern Territory","18",113.3
1988-01-01,"Northern Territory","18",94.8
1989-01-01,"Northern Territory","18",90.2
1990-01-01,"Northern Territory","18",85.7
1991-01-01,"Northern Territory","18",89
1992-01-01,"Northern Territory","18",107.5
1993-01-01,"Northern Territory","18",107.3
1994-01-01,"Northern Territory","18",84.6
1995-01-01,"Northern Territory","18",90.1
1996-01-01,"Northern Territory","18",91.4
1997-01-01,"Northern Territory","18",77.7
1998-01-01,"Northern Territory","18",77.6
1999-01-01,"Northern Territory","18",88.2
2000-01-01,"Northern Territory","18",89.1
2001-01-01,"Northern Territory","18",90.2
2002-01-01,"Northern Territory","18",91.1
2003-01-01,"Northern Territory","18",76.6
2004-01-01,"Northern Territory","18",74.8
2005-01-01,"Northern Territory","18",80.8
2006-01-01,"Northern Territory","18",79.8
2007-01-01,"Northern Territory","18",73.6
2008-01-01,"Northern Territory","18",73.3
2009-01-01,"Northern Territory","18",65.4
2010-01-01,"Northern Territory","18",72.6
2011-01-01,"Northern Territory","18",62
2012-01-01,"Northern Territory","18",75.5
2013-01-01,"Northern Territory","18",58
2014-01-01,"Northern Territory","18",57.8
2015-01-01,"Northern Territory","18",48.7
2016-01-01,"Northern Territory","18",43.8
2017-01-01,"Northern Territory","18",51.7
2018-01-01,"Northern Territory","18",48.6
2019-01-01,"Northern Territory","18",35
2020-01-01,"Northern Territory","18",35.6
2021-01-01,"Northern Territory","18",33.3
2022-01-01,"Northern Territory","18",34
1975-01-01,"Queensland","18",76.6
1976-01-01,"Queensland","18",66.7
1977-01-01,"Queensland","18",57.1
1978-01-01,"Queensland","18",53.7
1979-01-01,"Queensland","18",52.4
1980-01-01,"Queensland","18",47.2
1981-01-01,"Queensland","18",49.7
1982-01-01,"Queensland","18",52.1
1983-01-01,"Queensland","18",52.5
1984-01-01,"Queensland","18",48.3
1985-01-01,"Queensland","18",43.7
1986-01-01,"Queensland","18",43.9
1987-01-01,"Queensland","18",36.7
1988-01-01,"Queensland","18",34.2
1989-01-01,"Queensland","18",36.8
1990-01-01,"Queensland","18",39.7
1991-01-01,"Queensland","18",37.3
1992-01-01,"Queensland","18",39.3
1993-01-01,"Queensland","18",37.1
1994-01-01,"Queensland","18",37.5
1995-01-01,"Queensland","18",36.4
1996-01-01,"Queensland","18",39.8
1997-01-01,"Queensland","18",40.3
1998-01-01,"Queensland","18",34.7
1999-01-01,"Queensland","18",32.4
2000-01-01,"Queensland","18",34.8
2001-01-01,"Queensland","18",32.1
2002-01-01,"Queensland","18",34.6
2003-01-01,"Queensland","18",30.5
2004-01-01,"Queensland","18",32.1
2005-01-01,"Queensland","18",27.7
2006-01-01,"Queensland","18",29.9
2007-01-01,"Queensland","18",33.3
2008-01-01,"Queensland","18",35.8
2009-01-01,"Queensland","18",39
2010-01-01,"Queensland","18",34.1
2011-01-01,"Queensland","18",32
2012-01-01,"Queensland","18",31.9
2013-01-01,"Queensland","18",28.5
2014-01-01,"Queensland","18",26.2
2015-01-01,"Queensland","18",21.6
2016-01-01,"Queensland","18",18.7
2017-01-01,"Queensland","18",21.6
2018-01-01,"Queensland","18",18.9
2019-01-01,"Queensland","18",16.3
2020-01-01,"Queensland","18",15.3
2021-01-01,"Queensland","18",14.3
2022-01-01,"Queensland","18",12.8
1975-01-01,"South Australia","18",52.5
1976-01-01,"South Australia","18",42.8
1977-01-01,"South Australia","18",39.4
1978-01-01,"South Australia","18",39.5
1979-01-01,"South Australia","18",33.4
1980-01-01,"South Australia","18",36.4
1981-01-01,"South Australia","18",38.4
1982-01-01,"South Australia","18",34.1
1983-01-01,"South Australia","18",36.2
1984-01-01,"South Australia","18",34.5
1985-01-01,"South Australia","18",30.3
1986-01-01,"South Australia","18",32.5
1987-01-01,"South Australia","18",30.9
1988-01-01,"South Australia","18",27.9
1989-01-01,"South Australia","18",28.6
1990-01-01,"South Australia","18",28.7
1991-01-01,"South Australia","18",30.5
1992-01-01,"South Australia","18",27.1
1993-01-01,"South Australia","18",28.1
1994-01-01,"South Australia","18",22.3
1995-01-01,"South Australia","18",25.5
1996-01-01,"South Australia","18",28
1997-01-01,"South Australia","18",23.7
1998-01-01,"South Australia","18",23.2
1999-01-01,"South Australia","18",24.9
2000-01-01,"South Australia","18",20.4
2001-01-01,"South Australia","18",23.7
2002-01-01,"South Australia","18",22.7
2003-01-01,"South Australia","18",24.3
2004-01-01,"South Australia","18",22.4
2005-01-01,"South Australia","18",26.4
2006-01-01,"South Australia","18",23.7
2007-01-01,"South Australia","18",24.1
2008-01-01,"South Australia","18",26.3
2009-01-01,"South Australia","18",21.6
2010-01-01,"South Australia","18",21.8
2011-01-01,"South Australia","18",24.4
2012-01-01,"South Australia","18",22.6
2013-01-01,"South Australia","18",20.7
2014-01-01,"South Australia","18",19
2015-01-01,"South Australia","18",14.9
2016-01-01,"South Australia","18",12.4
2017-01-01,"South Australia","18",11.7
2018-01-01,"South Australia","18",9.8
2019-01-01,"South Australia","18",10.3
2020-01-01,"South Australia","18",10.5
2021-01-01,"South Australia","18",10.5
2022-01-01,"South Australia","18",8
1975-01-01,"Tasmania","18",77.8
1976-01-01,"Tasmania","18",62.4
1977-01-01,"Tasmania","18",66
1978-01-01,"Tasmania","18",62.2
1979-01-01,"Tasmania","18",61.3
1980-01-01,"Tasmania","18",54.8
1981-01-01,"Tasmania","18",56.7
1982-01-01,"Tasmania","18",47.9
1983-01-01,"Tasmania","18",47.8
1984-01-01,"Tasmania","18",45.7
1985-01-01,"Tasmania","18",45
1986-01-01,"Tasmania","18",49.9
1987-01-01,"Tasmania","18",38.9
1988-01-01,"Tasmania","18",32.1
1989-01-01,"Tasmania","18",39.4
1990-01-01,"Tasmania","18",37.4
1991-01-01,"Tasmania","18",51.1
1992-01-01,"Tasmania","18",38
1993-01-01,"Tasmania","18",43.3
1994-01-01,"Tasmania","18",42
1995-01-01,"Tasmania","18",35.4
1996-01-01,"Tasmania","18",41.3
1997-01-01,"Tasmania","18",39
1998-01-01,"Tasmania","18",31.4
1999-01-01,"Tasmania","18",42.8
2000-01-01,"Tasmania","18",39.9
2001-01-01,"Tasmania","18",48.7
2002-01-01,"Tasmania","18",40.9
2003-01-01,"Tasmania","18",35.3
2004-01-01,"Tasmania","18",42.5
2005-01-01,"Tasmania","18",35.2
2006-01-01,"Tasmania","18",40.3
2007-01-01,"Tasmania","18",39.1
2008-01-01,"Tasmania","18",38.1
2009-01-01,"Tasmania","18",41.7
2010-01-01,"Tasmania","18",29.8
2011-01-01,"Tasmania","18",41.5
2012-01-01,"Tasmania","18",39.2
2013-01-01,"Tasmania","18",32.6
2014-01-01,"Tasmania","18",30.2
2015-01-01,"Tasmania","18",27.8
2016-01-01,"Tasmania","18",21.7
2017-01-01,"Tasmania","18",21.6
2018-01-01,"Tasmania","18",20.7
2019-01-01,"Tasmania","18",16
2020-01-01,"Tasmania","18",15.8
2021-01-01,"Tasmania","18",16.3
2022-01-01,"Tasmania","18",12.1
1975-01-01,"Victoria","18",48.8
1976-01-01,"Victoria","18",39.8
1977-01-01,"Victoria","18",36.1
1978-01-01,"Victoria","18",33.7
1979-01-01,"Victoria","18",29.7
1980-01-01,"Victoria","18",30.4
1981-01-01,"Victoria","18",28.9
1982-01-01,"Victoria","18",27.9
1983-01-01,"Victoria","18",27.1
1984-01-01,"Victoria","18",23.3
1985-01-01,"Victoria","18",23.6
1986-01-01,"Victoria","18",21.7
1987-01-01,"Victoria","18",22.4
1988-01-01,"Victoria","18",21.1
1989-01-01,"Victoria","18",20.5
1990-01-01,"Victoria","18",23.3
1991-01-01,"Victoria","18",22.1
1992-01-01,"Victoria","18",21.2
1993-01-01,"Victoria","18",18.9
1994-01-01,"Victoria","18",19.3
1995-01-01,"Victoria","18",19.4
1996-01-01,"Victoria","18",18
1997-01-01,"Victoria","18",18
1998-01-01,"Victoria","18",20
1999-01-01,"Victoria","18",16.8
2000-01-01,"Victoria","18",15.7
2001-01-01,"Victoria","18",16.5
2002-01-01,"Victoria","18",15.7
2003-01-01,"Victoria","18",13.9
2004-01-01,"Victoria","18",14.1
2005-01-01,"Victoria","18",14.2
2006-01-01,"Victoria","18",13.6
2007-01-01,"Victoria","18",14.4
2008-01-01,"Victoria","18",15
2009-01-01,"Victoria","18",13
2010-01-01,"Victoria","18",11.5
2011-01-01,"Victoria","18",11.4
2012-01-01,"Victoria","18",14.9
2013-01-01,"Victoria","18",12.2
2014-01-01,"Victoria","18",11.4
2015-01-01,"Victoria","18",9.1
2016-01-01,"Victoria","18",8.5
2017-01-01,"Victoria","18",8.4
2018-01-01,"Victoria","18",7.2
2019-01-01,"Victoria","18",6.6
2020-01-01,"Victoria","18",5.9
2021-01-01,"Victoria","18",5.2
2022-01-01,"Victoria","18",4.7
1975-01-01,"Western Australia","18",68.6
1976-01-01,"Western Australia","18",57.3
1977-01-01,"Western Australia","18",50
1978-01-01,"Western Australia","18",45.8
1979-01-01,"Western Australia","18",42.7
1980-01-01,"Western Australia","18",43.9
1981-01-01,"Western Australia","18",40.2
1982-01-01,"Western Australia","18",40.6
1983-01-01,"Western Australia","18",35.7
1984-01-01,"Western Australia","18",33.7
1985-01-01,"Western Australia","18",33.1
1986-01-01,"Western Australia","18",34.3
1987-01-01,"Western Australia","18",32.9
1988-01-01,"Western Australia","18",32.9
1989-01-01,"Western Australia","18",32.3
1990-01-01,"Western Australia","18",35
1991-01-01,"Western Australia","18",35.2
1992-01-01,"Western Australia","18",35.1
1993-01-01,"Western Australia","18",34
1994-01-01,"Western Australia","18",33.8
1995-01-01,"Western Australia","18",34.1
1996-01-01,"Western Australia","18",31.4
1997-01-01,"Western Australia","18",33.1
1998-01-01,"Western Australia","18",30.5
1999-01-01,"Western Australia","18",32.4
2000-01-01,"Western Australia","18",31.5
2001-01-01,"Western Australia","18",27.7
2002-01-01,"Western Australia","18",27
2003-01-01,"Western Australia","18",23
2004-01-01,"Western Australia","18",27.4
2005-01-01,"Western Australia","18",29.8
2006-01-01,"Western Australia","18",28.7
2007-01-01,"Western Australia","18",28.8
2008-01-01,"Western Australia","18",30.4
2009-01-01,"Western Australia","18",26.9
2010-01-01,"Western Australia","18",28.5
2011-01-01,"Western Australia","18",26.6
2012-01-01,"Western Australia","18",25.7
2013-01-01,"Western Australia","18",22.2
2014-01-01,"Western Australia","18",21.5
2015-01-01,"Western Australia","18",19
2016-01-01,"Western Australia","18",17.3
2017-01-01,"Western Australia","18",16.4
2018-01-01,"Western Australia","18",13.7
2019-01-01,"Western Australia","18",12.8
2020-01-01,"Western Australia","18",13
2021-01-01,"Western Australia","18",10.2
2022-01-01,"Western Australia","18",10.2
1975-01-01,"Australia","19",80
1976-01-01,"Australia","19",72.8
1977-01-01,"Australia","19",66.6
1978-01-01,"Australia","19",61.2
1979-01-01,"Australia","19",57.1
1980-01-01,"Australia","19",54.4
1981-01-01,"Australia","19",55.5
1982-01-01,"Australia","19",53.6
1983-01-01,"Australia","19",52.8
1984-01-01,"Australia","19",46.6
1985-01-01,"Australia","19",47.1
1986-01-01,"Australia","19",45.7
1987-01-01,"Australia","19",43.1
1988-01-01,"Australia","19",42.4
1989-01-01,"Australia","19",40.4
1990-01-01,"Australia","19",42.4
1991-01-01,"Australia","19",42.6
1992-01-01,"Australia","19",43.7
1993-01-01,"Australia","19",41.6
1994-01-01,"Australia","19",41.9
1995-01-01,"Australia","19",41.3
1996-01-01,"Australia","19",39.6
1997-01-01,"Australia","19",40.7
1998-01-01,"Australia","19",39
1999-01-01,"Australia","19",39.2
2000-01-01,"Australia","19",37.3
2001-01-01,"Australia","19",37.6
2002-01-01,"Australia","19",36.4
2003-01-01,"Australia","19",33.9
2004-01-01,"Australia","19",32.8
2005-01-01,"Australia","19",34.2
2006-01-01,"Australia","19",34.8
2007-01-01,"Australia","19",36.5
2008-01-01,"Australia","19",38.3
2009-01-01,"Australia","19",35.9
2010-01-01,"Australia","19",34.9
2011-01-01,"Australia","19",33.6
2012-01-01,"Australia","19",33
2013-01-01,"Australia","19",30.1
2014-01-01,"Australia","19",27.7
2015-01-01,"Australia","19",25.9
2016-01-01,"Australia","19",23.4
2017-01-01,"Australia","19",22.9
2018-01-01,"Australia","19",21.2
2019-01-01,"Australia","19",19.9
2020-01-01,"Australia","19",18.6
2021-01-01,"Australia","19",17.4
2022-01-01,"Australia","19",16.7
1975-01-01,"Australian Capital Territory","19",55.4
1976-01-01,"Australian Capital Territory","19",46.7
1977-01-01,"Australian Capital Territory","19",48.1
1978-01-01,"Australian Capital Territory","19",42.6
1979-01-01,"Australian Capital Territory","19",46.3
1980-01-01,"Australian Capital Territory","19",36.8
1981-01-01,"Australian Capital Territory","19",38
1982-01-01,"Australian Capital Territory","19",37.2
1983-01-01,"Australian Capital Territory","19",35
1984-01-01,"Australian Capital Territory","19",28.4
1985-01-01,"Australian Capital Territory","19",26.2
1986-01-01,"Australian Capital Territory","19",27.9
1987-01-01,"Australian Capital Territory","19",26.1
1988-01-01,"Australian Capital Territory","19",30.6
1989-01-01,"Australian Capital Territory","19",19.9
1990-01-01,"Australian Capital Territory","19",29.4
1991-01-01,"Australian Capital Territory","19",25.1
1992-01-01,"Australian Capital Territory","19",24.6
1993-01-01,"Australian Capital Territory","19",23.2
1994-01-01,"Australian Capital Territory","19",25.4
1995-01-01,"Australian Capital Territory","19",32.8
1996-01-01,"Australian Capital Territory","19",28.1
1997-01-01,"Australian Capital Territory","19",24.5
1998-01-01,"Australian Capital Territory","19",20.5
1999-01-01,"Australian Capital Territory","19",24.3
2000-01-01,"Australian Capital Territory","19",17.3
2001-01-01,"Australian Capital Territory","19",25.6
2002-01-01,"Australian Capital Territory","19",20.3
2003-01-01,"Australian Capital Territory","19",17.5
2004-01-01,"Australian Capital Territory","19",14.2
2005-01-01,"Australian Capital Territory","19",21.5
2006-01-01,"Australian Capital Territory","19",17.8
2007-01-01,"Australian Capital Territory","19",17.9
2008-01-01,"Australian Capital Territory","19",15.1
2009-01-01,"Australian Capital Territory","19",18.8
2010-01-01,"Australian Capital Territory","19",15.4
2011-01-01,"Australian Capital Territory","19",15.9
2012-01-01,"Australian Capital Territory","19",15.8
2013-01-01,"Australian Capital Territory","19",16.6
2014-01-01,"Australian Capital Territory","19",17.5
2015-01-01,"Australian Capital Territory","19",13.4
2016-01-01,"Australian Capital Territory","19",9
2017-01-01,"Australian Capital Territory","19",10.8
2018-01-01,"Australian Capital Territory","19",7
2019-01-01,"Australian Capital Territory","19",13.9
2020-01-01,"Australian Capital Territory","19",8.5
2021-01-01,"Australian Capital Territory","19",9
2022-01-01,"Australian Capital Territory","19",6.9
1975-01-01,"New South Wales","19",78.9
1976-01-01,"New South Wales","19",74
1977-01-01,"New South Wales","19",66.9
1978-01-01,"New South Wales","19",61.1
1979-01-01,"New South Wales","19",55.3
1980-01-01,"New South Wales","19",56.9
1981-01-01,"New South Wales","19",54.4
1982-01-01,"New South Wales","19",55
1983-01-01,"New South Wales","19",55.1
1984-01-01,"New South Wales","19",46.9
1985-01-01,"New South Wales","19",50
1986-01-01,"New South Wales","19",47.4
1987-01-01,"New South Wales","19",45.5
1988-01-01,"New South Wales","19",43.2
1989-01-01,"New South Wales","19",41.7
1990-01-01,"New South Wales","19",43.9
1991-01-01,"New South Wales","19",44.2
1992-01-01,"New South Wales","19",46.5
1993-01-01,"New South Wales","19",43.3
1994-01-01,"New South Wales","19",43.5
1995-01-01,"New South Wales","19",41.8
1996-01-01,"New South Wales","19",40.1
1997-01-01,"New South Wales","19",42.2
1998-01-01,"New South Wales","19",40.3
1999-01-01,"New South Wales","19",41.1
2000-01-01,"New South Wales","19",37.4
2001-01-01,"New South Wales","19",38.6
2002-01-01,"New South Wales","19",36
2003-01-01,"New South Wales","19",33.5
2004-01-01,"New South Wales","19",32.2
2005-01-01,"New South Wales","19",32.7
2006-01-01,"New South Wales","19",34.9
2007-01-01,"New South Wales","19",33.9
2008-01-01,"New South Wales","19",35.9
2009-01-01,"New South Wales","19",34.1
2010-01-01,"New South Wales","19",34.2
2011-01-01,"New South Wales","19",31.1
2012-01-01,"New South Wales","19",30.3
2013-01-01,"New South Wales","19",28.3
2014-01-01,"New South Wales","19",24.3
2015-01-01,"New South Wales","19",26.2
2016-01-01,"New South Wales","19",22.9
2017-01-01,"New South Wales","19",21
2018-01-01,"New South Wales","19",22.2
2019-01-01,"New South Wales","19",19.6
2020-01-01,"New South Wales","19",19
2021-01-01,"New South Wales","19",17.7
2022-01-01,"New South Wales","19",16.9
1975-01-01,"Northern Territory","19",139.3
1976-01-01,"Northern Territory","19",173
1977-01-01,"Northern Territory","19",141.2
1978-01-01,"Northern Territory","19",158.1
1979-01-01,"Northern Territory","19",124.9
1980-01-01,"Northern Territory","19",89.1
1981-01-01,"Northern Territory","19",146.5
1982-01-01,"Northern Territory","19",127.8
1983-01-01,"Northern Territory","19",131.5
1984-01-01,"Northern Territory","19",104.9
1985-01-01,"Northern Territory","19",95.8
1986-01-01,"Northern Territory","19",120.7
1987-01-01,"Northern Territory","19",139.8
1988-01-01,"Northern Territory","19",118.1
1989-01-01,"Northern Territory","19",91.7
1990-01-01,"Northern Territory","19",107.8
1991-01-01,"Northern Territory","19",107
1992-01-01,"Northern Territory","19",136.9
1993-01-01,"Northern Territory","19",91.4
1994-01-01,"Northern Territory","19",105.7
1995-01-01,"Northern Territory","19",108.2
1996-01-01,"Northern Territory","19",100.1
1997-01-01,"Northern Territory","19",125.7
1998-01-01,"Northern Territory","19",101.4
1999-01-01,"Northern Territory","19",99.3
2000-01-01,"Northern Territory","19",94.1
2001-01-01,"Northern Territory","19",104.2
2002-01-01,"Northern Territory","19",89.1
2003-01-01,"Northern Territory","19",103.1
2004-01-01,"Northern Territory","19",98.5
2005-01-01,"Northern Territory","19",88.1
2006-01-01,"Northern Territory","19",104.2
2007-01-01,"Northern Territory","19",106.8
2008-01-01,"Northern Territory","19",97.9
2009-01-01,"Northern Territory","19",75.8
2010-01-01,"Northern Territory","19",81.2
2011-01-01,"Northern Territory","19",80.9
2012-01-01,"Northern Territory","19",81.6
2013-01-01,"Northern Territory","19",67.9
2014-01-01,"Northern Territory","19",79.1
2015-01-01,"Northern Territory","19",72.6
2016-01-01,"Northern Territory","19",62.3
2017-01-01,"Northern Territory","19",60
2018-01-01,"Northern Territory","19",78.3
2019-01-01,"Northern Territory","19",67.8
2020-01-01,"Northern Territory","19",62
2021-01-01,"Northern Territory","19",56.9
2022-01-01,"Northern Territory","19",49.1
1975-01-01,"Queensland","19",100.6
1976-01-01,"Queensland","19",87.2
1977-01-01,"Queensland","19",78.8
1978-01-01,"Queensland","19",71
1979-01-01,"Queensland","19",74.1
1980-01-01,"Queensland","19",65.6
1981-01-01,"Queensland","19",72.4
1982-01-01,"Queensland","19",68.3
1983-01-01,"Queensland","19",71.2
1984-01-01,"Queensland","19",61.3
1985-01-01,"Queensland","19",61.8
1986-01-01,"Queensland","19",58.1
1987-01-01,"Queensland","19",51
1988-01-01,"Queensland","19",51.2
1989-01-01,"Queensland","19",45.8
1990-01-01,"Queensland","19",50.4
1991-01-01,"Queensland","19",51.7
1992-01-01,"Queensland","19",51.6
1993-01-01,"Queensland","19",52.5
1994-01-01,"Queensland","19",51.9
1995-01-01,"Queensland","19",49.9
1996-01-01,"Queensland","19",49
1997-01-01,"Queensland","19",51.9
1998-01-01,"Queensland","19",49.4
1999-01-01,"Queensland","19",49.1
2000-01-01,"Queensland","19",46.7
2001-01-01,"Queensland","19",46.2
2002-01-01,"Queensland","19",44.5
2003-01-01,"Queensland","19",44.4
2004-01-01,"Queensland","19",43
2005-01-01,"Queensland","19",44.1
2006-01-01,"Queensland","19",43
2007-01-01,"Queensland","19",51.7
2008-01-01,"Queensland","19",53.1
2009-01-01,"Queensland","19",53.6
2010-01-01,"Queensland","19",51.6
2011-01-01,"Queensland","19",46
2012-01-01,"Queensland","19",46.3
2013-01-01,"Queensland","19",41.5
2014-01-01,"Queensland","19",39
2015-01-01,"Queensland","19",36.2
2016-01-01,"Queensland","19",31.6
2017-01-01,"Queensland","19",32.7
2018-01-01,"Queensland","19",29.3
2019-01-01,"Queensland","19",29.3
2020-01-01,"Queensland","19",25.5
2021-01-01,"Queensland","19",26.4
2022-01-01,"Queensland","19",24.7
1975-01-01,"South Australia","19",73.2
1976-01-01,"South Australia","19",59.6
1977-01-01,"South Australia","19",60.4
1978-01-01,"South Australia","19",54.6
1979-01-01,"South Australia","19",51.5
1980-01-01,"South Australia","19",50
1981-01-01,"South Australia","19",53.4
1982-01-01,"South Australia","19",47
1983-01-01,"South Australia","19",44.2
1984-01-01,"South Australia","19",44.9
1985-01-01,"South Australia","19",43.6
1986-01-01,"South Australia","19",41.4
1987-01-01,"South Australia","19",39.3
1988-01-01,"South Australia","19",41.8
1989-01-01,"South Australia","19",41
1990-01-01,"South Australia","19",41.2
1991-01-01,"South Australia","19",39.9
1992-01-01,"South Australia","19",39
1993-01-01,"South Australia","19",36.6
1994-01-01,"South Australia","19",33.3
1995-01-01,"South Australia","19",37.9
1996-01-01,"South Australia","19",37.6
1997-01-01,"South Australia","19",33.8
1998-01-01,"South Australia","19",34.7
1999-01-01,"South Australia","19",35.7
2000-01-01,"South Australia","19",35.4
2001-01-01,"South Australia","19",31
2002-01-01,"South Australia","19",34.7
2003-01-01,"South Australia","19",29.4
2004-01-01,"South Australia","19",26.3
2005-01-01,"South Australia","19",37.2
2006-01-01,"South Australia","19",33.9
2007-01-01,"South Australia","19",37.7
2008-01-01,"South Australia","19",39.7
2009-01-01,"South Australia","19",32.5
2010-01-01,"South Australia","19",33
2011-01-01,"South Australia","19",32.5
2012-01-01,"South Australia","19",34
2013-01-01,"South Australia","19",27.4
2014-01-01,"South Australia","19",27
2015-01-01,"South Australia","19",23.4
2016-01-01,"South Australia","19",21.4
2017-01-01,"South Australia","19",20.6
2018-01-01,"South Australia","19",18.2
2019-01-01,"South Australia","19",16.1
2020-01-01,"South Australia","19",15.9
2021-01-01,"South Australia","19",14.1
2022-01-01,"South Australia","19",14.5
1975-01-01,"Tasmania","19",107.5
1976-01-01,"Tasmania","19",94.1
1977-01-01,"Tasmania","19",92.2
1978-01-01,"Tasmania","19",87.5
1979-01-01,"Tasmania","19",78
1980-01-01,"Tasmania","19",76.5
1981-01-01,"Tasmania","19",76.3
1982-01-01,"Tasmania","19",75.5
1983-01-01,"Tasmania","19",60.2
1984-01-01,"Tasmania","19",67.4
1985-01-01,"Tasmania","19",70.6
1986-01-01,"Tasmania","19",56.5
1987-01-01,"Tasmania","19",63.4
1988-01-01,"Tasmania","19",59.1
1989-01-01,"Tasmania","19",55.8
1990-01-01,"Tasmania","19",52.1
1991-01-01,"Tasmania","19",53.4
1992-01-01,"Tasmania","19",55.2
1993-01-01,"Tasmania","19",61.7
1994-01-01,"Tasmania","19",52.3
1995-01-01,"Tasmania","19",58.7
1996-01-01,"Tasmania","19",53.8
1997-01-01,"Tasmania","19",58.7
1998-01-01,"Tasmania","19",51.3
1999-01-01,"Tasmania","19",60.5
2000-01-01,"Tasmania","19",53.1
2001-01-01,"Tasmania","19",70.1
2002-01-01,"Tasmania","19",57.3
2003-01-01,"Tasmania","19",51.2
2004-01-01,"Tasmania","19",48.1
2005-01-01,"Tasmania","19",58.5
2006-01-01,"Tasmania","19",55.6
2007-01-01,"Tasmania","19",60.8
2008-01-01,"Tasmania","19",59.1
2009-01-01,"Tasmania","19",53.4
2010-01-01,"Tasmania","19",48.4
2011-01-01,"Tasmania","19",47.5
2012-01-01,"Tasmania","19",50.3
2013-01-01,"Tasmania","19",43.1
2014-01-01,"Tasmania","19",39.2
2015-01-01,"Tasmania","19",30.5
2016-01-01,"Tasmania","19",37.8
2017-01-01,"Tasmania","19",34.7
2018-01-01,"Tasmania","19",28
2019-01-01,"Tasmania","19",30
2020-01-01,"Tasmania","19",26
2021-01-01,"Tasmania","19",18
2022-01-01,"Tasmania","19",23.7
1975-01-01,"Victoria","19",67.6
1976-01-01,"Victoria","19",62.2
1977-01-01,"Victoria","19",54.3
1978-01-01,"Victoria","19",51.5
1979-01-01,"Victoria","19",45.6
1980-01-01,"Victoria","19",41.5
1981-01-01,"Victoria","19",41.4
1982-01-01,"Victoria","19",40.6
1983-01-01,"Victoria","19",38.5
1984-01-01,"Victoria","19",33.7
1985-01-01,"Victoria","19",32.9
1986-01-01,"Victoria","19",33
1987-01-01,"Victoria","19",31.2
1988-01-01,"Victoria","19",30.2
1989-01-01,"Victoria","19",32.4
1990-01-01,"Victoria","19",32.4
1991-01-01,"Victoria","19",32.4
1992-01-01,"Victoria","19",31.1
1993-01-01,"Victoria","19",29.3
1994-01-01,"Victoria","19",29.9
1995-01-01,"Victoria","19",28.9
1996-01-01,"Victoria","19",26.2
1997-01-01,"Victoria","19",27.6
1998-01-01,"Victoria","19",27
1999-01-01,"Victoria","19",24.7
2000-01-01,"Victoria","19",25.5
2001-01-01,"Victoria","19",25.8
2002-01-01,"Victoria","19",26.6
2003-01-01,"Victoria","19",23
2004-01-01,"Victoria","19",23.1
2005-01-01,"Victoria","19",21.5
2006-01-01,"Victoria","19",22.8
2007-01-01,"Victoria","19",22.4
2008-01-01,"Victoria","19",23.1
2009-01-01,"Victoria","19",21.7
2010-01-01,"Victoria","19",19.8
2011-01-01,"Victoria","19",21.9
2012-01-01,"Victoria","19",21.1
2013-01-01,"Victoria","19",19.7
2014-01-01,"Victoria","19",18.3
2015-01-01,"Victoria","19",15
2016-01-01,"Victoria","19",15.2
2017-01-01,"Victoria","19",14.7
2018-01-01,"Victoria","19",12.5
2019-01-01,"Victoria","19",11.5
2020-01-01,"Victoria","19",10.6
2021-01-01,"Victoria","19",8.4
2022-01-01,"Victoria","19",8.5
1975-01-01,"Western Australia","19",85.7
1976-01-01,"Western Australia","19",81.3
1977-01-01,"Western Australia","19",77.6
1978-01-01,"Western Australia","19",67.6
1979-01-01,"Western Australia","19",64.4
1980-01-01,"Western Australia","19",60
1981-01-01,"Western Australia","19",60.5
1982-01-01,"Western Australia","19",55
1983-01-01,"Western Australia","19",53.9
1984-01-01,"Western Australia","19",50.2
1985-01-01,"Western Australia","19",46.8
1986-01-01,"Western Australia","19",51.2
1987-01-01,"Western Australia","19",46.3
1988-01-01,"Western Australia","19",49.4
1989-01-01,"Western Australia","19",42
1990-01-01,"Western Australia","19",43.8
1991-01-01,"Western Australia","19",45.2
1992-01-01,"Western Australia","19",47.9
1993-01-01,"Western Australia","19",45
1994-01-01,"Western Australia","19",49.7
1995-01-01,"Western Australia","19",46.7
1996-01-01,"Western Australia","19",46.7
1997-01-01,"Western Australia","19",41.9
1998-01-01,"Western Australia","19",41.5
1999-01-01,"Western Australia","19",43.4
2000-01-01,"Western Australia","19",42.9
2001-01-01,"Western Australia","19",39.2
2002-01-01,"Western Australia","19",39.6
2003-01-01,"Western Australia","19",36.6
2004-01-01,"Western Australia","19",36.9
2005-01-01,"Western Australia","19",39
2006-01-01,"Western Australia","19",40.5
2007-01-01,"Western Australia","19",40.4
2008-01-01,"Western Australia","19",46.9
2009-01-01,"Western Australia","19",40
2010-01-01,"Western Australia","19",38.1
2011-01-01,"Western Australia","19",40.6
2012-01-01,"Western Australia","19",37.1
2013-01-01,"Western Australia","19",36.2
2014-01-01,"Western Australia","19",33
2015-01-01,"Western Australia","19",31.3
2016-01-01,"Western Australia","19",27.7
2017-01-01,"Western Australia","19",28
2018-01-01,"Western Australia","19",22.7
2019-01-01,"Western Australia","19",21.9
2020-01-01,"Western Australia","19",21.6
2021-01-01,"Western Australia","19",20.1
2022-01-01,"Western Australia","19",19
1975-01-01,"Australia","20",99.9
1976-01-01,"Australia","20",93.8
1977-01-01,"Australia","20",86
1978-01-01,"Australia","20",80.1
1979-01-01,"Australia","20",74.6
1980-01-01,"Australia","20",71.2
1981-01-01,"Australia","20",71
1982-01-01,"Australia","20",69.6
1983-01-01,"Australia","20",68.5
1984-01-01,"Australia","20",60.5
1985-01-01,"Australia","20",61.6
1986-01-01,"Australia","20",58.6
1987-01-01,"Australia","20",55.5
1988-01-01,"Australia","20",54.9
1989-01-01,"Australia","20",52.3
1990-01-01,"Australia","20",53.8
1991-01-01,"Australia","20",50.8
1992-01-01,"Australia","20",53.1
1993-01-01,"Australia","20",52.3
1994-01-01,"Australia","20",49.8
1995-01-01,"Australia","20",48.4
1996-01-01,"Australia","20",47.8
1997-01-01,"Australia","20",47
1998-01-01,"Australia","20",45.6
1999-01-01,"Australia","20",46.5
2000-01-01,"Australia","20",43.5
2001-01-01,"Australia","20",44
2002-01-01,"Australia","20",42.4
2003-01-01,"Australia","20",40
2004-01-01,"Australia","20",39.3
2005-01-01,"Australia","20",40.9
2006-01-01,"Australia","20",40.2
2007-01-01,"Australia","20",44.5
2008-01-01,"Australia","20",44.8
2009-01-01,"Australia","20",43.2
2010-01-01,"Australia","20",41.6
2011-01-01,"Australia","20",41.3
2012-01-01,"Australia","20",40.6
2013-01-01,"Australia","20",38.1
2014-01-01,"Australia","20",34.7
2015-01-01,"Australia","20",33.2
2016-01-01,"Australia","20",31.2
2017-01-01,"Australia","20",29.6
2018-01-01,"Australia","20",28.7
2019-01-01,"Australia","20",26.6
2020-01-01,"Australia","20",24
2021-01-01,"Australia","20",23.7
2022-01-01,"Australia","20",23.4
1975-01-01,"Australian Capital Territory","20",76.8
1976-01-01,"Australian Capital Territory","20",87.2
1977-01-01,"Australian Capital Territory","20",66.1
1978-01-01,"Australian Capital Territory","20",69
1979-01-01,"Australian Capital Territory","20",68.9
1980-01-01,"Australian Capital Territory","20",73
1981-01-01,"Australian Capital Territory","20",58
1982-01-01,"Australian Capital Territory","20",48.2
1983-01-01,"Australian Capital Territory","20",51.3
1984-01-01,"Australian Capital Territory","20",39.9
1985-01-01,"Australian Capital Territory","20",49.9
1986-01-01,"Australian Capital Territory","20",37.8
1987-01-01,"Australian Capital Territory","20",38.6
1988-01-01,"Australian Capital Territory","20",36.1
1989-01-01,"Australian Capital Territory","20",38.7
1990-01-01,"Australian Capital Territory","20",43.1
1991-01-01,"Australian Capital Territory","20",42.3
1992-01-01,"Australian Capital Territory","20",24.7
1993-01-01,"Australian Capital Territory","20",36.9
1994-01-01,"Australian Capital Territory","20",31.2
1995-01-01,"Australian Capital Territory","20",35.7
1996-01-01,"Australian Capital Territory","20",30.9
1997-01-01,"Australian Capital Territory","20",29.4
1998-01-01,"Australian Capital Territory","20",25.7
1999-01-01,"Australian Capital Territory","20",32.7
2000-01-01,"Australian Capital Territory","20",29.4
2001-01-01,"Australian Capital Territory","20",22.3
2002-01-01,"Australian Capital Territory","20",22.1
2003-01-01,"Australian Capital Territory","20",23.2
2004-01-01,"Australian Capital Territory","20",19.6
2005-01-01,"Australian Capital Territory","20",25.6
2006-01-01,"Australian Capital Territory","20",18.1
2007-01-01,"Australian Capital Territory","20",21.5
2008-01-01,"Australian Capital Territory","20",23
2009-01-01,"Australian Capital Territory","20",25.3
2010-01-01,"Australian Capital Territory","20",21.1
2011-01-01,"Australian Capital Territory","20",20.5
2012-01-01,"Australian Capital Territory","20",21.6
2013-01-01,"Australian Capital Territory","20",20.8
2014-01-01,"Australian Capital Territory","20",22.7
2015-01-01,"Australian Capital Territory","20",20.8
2016-01-01,"Australian Capital Territory","20",15.8
2017-01-01,"Australian Capital Territory","20",13.9
2018-01-01,"Australian Capital Territory","20",11.3
2019-01-01,"Australian Capital Territory","20",11.9
2020-01-01,"Australian Capital Territory","20",10.7
2021-01-01,"Australian Capital Territory","20",11.2
2022-01-01,"Australian Capital Territory","20",8.1
1975-01-01,"New South Wales","20",98.5
1976-01-01,"New South Wales","20",93.3
1977-01-01,"New South Wales","20",83.7
1978-01-01,"New South Wales","20",78.9
1979-01-01,"New South Wales","20",75
1980-01-01,"New South Wales","20",71.4
1981-01-01,"New South Wales","20",70.3
1982-01-01,"New South Wales","20",70.4
1983-01-01,"New South Wales","20",69.6
1984-01-01,"New South Wales","20",62.8
1985-01-01,"New South Wales","20",64
1986-01-01,"New South Wales","20",62.2
1987-01-01,"New South Wales","20",58.9
1988-01-01,"New South Wales","20",56.3
1989-01-01,"New South Wales","20",53
1990-01-01,"New South Wales","20",56.3
1991-01-01,"New South Wales","20",52
1992-01-01,"New South Wales","20",58.1
1993-01-01,"New South Wales","20",54.7
1994-01-01,"New South Wales","20",52.7
1995-01-01,"New South Wales","20",51.9
1996-01-01,"New South Wales","20",49.1
1997-01-01,"New South Wales","20",49.9
1998-01-01,"New South Wales","20",47.6
1999-01-01,"New South Wales","20",49.2
2000-01-01,"New South Wales","20",44.7
2001-01-01,"New South Wales","20",44
2002-01-01,"New South Wales","20",43.3
2003-01-01,"New South Wales","20",40.5
2004-01-01,"New South Wales","20",38.2
2005-01-01,"New South Wales","20",40.9
2006-01-01,"New South Wales","20",41.2
2007-01-01,"New South Wales","20",43
2008-01-01,"New South Wales","20",45.4
2009-01-01,"New South Wales","20",40.3
2010-01-01,"New South Wales","20",40.9
2011-01-01,"New South Wales","20",41.5
2012-01-01,"New South Wales","20",39.4
2013-01-01,"New South Wales","20",37.6
2014-01-01,"New South Wales","20",28.7
2015-01-01,"New South Wales","20",32.1
2016-01-01,"New South Wales","20",28.7
2017-01-01,"New South Wales","20",27
2018-01-01,"New South Wales","20",28.9
2019-01-01,"New South Wales","20",26.6
2020-01-01,"New South Wales","20",25.2
2021-01-01,"New South Wales","20",24.2
2022-01-01,"New South Wales","20",24
1975-01-01,"Northern Territory","20",146.4
1976-01-01,"Northern Territory","20",168.1
1977-01-01,"Northern Territory","20",161.5
1978-01-01,"Northern Territory","20",173.7
1979-01-01,"Northern Territory","20",165.9
1980-01-01,"Northern Territory","20",127
1981-01-01,"Northern Territory","20",138.4
1982-01-01,"Northern Territory","20",135.7
1983-01-01,"Northern Territory","20",117.4
1984-01-01,"Northern Territory","20",113.3
1985-01-01,"Northern Territory","20",115.8
1986-01-01,"Northern Territory","20",99.5
1987-01-01,"Northern Territory","20",129.1
1988-01-01,"Northern Territory","20",132.6
1989-01-01,"Northern Territory","20",118.3
1990-01-01,"Northern Territory","20",113.8
1991-01-01,"Northern Territory","20",115.3
1992-01-01,"Northern Territory","20",124.4
1993-01-01,"Northern Territory","20",116.3
1994-01-01,"Northern Territory","20",103.5
1995-01-01,"Northern Territory","20",117.5
1996-01-01,"Northern Territory","20",100.4
1997-01-01,"Northern Territory","20",103.4
1998-01-01,"Northern Territory","20",103.2
1999-01-01,"Northern Territory","20",120.8
2000-01-01,"Northern Territory","20",98.9
2001-01-01,"Northern Territory","20",91.6
2002-01-01,"Northern Territory","20",92.7
2003-01-01,"Northern Territory","20",114.7
2004-01-01,"Northern Territory","20",93.1
2005-01-01,"Northern Territory","20",94.4
2006-01-01,"Northern Territory","20",85.4
2007-01-01,"Northern Territory","20",117.9
2008-01-01,"Northern Territory","20",93.3
2009-01-01,"Northern Territory","20",92.8
2010-01-01,"Northern Territory","20",99
2011-01-01,"Northern Territory","20",80.4
2012-01-01,"Northern Territory","20",86.5
2013-01-01,"Northern Territory","20",92.1
2014-01-01,"Northern Territory","20",90.7
2015-01-01,"Northern Territory","20",76.8
2016-01-01,"Northern Territory","20",75.5
2017-01-01,"Northern Territory","20",69.4
2018-01-01,"Northern Territory","20",95.8
2019-01-01,"Northern Territory","20",64.5
2020-01-01,"Northern Territory","20",70.2
2021-01-01,"Northern Territory","20",68.1
2022-01-01,"Northern Territory","20",64.9
1975-01-01,"Queensland","20",113.8
1976-01-01,"Queensland","20",107.7
1977-01-01,"Queensland","20",102.6
1978-01-01,"Queensland","20",96.4
1979-01-01,"Queensland","20",86
1980-01-01,"Queensland","20",80.1
1981-01-01,"Queensland","20",88
1982-01-01,"Queensland","20",87.7
1983-01-01,"Queensland","20",88.2
1984-01-01,"Queensland","20",75.4
1985-01-01,"Queensland","20",76.8
1986-01-01,"Queensland","20",72
1987-01-01,"Queensland","20",64.6
1988-01-01,"Queensland","20",64.6
1989-01-01,"Queensland","20",61.9
1990-01-01,"Queensland","20",61
1991-01-01,"Queensland","20",57.7
1992-01-01,"Queensland","20",61
1993-01-01,"Queensland","20",63.6
1994-01-01,"Queensland","20",59.4
1995-01-01,"Queensland","20",57.1
1996-01-01,"Queensland","20",59.3
1997-01-01,"Queensland","20",57.1
1998-01-01,"Queensland","20",56.2
1999-01-01,"Queensland","20",57.2
2000-01-01,"Queensland","20",49.9
2001-01-01,"Queensland","20",55
2002-01-01,"Queensland","20",53.8
2003-01-01,"Queensland","20",48.5
2004-01-01,"Queensland","20",51.9
2005-01-01,"Queensland","20",51.8
2006-01-01,"Queensland","20",49.1
2007-01-01,"Queensland","20",58.6
2008-01-01,"Queensland","20",60.6
2009-01-01,"Queensland","20",63.5
2010-01-01,"Queensland","20",56.2
2011-01-01,"Queensland","20",54.1
2012-01-01,"Queensland","20",54.4
2013-01-01,"Queensland","20",49.2
2014-01-01,"Queensland","20",49
2015-01-01,"Queensland","20",44
2016-01-01,"Queensland","20",41.6
2017-01-01,"Queensland","20",41.7
2018-01-01,"Queensland","20",40.1
2019-01-01,"Queensland","20",39.4
2020-01-01,"Queensland","20",32.9
2021-01-01,"Queensland","20",35.5
2022-01-01,"Queensland","20",33.4
1975-01-01,"South Australia","20",95.1
1976-01-01,"South Australia","20",86.4
1977-01-01,"South Australia","20",81.9
1978-01-01,"South Australia","20",72.7
1979-01-01,"South Australia","20",69.6
1980-01-01,"South Australia","20",69
1981-01-01,"South Australia","20",66.4
1982-01-01,"South Australia","20",61.6
1983-01-01,"South Australia","20",64.5
1984-01-01,"South Australia","20",56.3
1985-01-01,"South Australia","20",57.4
1986-01-01,"South Australia","20",55.3
1987-01-01,"South Australia","20",54
1988-01-01,"South Australia","20",51.2
1989-01-01,"South Australia","20",52.1
1990-01-01,"South Australia","20",51.7
1991-01-01,"South Australia","20",47.7
1992-01-01,"South Australia","20",47.5
1993-01-01,"South Australia","20",47.5
1994-01-01,"South Australia","20",44.3
1995-01-01,"South Australia","20",40.5
1996-01-01,"South Australia","20",44.9
1997-01-01,"South Australia","20",39.5
1998-01-01,"South Australia","20",39.6
1999-01-01,"South Australia","20",40.7
2000-01-01,"South Australia","20",42.9
2001-01-01,"South Australia","20",44.8
2002-01-01,"South Australia","20",40.1
2003-01-01,"South Australia","20",38.4
2004-01-01,"South Australia","20",35.9
2005-01-01,"South Australia","20",41.2
2006-01-01,"South Australia","20",41
2007-01-01,"South Australia","20",42.5
2008-01-01,"South Australia","20",43.4
2009-01-01,"South Australia","20",39
2010-01-01,"South Australia","20",43.4
2011-01-01,"South Australia","20",40.7
2012-01-01,"South Australia","20",38.8
2013-01-01,"South Australia","20",37.8
2014-01-01,"South Australia","20",35.2
2015-01-01,"South Australia","20",33.3
2016-01-01,"South Australia","20",26.6
2017-01-01,"South Australia","20",28.6
2018-01-01,"South Australia","20",25.8
2019-01-01,"South Australia","20",23.3
2020-01-01,"South Australia","20",21.7
2021-01-01,"South Australia","20",19.7
2022-01-01,"South Australia","20",19.7
1975-01-01,"Tasmania","20",124.5
1976-01-01,"Tasmania","20",121.1
1977-01-01,"Tasmania","20",101.3
1978-01-01,"Tasmania","20",102.3
1979-01-01,"Tasmania","20",95.1
1980-01-01,"Tasmania","20",82.6
1981-01-01,"Tasmania","20",99.2
1982-01-01,"Tasmania","20",92.1
1983-01-01,"Tasmania","20",92.4
1984-01-01,"Tasmania","20",83
1985-01-01,"Tasmania","20",83.5
1986-01-01,"Tasmania","20",72
1987-01-01,"Tasmania","20",74.8
1988-01-01,"Tasmania","20",66.4
1989-01-01,"Tasmania","20",61
1990-01-01,"Tasmania","20",71.6
1991-01-01,"Tasmania","20",69.9
1992-01-01,"Tasmania","20",68.7
1993-01-01,"Tasmania","20",68.5
1994-01-01,"Tasmania","20",71.5
1995-01-01,"Tasmania","20",58.4
1996-01-01,"Tasmania","20",67.6
1997-01-01,"Tasmania","20",64.7
1998-01-01,"Tasmania","20",62.8
1999-01-01,"Tasmania","20",65.1
2000-01-01,"Tasmania","20",70.2
2001-01-01,"Tasmania","20",73.1
2002-01-01,"Tasmania","20",72.1
2003-01-01,"Tasmania","20",62.9
2004-01-01,"Tasmania","20",58.2
2005-01-01,"Tasmania","20",61
2006-01-01,"Tasmania","20",61.1
2007-01-01,"Tasmania","20",72.5
2008-01-01,"Tasmania","20",67.3
2009-01-01,"Tasmania","20",65.4
2010-01-01,"Tasmania","20",67.1
2011-01-01,"Tasmania","20",60.7
2012-01-01,"Tasmania","20",55.1
2013-01-01,"Tasmania","20",59.8
2014-01-01,"Tasmania","20",56.5
2015-01-01,"Tasmania","20",49.7
2016-01-01,"Tasmania","20",58.1
2017-01-01,"Tasmania","20",52.5
2018-01-01,"Tasmania","20",44.2
2019-01-01,"Tasmania","20",38.1
2020-01-01,"Tasmania","20",36.4
2021-01-01,"Tasmania","20",35.3
2022-01-01,"Tasmania","20",27.1
1975-01-01,"Victoria","20",88.5
1976-01-01,"Victoria","20",80.2
1977-01-01,"Victoria","20",74.6
1978-01-01,"Victoria","20",67.2
1979-01-01,"Victoria","20",63.1
1980-01-01,"Victoria","20",60
1981-01-01,"Victoria","20",55.9
1982-01-01,"Victoria","20",54.3
1983-01-01,"Victoria","20",52.5
1984-01-01,"Victoria","20",45.4
1985-01-01,"Victoria","20",46.5
1986-01-01,"Victoria","20",42.6
1987-01-01,"Victoria","20",41.4
1988-01-01,"Victoria","20",42.6
1989-01-01,"Victoria","20",41.3
1990-01-01,"Victoria","20",42.3
1991-01-01,"Victoria","20",40.2
1992-01-01,"Victoria","20",40.8
1993-01-01,"Victoria","20",37.8
1994-01-01,"Victoria","20",36.2
1995-01-01,"Victoria","20",35.6
1996-01-01,"Victoria","20",32.8
1997-01-01,"Victoria","20",33.4
1998-01-01,"Victoria","20",32.6
1999-01-01,"Victoria","20",31.3
2000-01-01,"Victoria","20",30.7
2001-01-01,"Victoria","20",30.6
2002-01-01,"Victoria","20",29.6
2003-01-01,"Victoria","20",28.6
2004-01-01,"Victoria","20",28
2005-01-01,"Victoria","20",27.3
2006-01-01,"Victoria","20",26.9
2007-01-01,"Victoria","20",29.9
2008-01-01,"Victoria","20",28
2009-01-01,"Victoria","20",26.8
2010-01-01,"Victoria","20",24.8
2011-01-01,"Victoria","20",28
2012-01-01,"Victoria","20",28.4
2013-01-01,"Victoria","20",25.1
2014-01-01,"Victoria","20",24.3
2015-01-01,"Victoria","20",22
2016-01-01,"Victoria","20",23.4
2017-01-01,"Victoria","20",20.4
2018-01-01,"Victoria","20",17.7
2019-01-01,"Victoria","20",16
2020-01-01,"Victoria","20",13.3
2021-01-01,"Victoria","20",12.2
2022-01-01,"Victoria","20",13.8
1975-01-01,"Western Australia","20",114.2
1976-01-01,"Western Australia","20",106.8
1977-01-01,"Western Australia","20",98.2
1978-01-01,"Western Australia","20",90.7
1979-01-01,"Western Australia","20",80.1
1980-01-01,"Western Australia","20",81
1981-01-01,"Western Australia","20",78.3
1982-01-01,"Western Australia","20",75.8
1983-01-01,"Western Australia","20",70.1
1984-01-01,"Western Australia","20",63.3
1985-01-01,"Western Australia","20",63.5
1986-01-01,"Western Australia","20",65.5
1987-01-01,"Western Australia","20",59.1
1988-01-01,"Western Australia","20",62.9
1989-01-01,"Western Australia","20",57.7
1990-01-01,"Western Australia","20",56.4
1991-01-01,"Western Australia","20",55
1992-01-01,"Western Australia","20",54.4
1993-01-01,"Western Australia","20",57.4
1994-01-01,"Western Australia","20",54.3
1995-01-01,"Western Australia","20",51.6
1996-01-01,"Western Australia","20",53.5
1997-01-01,"Western Australia","20",50.9
1998-01-01,"Western Australia","20",50
1999-01-01,"Western Australia","20",49
2000-01-01,"Western Australia","20",50
2001-01-01,"Western Australia","20",47.8
2002-01-01,"Western Australia","20",43.3
2003-01-01,"Western Australia","20",41.1
2004-01-01,"Western Australia","20",42.8
2005-01-01,"Western Australia","20",45.9
2006-01-01,"Western Australia","20",46.4
2007-01-01,"Western Australia","20",50.4
2008-01-01,"Western Australia","20",49.5
2009-01-01,"Western Australia","20",50.1
2010-01-01,"Western Australia","20",47.8
2011-01-01,"Western Australia","20",44.1
2012-01-01,"Western Australia","20",43.4
2013-01-01,"Western Australia","20",43.2
2014-01-01,"Western Australia","20",42.8
2015-01-01,"Western Australia","20",38.4
2016-01-01,"Western Australia","20",36.1
2017-01-01,"Western Australia","20",33.6
2018-01-01,"Western Australia","20",30.5
2019-01-01,"Western Australia","20",28.6
2020-01-01,"Western Australia","20",28.2
2021-01-01,"Western Australia","20",25.6
2022-01-01,"Western Australia","20",26.3
1975-01-01,"Australia","21",117.5
1976-01-01,"Australia","21",111.8
1977-01-01,"Australia","21",106.7
1978-01-01,"Australia","21",100.6
1979-01-01,"Australia","21",93.9
1980-01-01,"Australia","21",89.1
1981-01-01,"Australia","21",89.4
1982-01-01,"Australia","21",85.8
1983-01-01,"Australia","21",85.5
1984-01-01,"Australia","21",76.3
1985-01-01,"Australia","21",76.8
1986-01-01,"Australia","21",70.7
1987-01-01,"Australia","21",67.7
1988-01-01,"Australia","21",64.7
1989-01-01,"Australia","21",63.5
1990-01-01,"Australia","21",65.6
1991-01-01,"Australia","21",62.2
1992-01-01,"Australia","21",61.1
1993-01-01,"Australia","21",58.6
1994-01-01,"Australia","21",58.3
1995-01-01,"Australia","21",56
1996-01-01,"Australia","21",53.7
1997-01-01,"Australia","21",52.6
1998-01-01,"Australia","21",51.5
1999-01-01,"Australia","21",52.7
2000-01-01,"Australia","21",51.2
2001-01-01,"Australia","21",48.9
2002-01-01,"Australia","21",49.7
2003-01-01,"Australia","21",46.9
2004-01-01,"Australia","21",46
2005-01-01,"Australia","21",46.4
2006-01-01,"Australia","21",46.2
2007-01-01,"Australia","21",51
2008-01-01,"Australia","21",51.4
2009-01-01,"Australia","21",48.2
2010-01-01,"Australia","21",47.1
2011-01-01,"Australia","21",44.8
2012-01-01,"Australia","21",45.1
2013-01-01,"Australia","21",44.3
2014-01-01,"Australia","21",40.2
2015-01-01,"Australia","21",39.5
2016-01-01,"Australia","21",36.6
2017-01-01,"Australia","21",36.3
2018-01-01,"Australia","21",35.2
2019-01-01,"Australia","21",32.6
2020-01-01,"Australia","21",30.7
2021-01-01,"Australia","21",30.5
2022-01-01,"Australia","21",28.3
1975-01-01,"Australian Capital Territory","21",104.7
1976-01-01,"Australian Capital Territory","21",103.6
1977-01-01,"Australian Capital Territory","21",96.2
1978-01-01,"Australian Capital Territory","21",78
1979-01-01,"Australian Capital Territory","21",76.3
1980-01-01,"Australian Capital Territory","21",71.6
1981-01-01,"Australian Capital Territory","21",69.1
1982-01-01,"Australian Capital Territory","21",62.1
1983-01-01,"Australian Capital Territory","21",63.6
1984-01-01,"Australian Capital Territory","21",52.6
1985-01-01,"Australian Capital Territory","21",49
1986-01-01,"Australian Capital Territory","21",48.7
1987-01-01,"Australian Capital Territory","21",43.9
1988-01-01,"Australian Capital Territory","21",49.2
1989-01-01,"Australian Capital Territory","21",47.7
1990-01-01,"Australian Capital Territory","21",44.4
1991-01-01,"Australian Capital Territory","21",52.7
1992-01-01,"Australian Capital Territory","21",42.3
1993-01-01,"Australian Capital Territory","21",36.5
1994-01-01,"Australian Capital Territory","21",40.1
1995-01-01,"Australian Capital Territory","21",41.7
1996-01-01,"Australian Capital Territory","21",35.4
1997-01-01,"Australian Capital Territory","21",30.3
1998-01-01,"Australian Capital Territory","21",32.2
1999-01-01,"Australian Capital Territory","21",40.6
2000-01-01,"Australian Capital Territory","21",29.7
2001-01-01,"Australian Capital Territory","21",26.4
2002-01-01,"Australian Capital Territory","21",27.6
2003-01-01,"Australian Capital Territory","21",27.8
2004-01-01,"Australian Capital Territory","21",22.7
2005-01-01,"Australian Capital Territory","21",28.9
2006-01-01,"Australian Capital Territory","21",26.4
2007-01-01,"Australian Capital Territory","21",32.8
2008-01-01,"Australian Capital Territory","21",26.4
2009-01-01,"Australian Capital Territory","21",22.6
2010-01-01,"Australian Capital Territory","21",24.5
2011-01-01,"Australian Capital Territory","21",23.9
2012-01-01,"Australian Capital Territory","21",24.1
2013-01-01,"Australian Capital Territory","21",18.7
2014-01-01,"Australian Capital Territory","21",23.4
2015-01-01,"Australian Capital Territory","21",23.6
2016-01-01,"Australian Capital Territory","21",16.4
2017-01-01,"Australian Capital Territory","21",21.8
2018-01-01,"Australian Capital Territory","21",12.1
2019-01-01,"Australian Capital Territory","21",17.7
2020-01-01,"Australian Capital Territory","21",14.9
2021-01-01,"Australian Capital Territory","21",12.9
2022-01-01,"Australian Capital Territory","21",11.2
1975-01-01,"New South Wales","21",113.5
1976-01-01,"New South Wales","21",110.4
1977-01-01,"New South Wales","21",104.5
1978-01-01,"New South Wales","21",99.4
1979-01-01,"New South Wales","21",94.4
1980-01-01,"New South Wales","21",91.7
1981-01-01,"New South Wales","21",88.6
1982-01-01,"New South Wales","21",88.7
1983-01-01,"New South Wales","21",84.8
1984-01-01,"New South Wales","21",72.7
1985-01-01,"New South Wales","21",81.1
1986-01-01,"New South Wales","21",72.6
1987-01-01,"New South Wales","21",70.4
1988-01-01,"New South Wales","21",65.2
1989-01-01,"New South Wales","21",64.2
1990-01-01,"New South Wales","21",67
1991-01-01,"New South Wales","21",64.2
1992-01-01,"New South Wales","21",64.7
1993-01-01,"New South Wales","21",64.1
1994-01-01,"New South Wales","21",60.7
1995-01-01,"New South Wales","21",58.9
1996-01-01,"New South Wales","21",55.5
1997-01-01,"New South Wales","21",56.2
1998-01-01,"New South Wales","21",55.8
1999-01-01,"New South Wales","21",55.5
2000-01-01,"New South Wales","21",53.2
2001-01-01,"New South Wales","21",50.5
2002-01-01,"New South Wales","21",51.6
2003-01-01,"New South Wales","21",46.6
2004-01-01,"New South Wales","21",47.5
2005-01-01,"New South Wales","21",48.4
2006-01-01,"New South Wales","21",48.8
2007-01-01,"New South Wales","21",49.3
2008-01-01,"New South Wales","21",50.6
2009-01-01,"New South Wales","21",47.8
2010-01-01,"New South Wales","21",49.4
2011-01-01,"New South Wales","21",44.1
2012-01-01,"New South Wales","21",44.4
2013-01-01,"New South Wales","21",44.3
2014-01-01,"New South Wales","21",34.5
2015-01-01,"New South Wales","21",39
2016-01-01,"New South Wales","21",34.2
2017-01-01,"New South Wales","21",34.7
2018-01-01,"New South Wales","21",36.1
2019-01-01,"New South Wales","21",31
2020-01-01,"New South Wales","21",30.6
2021-01-01,"New South Wales","21",30.8
2022-01-01,"New South Wales","21",29.8
1975-01-01,"Northern Territory","21",133.3
1976-01-01,"Northern Territory","21",168.3
1977-01-01,"Northern Territory","21",120.4
1978-01-01,"Northern Territory","21",159.1
1979-01-01,"Northern Territory","21",146
1980-01-01,"Northern Territory","21",125
1981-01-01,"Northern Territory","21",139.1
1982-01-01,"Northern Territory","21",119.5
1983-01-01,"Northern Territory","21",128.2
1984-01-01,"Northern Territory","21",136
1985-01-01,"Northern Territory","21",113.5
1986-01-01,"Northern Territory","21",114
1987-01-01,"Northern Territory","21",108.6
1988-01-01,"Northern Territory","21",117.5
1989-01-01,"Northern Territory","21",127.1
1990-01-01,"Northern Territory","21",110.7
1991-01-01,"Northern Territory","21",112.2
1992-01-01,"Northern Territory","21",120.1
1993-01-01,"Northern Territory","21",115.3
1994-01-01,"Northern Territory","21",130.7
1995-01-01,"Northern Territory","21",97.1
1996-01-01,"Northern Territory","21",107
1997-01-01,"Northern Territory","21",95.4
1998-01-01,"Northern Territory","21",95.9
1999-01-01,"Northern Territory","21",111.9
2000-01-01,"Northern Territory","21",97.2
2001-01-01,"Northern Territory","21",111.6
2002-01-01,"Northern Territory","21",118.6
2003-01-01,"Northern Territory","21",109.7
2004-01-01,"Northern Territory","21",94.7
2005-01-01,"Northern Territory","21",93.1
2006-01-01,"Northern Territory","21",107.7
2007-01-01,"Northern Territory","21",103.4
2008-01-01,"Northern Territory","21",113.3
2009-01-01,"Northern Territory","21",109.1
2010-01-01,"Northern Territory","21",95.7
2011-01-01,"Northern Territory","21",96.2
2012-01-01,"Northern Territory","21",89.6
2013-01-01,"Northern Territory","21",88.1
2014-01-01,"Northern Territory","21",85.8
2015-01-01,"Northern Territory","21",86.5
2016-01-01,"Northern Territory","21",79
2017-01-01,"Northern Territory","21",75.9
2018-01-01,"Northern Territory","21",81.9
2019-01-01,"Northern Territory","21",80.4
2020-01-01,"Northern Territory","21",68.8
2021-01-01,"Northern Territory","21",70
2022-01-01,"Northern Territory","21",69.8
1975-01-01,"Queensland","21",136.9
1976-01-01,"Queensland","21",123.5
1977-01-01,"Queensland","21",123.4
1978-01-01,"Queensland","21",114
1979-01-01,"Queensland","21",105.5
1980-01-01,"Queensland","21",98.8
1981-01-01,"Queensland","21",104.9
1982-01-01,"Queensland","21",101.1
1983-01-01,"Queensland","21",106.1
1984-01-01,"Queensland","21",93.2
1985-01-01,"Queensland","21",87.8
1986-01-01,"Queensland","21",80.6
1987-01-01,"Queensland","21",79.6
1988-01-01,"Queensland","21",76.1
1989-01-01,"Queensland","21",73
1990-01-01,"Queensland","21",76.8
1991-01-01,"Queensland","21",68.2
1992-01-01,"Queensland","21",72.8
1993-01-01,"Queensland","21",67.9
1994-01-01,"Queensland","21",65.8
1995-01-01,"Queensland","21",65.3
1996-01-01,"Queensland","21",65.4
1997-01-01,"Queensland","21",65.7
1998-01-01,"Queensland","21",60.1
1999-01-01,"Queensland","21",63.8
2000-01-01,"Queensland","21",62.2
2001-01-01,"Queensland","21",59.7
2002-01-01,"Queensland","21",60.1
2003-01-01,"Queensland","21",56.5
2004-01-01,"Queensland","21",55.5
2005-01-01,"Queensland","21",54.8
2006-01-01,"Queensland","21",54.2
2007-01-01,"Queensland","21",66.5
2008-01-01,"Queensland","21",67
2009-01-01,"Queensland","21",65.8
2010-01-01,"Queensland","21",64.5
2011-01-01,"Queensland","21",60.2
2012-01-01,"Queensland","21",55.8
2013-01-01,"Queensland","21",55.5
2014-01-01,"Queensland","21",52.4
2015-01-01,"Queensland","21",50.7
2016-01-01,"Queensland","21",47.1
2017-01-01,"Queensland","21",48.3
2018-01-01,"Queensland","21",49.1
2019-01-01,"Queensland","21",45.3
2020-01-01,"Queensland","21",42.2
2021-01-01,"Queensland","21",44.1
2022-01-01,"Queensland","21",39.7
1975-01-01,"South Australia","21",118.1
1976-01-01,"South Australia","21",109.3
1977-01-01,"South Australia","21",101.1
1978-01-01,"South Australia","21",91
1979-01-01,"South Australia","21",91.3
1980-01-01,"South Australia","21",88.6
1981-01-01,"South Australia","21",84.5
1982-01-01,"South Australia","21",83.2
1983-01-01,"South Australia","21",80.9
1984-01-01,"South Australia","21",82.9
1985-01-01,"South Australia","21",74
1986-01-01,"South Australia","21",70.6
1987-01-01,"South Australia","21",63
1988-01-01,"South Australia","21",63
1989-01-01,"South Australia","21",65.2
1990-01-01,"South Australia","21",65.7
1991-01-01,"South Australia","21",60.3
1992-01-01,"South Australia","21",51.8
1993-01-01,"South Australia","21",53.3
1994-01-01,"South Australia","21",51.2
1995-01-01,"South Australia","21",50.3
1996-01-01,"South Australia","21",49.7
1997-01-01,"South Australia","21",46.3
1998-01-01,"South Australia","21",45.9
1999-01-01,"South Australia","21",47.2
2000-01-01,"South Australia","21",45.8
2001-01-01,"South Australia","21",47.8
2002-01-01,"South Australia","21",46.7
2003-01-01,"South Australia","21",45.4
2004-01-01,"South Australia","21",39
2005-01-01,"South Australia","21",48.4
2006-01-01,"South Australia","21",45.2
2007-01-01,"South Australia","21",50.6
2008-01-01,"South Australia","21",48.7
2009-01-01,"South Australia","21",47
2010-01-01,"South Australia","21",40.9
2011-01-01,"South Australia","21",43.4
2012-01-01,"South Australia","21",40.3
2013-01-01,"South Australia","21",43.8
2014-01-01,"South Australia","21",41.4
2015-01-01,"South Australia","21",37.4
2016-01-01,"South Australia","21",36.1
2017-01-01,"South Australia","21",33.7
2018-01-01,"South Australia","21",30.4
2019-01-01,"South Australia","21",32.5
2020-01-01,"South Australia","21",29.2
2021-01-01,"South Australia","21",25.9
2022-01-01,"South Australia","21",25.5
1975-01-01,"Tasmania","21",145.6
1976-01-01,"Tasmania","21",127.1
1977-01-01,"Tasmania","21",132.9
1978-01-01,"Tasmania","21",127.9
1979-01-01,"Tasmania","21",118.4
1980-01-01,"Tasmania","21",110.4
1981-01-01,"Tasmania","21",120.7
1982-01-01,"Tasmania","21",113.5
1983-01-01,"Tasmania","21",101.9
1984-01-01,"Tasmania","21",97.8
1985-01-01,"Tasmania","21",96.9
1986-01-01,"Tasmania","21",97
1987-01-01,"Tasmania","21",93.7
1988-01-01,"Tasmania","21",84.9
1989-01-01,"Tasmania","21",85.9
1990-01-01,"Tasmania","21",85.9
1991-01-01,"Tasmania","21",79.8
1992-01-01,"Tasmania","21",73.6
1993-01-01,"Tasmania","21",73.1
1994-01-01,"Tasmania","21",81.3
1995-01-01,"Tasmania","21",72.6
1996-01-01,"Tasmania","21",78.6
1997-01-01,"Tasmania","21",60
1998-01-01,"Tasmania","21",66.5
1999-01-01,"Tasmania","21",74.4
2000-01-01,"Tasmania","21",78.4
2001-01-01,"Tasmania","21",70.4
2002-01-01,"Tasmania","21",69.8
2003-01-01,"Tasmania","21",66
2004-01-01,"Tasmania","21",69.1
2005-01-01,"Tasmania","21",75.7
2006-01-01,"Tasmania","21",73
2007-01-01,"Tasmania","21",80
2008-01-01,"Tasmania","21",79.7
2009-01-01,"Tasmania","21",71.3
2010-01-01,"Tasmania","21",73.7
2011-01-01,"Tasmania","21",73.1
2012-01-01,"Tasmania","21",61.7
2013-01-01,"Tasmania","21",62.6
2014-01-01,"Tasmania","21",60.8
2015-01-01,"Tasmania","21",57.4
2016-01-01,"Tasmania","21",61.3
2017-01-01,"Tasmania","21",51.5
2018-01-01,"Tasmania","21",48.6
2019-01-01,"Tasmania","21",42.7
2020-01-01,"Tasmania","21",42.4
2021-01-01,"Tasmania","21",46.7
2022-01-01,"Tasmania","21",37.1
1975-01-01,"Victoria","21",105.2
1976-01-01,"Victoria","21",100.6
1977-01-01,"Victoria","21",96.5
1978-01-01,"Victoria","21",91.1
1979-01-01,"Victoria","21",80.5
1980-01-01,"Victoria","21",76.1
1981-01-01,"Victoria","21",74.9
1982-01-01,"Victoria","21",68.6
1983-01-01,"Victoria","21",67.6
1984-01-01,"Victoria","21",61.6
1985-01-01,"Victoria","21",61.6
1986-01-01,"Victoria","21",55.8
1987-01-01,"Victoria","21",54.1
1988-01-01,"Victoria","21",52.4
1989-01-01,"Victoria","21",49.5
1990-01-01,"Victoria","21",53.6
1991-01-01,"Victoria","21",49
1992-01-01,"Victoria","21",47.2
1993-01-01,"Victoria","21",43.8
1994-01-01,"Victoria","21",45.8
1995-01-01,"Victoria","21",42.4
1996-01-01,"Victoria","21",39
1997-01-01,"Victoria","21",38.7
1998-01-01,"Victoria","21",38.5
1999-01-01,"Victoria","21",36.9
2000-01-01,"Victoria","21",35.9
2001-01-01,"Victoria","21",34.4
2002-01-01,"Victoria","21",37.4
2003-01-01,"Victoria","21",36.3
2004-01-01,"Victoria","21",33.5
2005-01-01,"Victoria","21",31.9
2006-01-01,"Victoria","21",31.4
2007-01-01,"Victoria","21",35.4
2008-01-01,"Victoria","21",35.2
2009-01-01,"Victoria","21",30.3
2010-01-01,"Victoria","21",28.9
2011-01-01,"Victoria","21",29.4
2012-01-01,"Victoria","21",34.3
2013-01-01,"Victoria","21",31.5
2014-01-01,"Victoria","21",30.9
2015-01-01,"Victoria","21",27.5
2016-01-01,"Victoria","21",26.7
2017-01-01,"Victoria","21",26.4
2018-01-01,"Victoria","21",23.1
2019-01-01,"Victoria","21",22.2
2020-01-01,"Victoria","21",19.6
2021-01-01,"Victoria","21",17.5
2022-01-01,"Victoria","21",16.5
1975-01-01,"Western Australia","21",130.9
1976-01-01,"Western Australia","21",124.6
1977-01-01,"Western Australia","21",115.2
1978-01-01,"Western Australia","21",112.3
1979-01-01,"Western Australia","21",105.4
1980-01-01,"Western Australia","21",93.6
1981-01-01,"Western Australia","21",100.9
1982-01-01,"Western Australia","21",91.2
1983-01-01,"Western Australia","21",101.5
1984-01-01,"Western Australia","21",86.4
1985-01-01,"Western Australia","21",82.1
1986-01-01,"Western Australia","21",81
1987-01-01,"Western Australia","21",73
1988-01-01,"Western Australia","21",71.4
1989-01-01,"Western Australia","21",72.5
1990-01-01,"Western Australia","21",68.3
1991-01-01,"Western Australia","21",73.9
1992-01-01,"Western Australia","21",66.4
1993-01-01,"Western Australia","21",61.3
1994-01-01,"Western Australia","21",63.9
1995-01-01,"Western Australia","21",61.7
1996-01-01,"Western Australia","21",56.8
1997-01-01,"Western Australia","21",52.4
1998-01-01,"Western Australia","21",52.3
1999-01-01,"Western Australia","21",55.8
2000-01-01,"Western Australia","21",58.6
2001-01-01,"Western Australia","21",52.8
2002-01-01,"Western Australia","21",49.9
2003-01-01,"Western Australia","21",50
2004-01-01,"Western Australia","21",52.7
2005-01-01,"Western Australia","21",50
2006-01-01,"Western Australia","21",51.4
2007-01-01,"Western Australia","21",55.8
2008-01-01,"Western Australia","21",57.4
2009-01-01,"Western Australia","21",55.1
2010-01-01,"Western Australia","21",50
2011-01-01,"Western Australia","21",49.3
2012-01-01,"Western Australia","21",51.4
2013-01-01,"Western Australia","21",50
2014-01-01,"Western Australia","21",49.7
2015-01-01,"Western Australia","21",46.2
2016-01-01,"Western Australia","21",44.8
2017-01-01,"Western Australia","21",41.5
2018-01-01,"Western Australia","21",38.4
2019-01-01,"Western Australia","21",36.4
2020-01-01,"Western Australia","21",35.2
2021-01-01,"Western Australia","21",35
2022-01-01,"Western Australia","21",30.3
1975-01-01,"Australia","22",133.9
1976-01-01,"Australia","22",129.9
1977-01-01,"Australia","22",122.4
1978-01-01,"Australia","22",119
1979-01-01,"Australia","22",111
1980-01-01,"Australia","22",110
1981-01-01,"Australia","22",109.1
1982-01-01,"Australia","22",105.6
1983-01-01,"Australia","22",102.7
1984-01-01,"Australia","22",93.9
1985-01-01,"Australia","22",95
1986-01-01,"Australia","22",89
1987-01-01,"Australia","22",82.4
1988-01-01,"Australia","22",80.8
1989-01-01,"Australia","22",77.5
1990-01-01,"Australia","22",78
1991-01-01,"Australia","22",74.7
1992-01-01,"Australia","22",72.9
1993-01-01,"Australia","22",69.2
1994-01-01,"Australia","22",67.6
1995-01-01,"Australia","22",65.4
1996-01-01,"Australia","22",63.1
1997-01-01,"Australia","22",61.4
1998-01-01,"Australia","22",60.5
1999-01-01,"Australia","22",59.4
2000-01-01,"Australia","22",57.8
2001-01-01,"Australia","22",58.7
2002-01-01,"Australia","22",55.1
2003-01-01,"Australia","22",54
2004-01-01,"Australia","22",52.3
2005-01-01,"Australia","22",53.1
2006-01-01,"Australia","22",53
2007-01-01,"Australia","22",57.7
2008-01-01,"Australia","22",60.1
2009-01-01,"Australia","22",56.8
2010-01-01,"Australia","22",54.9
2011-01-01,"Australia","22",51.4
2012-01-01,"Australia","22",52
2013-01-01,"Australia","22",51.9
2014-01-01,"Australia","22",47.3
2015-01-01,"Australia","22",47.1
2016-01-01,"Australia","22",44.3
2017-01-01,"Australia","22",43
2018-01-01,"Australia","22",42.4
2019-01-01,"Australia","22",40.2
2020-01-01,"Australia","22",37.4
2021-01-01,"Australia","22",38.7
2022-01-01,"Australia","22",36.1
1975-01-01,"Australian Capital Territory","22",117.5
1976-01-01,"Australian Capital Territory","22",108.9
1977-01-01,"Australian Capital Territory","22",119.7
1978-01-01,"Australian Capital Territory","22",98.7
1979-01-01,"Australian Capital Territory","22",104.8
1980-01-01,"Australian Capital Territory","22",99.4
1981-01-01,"Australian Capital Territory","22",89
1982-01-01,"Australian Capital Territory","22",95.9
1983-01-01,"Australian Capital Territory","22",81.3
1984-01-01,"Australian Capital Territory","22",69.9
1985-01-01,"Australian Capital Territory","22",68.8
1986-01-01,"Australian Capital Territory","22",66.2
1987-01-01,"Australian Capital Territory","22",61.1
1988-01-01,"Australian Capital Territory","22",65.6
1989-01-01,"Australian Capital Territory","22",59.6
1990-01-01,"Australian Capital Territory","22",65.5
1991-01-01,"Australian Capital Territory","22",62.6
1992-01-01,"Australian Capital Territory","22",59.6
1993-01-01,"Australian Capital Territory","22",59
1994-01-01,"Australian Capital Territory","22",50.4
1995-01-01,"Australian Capital Territory","22",48.9
1996-01-01,"Australian Capital Territory","22",43.6
1997-01-01,"Australian Capital Territory","22",44.5
1998-01-01,"Australian Capital Territory","22",45.1
1999-01-01,"Australian Capital Territory","22",47.8
2000-01-01,"Australian Capital Territory","22",39.4
2001-01-01,"Australian Capital Territory","22",31.9
2002-01-01,"Australian Capital Territory","22",35
2003-01-01,"Australian Capital Territory","22",31.4
2004-01-01,"Australian Capital Territory","22",32.4
2005-01-01,"Australian Capital Territory","22",28
2006-01-01,"Australian Capital Territory","22",37.5
2007-01-01,"Australian Capital Territory","22",32.2
2008-01-01,"Australian Capital Territory","22",32.8
2009-01-01,"Australian Capital Territory","22",34.8
2010-01-01,"Australian Capital Territory","22",34.3
2011-01-01,"Australian Capital Territory","22",29.2
2012-01-01,"Australian Capital Territory","22",30.8
2013-01-01,"Australian Capital Territory","22",31
2014-01-01,"Australian Capital Territory","22",25.9
2015-01-01,"Australian Capital Territory","22",27.3
2016-01-01,"Australian Capital Territory","22",23.2
2017-01-01,"Australian Capital Territory","22",24.3
2018-01-01,"Australian Capital Territory","22",21.2
2019-01-01,"Australian Capital Territory","22",20
2020-01-01,"Australian Capital Territory","22",18.1
2021-01-01,"Australian Capital Territory","22",18.4
2022-01-01,"Australian Capital Territory","22",16.6
1975-01-01,"New South Wales","22",127.2
1976-01-01,"New South Wales","22",125.2
1977-01-01,"New South Wales","22",120.2
1978-01-01,"New South Wales","22",117.4
1979-01-01,"New South Wales","22",109.1
1980-01-01,"New South Wales","22",108.9
1981-01-01,"New South Wales","22",110.2
1982-01-01,"New South Wales","22",105.9
1983-01-01,"New South Wales","22",100.8
1984-01-01,"New South Wales","22",92.7
1985-01-01,"New South Wales","22",99.5
1986-01-01,"New South Wales","22",92.5
1987-01-01,"New South Wales","22",86.7
1988-01-01,"New South Wales","22",84.3
1989-01-01,"New South Wales","22",78.9
1990-01-01,"New South Wales","22",82
1991-01-01,"New South Wales","22",76.1
1992-01-01,"New South Wales","22",78.2
1993-01-01,"New South Wales","22",72.1
1994-01-01,"New South Wales","22",70.8
1995-01-01,"New South Wales","22",67.7
1996-01-01,"New South Wales","22",65.6
1997-01-01,"New South Wales","22",65.9
1998-01-01,"New South Wales","22",63.5
1999-01-01,"New South Wales","22",64.9
2000-01-01,"New South Wales","22",61.8
2001-01-01,"New South Wales","22",60.5
2002-01-01,"New South Wales","22",57.1
2003-01-01,"New South Wales","22",57.6
2004-01-01,"New South Wales","22",53.3
2005-01-01,"New South Wales","22",54.9
2006-01-01,"New South Wales","22",54.1
2007-01-01,"New South Wales","22",59
2008-01-01,"New South Wales","22",61.7
2009-01-01,"New South Wales","22",53.8
2010-01-01,"New South Wales","22",56.8
2011-01-01,"New South Wales","22",51.4
2012-01-01,"New South Wales","22",51.7
2013-01-01,"New South Wales","22",51.9
2014-01-01,"New South Wales","22",43.1
2015-01-01,"New South Wales","22",47
2016-01-01,"New South Wales","22",40.1
2017-01-01,"New South Wales","22",41.1
2018-01-01,"New South Wales","22",44.6
2019-01-01,"New South Wales","22",40.3
2020-01-01,"New South Wales","22",38.2
2021-01-01,"New South Wales","22",39.1
2022-01-01,"New South Wales","22",35.9
1975-01-01,"Northern Territory","22",182.1
1976-01-01,"Northern Territory","22",180.4
1977-01-01,"Northern Territory","22",146.4
1978-01-01,"Northern Territory","22",135.7
1979-01-01,"Northern Territory","22",159
1980-01-01,"Northern Territory","22",135.3
1981-01-01,"Northern Territory","22",129.7
1982-01-01,"Northern Territory","22",121.4
1983-01-01,"Northern Territory","22",130.9
1984-01-01,"Northern Territory","22",140.5
1985-01-01,"Northern Territory","22",111.7
1986-01-01,"Northern Territory","22",124.8
1987-01-01,"Northern Territory","22",121.1
1988-01-01,"Northern Territory","22",105.2
1989-01-01,"Northern Territory","22",106.6
1990-01-01,"Northern Territory","22",121.3
1991-01-01,"Northern Territory","22",109.8
1992-01-01,"Northern Territory","22",123.6
1993-01-01,"Northern Territory","22",117.7
1994-01-01,"Northern Territory","22",115.9
1995-01-01,"Northern Territory","22",123.7
1996-01-01,"Northern Territory","22",101.4
1997-01-01,"Northern Territory","22",100.8
1998-01-01,"Northern Territory","22",96.1
1999-01-01,"Northern Territory","22",96.6
2000-01-01,"Northern Territory","22",93.8
2001-01-01,"Northern Territory","22",97.9
2002-01-01,"Northern Territory","22",97.6
2003-01-01,"Northern Territory","22",98.4
2004-01-01,"Northern Territory","22",101.6
2005-01-01,"Northern Territory","22",101.9
2006-01-01,"Northern Territory","22",107.5
2007-01-01,"Northern Territory","22",104.6
2008-01-01,"Northern Territory","22",102.2
2009-01-01,"Northern Territory","22",93.2
2010-01-01,"Northern Territory","22",88.9
2011-01-01,"Northern Territory","22",102.3
2012-01-01,"Northern Territory","22",107.5
2013-01-01,"Northern Territory","22",91.8
2014-01-01,"Northern Territory","22",86.7
2015-01-01,"Northern Territory","22",86.7
2016-01-01,"Northern Territory","22",81.9
2017-01-01,"Northern Territory","22",78.1
2018-01-01,"Northern Territory","22",90.9
2019-01-01,"Northern Territory","22",74.6
2020-01-01,"Northern Territory","22",71.4
2021-01-01,"Northern Territory","22",77.1
2022-01-01,"Northern Territory","22",61.5
1975-01-01,"Queensland","22",153.1
1976-01-01,"Queensland","22",143.9
1977-01-01,"Queensland","22",134.6
1978-01-01,"Queensland","22",128.4
1979-01-01,"Queensland","22",126.3
1980-01-01,"Queensland","22",123.6
1981-01-01,"Queensland","22",124.1
1982-01-01,"Queensland","22",120.2
1983-01-01,"Queensland","22",120.5
1984-01-01,"Queensland","22",109.9
1985-01-01,"Queensland","22",105.5
1986-01-01,"Queensland","22",98.8
1987-01-01,"Queensland","22",93.6
1988-01-01,"Queensland","22",88.8
1989-01-01,"Queensland","22",85.5
1990-01-01,"Queensland","22",86.3
1991-01-01,"Queensland","22",84.7
1992-01-01,"Queensland","22",82.6
1993-01-01,"Queensland","22",78.5
1994-01-01,"Queensland","22",77.2
1995-01-01,"Queensland","22",75.1
1996-01-01,"Queensland","22",74.5
1997-01-01,"Queensland","22",72.8
1998-01-01,"Queensland","22",72.8
1999-01-01,"Queensland","22",69.3
2000-01-01,"Queensland","22",65.4
2001-01-01,"Queensland","22",71.9
2002-01-01,"Queensland","22",64.1
2003-01-01,"Queensland","22",65.1
2004-01-01,"Queensland","22",62.6
2005-01-01,"Queensland","22",62.4
2006-01-01,"Queensland","22",61.4
2007-01-01,"Queensland","22",71.7
2008-01-01,"Queensland","22",74.7
2009-01-01,"Queensland","22",79.1
2010-01-01,"Queensland","22",72.9
2011-01-01,"Queensland","22",67.9
2012-01-01,"Queensland","22",64.7
2013-01-01,"Queensland","22",66.2
2014-01-01,"Queensland","22",59.7
2015-01-01,"Queensland","22",60.2
2016-01-01,"Queensland","22",57.6
2017-01-01,"Queensland","22",58.2
2018-01-01,"Queensland","22",53.6
2019-01-01,"Queensland","22",55.1
2020-01-01,"Queensland","22",49.4
2021-01-01,"Queensland","22",53.1
2022-01-01,"Queensland","22",52.8
1975-01-01,"South Australia","22",137.8
1976-01-01,"South Australia","22",123.7
1977-01-01,"South Australia","22",123.2
1978-01-01,"South Australia","22",118.1
1979-01-01,"South Australia","22",104
1980-01-01,"South Australia","22",107.3
1981-01-01,"South Australia","22",107.6
1982-01-01,"South Australia","22",98.6
1983-01-01,"South Australia","22",101.6
1984-01-01,"South Australia","22",93
1985-01-01,"South Australia","22",94.1
1986-01-01,"South Australia","22",87.3
1987-01-01,"South Australia","22",75.7
1988-01-01,"South Australia","22",76.9
1989-01-01,"South Australia","22",78.2
1990-01-01,"South Australia","22",73.3
1991-01-01,"South Australia","22",72
1992-01-01,"South Australia","22",61.2
1993-01-01,"South Australia","22",62.3
1994-01-01,"South Australia","22",64.2
1995-01-01,"South Australia","22",56.8
1996-01-01,"South Australia","22",59.9
1997-01-01,"South Australia","22",53.8
1998-01-01,"South Australia","22",55.8
1999-01-01,"South Australia","22",50.8
2000-01-01,"South Australia","22",54.6
2001-01-01,"South Australia","22",55.4
2002-01-01,"South Australia","22",52.6
2003-01-01,"South Australia","22",46.4
2004-01-01,"South Australia","22",47.5
2005-01-01,"South Australia","22",54.1
2006-01-01,"South Australia","22",52.4
2007-01-01,"South Australia","22",55.3
2008-01-01,"South Australia","22",60.5
2009-01-01,"South Australia","22",56.5
2010-01-01,"South Australia","22",55.6
2011-01-01,"South Australia","22",51
2012-01-01,"South Australia","22",48
2013-01-01,"South Australia","22",51.5
2014-01-01,"South Australia","22",50.8
2015-01-01,"South Australia","22",45.2
2016-01-01,"South Australia","22",43.3
2017-01-01,"South Australia","22",38.9
2018-01-01,"South Australia","22",38.7
2019-01-01,"South Australia","22",37.8
2020-01-01,"South Australia","22",32
2021-01-01,"South Australia","22",33.7
2022-01-01,"South Australia","22",35.1
1975-01-01,"Tasmania","22",161.2
1976-01-01,"Tasmania","22",167.6
1977-01-01,"Tasmania","22",134.3
1978-01-01,"Tasmania","22",143.6
1979-01-01,"Tasmania","22",140.4
1980-01-01,"Tasmania","22",132.1
1981-01-01,"Tasmania","22",141.8
1982-01-01,"Tasmania","22",126.1
1983-01-01,"Tasmania","22",131.5
1984-01-01,"Tasmania","22",121.9
1985-01-01,"Tasmania","22",113.1
1986-01-01,"Tasmania","22",113.7
1987-01-01,"Tasmania","22",97.9
1988-01-01,"Tasmania","22",101
1989-01-01,"Tasmania","22",103.5
1990-01-01,"Tasmania","22",96.4
1991-01-01,"Tasmania","22",90
1992-01-01,"Tasmania","22",93.7
1993-01-01,"Tasmania","22",90
1994-01-01,"Tasmania","22",86.4
1995-01-01,"Tasmania","22",80.7
1996-01-01,"Tasmania","22",81.7
1997-01-01,"Tasmania","22",79.9
1998-01-01,"Tasmania","22",67.3
1999-01-01,"Tasmania","22",80.2
2000-01-01,"Tasmania","22",81.7
2001-01-01,"Tasmania","22",91.8
2002-01-01,"Tasmania","22",87.9
2003-01-01,"Tasmania","22",66.2
2004-01-01,"Tasmania","22",68.8
2005-01-01,"Tasmania","22",73.7
2006-01-01,"Tasmania","22",81.9
2007-01-01,"Tasmania","22",83.9
2008-01-01,"Tasmania","22",86.3
2009-01-01,"Tasmania","22",85.3
2010-01-01,"Tasmania","22",69.1
2011-01-01,"Tasmania","22",79.4
2012-01-01,"Tasmania","22",69.7
2013-01-01,"Tasmania","22",70.9
2014-01-01,"Tasmania","22",72.5
2015-01-01,"Tasmania","22",74.2
2016-01-01,"Tasmania","22",68.6
2017-01-01,"Tasmania","22",54.8
2018-01-01,"Tasmania","22",55.9
2019-01-01,"Tasmania","22",48.6
2020-01-01,"Tasmania","22",63.6
2021-01-01,"Tasmania","22",55.1
2022-01-01,"Tasmania","22",48.3
1975-01-01,"Victoria","22",124.5
1976-01-01,"Victoria","22",119.8
1977-01-01,"Victoria","22",110.2
1978-01-01,"Victoria","22",109.2
1979-01-01,"Victoria","22",97.7
1980-01-01,"Victoria","22",98.2
1981-01-01,"Victoria","22",93.1
1982-01-01,"Victoria","22",92
1983-01-01,"Victoria","22",86.1
1984-01-01,"Victoria","22",80.7
1985-01-01,"Victoria","22",79.8
1986-01-01,"Victoria","22",72.4
1987-01-01,"Victoria","22",69.7
1988-01-01,"Victoria","22",67.4
1989-01-01,"Victoria","22",67
1990-01-01,"Victoria","22",65.8
1991-01-01,"Victoria","22",62.8
1992-01-01,"Victoria","22",59.8
1993-01-01,"Victoria","22",56.8
1994-01-01,"Victoria","22",53.5
1995-01-01,"Victoria","22",52.7
1996-01-01,"Victoria","22",48.8
1997-01-01,"Victoria","22",46.1
1998-01-01,"Victoria","22",46.1
1999-01-01,"Victoria","22",42.4
2000-01-01,"Victoria","22",42.8
2001-01-01,"Victoria","22",44.3
2002-01-01,"Victoria","22",43.1
2003-01-01,"Victoria","22",41.2
2004-01-01,"Victoria","22",40.8
2005-01-01,"Victoria","22",39.1
2006-01-01,"Victoria","22",39.1
2007-01-01,"Victoria","22",41.4
2008-01-01,"Victoria","22",42.8
2009-01-01,"Victoria","22",38.6
2010-01-01,"Victoria","22",36.9
2011-01-01,"Victoria","22",34.7
2012-01-01,"Victoria","22",40
2013-01-01,"Victoria","22",37.4
2014-01-01,"Victoria","22",36.2
2015-01-01,"Victoria","22",32.3
2016-01-01,"Victoria","22",34.8
2017-01-01,"Victoria","22",31.7
2018-01-01,"Victoria","22",29.2
2019-01-01,"Victoria","22",27.4
2020-01-01,"Victoria","22",24.9
2021-01-01,"Victoria","22",25.4
2022-01-01,"Victoria","22",22.3
1975-01-01,"Western Australia","22",144.9
1976-01-01,"Western Australia","22",149.2
1977-01-01,"Western Australia","22",140
1978-01-01,"Western Australia","22",133.6
1979-01-01,"Western Australia","22",126.6
1980-01-01,"Western Australia","22",121.2
1981-01-01,"Western Australia","22",117.7
1982-01-01,"Western Australia","22",117.8
1983-01-01,"Western Australia","22",118.6
1984-01-01,"Western Australia","22",98.4
1985-01-01,"Western Australia","22",101.1
1986-01-01,"Western Australia","22",99.2
1987-01-01,"Western Australia","22",84.4
1988-01-01,"Western Australia","22",89.9
1989-01-01,"Western Australia","22",80.4
1990-01-01,"Western Australia","22",80.7
1991-01-01,"Western Australia","22",81.4
1992-01-01,"Western Australia","22",73.4
1993-01-01,"Western Australia","22",71.7
1994-01-01,"Western Australia","22",72
1995-01-01,"Western Australia","22",71.4
1996-01-01,"Western Australia","22",67
1997-01-01,"Western Australia","22",63.4
1998-01-01,"Western Australia","22",63.3
1999-01-01,"Western Australia","22",64.2
2000-01-01,"Western Australia","22",64
2001-01-01,"Western Australia","22",58.9
2002-01-01,"Western Australia","22",55.2
2003-01-01,"Western Australia","22",55.5
2004-01-01,"Western Australia","22",56.9
2005-01-01,"Western Australia","22",57.2
2006-01-01,"Western Australia","22",59.2
2007-01-01,"Western Australia","22",62.7
2008-01-01,"Western Australia","22",63.6
2009-01-01,"Western Australia","22",61.5
2010-01-01,"Western Australia","22",56.9
2011-01-01,"Western Australia","22",54.5
2012-01-01,"Western Australia","22",55.3
2013-01-01,"Western Australia","22",55.5
2014-01-01,"Western Australia","22",54.7
2015-01-01,"Western Australia","22",54.9
2016-01-01,"Western Australia","22",51.8
2017-01-01,"Western Australia","22",49.4
2018-01-01,"Western Australia","22",48.8
2019-01-01,"Western Australia","22",45.6
2020-01-01,"Western Australia","22",42.7
2021-01-01,"Western Australia","22",42.9
2022-01-01,"Western Australia","22",38.1
1975-01-01,"Australia","23",153.1
1976-01-01,"Australia","23",145.7
1977-01-01,"Australia","23",142.4
1978-01-01,"Australia","23",134
1979-01-01,"Australia","23",127.9
1980-01-01,"Australia","23",127.9
1981-01-01,"Australia","23",130
1982-01-01,"Australia","23",121.4
1983-01-01,"Australia","23",120.9
1984-01-01,"Australia","23",111.7
1985-01-01,"Australia","23",114.4
1986-01-01,"Australia","23",105.3
1987-01-01,"Australia","23",99.9
1988-01-01,"Australia","23",94.6
1989-01-01,"Australia","23",92.7
1990-01-01,"Australia","23",93.5
1991-01-01,"Australia","23",89.2
1992-01-01,"Australia","23",88.8
1993-01-01,"Australia","23",82
1994-01-01,"Australia","23",78.2
1995-01-01,"Australia","23",77.5
1996-01-01,"Australia","23",73.4
1997-01-01,"Australia","23",71.2
1998-01-01,"Australia","23",69.3
1999-01-01,"Australia","23",68.8
2000-01-01,"Australia","23",67.5
2001-01-01,"Australia","23",66.2
2002-01-01,"Australia","23",63.9
2003-01-01,"Australia","23",61.9
2004-01-01,"Australia","23",61.3
2005-01-01,"Australia","23",61.1
2006-01-01,"Australia","23",61.1
2007-01-01,"Australia","23",65.4
2008-01-01,"Australia","23",64.4
2009-01-01,"Australia","23",63.2
2010-01-01,"Australia","23",61.5
2011-01-01,"Australia","23",59
2012-01-01,"Australia","23",59
2013-01-01,"Australia","23",56.9
2014-01-01,"Australia","23",52.6
2015-01-01,"Australia","23",53.7
2016-01-01,"Australia","23",50.9
2017-01-01,"Australia","23",48.4
2018-01-01,"Australia","23",48.1
2019-01-01,"Australia","23",45.8
2020-01-01,"Australia","23",43.5
2021-01-01,"Australia","23",45.5
2022-01-01,"Australia","23",42.5
1975-01-01,"Australian Capital Territory","23",156.9
1976-01-01,"Australian Capital Territory","23",148.2
1977-01-01,"Australian Capital Territory","23",142.8
1978-01-01,"Australian Capital Territory","23",142.4
1979-01-01,"Australian Capital Territory","23",122.3
1980-01-01,"Australian Capital Territory","23",104.2
1981-01-01,"Australian Capital Territory","23",106
1982-01-01,"Australian Capital Territory","23",112.1
1983-01-01,"Australian Capital Territory","23",102.9
1984-01-01,"Australian Capital Territory","23",82.6
1985-01-01,"Australian Capital Territory","23",96.2
1986-01-01,"Australian Capital Territory","23",82.7
1987-01-01,"Australian Capital Territory","23",77.9
1988-01-01,"Australian Capital Territory","23",78.7
1989-01-01,"Australian Capital Territory","23",71.5
1990-01-01,"Australian Capital Territory","23",74.6
1991-01-01,"Australian Capital Territory","23",87.5
1992-01-01,"Australian Capital Territory","23",75.1
1993-01-01,"Australian Capital Territory","23",64.9
1994-01-01,"Australian Capital Territory","23",65.8
1995-01-01,"Australian Capital Territory","23",62.4
1996-01-01,"Australian Capital Territory","23",55.3
1997-01-01,"Australian Capital Territory","23",51.4
1998-01-01,"Australian Capital Territory","23",43.2
1999-01-01,"Australian Capital Territory","23",54.4
2000-01-01,"Australian Capital Territory","23",47.4
2001-01-01,"Australian Capital Territory","23",46
2002-01-01,"Australian Capital Territory","23",36.6
2003-01-01,"Australian Capital Territory","23",46.6
2004-01-01,"Australian Capital Territory","23",35.1
2005-01-01,"Australian Capital Territory","23",33.6
2006-01-01,"Australian Capital Territory","23",29.2
2007-01-01,"Australian Capital Territory","23",33.7
2008-01-01,"Australian Capital Territory","23",38.7
2009-01-01,"Australian Capital Territory","23",39.6
2010-01-01,"Australian Capital Territory","23",33.5
2011-01-01,"Australian Capital Territory","23",37.1
2012-01-01,"Australian Capital Territory","23",35.7
2013-01-01,"Australian Capital Territory","23",31.1
2014-01-01,"Australian Capital Territory","23",28.2
2015-01-01,"Australian Capital Territory","23",37
2016-01-01,"Australian Capital Territory","23",35.8
2017-01-01,"Australian Capital Territory","23",28.8
2018-01-01,"Australian Capital Territory","23",27.7
2019-01-01,"Australian Capital Territory","23",24.9
2020-01-01,"Australian Capital Territory","23",22
2021-01-01,"Australian Capital Territory","23",20.8
2022-01-01,"Australian Capital Territory","23",21.3
1975-01-01,"New South Wales","23",145.9
1976-01-01,"New South Wales","23",136.3
1977-01-01,"New South Wales","23",137.1
1978-01-01,"New South Wales","23",132.5
1979-01-01,"New South Wales","23",122.9
1980-01-01,"New South Wales","23",127.9
1981-01-01,"New South Wales","23",129
1982-01-01,"New South Wales","23",120
1983-01-01,"New South Wales","23",120
1984-01-01,"New South Wales","23",107.9
1985-01-01,"New South Wales","23",117.4
1986-01-01,"New South Wales","23",105.9
1987-01-01,"New South Wales","23",102.1
1988-01-01,"New South Wales","23",94.3
1989-01-01,"New South Wales","23",95
1990-01-01,"New South Wales","23",97.6
1991-01-01,"New South Wales","23",91.3
1992-01-01,"New South Wales","23",93.9
1993-01-01,"New South Wales","23",88.8
1994-01-01,"New South Wales","23",80.4
1995-01-01,"New South Wales","23",80.3
1996-01-01,"New South Wales","23",76.3
1997-01-01,"New South Wales","23",73.5
1998-01-01,"New South Wales","23",73
1999-01-01,"New South Wales","23",72.6
2000-01-01,"New South Wales","23",70.5
2001-01-01,"New South Wales","23",69.5
2002-01-01,"New South Wales","23",67.7
2003-01-01,"New South Wales","23",64.2
2004-01-01,"New South Wales","23",63.8
2005-01-01,"New South Wales","23",64.8
2006-01-01,"New South Wales","23",62.1
2007-01-01,"New South Wales","23",63
2008-01-01,"New South Wales","23",63.8
2009-01-01,"New South Wales","23",62.1
2010-01-01,"New South Wales","23",62.9
2011-01-01,"New South Wales","23",61
2012-01-01,"New South Wales","23",56.8
2013-01-01,"New South Wales","23",55.8
2014-01-01,"New South Wales","23",48.7
2015-01-01,"New South Wales","23",53.8
2016-01-01,"New South Wales","23",46.1
2017-01-01,"New South Wales","23",46.4
2018-01-01,"New South Wales","23",49.5
2019-01-01,"New South Wales","23",45.8
2020-01-01,"New South Wales","23",44.4
2021-01-01,"New South Wales","23",45.9
2022-01-01,"New South Wales","23",44.6
1975-01-01,"Northern Territory","23",165.9
1976-01-01,"Northern Territory","23",179.3
1977-01-01,"Northern Territory","23",158.9
1978-01-01,"Northern Territory","23",171.4
1979-01-01,"Northern Territory","23",162.2
1980-01-01,"Northern Territory","23",147.4
1981-01-01,"Northern Territory","23",152.8
1982-01-01,"Northern Territory","23",131.8
1983-01-01,"Northern Territory","23",121.5
1984-01-01,"Northern Territory","23",123
1985-01-01,"Northern Territory","23",130.3
1986-01-01,"Northern Territory","23",123.2
1987-01-01,"Northern Territory","23",124.5
1988-01-01,"Northern Territory","23",104.4
1989-01-01,"Northern Territory","23",111.4
1990-01-01,"Northern Territory","23",130.9
1991-01-01,"Northern Territory","23",123.2
1992-01-01,"Northern Territory","23",117.4
1993-01-01,"Northern Territory","23",107.1
1994-01-01,"Northern Territory","23",118.3
1995-01-01,"Northern Territory","23",127.3
1996-01-01,"Northern Territory","23",104.1
1997-01-01,"Northern Territory","23",97.5
1998-01-01,"Northern Territory","23",113.7
1999-01-01,"Northern Territory","23",88.5
2000-01-01,"Northern Territory","23",111.3
2001-01-01,"Northern Territory","23",90.7
2002-01-01,"Northern Territory","23",106.2
2003-01-01,"Northern Territory","23",99.5
2004-01-01,"Northern Territory","23",90
2005-01-01,"Northern Territory","23",91.5
2006-01-01,"Northern Territory","23",93.1
2007-01-01,"Northern Territory","23",113.5
2008-01-01,"Northern Territory","23",98.6
2009-01-01,"Northern Territory","23",93.6
2010-01-01,"Northern Territory","23",89.2
2011-01-01,"Northern Territory","23",92.4
2012-01-01,"Northern Territory","23",98.1
2013-01-01,"Northern Territory","23",82.7
2014-01-01,"Northern Territory","23",84.6
2015-01-01,"Northern Territory","23",91.5
2016-01-01,"Northern Territory","23",82.5
2017-01-01,"Northern Territory","23",85
2018-01-01,"Northern Territory","23",80.1
2019-01-01,"Northern Territory","23",87
2020-01-01,"Northern Territory","23",70.7
2021-01-01,"Northern Territory","23",77
2022-01-01,"Northern Territory","23",77.6
1975-01-01,"Queensland","23",161.8
1976-01-01,"Queensland","23",162.2
1977-01-01,"Queensland","23",152.1
1978-01-01,"Queensland","23",144.3
1979-01-01,"Queensland","23",136.6
1980-01-01,"Queensland","23",133.6
1981-01-01,"Queensland","23",144.8
1982-01-01,"Queensland","23",133.8
1983-01-01,"Queensland","23",137.2
1984-01-01,"Queensland","23",127.3
1985-01-01,"Queensland","23",122.2
1986-01-01,"Queensland","23",115.3
1987-01-01,"Queensland","23",107.2
1988-01-01,"Queensland","23",105.7
1989-01-01,"Queensland","23",102.6
1990-01-01,"Queensland","23",103.5
1991-01-01,"Queensland","23",96.3
1992-01-01,"Queensland","23",99.7
1993-01-01,"Queensland","23",92.2
1994-01-01,"Queensland","23",87.8
1995-01-01,"Queensland","23",84.4
1996-01-01,"Queensland","23",86.4
1997-01-01,"Queensland","23",82.6
1998-01-01,"Queensland","23",80.1
1999-01-01,"Queensland","23",80
2000-01-01,"Queensland","23",80.3
2001-01-01,"Queensland","23",77.8
2002-01-01,"Queensland","23",74.3
2003-01-01,"Queensland","23",72.6
2004-01-01,"Queensland","23",72.1
2005-01-01,"Queensland","23",70.5
2006-01-01,"Queensland","23",68.2
2007-01-01,"Queensland","23",81.3
2008-01-01,"Queensland","23",80.1
2009-01-01,"Queensland","23",81.8
2010-01-01,"Queensland","23",80.3
2011-01-01,"Queensland","23",72.6
2012-01-01,"Queensland","23",72
2013-01-01,"Queensland","23",71.3
2014-01-01,"Queensland","23",65.9
2015-01-01,"Queensland","23",65.9
2016-01-01,"Queensland","23",65
2017-01-01,"Queensland","23",60.9
2018-01-01,"Queensland","23",62.1
2019-01-01,"Queensland","23",61.4
2020-01-01,"Queensland","23",57.7
2021-01-01,"Queensland","23",61.9
2022-01-01,"Queensland","23",55.4
1975-01-01,"South Australia","23",148.2
1976-01-01,"South Australia","23",144.5
1977-01-01,"South Australia","23",140.4
1978-01-01,"South Australia","23",137
1979-01-01,"South Australia","23",126.4
1980-01-01,"South Australia","23",133.9
1981-01-01,"South Australia","23",126.4
1982-01-01,"South Australia","23",123.9
1983-01-01,"South Australia","23",115.6
1984-01-01,"South Australia","23",115.1
1985-01-01,"South Australia","23",112.6
1986-01-01,"South Australia","23",110.4
1987-01-01,"South Australia","23",95.3
1988-01-01,"South Australia","23",93.8
1989-01-01,"South Australia","23",87
1990-01-01,"South Australia","23",89.1
1991-01-01,"South Australia","23",86.6
1992-01-01,"South Australia","23",81.4
1993-01-01,"South Australia","23",75.4
1994-01-01,"South Australia","23",66.4
1995-01-01,"South Australia","23",72
1996-01-01,"South Australia","23",70.5
1997-01-01,"South Australia","23",65
1998-01-01,"South Australia","23",65.1
1999-01-01,"South Australia","23",64
2000-01-01,"South Australia","23",65.2
2001-01-01,"South Australia","23",61.4
2002-01-01,"South Australia","23",62.2
2003-01-01,"South Australia","23",61.1
2004-01-01,"South Australia","23",58.4
2005-01-01,"South Australia","23",60
2006-01-01,"South Australia","23",62.4
2007-01-01,"South Australia","23",67.3
2008-01-01,"South Australia","23",67.2
2009-01-01,"South Australia","23",61.5
2010-01-01,"South Australia","23",61.4
2011-01-01,"South Australia","23",55.8
2012-01-01,"South Australia","23",62.8
2013-01-01,"South Australia","23",56.3
2014-01-01,"South Australia","23",53.9
2015-01-01,"South Australia","23",51.7
2016-01-01,"South Australia","23",50.4
2017-01-01,"South Australia","23",47.7
2018-01-01,"South Australia","23",47.4
2019-01-01,"South Australia","23",43.6
2020-01-01,"South Australia","23",40.5
2021-01-01,"South Australia","23",43.6
2022-01-01,"South Australia","23",41.1
1975-01-01,"Tasmania","23",175.5
1976-01-01,"Tasmania","23",161.6
1977-01-01,"Tasmania","23",167.8
1978-01-01,"Tasmania","23",151.6
1979-01-01,"Tasmania","23",160.5
1980-01-01,"Tasmania","23",146.1
1981-01-01,"Tasmania","23",161.2
1982-01-01,"Tasmania","23",149
1983-01-01,"Tasmania","23",142.9
1984-01-01,"Tasmania","23",136.1
1985-01-01,"Tasmania","23",123
1986-01-01,"Tasmania","23",130.1
1987-01-01,"Tasmania","23",116.3
1988-01-01,"Tasmania","23",115.6
1989-01-01,"Tasmania","23",117.6
1990-01-01,"Tasmania","23",114.2
1991-01-01,"Tasmania","23",100.1
1992-01-01,"Tasmania","23",99.3
1993-01-01,"Tasmania","23",93.6
1994-01-01,"Tasmania","23",105.7
1995-01-01,"Tasmania","23",87.4
1996-01-01,"Tasmania","23",90.1
1997-01-01,"Tasmania","23",90.8
1998-01-01,"Tasmania","23",80.6
1999-01-01,"Tasmania","23",90
2000-01-01,"Tasmania","23",92
2001-01-01,"Tasmania","23",96.7
2002-01-01,"Tasmania","23",94.7
2003-01-01,"Tasmania","23",79.3
2004-01-01,"Tasmania","23",83.1
2005-01-01,"Tasmania","23",92.7
2006-01-01,"Tasmania","23",96.8
2007-01-01,"Tasmania","23",96.7
2008-01-01,"Tasmania","23",95.4
2009-01-01,"Tasmania","23",91.2
2010-01-01,"Tasmania","23",82.4
2011-01-01,"Tasmania","23",93.2
2012-01-01,"Tasmania","23",77.6
2013-01-01,"Tasmania","23",79.2
2014-01-01,"Tasmania","23",77.5
2015-01-01,"Tasmania","23",80.8
2016-01-01,"Tasmania","23",75.9
2017-01-01,"Tasmania","23",72.3
2018-01-01,"Tasmania","23",61.6
2019-01-01,"Tasmania","23",61.2
2020-01-01,"Tasmania","23",65.9
2021-01-01,"Tasmania","23",59.7
2022-01-01,"Tasmania","23",56
1975-01-01,"Victoria","23",152.3
1976-01-01,"Victoria","23",141.3
1977-01-01,"Victoria","23",137.3
1978-01-01,"Victoria","23",119.9
1979-01-01,"Victoria","23",120
1980-01-01,"Victoria","23",117.3
1981-01-01,"Victoria","23",118.3
1982-01-01,"Victoria","23",109.3
1983-01-01,"Victoria","23",108.9
1984-01-01,"Victoria","23",101.2
1985-01-01,"Victoria","23",101.3
1986-01-01,"Victoria","23",90.4
1987-01-01,"Victoria","23",90.4
1988-01-01,"Victoria","23",83.5
1989-01-01,"Victoria","23",82
1990-01-01,"Victoria","23",80.3
1991-01-01,"Victoria","23",78.3
1992-01-01,"Victoria","23",75.8
1993-01-01,"Victoria","23",65.4
1994-01-01,"Victoria","23",67.1
1995-01-01,"Victoria","23",64.9
1996-01-01,"Victoria","23",59
1997-01-01,"Victoria","23",58.9
1998-01-01,"Victoria","23",55.7
1999-01-01,"Victoria","23",53.2
2000-01-01,"Victoria","23",49.7
2001-01-01,"Victoria","23",51.7
2002-01-01,"Victoria","23",50
2003-01-01,"Victoria","23",48
2004-01-01,"Victoria","23",46.9
2005-01-01,"Victoria","23",45.5
2006-01-01,"Victoria","23",47.2
2007-01-01,"Victoria","23",50
2008-01-01,"Victoria","23",46.7
2009-01-01,"Victoria","23",47.8
2010-01-01,"Victoria","23",43.5
2011-01-01,"Victoria","23",43
2012-01-01,"Victoria","23",47.5
2013-01-01,"Victoria","23",43.5
2014-01-01,"Victoria","23",41.2
2015-01-01,"Victoria","23",39.3
2016-01-01,"Victoria","23",41.3
2017-01-01,"Victoria","23",37.8
2018-01-01,"Victoria","23",34.4
2019-01-01,"Victoria","23",32.5
2020-01-01,"Victoria","23",28.7
2021-01-01,"Victoria","23",30.4
2022-01-01,"Victoria","23",28.3
1975-01-01,"Western Australia","23",166.1
1976-01-01,"Western Australia","23",160.9
1977-01-01,"Western Australia","23",154
1978-01-01,"Western Australia","23",150.2
1979-01-01,"Western Australia","23",144.7
1980-01-01,"Western Australia","23",140.5
1981-01-01,"Western Australia","23",137.6
1982-01-01,"Western Australia","23",128.6
1983-01-01,"Western Australia","23",131.3
1984-01-01,"Western Australia","23",121.7
1985-01-01,"Western Australia","23",126.6
1986-01-01,"Western Australia","23",117.1
1987-01-01,"Western Australia","23",106.2
1988-01-01,"Western Australia","23",104.1
1989-01-01,"Western Australia","23",97.1
1990-01-01,"Western Australia","23",95.9
1991-01-01,"Western Australia","23",94.9
1992-01-01,"Western Australia","23",90.5
1993-01-01,"Western Australia","23",87.6
1994-01-01,"Western Australia","23",81.6
1995-01-01,"Western Australia","23",86.5
1996-01-01,"Western Australia","23",72.4
1997-01-01,"Western Australia","23",74
1998-01-01,"Western Australia","23",70.8
1999-01-01,"Western Australia","23",73.2
2000-01-01,"Western Australia","23",72
2001-01-01,"Western Australia","23",67.3
2002-01-01,"Western Australia","23",61.7
2003-01-01,"Western Australia","23",64.5
2004-01-01,"Western Australia","23",68.4
2005-01-01,"Western Australia","23",66.2
2006-01-01,"Western Australia","23",73.1
2007-01-01,"Western Australia","23",72.7
2008-01-01,"Western Australia","23",72.1
2009-01-01,"Western Australia","23",64.3
2010-01-01,"Western Australia","23",63.1
2011-01-01,"Western Australia","23",62.8
2012-01-01,"Western Australia","23",62.5
2013-01-01,"Western Australia","23",63.6
2014-01-01,"Western Australia","23",62.5
2015-01-01,"Western Australia","23",61.1
2016-01-01,"Western Australia","23",58.4
2017-01-01,"Western Australia","23",55.3
2018-01-01,"Western Australia","23",52.6
2019-01-01,"Western Australia","23",49.9
2020-01-01,"Western Australia","23",52.3
2021-01-01,"Western Australia","23",49.6
2022-01-01,"Western Australia","23",46.4
1975-01-01,"Australia","24",165.7
1976-01-01,"Australia","24",160.3
1977-01-01,"Australia","24",153.2
1978-01-01,"Australia","24",147.4
1979-01-01,"Australia","24",141.1
1980-01-01,"Australia","24",139.8
1981-01-01,"Australia","24",140.9
1982-01-01,"Australia","24",139.5
1983-01-01,"Australia","24",136.5
1984-01-01,"Australia","24",128.5
1985-01-01,"Australia","24",128.3
1986-01-01,"Australia","24",123
1987-01-01,"Australia","24",116.4
1988-01-01,"Australia","24",110.9
1989-01-01,"Australia","24",106.8
1990-01-01,"Australia","24",108.2
1991-01-01,"Australia","24",102.1
1992-01-01,"Australia","24",102.7
1993-01-01,"Australia","24",96
1994-01-01,"Australia","24",94.2
1995-01-01,"Australia","24",86.6
1996-01-01,"Australia","24",86.8
1997-01-01,"Australia","24",81.5
1998-01-01,"Australia","24",80.4
1999-01-01,"Australia","24",77.5
2000-01-01,"Australia","24",77.6
2001-01-01,"Australia","24",75.6
2002-01-01,"Australia","24",74.6
2003-01-01,"Australia","24",72.4
2004-01-01,"Australia","24",68.9
2005-01-01,"Australia","24",71
2006-01-01,"Australia","24",69.9
2007-01-01,"Australia","24",74.5
2008-01-01,"Australia","24",75.4
2009-01-01,"Australia","24",71.4
2010-01-01,"Australia","24",71
2011-01-01,"Australia","24",68
2012-01-01,"Australia","24",67.8
2013-01-01,"Australia","24",63.5
2014-01-01,"Australia","24",60.2
2015-01-01,"Australia","24",60.9
2016-01-01,"Australia","24",58.6
2017-01-01,"Australia","24",56.2
2018-01-01,"Australia","24",57.3
2019-01-01,"Australia","24",53.4
2020-01-01,"Australia","24",51
2021-01-01,"Australia","24",53.6
2022-01-01,"Australia","24",51.3
1975-01-01,"Australian Capital Territory","24",168.3
1976-01-01,"Australian Capital Territory","24",155.2
1977-01-01,"Australian Capital Territory","24",172.8
1978-01-01,"Australian Capital Territory","24",152.8
1979-01-01,"Australian Capital Territory","24",142.2
1980-01-01,"Australian Capital Territory","24",143.1
1981-01-01,"Australian Capital Territory","24",152.3
1982-01-01,"Australian Capital Territory","24",133.4
1983-01-01,"Australian Capital Territory","24",129
1984-01-01,"Australian Capital Territory","24",124.1
1985-01-01,"Australian Capital Territory","24",119.9
1986-01-01,"Australian Capital Territory","24",110.4
1987-01-01,"Australian Capital Territory","24",104.5
1988-01-01,"Australian Capital Territory","24",110.3
1989-01-01,"Australian Capital Territory","24",90.1
1990-01-01,"Australian Capital Territory","24",104.1
1991-01-01,"Australian Capital Territory","24",97.4
1992-01-01,"Australian Capital Territory","24",82.1
1993-01-01,"Australian Capital Territory","24",76
1994-01-01,"Australian Capital Territory","24",83.3
1995-01-01,"Australian Capital Territory","24",76.5
1996-01-01,"Australian Capital Territory","24",75.5
1997-01-01,"Australian Capital Territory","24",63
1998-01-01,"Australian Capital Territory","24",56.7
1999-01-01,"Australian Capital Territory","24",61.1
2000-01-01,"Australian Capital Territory","24",51.2
2001-01-01,"Australian Capital Territory","24",60.2
2002-01-01,"Australian Capital Territory","24",61.1
2003-01-01,"Australian Capital Territory","24",47.3
2004-01-01,"Australian Capital Territory","24",33.7
2005-01-01,"Australian Capital Territory","24",42.5
2006-01-01,"Australian Capital Territory","24",51.3
2007-01-01,"Australian Capital Territory","24",51
2008-01-01,"Australian Capital Territory","24",49.8
2009-01-01,"Australian Capital Territory","24",43.6
2010-01-01,"Australian Capital Territory","24",47
2011-01-01,"Australian Capital Territory","24",38.7
2012-01-01,"Australian Capital Territory","24",46.1
2013-01-01,"Australian Capital Territory","24",42.6
2014-01-01,"Australian Capital Territory","24",39.5
2015-01-01,"Australian Capital Territory","24",39.8
2016-01-01,"Australian Capital Territory","24",36.1
2017-01-01,"Australian Capital Territory","24",38.1
2018-01-01,"Australian Capital Territory","24",34.4
2019-01-01,"Australian Capital Territory","24",31.9
2020-01-01,"Australian Capital Territory","24",29.9
2021-01-01,"Australian Capital Territory","24",30.7
2022-01-01,"Australian Capital Territory","24",25.5
1975-01-01,"New South Wales","24",155.5
1976-01-01,"New South Wales","24",149.6
1977-01-01,"New South Wales","24",144.3
1978-01-01,"New South Wales","24",143.1
1979-01-01,"New South Wales","24",137.3
1980-01-01,"New South Wales","24",140.9
1981-01-01,"New South Wales","24",138.8
1982-01-01,"New South Wales","24",139.1
1983-01-01,"New South Wales","24",133.6
1984-01-01,"New South Wales","24",122.6
1985-01-01,"New South Wales","24",130.4
1986-01-01,"New South Wales","24",123.9
1987-01-01,"New South Wales","24",119.1
1988-01-01,"New South Wales","24",112.6
1989-01-01,"New South Wales","24",108.7
1990-01-01,"New South Wales","24",113.1
1991-01-01,"New South Wales","24",102.6
1992-01-01,"New South Wales","24",108
1993-01-01,"New South Wales","24",98.5
1994-01-01,"New South Wales","24",96.8
1995-01-01,"New South Wales","24",89.8
1996-01-01,"New South Wales","24",88.5
1997-01-01,"New South Wales","24",84.7
1998-01-01,"New South Wales","24",83.3
1999-01-01,"New South Wales","24",80.9
2000-01-01,"New South Wales","24",80.6
2001-01-01,"New South Wales","24",76.9
2002-01-01,"New South Wales","24",75.8
2003-01-01,"New South Wales","24",74.6
2004-01-01,"New South Wales","24",71.1
2005-01-01,"New South Wales","24",75.2
2006-01-01,"New South Wales","24",73
2007-01-01,"New South Wales","24",74
2008-01-01,"New South Wales","24",75.2
2009-01-01,"New South Wales","24",71.1
2010-01-01,"New South Wales","24",74.4
2011-01-01,"New South Wales","24",67.5
2012-01-01,"New South Wales","24",66.3
2013-01-01,"New South Wales","24",63.1
2014-01-01,"New South Wales","24",55.5
2015-01-01,"New South Wales","24",61.8
2016-01-01,"New South Wales","24",55.9
2017-01-01,"New South Wales","24",54
2018-01-01,"New South Wales","24",57.7
2019-01-01,"New South Wales","24",54.7
2020-01-01,"New South Wales","24",51.6
2021-01-01,"New South Wales","24",55.4
2022-01-01,"New South Wales","24",52.4
1975-01-01,"Northern Territory","24",185.2
1976-01-01,"Northern Territory","24",176.2
1977-01-01,"Northern Territory","24",160.8
1978-01-01,"Northern Territory","24",136.6
1979-01-01,"Northern Territory","24",146.5
1980-01-01,"Northern Territory","24",126.1
1981-01-01,"Northern Territory","24",164.4
1982-01-01,"Northern Territory","24",133.1
1983-01-01,"Northern Territory","24",132.3
1984-01-01,"Northern Territory","24",135.8
1985-01-01,"Northern Territory","24",127.2
1986-01-01,"Northern Territory","24",137.7
1987-01-01,"Northern Territory","24",118.3
1988-01-01,"Northern Territory","24",124.4
1989-01-01,"Northern Territory","24",106
1990-01-01,"Northern Territory","24",106.3
1991-01-01,"Northern Territory","24",109.6
1992-01-01,"Northern Territory","24",124.9
1993-01-01,"Northern Territory","24",114.6
1994-01-01,"Northern Territory","24",112.8
1995-01-01,"Northern Territory","24",125.1
1996-01-01,"Northern Territory","24",107.1
1997-01-01,"Northern Territory","24",107.3
1998-01-01,"Northern Territory","24",112.1
1999-01-01,"Northern Territory","24",105
2000-01-01,"Northern Territory","24",89.1
2001-01-01,"Northern Territory","24",108.7
2002-01-01,"Northern Territory","24",115.2
2003-01-01,"Northern Territory","24",115.7
2004-01-01,"Northern Territory","24",103.7
2005-01-01,"Northern Territory","24",113.8
2006-01-01,"Northern Territory","24",99.1
2007-01-01,"Northern Territory","24",94.8
2008-01-01,"Northern Territory","24",111.5
2009-01-01,"Northern Territory","24",93.5
2010-01-01,"Northern Territory","24",82.6
2011-01-01,"Northern Territory","24",100.1
2012-01-01,"Northern Territory","24",95.1
2013-01-01,"Northern Territory","24",78.7
2014-01-01,"Northern Territory","24",89.2
2015-01-01,"Northern Territory","24",89.7
2016-01-01,"Northern Territory","24",92.2
2017-01-01,"Northern Territory","24",76.6
2018-01-01,"Northern Territory","24",86
2019-01-01,"Northern Territory","24",83.4
2020-01-01,"Northern Territory","24",75.6
2021-01-01,"Northern Territory","24",67.8
2022-01-01,"Northern Territory","24",67.7
1975-01-01,"Queensland","24",178.2
1976-01-01,"Queensland","24",168.5
1977-01-01,"Queensland","24",163.8
1978-01-01,"Queensland","24",154.9
1979-01-01,"Queensland","24",151.5
1980-01-01,"Queensland","24",144.8
1981-01-01,"Queensland","24",149
1982-01-01,"Queensland","24",151.9
1983-01-01,"Queensland","24",152.2
1984-01-01,"Queensland","24",142.8
1985-01-01,"Queensland","24",135.3
1986-01-01,"Queensland","24",126.9
1987-01-01,"Queensland","24",120
1988-01-01,"Queensland","24",117.8
1989-01-01,"Queensland","24",111.7
1990-01-01,"Queensland","24",112.9
1991-01-01,"Queensland","24",110.9
1992-01-01,"Queensland","24",113.7
1993-01-01,"Queensland","24",103.4
1994-01-01,"Queensland","24",101.8
1995-01-01,"Queensland","24",93.5
1996-01-01,"Queensland","24",98.2
1997-01-01,"Queensland","24",89.8
1998-01-01,"Queensland","24",90.9
1999-01-01,"Queensland","24",88.8
2000-01-01,"Queensland","24",88.4
2001-01-01,"Queensland","24",86.8
2002-01-01,"Queensland","24",83.2
2003-01-01,"Queensland","24",82.6
2004-01-01,"Queensland","24",80.8
2005-01-01,"Queensland","24",81.8
2006-01-01,"Queensland","24",81.3
2007-01-01,"Queensland","24",90.2
2008-01-01,"Queensland","24",91
2009-01-01,"Queensland","24",91.3
2010-01-01,"Queensland","24",88.1
2011-01-01,"Queensland","24",83.2
2012-01-01,"Queensland","24",81.8
2013-01-01,"Queensland","24",79.5
2014-01-01,"Queensland","24",75.9
2015-01-01,"Queensland","24",72.8
2016-01-01,"Queensland","24",69.5
2017-01-01,"Queensland","24",69.5
2018-01-01,"Queensland","24",70.9
2019-01-01,"Queensland","24",66
2020-01-01,"Queensland","24",64.1
2021-01-01,"Queensland","24",69.4
2022-01-01,"Queensland","24",66.2
1975-01-01,"South Australia","24",172.8
1976-01-01,"South Australia","24",165.3
1977-01-01,"South Australia","24",153.4
1978-01-01,"South Australia","24",141.4
1979-01-01,"South Australia","24",142.1
1980-01-01,"South Australia","24",137.1
1981-01-01,"South Australia","24",141
1982-01-01,"South Australia","24",137.4
1983-01-01,"South Australia","24",138.6
1984-01-01,"South Australia","24",134.1
1985-01-01,"South Australia","24",132.3
1986-01-01,"South Australia","24",124.6
1987-01-01,"South Australia","24",120.7
1988-01-01,"South Australia","24",102.8
1989-01-01,"South Australia","24",105
1990-01-01,"South Australia","24",99.4
1991-01-01,"South Australia","24",97.8
1992-01-01,"South Australia","24",95.3
1993-01-01,"South Australia","24",91.5
1994-01-01,"South Australia","24",87.3
1995-01-01,"South Australia","24",79.1
1996-01-01,"South Australia","24",84
1997-01-01,"South Australia","24",67.1
1998-01-01,"South Australia","24",74.2
1999-01-01,"South Australia","24",70.9
2000-01-01,"South Australia","24",71.9
2001-01-01,"South Australia","24",71.2
2002-01-01,"South Australia","24",70.8
2003-01-01,"South Australia","24",71.3
2004-01-01,"South Australia","24",66.1
2005-01-01,"South Australia","24",70.5
2006-01-01,"South Australia","24",73
2007-01-01,"South Australia","24",75.5
2008-01-01,"South Australia","24",72.3
2009-01-01,"South Australia","24",71.2
2010-01-01,"South Australia","24",70.6
2011-01-01,"South Australia","24",67.3
2012-01-01,"South Australia","24",70.2
2013-01-01,"South Australia","24",67.7
2014-01-01,"South Australia","24",61.4
2015-01-01,"South Australia","24",62.1
2016-01-01,"South Australia","24",58.6
2017-01-01,"South Australia","24",54.6
2018-01-01,"South Australia","24",62.3
2019-01-01,"South Australia","24",55.3
2020-01-01,"South Australia","24",50
2021-01-01,"South Australia","24",52.8
2022-01-01,"South Australia","24",51.5
1975-01-01,"Tasmania","24",183.4
1976-01-01,"Tasmania","24",185
1977-01-01,"Tasmania","24",166.6
1978-01-01,"Tasmania","24",182.2
1979-01-01,"Tasmania","24",160.4
1980-01-01,"Tasmania","24",161.7
1981-01-01,"Tasmania","24",170
1982-01-01,"Tasmania","24",147.5
1983-01-01,"Tasmania","24",144.9
1984-01-01,"Tasmania","24",152.3
1985-01-01,"Tasmania","24",145.7
1986-01-01,"Tasmania","24",137.8
1987-01-01,"Tasmania","24",125.3
1988-01-01,"Tasmania","24",118
1989-01-01,"Tasmania","24",126.9
1990-01-01,"Tasmania","24",123.7
1991-01-01,"Tasmania","24",123.4
1992-01-01,"Tasmania","24",129.6
1993-01-01,"Tasmania","24",127.6
1994-01-01,"Tasmania","24",115.5
1995-01-01,"Tasmania","24",110.5
1996-01-01,"Tasmania","24",111.5
1997-01-01,"Tasmania","24",100.2
1998-01-01,"Tasmania","24",106
1999-01-01,"Tasmania","24",92.6
2000-01-01,"Tasmania","24",92.5
2001-01-01,"Tasmania","24",103.7
2002-01-01,"Tasmania","24",108.4
2003-01-01,"Tasmania","24",95.2
2004-01-01,"Tasmania","24",101.2
2005-01-01,"Tasmania","24",97.8
2006-01-01,"Tasmania","24",99.6
2007-01-01,"Tasmania","24",112.2
2008-01-01,"Tasmania","24",105.4
2009-01-01,"Tasmania","24",102.1
2010-01-01,"Tasmania","24",98
2011-01-01,"Tasmania","24",99.8
2012-01-01,"Tasmania","24",90.5
2013-01-01,"Tasmania","24",89.5
2014-01-01,"Tasmania","24",91.6
2015-01-01,"Tasmania","24",83
2016-01-01,"Tasmania","24",87.4
2017-01-01,"Tasmania","24",71.1
2018-01-01,"Tasmania","24",76.5
2019-01-01,"Tasmania","24",69.2
2020-01-01,"Tasmania","24",68.4
2021-01-01,"Tasmania","24",61.6
2022-01-01,"Tasmania","24",58.2
1975-01-01,"Victoria","24",162.9
1976-01-01,"Victoria","24",161
1977-01-01,"Victoria","24",150.6
1978-01-01,"Victoria","24",143.1
1979-01-01,"Victoria","24",133.3
1980-01-01,"Victoria","24",130.2
1981-01-01,"Victoria","24",130.9
1982-01-01,"Victoria","24",129.9
1983-01-01,"Victoria","24",125.9
1984-01-01,"Victoria","24",122.2
1985-01-01,"Victoria","24",117
1986-01-01,"Victoria","24",113.1
1987-01-01,"Victoria","24",107.9
1988-01-01,"Victoria","24",99.9
1989-01-01,"Victoria","24",98.3
1990-01-01,"Victoria","24",99.1
1991-01-01,"Victoria","24",91.9
1992-01-01,"Victoria","24",88.2
1993-01-01,"Victoria","24",86.4
1994-01-01,"Victoria","24",84.3
1995-01-01,"Victoria","24",75.2
1996-01-01,"Victoria","24",73.5
1997-01-01,"Victoria","24",72.2
1998-01-01,"Victoria","24",68.3
1999-01-01,"Victoria","24",64.3
2000-01-01,"Victoria","24",63.1
2001-01-01,"Victoria","24",63.3
2002-01-01,"Victoria","24",61.7
2003-01-01,"Victoria","24",60.1
2004-01-01,"Victoria","24",53.8
2005-01-01,"Victoria","24",55.4
2006-01-01,"Victoria","24",52.7
2007-01-01,"Victoria","24",58.7
2008-01-01,"Victoria","24",58.5
2009-01-01,"Victoria","24",54.2
2010-01-01,"Victoria","24",52.2
2011-01-01,"Victoria","24",53.9
2012-01-01,"Victoria","24",56.3
2013-01-01,"Victoria","24",48.5
2014-01-01,"Victoria","24",49.1
2015-01-01,"Victoria","24",47
2016-01-01,"Victoria","24",48.8
2017-01-01,"Victoria","24",44.8
2018-01-01,"Victoria","24",43.3
2019-01-01,"Victoria","24",38.8
2020-01-01,"Victoria","24",38.2
2021-01-01,"Victoria","24",37.3
2022-01-01,"Victoria","24",38.3
1975-01-01,"Western Australia","24",180
1976-01-01,"Western Australia","24",172.4
1977-01-01,"Western Australia","24",167.6
1978-01-01,"Western Australia","24",159.7
1979-01-01,"Western Australia","24",154.2
1980-01-01,"Western Australia","24",151.7
1981-01-01,"Western Australia","24",150.5
1982-01-01,"Western Australia","24",148
1983-01-01,"Western Australia","24",147.9
1984-01-01,"Western Australia","24",130.1
1985-01-01,"Western Australia","24",132.7
1986-01-01,"Western Australia","24",134.6
1987-01-01,"Western Australia","24",118.7
1988-01-01,"Western Australia","24",126.4
1989-01-01,"Western Australia","24",114.5
1990-01-01,"Western Australia","24",112.7
1991-01-01,"Western Australia","24",111.2
1992-01-01,"Western Australia","24",105.3
1993-01-01,"Western Australia","24",97.8
1994-01-01,"Western Australia","24",98.4
1995-01-01,"Western Australia","24",89.2
1996-01-01,"Western Australia","24",89.6
1997-01-01,"Western Australia","24",85
1998-01-01,"Western Australia","24",80.4
1999-01-01,"Western Australia","24",79.1
2000-01-01,"Western Australia","24",87.8
2001-01-01,"Western Australia","24",76.5
2002-01-01,"Western Australia","24",80.7
2003-01-01,"Western Australia","24",72.8
2004-01-01,"Western Australia","24",75.5
2005-01-01,"Western Australia","24",71
2006-01-01,"Western Australia","24",73.9
2007-01-01,"Western Australia","24",78.8
2008-01-01,"Western Australia","24",83.6
2009-01-01,"Western Australia","24",72.4
2010-01-01,"Western Australia","24",72.4
2011-01-01,"Western Australia","24",71.8
2012-01-01,"Western Australia","24",69.8
2013-01-01,"Western Australia","24",66.4
2014-01-01,"Western Australia","24",66.3
2015-01-01,"Western Australia","24",66.5
2016-01-01,"Western Australia","24",65.9
2017-01-01,"Western Australia","24",66.7
2018-01-01,"Western Australia","24",62.6
2019-01-01,"Western Australia","24",61.9
2020-01-01,"Western Australia","24",57.1
2021-01-01,"Western Australia","24",60.6
2022-01-01,"Western Australia","24",53.6
1975-01-01,"Australia","25",170.3
1976-01-01,"Australia","25",166
1977-01-01,"Australia","25",160.1
1978-01-01,"Australia","25",157
1979-01-01,"Australia","25",152.5
1980-01-01,"Australia","25",149.7
1981-01-01,"Australia","25",150.6
1982-01-01,"Australia","25",150.3
1983-01-01,"Australia","25",150.6
1984-01-01,"Australia","25",139.4
1985-01-01,"Australia","25",142.2
1986-01-01,"Australia","25",135.4
1987-01-01,"Australia","25",132.5
1988-01-01,"Australia","25",127.5
1989-01-01,"Australia","25",123.5
1990-01-01,"Australia","25",122.4
1991-01-01,"Australia","25",116.9
1992-01-01,"Australia","25",115.8
1993-01-01,"Australia","25",112.9
1994-01-01,"Australia","25",108.3
1995-01-01,"Australia","25",102.9
1996-01-01,"Australia","25",96.8
1997-01-01,"Australia","25",94.4
1998-01-01,"Australia","25",92.4
1999-01-01,"Australia","25",89.6
2000-01-01,"Australia","25",89.8
2001-01-01,"Australia","25",85.6
2002-01-01,"Australia","25",82.9
2003-01-01,"Australia","25",82.7
2004-01-01,"Australia","25",81.5
2005-01-01,"Australia","25",81.8
2006-01-01,"Australia","25",81.8
2007-01-01,"Australia","25",87.2
2008-01-01,"Australia","25",85
2009-01-01,"Australia","25",83.4
2010-01-01,"Australia","25",80
2011-01-01,"Australia","25",79.7
2012-01-01,"Australia","25",77.2
2013-01-01,"Australia","25",74.7
2014-01-01,"Australia","25",70.5
2015-01-01,"Australia","25",70
2016-01-01,"Australia","25",67.1
2017-01-01,"Australia","25",67.3
2018-01-01,"Australia","25",66.2
2019-01-01,"Australia","25",61.1
2020-01-01,"Australia","25",60
2021-01-01,"Australia","25",64.7
2022-01-01,"Australia","25",60.3
1975-01-01,"Australian Capital Territory","25",152.4
1976-01-01,"Australian Capital Territory","25",171.5
1977-01-01,"Australian Capital Territory","25",159.8
1978-01-01,"Australian Capital Territory","25",163.4
1979-01-01,"Australian Capital Territory","25",157.6
1980-01-01,"Australian Capital Territory","25",165.9
1981-01-01,"Australian Capital Territory","25",145.7
1982-01-01,"Australian Capital Territory","25",146.5
1983-01-01,"Australian Capital Territory","25",138
1984-01-01,"Australian Capital Territory","25",134
1985-01-01,"Australian Capital Territory","25",116.7
1986-01-01,"Australian Capital Territory","25",112.7
1987-01-01,"Australian Capital Territory","25",116.6
1988-01-01,"Australian Capital Territory","25",117
1989-01-01,"Australian Capital Territory","25",121.1
1990-01-01,"Australian Capital Territory","25",109.5
1991-01-01,"Australian Capital Territory","25",113.5
1992-01-01,"Australian Capital Territory","25",113
1993-01-01,"Australian Capital Territory","25",104
1994-01-01,"Australian Capital Territory","25",102.6
1995-01-01,"Australian Capital Territory","25",90.4
1996-01-01,"Australian Capital Territory","25",91.9
1997-01-01,"Australian Capital Territory","25",83.4
1998-01-01,"Australian Capital Territory","25",70.7
1999-01-01,"Australian Capital Territory","25",76
2000-01-01,"Australian Capital Territory","25",75.8
2001-01-01,"Australian Capital Territory","25",71.9
2002-01-01,"Australian Capital Territory","25",57.5
2003-01-01,"Australian Capital Territory","25",58.3
2004-01-01,"Australian Capital Territory","25",50
2005-01-01,"Australian Capital Territory","25",57.3
2006-01-01,"Australian Capital Territory","25",58.3
2007-01-01,"Australian Capital Territory","25",61.2
2008-01-01,"Australian Capital Territory","25",52
2009-01-01,"Australian Capital Territory","25",63.5
2010-01-01,"Australian Capital Territory","25",54.7
2011-01-01,"Australian Capital Territory","25",58.6
2012-01-01,"Australian Capital Territory","25",56.7
2013-01-01,"Australian Capital Territory","25",50.8
2014-01-01,"Australian Capital Territory","25",50.9
2015-01-01,"Australian Capital Territory","25",52.2
2016-01-01,"Australian Capital Territory","25",49.6
2017-01-01,"Australian Capital Territory","25",52.7
2018-01-01,"Australian Capital Territory","25",44.3
2019-01-01,"Australian Capital Territory","25",42.3
2020-01-01,"Australian Capital Territory","25",41.1
2021-01-01,"Australian Capital Territory","25",39.8
2022-01-01,"Australian Capital Territory","25",38.6
1975-01-01,"New South Wales","25",164.6
1976-01-01,"New South Wales","25",161.7
1977-01-01,"New South Wales","25",155.4
1978-01-01,"New South Wales","25",151.5
1979-01-01,"New South Wales","25",148.8
1980-01-01,"New South Wales","25",151
1981-01-01,"New South Wales","25",150.4
1982-01-01,"New South Wales","25",151.9
1983-01-01,"New South Wales","25",147.7
1984-01-01,"New South Wales","25",134
1985-01-01,"New South Wales","25",144.9
1986-01-01,"New South Wales","25",136
1987-01-01,"New South Wales","25",134.4
1988-01-01,"New South Wales","25",125.9
1989-01-01,"New South Wales","25",123.2
1990-01-01,"New South Wales","25",124.8
1991-01-01,"New South Wales","25",115.3
1992-01-01,"New South Wales","25",121.6
1993-01-01,"New South Wales","25",115.9
1994-01-01,"New South Wales","25",110.1
1995-01-01,"New South Wales","25",106.5
1996-01-01,"New South Wales","25",95.9
1997-01-01,"New South Wales","25",97
1998-01-01,"New South Wales","25",95.6
1999-01-01,"New South Wales","25",94.2
2000-01-01,"New South Wales","25",95.7
2001-01-01,"New South Wales","25",88.3
2002-01-01,"New South Wales","25",83.6
2003-01-01,"New South Wales","25",87.2
2004-01-01,"New South Wales","25",83.8
2005-01-01,"New South Wales","25",86.4
2006-01-01,"New South Wales","25",85
2007-01-01,"New South Wales","25",85.5
2008-01-01,"New South Wales","25",85.2
2009-01-01,"New South Wales","25",80.9
2010-01-01,"New South Wales","25",82.3
2011-01-01,"New South Wales","25",79.3
2012-01-01,"New South Wales","25",76.6
2013-01-01,"New South Wales","25",75.3
2014-01-01,"New South Wales","25",66.1
2015-01-01,"New South Wales","25",71.2
2016-01-01,"New South Wales","25",63.8
2017-01-01,"New South Wales","25",64.6
2018-01-01,"New South Wales","25",68
2019-01-01,"New South Wales","25",60.9
2020-01-01,"New South Wales","25",62.2
2021-01-01,"New South Wales","25",66.6
2022-01-01,"New South Wales","25",61
1975-01-01,"Northern Territory","25",164.9
1976-01-01,"Northern Territory","25",178.2
1977-01-01,"Northern Territory","25",145.1
1978-01-01,"Northern Territory","25",146.9
1979-01-01,"Northern Territory","25",151.8
1980-01-01,"Northern Territory","25",146.4
1981-01-01,"Northern Territory","25",173.9
1982-01-01,"Northern Territory","25",127.8
1983-01-01,"Northern Territory","25",136.8
1984-01-01,"Northern Territory","25",143.5
1985-01-01,"Northern Territory","25",137.9
1986-01-01,"Northern Territory","25",128.9
1987-01-01,"Northern Territory","25",137.4
1988-01-01,"Northern Territory","25",121.9
1989-01-01,"Northern Territory","25",111
1990-01-01,"Northern Territory","25",124.9
1991-01-01,"Northern Territory","25",129
1992-01-01,"Northern Territory","25",137
1993-01-01,"Northern Territory","25",127.1
1994-01-01,"Northern Territory","25",118.8
1995-01-01,"Northern Territory","25",101.6
1996-01-01,"Northern Territory","25",109.2
1997-01-01,"Northern Territory","25",117.8
1998-01-01,"Northern Territory","25",114.6
1999-01-01,"Northern Territory","25",110
2000-01-01,"Northern Territory","25",122.2
2001-01-01,"Northern Territory","25",132.1
2002-01-01,"Northern Territory","25",106.9
2003-01-01,"Northern Territory","25",116.3
2004-01-01,"Northern Territory","25",107.4
2005-01-01,"Northern Territory","25",96.4
2006-01-01,"Northern Territory","25",102.9
2007-01-01,"Northern Territory","25",108.8
2008-01-01,"Northern Territory","25",112.7
2009-01-01,"Northern Territory","25",94.3
2010-01-01,"Northern Territory","25",91.6
2011-01-01,"Northern Territory","25",89.8
2012-01-01,"Northern Territory","25",95
2013-01-01,"Northern Territory","25",93
2014-01-01,"Northern Territory","25",93.3
2015-01-01,"Northern Territory","25",76.1
2016-01-01,"Northern Territory","25",83
2017-01-01,"Northern Territory","25",78.2
2018-01-01,"Northern Territory","25",79.8
2019-01-01,"Northern Territory","25",76.3
2020-01-01,"Northern Territory","25",76.3
2021-01-01,"Northern Territory","25",80.1
2022-01-01,"Northern Territory","25",67.5
1975-01-01,"Queensland","25",177.9
1976-01-01,"Queensland","25",170.5
1977-01-01,"Queensland","25",162.6
1978-01-01,"Queensland","25",161.5
1979-01-01,"Queensland","25",160.2
1980-01-01,"Queensland","25",147.2
1981-01-01,"Queensland","25",156.3
1982-01-01,"Queensland","25",159.1
1983-01-01,"Queensland","25",158.9
1984-01-01,"Queensland","25",149.7
1985-01-01,"Queensland","25",144.2
1986-01-01,"Queensland","25",136.7
1987-01-01,"Queensland","25",132.7
1988-01-01,"Queensland","25",131.9
1989-01-01,"Queensland","25",128
1990-01-01,"Queensland","25",128.9
1991-01-01,"Queensland","25",121.4
1992-01-01,"Queensland","25",122.6
1993-01-01,"Queensland","25",122
1994-01-01,"Queensland","25",114.4
1995-01-01,"Queensland","25",107.3
1996-01-01,"Queensland","25",106.5
1997-01-01,"Queensland","25",103.5
1998-01-01,"Queensland","25",102.8
1999-01-01,"Queensland","25",99.9
2000-01-01,"Queensland","25",99.3
2001-01-01,"Queensland","25",94.9
2002-01-01,"Queensland","25",92.5
2003-01-01,"Queensland","25",92.1
2004-01-01,"Queensland","25",93.2
2005-01-01,"Queensland","25",89.7
2006-01-01,"Queensland","25",93.2
2007-01-01,"Queensland","25",103.3
2008-01-01,"Queensland","25",101.2
2009-01-01,"Queensland","25",101.9
2010-01-01,"Queensland","25",95.3
2011-01-01,"Queensland","25",94.1
2012-01-01,"Queensland","25",89.6
2013-01-01,"Queensland","25",87.3
2014-01-01,"Queensland","25",85.3
2015-01-01,"Queensland","25",83.1
2016-01-01,"Queensland","25",77.7
2017-01-01,"Queensland","25",80.8
2018-01-01,"Queensland","25",76.6
2019-01-01,"Queensland","25",76.3
2020-01-01,"Queensland","25",70.6
2021-01-01,"Queensland","25",81.9
2022-01-01,"Queensland","25",77.1
1975-01-01,"South Australia","25",177
1976-01-01,"South Australia","25",161.9
1977-01-01,"South Australia","25",165.6
1978-01-01,"South Australia","25",152.5
1979-01-01,"South Australia","25",149.1
1980-01-01,"South Australia","25",145.1
1981-01-01,"South Australia","25",144.2
1982-01-01,"South Australia","25",143.7
1983-01-01,"South Australia","25",152
1984-01-01,"South Australia","25",143.1
1985-01-01,"South Australia","25",134.8
1986-01-01,"South Australia","25",134.7
1987-01-01,"South Australia","25",132.4
1988-01-01,"South Australia","25",125.2
1989-01-01,"South Australia","25",120.7
1990-01-01,"South Australia","25",121.1
1991-01-01,"South Australia","25",114.1
1992-01-01,"South Australia","25",105.2
1993-01-01,"South Australia","25",110
1994-01-01,"South Australia","25",102.7
1995-01-01,"South Australia","25",99.5
1996-01-01,"South Australia","25",93.9
1997-01-01,"South Australia","25",91.3
1998-01-01,"South Australia","25",83.8
1999-01-01,"South Australia","25",86.2
2000-01-01,"South Australia","25",86.1
2001-01-01,"South Australia","25",85.4
2002-01-01,"South Australia","25",81.5
2003-01-01,"South Australia","25",79.6
2004-01-01,"South Australia","25",78.8
2005-01-01,"South Australia","25",83.8
2006-01-01,"South Australia","25",88.9
2007-01-01,"South Australia","25",89.8
2008-01-01,"South Australia","25",83
2009-01-01,"South Australia","25",90.5
2010-01-01,"South Australia","25",86.4
2011-01-01,"South Australia","25",84.5
2012-01-01,"South Australia","25",83
2013-01-01,"South Australia","25",75.8
2014-01-01,"South Australia","25",78.8
2015-01-01,"South Australia","25",70.5
2016-01-01,"South Australia","25",72.6
2017-01-01,"South Australia","25",64.8
2018-01-01,"South Australia","25",70.9
2019-01-01,"South Australia","25",66.6
2020-01-01,"South Australia","25",63
2021-01-01,"South Australia","25",64.4
2022-01-01,"South Australia","25",60.4
1975-01-01,"Tasmania","25",177.1
1976-01-01,"Tasmania","25",169.3
1977-01-01,"Tasmania","25",177
1978-01-01,"Tasmania","25",171.9
1979-01-01,"Tasmania","25",162.9
1980-01-01,"Tasmania","25",154.3
1981-01-01,"Tasmania","25",152.9
1982-01-01,"Tasmania","25",158.1
1983-01-01,"Tasmania","25",169.2
1984-01-01,"Tasmania","25",155.7
1985-01-01,"Tasmania","25",158.9
1986-01-01,"Tasmania","25",163
1987-01-01,"Tasmania","25",137.8
1988-01-01,"Tasmania","25",143
1989-01-01,"Tasmania","25",139.7
1990-01-01,"Tasmania","25",122.6
1991-01-01,"Tasmania","25",145.7
1992-01-01,"Tasmania","25",125.5
1993-01-01,"Tasmania","25",133.3
1994-01-01,"Tasmania","25",118.3
1995-01-01,"Tasmania","25",125.9
1996-01-01,"Tasmania","25",120.7
1997-01-01,"Tasmania","25",108.8
1998-01-01,"Tasmania","25",113.8
1999-01-01,"Tasmania","25",116
2000-01-01,"Tasmania","25",94.9
2001-01-01,"Tasmania","25",111.9
2002-01-01,"Tasmania","25",115.9
2003-01-01,"Tasmania","25",92.3
2004-01-01,"Tasmania","25",110.3
2005-01-01,"Tasmania","25",109.3
2006-01-01,"Tasmania","25",112.5
2007-01-01,"Tasmania","25",114.4
2008-01-01,"Tasmania","25",118.3
2009-01-01,"Tasmania","25",118
2010-01-01,"Tasmania","25",116.7
2011-01-01,"Tasmania","25",101.5
2012-01-01,"Tasmania","25",104.1
2013-01-01,"Tasmania","25",103.5
2014-01-01,"Tasmania","25",91.1
2015-01-01,"Tasmania","25",101.7
2016-01-01,"Tasmania","25",91.7
2017-01-01,"Tasmania","25",82
2018-01-01,"Tasmania","25",73.3
2019-01-01,"Tasmania","25",73.3
2020-01-01,"Tasmania","25",76.4
2021-01-01,"Tasmania","25",81.7
2022-01-01,"Tasmania","25",66.1
1975-01-01,"Victoria","25",170.8
1976-01-01,"Victoria","25",167.5
1977-01-01,"Victoria","25",159.8
1978-01-01,"Victoria","25",157.1
1979-01-01,"Victoria","25",150.9
1980-01-01,"Victoria","25",147.5
1981-01-01,"Victoria","25",146.3
1982-01-01,"Victoria","25",142
1983-01-01,"Victoria","25",144.4
1984-01-01,"Victoria","25",135.4
1985-01-01,"Victoria","25",136.7
1986-01-01,"Victoria","25",127.6
1987-01-01,"Victoria","25",127.5
1988-01-01,"Victoria","25",122.6
1989-01-01,"Victoria","25",117.7
1990-01-01,"Victoria","25",116.6
1991-01-01,"Victoria","25",111.6
1992-01-01,"Victoria","25",106.6
1993-01-01,"Victoria","25",100.6
1994-01-01,"Victoria","25",100.1
1995-01-01,"Victoria","25",93.8
1996-01-01,"Victoria","25",87.5
1997-01-01,"Victoria","25",83.1
1998-01-01,"Victoria","25",79.6
1999-01-01,"Victoria","25",73.8
2000-01-01,"Victoria","25",73.9
2001-01-01,"Victoria","25",70.1
2002-01-01,"Victoria","25",72.2
2003-01-01,"Victoria","25",67.6
2004-01-01,"Victoria","25",67.8
2005-01-01,"Victoria","25",67.6
2006-01-01,"Victoria","25",64.9
2007-01-01,"Victoria","25",73.5
2008-01-01,"Victoria","25",67.2
2009-01-01,"Victoria","25",67.7
2010-01-01,"Victoria","25",61.8
2011-01-01,"Victoria","25",65.3
2012-01-01,"Victoria","25",64.9
2013-01-01,"Victoria","25",61.1
2014-01-01,"Victoria","25",59.1
2015-01-01,"Victoria","25",55.3
2016-01-01,"Victoria","25",57.9
2017-01-01,"Victoria","25",58
2018-01-01,"Victoria","25",53.3
2019-01-01,"Victoria","25",47.1
2020-01-01,"Victoria","25",46.6
2021-01-01,"Victoria","25",47.9
2022-01-01,"Victoria","25",47.7
1975-01-01,"Western Australia","25",174.1
1976-01-01,"Western Australia","25",170.9
1977-01-01,"Western Australia","25",165.2
1978-01-01,"Western Australia","25",170
1979-01-01,"Western Australia","25",158.2
1980-01-01,"Western Australia","25",154.9
1981-01-01,"Western Australia","25",157.1
1982-01-01,"Western Australia","25",159.5
1983-01-01,"Western Australia","25",161.2
1984-01-01,"Western Australia","25",144.6
1985-01-01,"Western Australia","25",151.2
1986-01-01,"Western Australia","25",150.1
1987-01-01,"Western Australia","25",139.5
1988-01-01,"Western Australia","25",139.6
1989-01-01,"Western Australia","25",132.1
1990-01-01,"Western Australia","25",121.8
1991-01-01,"Western Australia","25",123
1992-01-01,"Western Australia","25",112.2
1993-01-01,"Western Australia","25",116.7
1994-01-01,"Western Australia","25",115
1995-01-01,"Western Australia","25",106.1
1996-01-01,"Western Australia","25",101
1997-01-01,"Western Australia","25",94.4
1998-01-01,"Western Australia","25",96.7
1999-01-01,"Western Australia","25",91.6
2000-01-01,"Western Australia","25",91.7
2001-01-01,"Western Australia","25",88.7
2002-01-01,"Western Australia","25",86
2003-01-01,"Western Australia","25",88.8
2004-01-01,"Western Australia","25",86
2005-01-01,"Western Australia","25",84.2
2006-01-01,"Western Australia","25",83.5
2007-01-01,"Western Australia","25",91.6
2008-01-01,"Western Australia","25",94.8
2009-01-01,"Western Australia","25",85.3
2010-01-01,"Western Australia","25",80.8
2011-01-01,"Western Australia","25",84
2012-01-01,"Western Australia","25",78.9
2013-01-01,"Western Australia","25",78.8
2014-01-01,"Western Australia","25",75.8
2015-01-01,"Western Australia","25",75.4
2016-01-01,"Western Australia","25",74.8
2017-01-01,"Western Australia","25",74.8
2018-01-01,"Western Australia","25",73.6
2019-01-01,"Western Australia","25",66.7
2020-01-01,"Western Australia","25",65.9
2021-01-01,"Western Australia","25",68.8
2022-01-01,"Western Australia","25",60.5
1975-01-01,"Australia","26",165.7
1976-01-01,"Australia","26",162.5
1977-01-01,"Australia","26",159
1978-01-01,"Australia","26",154.1
1979-01-01,"Australia","26",153.1
1980-01-01,"Australia","26",149.6
1981-01-01,"Australia","26",154.1
1982-01-01,"Australia","26",151.4
1983-01-01,"Australia","26",153.4
1984-01-01,"Australia","26",147.4
1985-01-01,"Australia","26",150.7
1986-01-01,"Australia","26",147
1987-01-01,"Australia","26",140.2
1988-01-01,"Australia","26",136.5
1989-01-01,"Australia","26",135.7
1990-01-01,"Australia","26",135.4
1991-01-01,"Australia","26",130.1
1992-01-01,"Australia","26",127.5
1993-01-01,"Australia","26",126.8
1994-01-01,"Australia","26",121.7
1995-01-01,"Australia","26",115.8
1996-01-01,"Australia","26",110.5
1997-01-01,"Australia","26",104.8
1998-01-01,"Australia","26",103
1999-01-01,"Australia","26",99.9
2000-01-01,"Australia","26",97.9
2001-01-01,"Australia","26",95.5
2002-01-01,"Australia","26",95.5
2003-01-01,"Australia","26",94.7
2004-01-01,"Australia","26",93.1
2005-01-01,"Australia","26",94.7
2006-01-01,"Australia","26",93.4
2007-01-01,"Australia","26",97.9
2008-01-01,"Australia","26",98.9
2009-01-01,"Australia","26",95.7
2010-01-01,"Australia","26",93
2011-01-01,"Australia","26",90.6
2012-01-01,"Australia","26",90
2013-01-01,"Australia","26",87.8
2014-01-01,"Australia","26",81.7
2015-01-01,"Australia","26",81.3
2016-01-01,"Australia","26",79.1
2017-01-01,"Australia","26",77.5
2018-01-01,"Australia","26",77
2019-01-01,"Australia","26",73.1
2020-01-01,"Australia","26",68.7
2021-01-01,"Australia","26",73.9
2022-01-01,"Australia","26",70.7
1975-01-01,"Australian Capital Territory","26",178.5
1976-01-01,"Australian Capital Territory","26",183.1
1977-01-01,"Australian Capital Territory","26",158.4
1978-01-01,"Australian Capital Territory","26",172.5
1979-01-01,"Australian Capital Territory","26",181
1980-01-01,"Australian Capital Territory","26",154.3
1981-01-01,"Australian Capital Territory","26",153.4
1982-01-01,"Australian Capital Territory","26",142.9
1983-01-01,"Australian Capital Territory","26",154.7
1984-01-01,"Australian Capital Territory","26",154.1
1985-01-01,"Australian Capital Territory","26",140
1986-01-01,"Australian Capital Territory","26",133
1987-01-01,"Australian Capital Territory","26",135.3
1988-01-01,"Australian Capital Territory","26",135.9
1989-01-01,"Australian Capital Territory","26",124.3
1990-01-01,"Australian Capital Territory","26",129.8
1991-01-01,"Australian Capital Territory","26",131.7
1992-01-01,"Australian Capital Territory","26",128.2
1993-01-01,"Australian Capital Territory","26",124.2
1994-01-01,"Australian Capital Territory","26",108.2
1995-01-01,"Australian Capital Territory","26",104.9
1996-01-01,"Australian Capital Territory","26",99.4
1997-01-01,"Australian Capital Territory","26",95.3
1998-01-01,"Australian Capital Territory","26",90.8
1999-01-01,"Australian Capital Territory","26",88.1
2000-01-01,"Australian Capital Territory","26",79.2
2001-01-01,"Australian Capital Territory","26",73.1
2002-01-01,"Australian Capital Territory","26",77.3
2003-01-01,"Australian Capital Territory","26",73.9
2004-01-01,"Australian Capital Territory","26",70.9
2005-01-01,"Australian Capital Territory","26",71.6
2006-01-01,"Australian Capital Territory","26",66.6
2007-01-01,"Australian Capital Territory","26",73.9
2008-01-01,"Australian Capital Territory","26",67.3
2009-01-01,"Australian Capital Territory","26",69.8
2010-01-01,"Australian Capital Territory","26",72
2011-01-01,"Australian Capital Territory","26",66.6
2012-01-01,"Australian Capital Territory","26",67.6
2013-01-01,"Australian Capital Territory","26",74
2014-01-01,"Australian Capital Territory","26",74.9
2015-01-01,"Australian Capital Territory","26",68.6
2016-01-01,"Australian Capital Territory","26",58.2
2017-01-01,"Australian Capital Territory","26",72.2
2018-01-01,"Australian Capital Territory","26",50.4
2019-01-01,"Australian Capital Territory","26",48.8
2020-01-01,"Australian Capital Territory","26",53.1
2021-01-01,"Australian Capital Territory","26",46.9
2022-01-01,"Australian Capital Territory","26",44.7
1975-01-01,"New South Wales","26",162
1976-01-01,"New South Wales","26",154.3
1977-01-01,"New South Wales","26",155.2
1978-01-01,"New South Wales","26",149.8
1979-01-01,"New South Wales","26",150.8
1980-01-01,"New South Wales","26",148.9
1981-01-01,"New South Wales","26",151.3
1982-01-01,"New South Wales","26",149.2
1983-01-01,"New South Wales","26",149.3
1984-01-01,"New South Wales","26",139.4
1985-01-01,"New South Wales","26",155.5
1986-01-01,"New South Wales","26",147.6
1987-01-01,"New South Wales","26",142.6
1988-01-01,"New South Wales","26",135.7
1989-01-01,"New South Wales","26",134.8
1990-01-01,"New South Wales","26",136.2
1991-01-01,"New South Wales","26",129.8
1992-01-01,"New South Wales","26",131.2
1993-01-01,"New South Wales","26",126.1
1994-01-01,"New South Wales","26",122.5
1995-01-01,"New South Wales","26",119.1
1996-01-01,"New South Wales","26",115.3
1997-01-01,"New South Wales","26",107.1
1998-01-01,"New South Wales","26",104.7
1999-01-01,"New South Wales","26",103.9
2000-01-01,"New South Wales","26",101
2001-01-01,"New South Wales","26",97.4
2002-01-01,"New South Wales","26",98.4
2003-01-01,"New South Wales","26",96.6
2004-01-01,"New South Wales","26",95.2
2005-01-01,"New South Wales","26",95.7
2006-01-01,"New South Wales","26",96.3
2007-01-01,"New South Wales","26",99
2008-01-01,"New South Wales","26",100.1
2009-01-01,"New South Wales","26",94.1
2010-01-01,"New South Wales","26",93.8
2011-01-01,"New South Wales","26",91.3
2012-01-01,"New South Wales","26",90
2013-01-01,"New South Wales","26",88.4
2014-01-01,"New South Wales","26",78
2015-01-01,"New South Wales","26",81.6
2016-01-01,"New South Wales","26",74.2
2017-01-01,"New South Wales","26",74.1
2018-01-01,"New South Wales","26",79.2
2019-01-01,"New South Wales","26",72
2020-01-01,"New South Wales","26",68.3
2021-01-01,"New South Wales","26",76.3
2022-01-01,"New South Wales","26",72.9
1975-01-01,"Northern Territory","26",143.7
1976-01-01,"Northern Territory","26",178.7
1977-01-01,"Northern Territory","26",155.1
1978-01-01,"Northern Territory","26",158.3
1979-01-01,"Northern Territory","26",166.9
1980-01-01,"Northern Territory","26",126
1981-01-01,"Northern Territory","26",156.8
1982-01-01,"Northern Territory","26",115.1
1983-01-01,"Northern Territory","26",144.9
1984-01-01,"Northern Territory","26",142.7
1985-01-01,"Northern Territory","26",125.1
1986-01-01,"Northern Territory","26",124.8
1987-01-01,"Northern Territory","26",125.6
1988-01-01,"Northern Territory","26",132.3
1989-01-01,"Northern Territory","26",136.9
1990-01-01,"Northern Territory","26",130.6
1991-01-01,"Northern Territory","26",120.5
1992-01-01,"Northern Territory","26",113.3
1993-01-01,"Northern Territory","26",115.9
1994-01-01,"Northern Territory","26",127.6
1995-01-01,"Northern Territory","26",125.6
1996-01-01,"Northern Territory","26",105.1
1997-01-01,"Northern Territory","26",108.4
1998-01-01,"Northern Territory","26",112.2
1999-01-01,"Northern Territory","26",103.4
2000-01-01,"Northern Territory","26",119.3
2001-01-01,"Northern Territory","26",107.3
2002-01-01,"Northern Territory","26",108.9
2003-01-01,"Northern Territory","26",118.8
2004-01-01,"Northern Territory","26",113.1
2005-01-01,"Northern Territory","26",122.2
2006-01-01,"Northern Territory","26",100.6
2007-01-01,"Northern Territory","26",113.7
2008-01-01,"Northern Territory","26",101.6
2009-01-01,"Northern Territory","26",91.7
2010-01-01,"Northern Territory","26",99.5
2011-01-01,"Northern Territory","26",112.3
2012-01-01,"Northern Territory","26",97.2
2013-01-01,"Northern Territory","26",96.4
2014-01-01,"Northern Territory","26",94.6
2015-01-01,"Northern Territory","26",92.1
2016-01-01,"Northern Territory","26",89.8
2017-01-01,"Northern Territory","26",86.7
2018-01-01,"Northern Territory","26",93.7
2019-01-01,"Northern Territory","26",77.3
2020-01-01,"Northern Territory","26",70.3
2021-01-01,"Northern Territory","26",84.1
2022-01-01,"Northern Territory","26",74.1
1975-01-01,"Queensland","26",168.3
1976-01-01,"Queensland","26",162.8
1977-01-01,"Queensland","26",163.8
1978-01-01,"Queensland","26",156
1979-01-01,"Queensland","26",151.4
1980-01-01,"Queensland","26",153.4
1981-01-01,"Queensland","26",158.7
1982-01-01,"Queensland","26",160.4
1983-01-01,"Queensland","26",162
1984-01-01,"Queensland","26",157.9
1985-01-01,"Queensland","26",147.3
1986-01-01,"Queensland","26",151.6
1987-01-01,"Queensland","26",138.6
1988-01-01,"Queensland","26",139
1989-01-01,"Queensland","26",137.8
1990-01-01,"Queensland","26",140.1
1991-01-01,"Queensland","26",136.3
1992-01-01,"Queensland","26",129.7
1993-01-01,"Queensland","26",129.7
1994-01-01,"Queensland","26",123.8
1995-01-01,"Queensland","26",118.8
1996-01-01,"Queensland","26",117.7
1997-01-01,"Queensland","26",109.8
1998-01-01,"Queensland","26",113.5
1999-01-01,"Queensland","26",106.6
2000-01-01,"Queensland","26",105.7
2001-01-01,"Queensland","26",105.6
2002-01-01,"Queensland","26",106.3
2003-01-01,"Queensland","26",106.4
2004-01-01,"Queensland","26",103.3
2005-01-01,"Queensland","26",104.4
2006-01-01,"Queensland","26",101.9
2007-01-01,"Queensland","26",114.7
2008-01-01,"Queensland","26",115.5
2009-01-01,"Queensland","26",112.2
2010-01-01,"Queensland","26",107.5
2011-01-01,"Queensland","26",105.3
2012-01-01,"Queensland","26",102
2013-01-01,"Queensland","26",99.2
2014-01-01,"Queensland","26",96.9
2015-01-01,"Queensland","26",96.6
2016-01-01,"Queensland","26",89.6
2017-01-01,"Queensland","26",88.3
2018-01-01,"Queensland","26",87.5
2019-01-01,"Queensland","26",88.1
2020-01-01,"Queensland","26",81.8
2021-01-01,"Queensland","26",88.4
2022-01-01,"Queensland","26",85.2
1975-01-01,"South Australia","26",166.6
1976-01-01,"South Australia","26",162.1
1977-01-01,"South Australia","26",160.2
1978-01-01,"South Australia","26",152.7
1979-01-01,"South Australia","26",150.6
1980-01-01,"South Australia","26",142.8
1981-01-01,"South Australia","26",151.8
1982-01-01,"South Australia","26",148.1
1983-01-01,"South Australia","26",153.2
1984-01-01,"South Australia","26",153.2
1985-01-01,"South Australia","26",149.7
1986-01-01,"South Australia","26",146.3
1987-01-01,"South Australia","26",132
1988-01-01,"South Australia","26",129.7
1989-01-01,"South Australia","26",129.4
1990-01-01,"South Australia","26",130.4
1991-01-01,"South Australia","26",130.9
1992-01-01,"South Australia","26",119.1
1993-01-01,"South Australia","26",127.3
1994-01-01,"South Australia","26",117.5
1995-01-01,"South Australia","26",111.2
1996-01-01,"South Australia","26",109
1997-01-01,"South Australia","26",101.7
1998-01-01,"South Australia","26",98.4
1999-01-01,"South Australia","26",95.9
2000-01-01,"South Australia","26",93
2001-01-01,"South Australia","26",96.4
2002-01-01,"South Australia","26",94.1
2003-01-01,"South Australia","26",88.4
2004-01-01,"South Australia","26",91.4
2005-01-01,"South Australia","26",99.3
2006-01-01,"South Australia","26",97
2007-01-01,"South Australia","26",97.6
2008-01-01,"South Australia","26",101.6
2009-01-01,"South Australia","26",101.2
2010-01-01,"South Australia","26",97.4
2011-01-01,"South Australia","26",89.8
2012-01-01,"South Australia","26",92.2
2013-01-01,"South Australia","26",96
2014-01-01,"South Australia","26",85.6
2015-01-01,"South Australia","26",83
2016-01-01,"South Australia","26",89.3
2017-01-01,"South Australia","26",79.7
2018-01-01,"South Australia","26",78.3
2019-01-01,"South Australia","26",77.9
2020-01-01,"South Australia","26",71.7
2021-01-01,"South Australia","26",74.9
2022-01-01,"South Australia","26",71.2
1975-01-01,"Tasmania","26",160.7
1976-01-01,"Tasmania","26",157.2
1977-01-01,"Tasmania","26",166.5
1978-01-01,"Tasmania","26",164.2
1979-01-01,"Tasmania","26",155.6
1980-01-01,"Tasmania","26",165
1981-01-01,"Tasmania","26",162.8
1982-01-01,"Tasmania","26",163.4
1983-01-01,"Tasmania","26",160.6
1984-01-01,"Tasmania","26",162.7
1985-01-01,"Tasmania","26",157.3
1986-01-01,"Tasmania","26",144.9
1987-01-01,"Tasmania","26",154.1
1988-01-01,"Tasmania","26",150.2
1989-01-01,"Tasmania","26",149.5
1990-01-01,"Tasmania","26",140.3
1991-01-01,"Tasmania","26",136.2
1992-01-01,"Tasmania","26",143.5
1993-01-01,"Tasmania","26",142.6
1994-01-01,"Tasmania","26",146
1995-01-01,"Tasmania","26",124.2
1996-01-01,"Tasmania","26",117
1997-01-01,"Tasmania","26",121.2
1998-01-01,"Tasmania","26",111
1999-01-01,"Tasmania","26",115.8
2000-01-01,"Tasmania","26",103
2001-01-01,"Tasmania","26",118.6
2002-01-01,"Tasmania","26",121.5
2003-01-01,"Tasmania","26",123.6
2004-01-01,"Tasmania","26",112.1
2005-01-01,"Tasmania","26",129.7
2006-01-01,"Tasmania","26",132.9
2007-01-01,"Tasmania","26",116.9
2008-01-01,"Tasmania","26",127.3
2009-01-01,"Tasmania","26",126.4
2010-01-01,"Tasmania","26",112.4
2011-01-01,"Tasmania","26",110
2012-01-01,"Tasmania","26",108.3
2013-01-01,"Tasmania","26",108.6
2014-01-01,"Tasmania","26",100
2015-01-01,"Tasmania","26",92.5
2016-01-01,"Tasmania","26",102.5
2017-01-01,"Tasmania","26",90.5
2018-01-01,"Tasmania","26",89.6
2019-01-01,"Tasmania","26",90.1
2020-01-01,"Tasmania","26",80.1
2021-01-01,"Tasmania","26",80.2
2022-01-01,"Tasmania","26",72.6
1975-01-01,"Victoria","26",169.9
1976-01-01,"Victoria","26",169.3
1977-01-01,"Victoria","26",158.9
1978-01-01,"Victoria","26",152.9
1979-01-01,"Victoria","26",153.4
1980-01-01,"Victoria","26",148.7
1981-01-01,"Victoria","26",151.5
1982-01-01,"Victoria","26",149.8
1983-01-01,"Victoria","26",151.8
1984-01-01,"Victoria","26",147.5
1985-01-01,"Victoria","26",146.9
1986-01-01,"Victoria","26",142.4
1987-01-01,"Victoria","26",139.3
1988-01-01,"Victoria","26",132.7
1989-01-01,"Victoria","26",133.1
1990-01-01,"Victoria","26",132.4
1991-01-01,"Victoria","26",125.4
1992-01-01,"Victoria","26",122.5
1993-01-01,"Victoria","26",124.2
1994-01-01,"Victoria","26",116.6
1995-01-01,"Victoria","26",107.5
1996-01-01,"Victoria","26",99.5
1997-01-01,"Victoria","26",97.8
1998-01-01,"Victoria","26",92.5
1999-01-01,"Victoria","26",88.5
2000-01-01,"Victoria","26",87.4
2001-01-01,"Victoria","26",83.9
2002-01-01,"Victoria","26",82.5
2003-01-01,"Victoria","26",84.5
2004-01-01,"Victoria","26",81.3
2005-01-01,"Victoria","26",81.2
2006-01-01,"Victoria","26",78.7
2007-01-01,"Victoria","26",83.4
2008-01-01,"Victoria","26",80.5
2009-01-01,"Victoria","26",81.6
2010-01-01,"Victoria","26",77
2011-01-01,"Victoria","26",77.9
2012-01-01,"Victoria","26",79.6
2013-01-01,"Victoria","26",73.9
2014-01-01,"Victoria","26",68.9
2015-01-01,"Victoria","26",67.4
2016-01-01,"Victoria","26",71.4
2017-01-01,"Victoria","26",68.4
2018-01-01,"Victoria","26",64
2019-01-01,"Victoria","26",58.9
2020-01-01,"Victoria","26",56.1
2021-01-01,"Victoria","26",56.8
2022-01-01,"Victoria","26",57.5
1975-01-01,"Western Australia","26",163.3
1976-01-01,"Western Australia","26",168.4
1977-01-01,"Western Australia","26",162.6
1978-01-01,"Western Australia","26",164.9
1979-01-01,"Western Australia","26",158.9
1980-01-01,"Western Australia","26",152.7
1981-01-01,"Western Australia","26",164.1
1982-01-01,"Western Australia","26",154.2
1983-01-01,"Western Australia","26",157.6
1984-01-01,"Western Australia","26",148.4
1985-01-01,"Western Australia","26",153.5
1986-01-01,"Western Australia","26",156.7
1987-01-01,"Western Australia","26",143.2
1988-01-01,"Western Australia","26",148.3
1989-01-01,"Western Australia","26",146.2
1990-01-01,"Western Australia","26",137
1991-01-01,"Western Australia","26",131.8
1992-01-01,"Western Australia","26",129.9
1993-01-01,"Western Australia","26",127.9
1994-01-01,"Western Australia","26",128.4
1995-01-01,"Western Australia","26",124.3
1996-01-01,"Western Australia","26",111.1
1997-01-01,"Western Australia","26",105.1
1998-01-01,"Western Australia","26",107.4
1999-01-01,"Western Australia","26",103.1
2000-01-01,"Western Australia","26",102.5
2001-01-01,"Western Australia","26",96.9
2002-01-01,"Western Australia","26",95.7
2003-01-01,"Western Australia","26",90.5
2004-01-01,"Western Australia","26",95.6
2005-01-01,"Western Australia","26",98.8
2006-01-01,"Western Australia","26",99.8
2007-01-01,"Western Australia","26",97.2
2008-01-01,"Western Australia","26",108.4
2009-01-01,"Western Australia","26",100.2
2010-01-01,"Western Australia","26",99.5
2011-01-01,"Western Australia","26",90.8
2012-01-01,"Western Australia","26",92.4
2013-01-01,"Western Australia","26",90.8
2014-01-01,"Western Australia","26",89.9
2015-01-01,"Western Australia","26",84.8
2016-01-01,"Western Australia","26",87
2017-01-01,"Western Australia","26",87.8
2018-01-01,"Western Australia","26",85
2019-01-01,"Western Australia","26",84.1
2020-01-01,"Western Australia","26",77.8
2021-01-01,"Western Australia","26",85.2
2022-01-01,"Western Australia","26",74.1
1975-01-01,"Australia","27",151.4
1976-01-01,"Australia","27",151.9
1977-01-01,"Australia","27",151.1
1978-01-01,"Australia","27",148.1
1979-01-01,"Australia","27",147.6
1980-01-01,"Australia","27",147.5
1981-01-01,"Australia","27",152.2
1982-01-01,"Australia","27",149.8
1983-01-01,"Australia","27",148
1984-01-01,"Australia","27",148.2
1985-01-01,"Australia","27",154.4
1986-01-01,"Australia","27",147.5
1987-01-01,"Australia","27",144.9
1988-01-01,"Australia","27",140.9
1989-01-01,"Australia","27",140.7
1990-01-01,"Australia","27",144.9
1991-01-01,"Australia","27",136.7
1992-01-01,"Australia","27",137.4
1993-01-01,"Australia","27",132
1994-01-01,"Australia","27",130
1995-01-01,"Australia","27",126.3
1996-01-01,"Australia","27",122.4
1997-01-01,"Australia","27",118.7
1998-01-01,"Australia","27",111.8
1999-01-01,"Australia","27",109.7
2000-01-01,"Australia","27",111
2001-01-01,"Australia","27",105.7
2002-01-01,"Australia","27",107.8
2003-01-01,"Australia","27",103.2
2004-01-01,"Australia","27",103.2
2005-01-01,"Australia","27",106.1
2006-01-01,"Australia","27",105.2
2007-01-01,"Australia","27",109.5
2008-01-01,"Australia","27",109
2009-01-01,"Australia","27",108.4
2010-01-01,"Australia","27",104.7
2011-01-01,"Australia","27",104.5
2012-01-01,"Australia","27",103.2
2013-01-01,"Australia","27",98.9
2014-01-01,"Australia","27",95.5
2015-01-01,"Australia","27",93.6
2016-01-01,"Australia","27",91.6
2017-01-01,"Australia","27",89.1
2018-01-01,"Australia","27",88.9
2019-01-01,"Australia","27",84
2020-01-01,"Australia","27",79.9
2021-01-01,"Australia","27",85.1
2022-01-01,"Australia","27",82.5
1975-01-01,"Australian Capital Territory","27",152.1
1976-01-01,"Australian Capital Territory","27",157.2
1977-01-01,"Australian Capital Territory","27",161.2
1978-01-01,"Australian Capital Territory","27",159.8
1979-01-01,"Australian Capital Territory","27",166.8
1980-01-01,"Australian Capital Territory","27",157.4
1981-01-01,"Australian Capital Territory","27",147.3
1982-01-01,"Australian Capital Territory","27",140.3
1983-01-01,"Australian Capital Territory","27",153.5
1984-01-01,"Australian Capital Territory","27",148.7
1985-01-01,"Australian Capital Territory","27",149.4
1986-01-01,"Australian Capital Territory","27",138.2
1987-01-01,"Australian Capital Territory","27",128.7
1988-01-01,"Australian Capital Territory","27",131.2
1989-01-01,"Australian Capital Territory","27",137.3
1990-01-01,"Australian Capital Territory","27",128.8
1991-01-01,"Australian Capital Territory","27",139.3
1992-01-01,"Australian Capital Territory","27",127.8
1993-01-01,"Australian Capital Territory","27",126.9
1994-01-01,"Australian Capital Territory","27",119.5
1995-01-01,"Australian Capital Territory","27",126.9
1996-01-01,"Australian Capital Territory","27",122.8
1997-01-01,"Australian Capital Territory","27",106.4
1998-01-01,"Australian Capital Territory","27",94.1
1999-01-01,"Australian Capital Territory","27",98.6
2000-01-01,"Australian Capital Territory","27",96.9
2001-01-01,"Australian Capital Territory","27",97.5
2002-01-01,"Australian Capital Territory","27",94.2
2003-01-01,"Australian Capital Territory","27",78.3
2004-01-01,"Australian Capital Territory","27",76.4
2005-01-01,"Australian Capital Territory","27",77.5
2006-01-01,"Australian Capital Territory","27",96.7
2007-01-01,"Australian Capital Territory","27",95.9
2008-01-01,"Australian Capital Territory","27",83.4
2009-01-01,"Australian Capital Territory","27",83.9
2010-01-01,"Australian Capital Territory","27",86.5
2011-01-01,"Australian Capital Territory","27",82.4
2012-01-01,"Australian Capital Territory","27",93.4
2013-01-01,"Australian Capital Territory","27",88.8
2014-01-01,"Australian Capital Territory","27",87.2
2015-01-01,"Australian Capital Territory","27",82.2
2016-01-01,"Australian Capital Territory","27",73.6
2017-01-01,"Australian Capital Territory","27",76.4
2018-01-01,"Australian Capital Territory","27",69
2019-01-01,"Australian Capital Territory","27",66
2020-01-01,"Australian Capital Territory","27",58.4
2021-01-01,"Australian Capital Territory","27",63.3
2022-01-01,"Australian Capital Territory","27",67.1
1975-01-01,"New South Wales","27",151.2
1976-01-01,"New South Wales","27",150.2
1977-01-01,"New South Wales","27",149.8
1978-01-01,"New South Wales","27",148.5
1979-01-01,"New South Wales","27",145.6
1980-01-01,"New South Wales","27",147.6
1981-01-01,"New South Wales","27",152.1
1982-01-01,"New South Wales","27",149.5
1983-01-01,"New South Wales","27",146.8
1984-01-01,"New South Wales","27",143.3
1985-01-01,"New South Wales","27",156.7
1986-01-01,"New South Wales","27",148.8
1987-01-01,"New South Wales","27",147.9
1988-01-01,"New South Wales","27",138.6
1989-01-01,"New South Wales","27",139.1
1990-01-01,"New South Wales","27",146.3
1991-01-01,"New South Wales","27",134
1992-01-01,"New South Wales","27",139.6
1993-01-01,"New South Wales","27",134.2
1994-01-01,"New South Wales","27",130.8
1995-01-01,"New South Wales","27",125.4
1996-01-01,"New South Wales","27",124.4
1997-01-01,"New South Wales","27",122.3
1998-01-01,"New South Wales","27",112.9
1999-01-01,"New South Wales","27",115.7
2000-01-01,"New South Wales","27",115
2001-01-01,"New South Wales","27",105.8
2002-01-01,"New South Wales","27",113.2
2003-01-01,"New South Wales","27",106.7
2004-01-01,"New South Wales","27",104.3
2005-01-01,"New South Wales","27",110
2006-01-01,"New South Wales","27",108.9
2007-01-01,"New South Wales","27",109.4
2008-01-01,"New South Wales","27",110.6
2009-01-01,"New South Wales","27",109.4
2010-01-01,"New South Wales","27",108.2
2011-01-01,"New South Wales","27",105.9
2012-01-01,"New South Wales","27",101
2013-01-01,"New South Wales","27",101.9
2014-01-01,"New South Wales","27",91.5
2015-01-01,"New South Wales","27",96.9
2016-01-01,"New South Wales","27",86.6
2017-01-01,"New South Wales","27",87.1
2018-01-01,"New South Wales","27",93.6
2019-01-01,"New South Wales","27",83.9
2020-01-01,"New South Wales","27",81.9
2021-01-01,"New South Wales","27",86.7
2022-01-01,"New South Wales","27",86
1975-01-01,"Northern Territory","27",117.5
1976-01-01,"Northern Territory","27",127.5
1977-01-01,"Northern Territory","27",162.2
1978-01-01,"Northern Territory","27",143.9
1979-01-01,"Northern Territory","27",138.7
1980-01-01,"Northern Territory","27",142.8
1981-01-01,"Northern Territory","27",141.7
1982-01-01,"Northern Territory","27",135.4
1983-01-01,"Northern Territory","27",126.7
1984-01-01,"Northern Territory","27",144.5
1985-01-01,"Northern Territory","27",144.2
1986-01-01,"Northern Territory","27",117.9
1987-01-01,"Northern Territory","27",120.3
1988-01-01,"Northern Territory","27",122.6
1989-01-01,"Northern Territory","27",130.5
1990-01-01,"Northern Territory","27",98.9
1991-01-01,"Northern Territory","27",123.7
1992-01-01,"Northern Territory","27",110.9
1993-01-01,"Northern Territory","27",121.8
1994-01-01,"Northern Territory","27",123.4
1995-01-01,"Northern Territory","27",126.4
1996-01-01,"Northern Territory","27",138.7
1997-01-01,"Northern Territory","27",119
1998-01-01,"Northern Territory","27",119.2
1999-01-01,"Northern Territory","27",98.9
2000-01-01,"Northern Territory","27",102.1
2001-01-01,"Northern Territory","27",113.4
2002-01-01,"Northern Territory","27",112.9
2003-01-01,"Northern Territory","27",101.9
2004-01-01,"Northern Territory","27",116.4
2005-01-01,"Northern Territory","27",125.1
2006-01-01,"Northern Territory","27",103
2007-01-01,"Northern Territory","27",103.4
2008-01-01,"Northern Territory","27",113.9
2009-01-01,"Northern Territory","27",102.2
2010-01-01,"Northern Territory","27",103.9
2011-01-01,"Northern Territory","27",112.8
2012-01-01,"Northern Territory","27",103
2013-01-01,"Northern Territory","27",109.2
2014-01-01,"Northern Territory","27",95.1
2015-01-01,"Northern Territory","27",87.4
2016-01-01,"Northern Territory","27",100
2017-01-01,"Northern Territory","27",98.4
2018-01-01,"Northern Territory","27",100
2019-01-01,"Northern Territory","27",87.5
2020-01-01,"Northern Territory","27",94.5
2021-01-01,"Northern Territory","27",89
2022-01-01,"Northern Territory","27",82.5
1975-01-01,"Queensland","27",157.3
1976-01-01,"Queensland","27",155.5
1977-01-01,"Queensland","27",147.1
1978-01-01,"Queensland","27",145.4
1979-01-01,"Queensland","27",143.7
1980-01-01,"Queensland","27",146.4
1981-01-01,"Queensland","27",154.2
1982-01-01,"Queensland","27",149.2
1983-01-01,"Queensland","27",154.4
1984-01-01,"Queensland","27",151.8
1985-01-01,"Queensland","27",153.6
1986-01-01,"Queensland","27",143.2
1987-01-01,"Queensland","27",142.3
1988-01-01,"Queensland","27",143.3
1989-01-01,"Queensland","27",137.4
1990-01-01,"Queensland","27",144.5
1991-01-01,"Queensland","27",139.2
1992-01-01,"Queensland","27",140.5
1993-01-01,"Queensland","27",135.1
1994-01-01,"Queensland","27",133.4
1995-01-01,"Queensland","27",132.4
1996-01-01,"Queensland","27",122.5
1997-01-01,"Queensland","27",119.4
1998-01-01,"Queensland","27",115.8
1999-01-01,"Queensland","27",113.3
2000-01-01,"Queensland","27",117.4
2001-01-01,"Queensland","27",118.3
2002-01-01,"Queensland","27",114
2003-01-01,"Queensland","27",110.2
2004-01-01,"Queensland","27",113
2005-01-01,"Queensland","27",114.6
2006-01-01,"Queensland","27",110
2007-01-01,"Queensland","27",121.9
2008-01-01,"Queensland","27",123.2
2009-01-01,"Queensland","27",122.3
2010-01-01,"Queensland","27",113
2011-01-01,"Queensland","27",115.4
2012-01-01,"Queensland","27",113.3
2013-01-01,"Queensland","27",109.2
2014-01-01,"Queensland","27",110.3
2015-01-01,"Queensland","27",101.1
2016-01-01,"Queensland","27",103.7
2017-01-01,"Queensland","27",95.5
2018-01-01,"Queensland","27",98.1
2019-01-01,"Queensland","27",94.2
2020-01-01,"Queensland","27",89.1
2021-01-01,"Queensland","27",98.6
2022-01-01,"Queensland","27",94.3
1975-01-01,"South Australia","27",145.7
1976-01-01,"South Australia","27",140.7
1977-01-01,"South Australia","27",148
1978-01-01,"South Australia","27",140.1
1979-01-01,"South Australia","27",142.4
1980-01-01,"South Australia","27",135.1
1981-01-01,"South Australia","27",151.5
1982-01-01,"South Australia","27",147.5
1983-01-01,"South Australia","27",141.7
1984-01-01,"South Australia","27",147
1985-01-01,"South Australia","27",141.7
1986-01-01,"South Australia","27",139.1
1987-01-01,"South Australia","27",137.3
1988-01-01,"South Australia","27",135.2
1989-01-01,"South Australia","27",135.6
1990-01-01,"South Australia","27",139.4
1991-01-01,"South Australia","27",133.4
1992-01-01,"South Australia","27",123
1993-01-01,"South Australia","27",124.7
1994-01-01,"South Australia","27",130.8
1995-01-01,"South Australia","27",125.1
1996-01-01,"South Australia","27",121.5
1997-01-01,"South Australia","27",114.5
1998-01-01,"South Australia","27",107
1999-01-01,"South Australia","27",108.6
2000-01-01,"South Australia","27",109.1
2001-01-01,"South Australia","27",102.1
2002-01-01,"South Australia","27",103.4
2003-01-01,"South Australia","27",100.4
2004-01-01,"South Australia","27",99.1
2005-01-01,"South Australia","27",113.7
2006-01-01,"South Australia","27",111
2007-01-01,"South Australia","27",120
2008-01-01,"South Australia","27",118.7
2009-01-01,"South Australia","27",110.3
2010-01-01,"South Australia","27",110.6
2011-01-01,"South Australia","27",110.5
2012-01-01,"South Australia","27",109.5
2013-01-01,"South Australia","27",102.2
2014-01-01,"South Australia","27",104
2015-01-01,"South Australia","27",99.1
2016-01-01,"South Australia","27",97.5
2017-01-01,"South Australia","27",92.6
2018-01-01,"South Australia","27",91.4
2019-01-01,"South Australia","27",87.5
2020-01-01,"South Australia","27",89.2
2021-01-01,"South Australia","27",90.9
2022-01-01,"South Australia","27",89.4
1975-01-01,"Tasmania","27",142.9
1976-01-01,"Tasmania","27",143
1977-01-01,"Tasmania","27",160.6
1978-01-01,"Tasmania","27",144.5
1979-01-01,"Tasmania","27",150.6
1980-01-01,"Tasmania","27",146.4
1981-01-01,"Tasmania","27",155.6
1982-01-01,"Tasmania","27",139.1
1983-01-01,"Tasmania","27",145.6
1984-01-01,"Tasmania","27",160.2
1985-01-01,"Tasmania","27",155.8
1986-01-01,"Tasmania","27",149.7
1987-01-01,"Tasmania","27",154
1988-01-01,"Tasmania","27",157.8
1989-01-01,"Tasmania","27",140.7
1990-01-01,"Tasmania","27",157.5
1991-01-01,"Tasmania","27",137.8
1992-01-01,"Tasmania","27",144.8
1993-01-01,"Tasmania","27",145.6
1994-01-01,"Tasmania","27",141.9
1995-01-01,"Tasmania","27",132.8
1996-01-01,"Tasmania","27",131.1
1997-01-01,"Tasmania","27",127.4
1998-01-01,"Tasmania","27",129.7
1999-01-01,"Tasmania","27",126.9
2000-01-01,"Tasmania","27",130.1
2001-01-01,"Tasmania","27",135.1
2002-01-01,"Tasmania","27",118.1
2003-01-01,"Tasmania","27",108.1
2004-01-01,"Tasmania","27",122.3
2005-01-01,"Tasmania","27",124.8
2006-01-01,"Tasmania","27",131.1
2007-01-01,"Tasmania","27",134.2
2008-01-01,"Tasmania","27",123.4
2009-01-01,"Tasmania","27",135.4
2010-01-01,"Tasmania","27",134.7
2011-01-01,"Tasmania","27",132.2
2012-01-01,"Tasmania","27",115.2
2013-01-01,"Tasmania","27",123.1
2014-01-01,"Tasmania","27",116.8
2015-01-01,"Tasmania","27",107.2
2016-01-01,"Tasmania","27",106.3
2017-01-01,"Tasmania","27",103.1
2018-01-01,"Tasmania","27",86.9
2019-01-01,"Tasmania","27",99.8
2020-01-01,"Tasmania","27",90.1
2021-01-01,"Tasmania","27",86.4
2022-01-01,"Tasmania","27",83.6
1975-01-01,"Victoria","27",152.8
1976-01-01,"Victoria","27",156.8
1977-01-01,"Victoria","27",153.9
1978-01-01,"Victoria","27",151
1979-01-01,"Victoria","27",151.1
1980-01-01,"Victoria","27",151
1981-01-01,"Victoria","27",152.6
1982-01-01,"Victoria","27",152.3
1983-01-01,"Victoria","27",147
1984-01-01,"Victoria","27",149.9
1985-01-01,"Victoria","27",156
1986-01-01,"Victoria","27",147.7
1987-01-01,"Victoria","27",144.7
1988-01-01,"Victoria","27",138.8
1989-01-01,"Victoria","27",144.1
1990-01-01,"Victoria","27",146
1991-01-01,"Victoria","27",136.3
1992-01-01,"Victoria","27",136.6
1993-01-01,"Victoria","27",130
1994-01-01,"Victoria","27",127.2
1995-01-01,"Victoria","27",121.3
1996-01-01,"Victoria","27",117
1997-01-01,"Victoria","27",112.8
1998-01-01,"Victoria","27",108.6
1999-01-01,"Victoria","27",97.5
2000-01-01,"Victoria","27",100.9
2001-01-01,"Victoria","27",96.6
2002-01-01,"Victoria","27",97.9
2003-01-01,"Victoria","27",95.2
2004-01-01,"Victoria","27",94
2005-01-01,"Victoria","27",91.6
2006-01-01,"Victoria","27",91.3
2007-01-01,"Victoria","27",98.3
2008-01-01,"Victoria","27",91.6
2009-01-01,"Victoria","27",96.7
2010-01-01,"Victoria","27",89.7
2011-01-01,"Victoria","27",91.3
2012-01-01,"Victoria","27",96.5
2013-01-01,"Victoria","27",86
2014-01-01,"Victoria","27",84.8
2015-01-01,"Victoria","27",80.1
2016-01-01,"Victoria","27",86.3
2017-01-01,"Victoria","27",83.4
2018-01-01,"Victoria","27",74.1
2019-01-01,"Victoria","27",72.6
2020-01-01,"Victoria","27",66.5
2021-01-01,"Victoria","27",71.3
2022-01-01,"Victoria","27",68.5
1975-01-01,"Western Australia","27",149.7
1976-01-01,"Western Australia","27",152.9
1977-01-01,"Western Australia","27",150.4
1978-01-01,"Western Australia","27",149.8
1979-01-01,"Western Australia","27",152.2
1980-01-01,"Western Australia","27",149.6
1981-01-01,"Western Australia","27",150.2
1982-01-01,"Western Australia","27",153.7
1983-01-01,"Western Australia","27",153.3
1984-01-01,"Western Australia","27",153.1
1985-01-01,"Western Australia","27",156.9
1986-01-01,"Western Australia","27",161.9
1987-01-01,"Western Australia","27",149.9
1988-01-01,"Western Australia","27",154.9
1989-01-01,"Western Australia","27",149.1
1990-01-01,"Western Australia","27",148
1991-01-01,"Western Australia","27",147
1992-01-01,"Western Australia","27",142.2
1993-01-01,"Western Australia","27",129.4
1994-01-01,"Western Australia","27",127.9
1995-01-01,"Western Australia","27",130.7
1996-01-01,"Western Australia","27",125.8
1997-01-01,"Western Australia","27",124
1998-01-01,"Western Australia","27",110.7
1999-01-01,"Western Australia","27",113.9
2000-01-01,"Western Australia","27",112
2001-01-01,"Western Australia","27",101.9
2002-01-01,"Western Australia","27",105.8
2003-01-01,"Western Australia","27",104
2004-01-01,"Western Australia","27",106.4
2005-01-01,"Western Australia","27",107
2006-01-01,"Western Australia","27",112.1
2007-01-01,"Western Australia","27",105.9
2008-01-01,"Western Australia","27",114.5
2009-01-01,"Western Australia","27",106.9
2010-01-01,"Western Australia","27",109.4
2011-01-01,"Western Australia","27",106
2012-01-01,"Western Australia","27",102.7
2013-01-01,"Western Australia","27",97.5
2014-01-01,"Western Australia","27",99.2
2015-01-01,"Western Australia","27",100.9
2016-01-01,"Western Australia","27",94.6
2017-01-01,"Western Australia","27",95.2
2018-01-01,"Western Australia","27",97.4
2019-01-01,"Western Australia","27",93.4
2020-01-01,"Western Australia","27",87
2021-01-01,"Western Australia","27",90.1
2022-01-01,"Western Australia","27",83.5
1975-01-01,"Australia","28",134.8
1976-01-01,"Australia","28",135.7
1977-01-01,"Australia","28",138.2
1978-01-01,"Australia","28",137.2
1979-01-01,"Australia","28",135.4
1980-01-01,"Australia","28",137.6
1981-01-01,"Australia","28",141.5
1982-01-01,"Australia","28",141.8
1983-01-01,"Australia","28",144
1984-01-01,"Australia","28",137.5
1985-01-01,"Australia","28",148.7
1986-01-01,"Australia","28",143.6
1987-01-01,"Australia","28",143.8
1988-01-01,"Australia","28",143.3
1989-01-01,"Australia","28",138.9
1990-01-01,"Australia","28",146.5
1991-01-01,"Australia","28",140.4
1992-01-01,"Australia","28",140.4
1993-01-01,"Australia","28",139.2
1994-01-01,"Australia","28",134.6
1995-01-01,"Australia","28",133.1
1996-01-01,"Australia","28",129.7
1997-01-01,"Australia","28",125.7
1998-01-01,"Australia","28",125
1999-01-01,"Australia","28",119.3
2000-01-01,"Australia","28",119.2
2001-01-01,"Australia","28",114.9
2002-01-01,"Australia","28",115.3
2003-01-01,"Australia","28",114.3
2004-01-01,"Australia","28",113.7
2005-01-01,"Australia","28",118
2006-01-01,"Australia","28",117
2007-01-01,"Australia","28",124.8
2008-01-01,"Australia","28",121.8
2009-01-01,"Australia","28",118.5
2010-01-01,"Australia","28",117.9
2011-01-01,"Australia","28",115.7
2012-01-01,"Australia","28",117
2013-01-01,"Australia","28",111.3
2014-01-01,"Australia","28",106.4
2015-01-01,"Australia","28",105.9
2016-01-01,"Australia","28",106
2017-01-01,"Australia","28",100.6
2018-01-01,"Australia","28",101.2
2019-01-01,"Australia","28",95.2
2020-01-01,"Australia","28",91.2
2021-01-01,"Australia","28",98.1
2022-01-01,"Australia","28",94.3
1975-01-01,"Australian Capital Territory","28",144.3
1976-01-01,"Australian Capital Territory","28",145.7
1977-01-01,"Australian Capital Territory","28",163.8
1978-01-01,"Australian Capital Territory","28",136.6
1979-01-01,"Australian Capital Territory","28",156
1980-01-01,"Australian Capital Territory","28",159.4
1981-01-01,"Australian Capital Territory","28",150.7
1982-01-01,"Australian Capital Territory","28",148.7
1983-01-01,"Australian Capital Territory","28",145.9
1984-01-01,"Australian Capital Territory","28",154
1985-01-01,"Australian Capital Territory","28",164
1986-01-01,"Australian Capital Territory","28",148.8
1987-01-01,"Australian Capital Territory","28",150.8
1988-01-01,"Australian Capital Territory","28",140.3
1989-01-01,"Australian Capital Territory","28",115.2
1990-01-01,"Australian Capital Territory","28",143.3
1991-01-01,"Australian Capital Territory","28",142.9
1992-01-01,"Australian Capital Territory","28",140.5
1993-01-01,"Australian Capital Territory","28",127.5
1994-01-01,"Australian Capital Territory","28",126.7
1995-01-01,"Australian Capital Territory","28",120.5
1996-01-01,"Australian Capital Territory","28",123.2
1997-01-01,"Australian Capital Territory","28",107.6
1998-01-01,"Australian Capital Territory","28",119
1999-01-01,"Australian Capital Territory","28",104.2
2000-01-01,"Australian Capital Territory","28",116.7
2001-01-01,"Australian Capital Territory","28",117.4
2002-01-01,"Australian Capital Territory","28",112.9
2003-01-01,"Australian Capital Territory","28",103.4
2004-01-01,"Australian Capital Territory","28",96.3
2005-01-01,"Australian Capital Territory","28",91.4
2006-01-01,"Australian Capital Territory","28",106.1
2007-01-01,"Australian Capital Territory","28",111.1
2008-01-01,"Australian Capital Territory","28",100.7
2009-01-01,"Australian Capital Territory","28",101.4
2010-01-01,"Australian Capital Territory","28",103.6
2011-01-01,"Australian Capital Territory","28",89.6
2012-01-01,"Australian Capital Territory","28",109.1
2013-01-01,"Australian Capital Territory","28",107.2
2014-01-01,"Australian Capital Territory","28",107.2
2015-01-01,"Australian Capital Territory","28",101.1
2016-01-01,"Australian Capital Territory","28",98.5
2017-01-01,"Australian Capital Territory","28",101.2
2018-01-01,"Australian Capital Territory","28",86
2019-01-01,"Australian Capital Territory","28",85.3
2020-01-01,"Australian Capital Territory","28",78.4
2021-01-01,"Australian Capital Territory","28",72.5
2022-01-01,"Australian Capital Territory","28",78.5
1975-01-01,"New South Wales","28",136.6
1976-01-01,"New South Wales","28",138.8
1977-01-01,"New South Wales","28",136.9
1978-01-01,"New South Wales","28",138
1979-01-01,"New South Wales","28",135.9
1980-01-01,"New South Wales","28",139.5
1981-01-01,"New South Wales","28",142
1982-01-01,"New South Wales","28",139.2
1983-01-01,"New South Wales","28",142.8
1984-01-01,"New South Wales","28",131.1
1985-01-01,"New South Wales","28",150.2
1986-01-01,"New South Wales","28",143
1987-01-01,"New South Wales","28",145.1
1988-01-01,"New South Wales","28",143.3
1989-01-01,"New South Wales","28",138.2
1990-01-01,"New South Wales","28",148.2
1991-01-01,"New South Wales","28",140.6
1992-01-01,"New South Wales","28",145.7
1993-01-01,"New South Wales","28",140.5
1994-01-01,"New South Wales","28",134.6
1995-01-01,"New South Wales","28",134.4
1996-01-01,"New South Wales","28",130.1
1997-01-01,"New South Wales","28",129.3
1998-01-01,"New South Wales","28",128.5
1999-01-01,"New South Wales","28",121.8
2000-01-01,"New South Wales","28",122.2
2001-01-01,"New South Wales","28",116.4
2002-01-01,"New South Wales","28",117.6
2003-01-01,"New South Wales","28",117.3
2004-01-01,"New South Wales","28",115.8
2005-01-01,"New South Wales","28",119.9
2006-01-01,"New South Wales","28",120.9
2007-01-01,"New South Wales","28",122.6
2008-01-01,"New South Wales","28",121.7
2009-01-01,"New South Wales","28",116.8
2010-01-01,"New South Wales","28",120.3
2011-01-01,"New South Wales","28",119.8
2012-01-01,"New South Wales","28",115.7
2013-01-01,"New South Wales","28",115.6
2014-01-01,"New South Wales","28",101.7
2015-01-01,"New South Wales","28",108.5
2016-01-01,"New South Wales","28",102.8
2017-01-01,"New South Wales","28",97.7
2018-01-01,"New South Wales","28",107.9
2019-01-01,"New South Wales","28",97.9
2020-01-01,"New South Wales","28",91.2
2021-01-01,"New South Wales","28",100.5
2022-01-01,"New South Wales","28",98.1
1975-01-01,"Northern Territory","28",133.9
1976-01-01,"Northern Territory","28",153
1977-01-01,"Northern Territory","28",144
1978-01-01,"Northern Territory","28",148.7
1979-01-01,"Northern Territory","28",131.5
1980-01-01,"Northern Territory","28",112
1981-01-01,"Northern Territory","28",150.2
1982-01-01,"Northern Territory","28",117.1
1983-01-01,"Northern Territory","28",132.5
1984-01-01,"Northern Territory","28",120.9
1985-01-01,"Northern Territory","28",140.6
1986-01-01,"Northern Territory","28",128.4
1987-01-01,"Northern Territory","28",154.5
1988-01-01,"Northern Territory","28",138.5
1989-01-01,"Northern Territory","28",114.4
1990-01-01,"Northern Territory","28",130.9
1991-01-01,"Northern Territory","28",118.6
1992-01-01,"Northern Territory","28",118.2
1993-01-01,"Northern Territory","28",138.9
1994-01-01,"Northern Territory","28",115
1995-01-01,"Northern Territory","28",121.5
1996-01-01,"Northern Territory","28",110.6
1997-01-01,"Northern Territory","28",114.8
1998-01-01,"Northern Territory","28",120.6
1999-01-01,"Northern Territory","28",109.9
2000-01-01,"Northern Territory","28",104.7
2001-01-01,"Northern Territory","28",110.2
2002-01-01,"Northern Territory","28",109.1
2003-01-01,"Northern Territory","28",117.9
2004-01-01,"Northern Territory","28",97.7
2005-01-01,"Northern Territory","28",126.6
2006-01-01,"Northern Territory","28",114.1
2007-01-01,"Northern Territory","28",115.8
2008-01-01,"Northern Territory","28",115.6
2009-01-01,"Northern Territory","28",107.1
2010-01-01,"Northern Territory","28",117.8
2011-01-01,"Northern Territory","28",108
2012-01-01,"Northern Territory","28",108.2
2013-01-01,"Northern Territory","28",102.2
2014-01-01,"Northern Territory","28",117
2015-01-01,"Northern Territory","28",112.4
2016-01-01,"Northern Territory","28",99.5
2017-01-01,"Northern Territory","28",92
2018-01-01,"Northern Territory","28",84.9
2019-01-01,"Northern Territory","28",92
2020-01-01,"Northern Territory","28",90.7
2021-01-01,"Northern Territory","28",84.2
2022-01-01,"Northern Territory","28",85.2
1975-01-01,"Queensland","28",136.8
1976-01-01,"Queensland","28",134.3
1977-01-01,"Queensland","28",137.7
1978-01-01,"Queensland","28",133.5
1979-01-01,"Queensland","28",137.8
1980-01-01,"Queensland","28",132.5
1981-01-01,"Queensland","28",136.5
1982-01-01,"Queensland","28",144.1
1983-01-01,"Queensland","28",148.2
1984-01-01,"Queensland","28",144.4
1985-01-01,"Queensland","28",144.6
1986-01-01,"Queensland","28",142.7
1987-01-01,"Queensland","28",138.7
1988-01-01,"Queensland","28",138.8
1989-01-01,"Queensland","28",137.8
1990-01-01,"Queensland","28",145.5
1991-01-01,"Queensland","28",139.3
1992-01-01,"Queensland","28",141.3
1993-01-01,"Queensland","28",142.7
1994-01-01,"Queensland","28",135.3
1995-01-01,"Queensland","28",131
1996-01-01,"Queensland","28",127.9
1997-01-01,"Queensland","28",126.4
1998-01-01,"Queensland","28",127.2
1999-01-01,"Queensland","28",120.3
2000-01-01,"Queensland","28",126.3
2001-01-01,"Queensland","28",121.5
2002-01-01,"Queensland","28",117.3
2003-01-01,"Queensland","28",116.3
2004-01-01,"Queensland","28",119.2
2005-01-01,"Queensland","28",123.7
2006-01-01,"Queensland","28",118.8
2007-01-01,"Queensland","28",139.4
2008-01-01,"Queensland","28",135.8
2009-01-01,"Queensland","28",137
2010-01-01,"Queensland","28",128.8
2011-01-01,"Queensland","28",124.8
2012-01-01,"Queensland","28",125.3
2013-01-01,"Queensland","28",118.5
2014-01-01,"Queensland","28",117.2
2015-01-01,"Queensland","28",112
2016-01-01,"Queensland","28",110.7
2017-01-01,"Queensland","28",108.5
2018-01-01,"Queensland","28",107.7
2019-01-01,"Queensland","28",102.2
2020-01-01,"Queensland","28",99.4
2021-01-01,"Queensland","28",106.8
2022-01-01,"Queensland","28",106.8
1975-01-01,"South Australia","28",116.4
1976-01-01,"South Australia","28",120.7
1977-01-01,"South Australia","28",125.8
1978-01-01,"South Australia","28",123.6
1979-01-01,"South Australia","28",129.3
1980-01-01,"South Australia","28",127.6
1981-01-01,"South Australia","28",134
1982-01-01,"South Australia","28",139.3
1983-01-01,"South Australia","28",134.4
1984-01-01,"South Australia","28",138.8
1985-01-01,"South Australia","28",139.8
1986-01-01,"South Australia","28",131.5
1987-01-01,"South Australia","28",139.3
1988-01-01,"South Australia","28",132.7
1989-01-01,"South Australia","28",132.3
1990-01-01,"South Australia","28",136.9
1991-01-01,"South Australia","28",130.9
1992-01-01,"South Australia","28",130.4
1993-01-01,"South Australia","28",132.1
1994-01-01,"South Australia","28",129.3
1995-01-01,"South Australia","28",136.3
1996-01-01,"South Australia","28",130.8
1997-01-01,"South Australia","28",124.9
1998-01-01,"South Australia","28",126.9
1999-01-01,"South Australia","28",122.5
2000-01-01,"South Australia","28",113.2
2001-01-01,"South Australia","28",109.5
2002-01-01,"South Australia","28",119.5
2003-01-01,"South Australia","28",118.8
2004-01-01,"South Australia","28",109.5
2005-01-01,"South Australia","28",122.3
2006-01-01,"South Australia","28",118
2007-01-01,"South Australia","28",124.9
2008-01-01,"South Australia","28",127.7
2009-01-01,"South Australia","28",119
2010-01-01,"South Australia","28",123
2011-01-01,"South Australia","28",116.3
2012-01-01,"South Australia","28",123.3
2013-01-01,"South Australia","28",119.8
2014-01-01,"South Australia","28",113.4
2015-01-01,"South Australia","28",110.7
2016-01-01,"South Australia","28",108.5
2017-01-01,"South Australia","28",107.1
2018-01-01,"South Australia","28",101.5
2019-01-01,"South Australia","28",102.7
2020-01-01,"South Australia","28",98.8
2021-01-01,"South Australia","28",109.3
2022-01-01,"South Australia","28",99.7
1975-01-01,"Tasmania","28",123.9
1976-01-01,"Tasmania","28",112.1
1977-01-01,"Tasmania","28",127.7
1978-01-01,"Tasmania","28",120.4
1979-01-01,"Tasmania","28",129.2
1980-01-01,"Tasmania","28",127.7
1981-01-01,"Tasmania","28",136.6
1982-01-01,"Tasmania","28",144.5
1983-01-01,"Tasmania","28",147.6
1984-01-01,"Tasmania","28",140.6
1985-01-01,"Tasmania","28",154.3
1986-01-01,"Tasmania","28",138.9
1987-01-01,"Tasmania","28",139
1988-01-01,"Tasmania","28",139.9
1989-01-01,"Tasmania","28",154.5
1990-01-01,"Tasmania","28",151
1991-01-01,"Tasmania","28",143.7
1992-01-01,"Tasmania","28",138
1993-01-01,"Tasmania","28",141.8
1994-01-01,"Tasmania","28",135.5
1995-01-01,"Tasmania","28",131.6
1996-01-01,"Tasmania","28",137.3
1997-01-01,"Tasmania","28",122.5
1998-01-01,"Tasmania","28",125.3
1999-01-01,"Tasmania","28",125.5
2000-01-01,"Tasmania","28",113.1
2001-01-01,"Tasmania","28",127.3
2002-01-01,"Tasmania","28",127.8
2003-01-01,"Tasmania","28",133.6
2004-01-01,"Tasmania","28",128.2
2005-01-01,"Tasmania","28",133.4
2006-01-01,"Tasmania","28",120.2
2007-01-01,"Tasmania","28",138.8
2008-01-01,"Tasmania","28",148.1
2009-01-01,"Tasmania","28",135.6
2010-01-01,"Tasmania","28",128.7
2011-01-01,"Tasmania","28",128.3
2012-01-01,"Tasmania","28",137.6
2013-01-01,"Tasmania","28",126.3
2014-01-01,"Tasmania","28",133.1
2015-01-01,"Tasmania","28",114.3
2016-01-01,"Tasmania","28",115.3
2017-01-01,"Tasmania","28",99.5
2018-01-01,"Tasmania","28",111.1
2019-01-01,"Tasmania","28",106.1
2020-01-01,"Tasmania","28",101.4
2021-01-01,"Tasmania","28",96.9
2022-01-01,"Tasmania","28",91.5
1975-01-01,"Victoria","28",138.9
1976-01-01,"Victoria","28",139.3
1977-01-01,"Victoria","28",142.7
1978-01-01,"Victoria","28",142.6
1979-01-01,"Victoria","28",136.4
1980-01-01,"Victoria","28",144.5
1981-01-01,"Victoria","28",146.8
1982-01-01,"Victoria","28",143.5
1983-01-01,"Victoria","28",143.3
1984-01-01,"Victoria","28",141
1985-01-01,"Victoria","28",151.1
1986-01-01,"Victoria","28",147.3
1987-01-01,"Victoria","28",145.8
1988-01-01,"Victoria","28",147.4
1989-01-01,"Victoria","28",142.1
1990-01-01,"Victoria","28",149.4
1991-01-01,"Victoria","28",143.3
1992-01-01,"Victoria","28",138.9
1993-01-01,"Victoria","28",137.5
1994-01-01,"Victoria","28",135.1
1995-01-01,"Victoria","28",136.3
1996-01-01,"Victoria","28",127.8
1997-01-01,"Victoria","28",122
1998-01-01,"Victoria","28",118.6
1999-01-01,"Victoria","28",114.7
2000-01-01,"Victoria","28",113.7
2001-01-01,"Victoria","28",107.3
2002-01-01,"Victoria","28",108.8
2003-01-01,"Victoria","28",106
2004-01-01,"Victoria","28",107.3
2005-01-01,"Victoria","28",110.5
2006-01-01,"Victoria","28",108.2
2007-01-01,"Victoria","28",115
2008-01-01,"Victoria","28",108.8
2009-01-01,"Victoria","28",108.2
2010-01-01,"Victoria","28",104.4
2011-01-01,"Victoria","28",104.9
2012-01-01,"Victoria","28",112.3
2013-01-01,"Victoria","28",100.6
2014-01-01,"Victoria","28",98.7
2015-01-01,"Victoria","28",95.6
2016-01-01,"Victoria","28",103.3
2017-01-01,"Victoria","28",95.7
2018-01-01,"Victoria","28",88.6
2019-01-01,"Victoria","28",83.4
2020-01-01,"Victoria","28",81.2
2021-01-01,"Victoria","28",86.4
2022-01-01,"Victoria","28",81
1975-01-01,"Western Australia","28",131.8
1976-01-01,"Western Australia","28",131.7
1977-01-01,"Western Australia","28",139.1
1978-01-01,"Western Australia","28",142.1
1979-01-01,"Western Australia","28",130.7
1980-01-01,"Western Australia","28",129.4
1981-01-01,"Western Australia","28",138.7
1982-01-01,"Western Australia","28",146
1983-01-01,"Western Australia","28",151.8
1984-01-01,"Western Australia","28",136.2
1985-01-01,"Western Australia","28",148.9
1986-01-01,"Western Australia","28",150.2
1987-01-01,"Western Australia","28",144.7
1988-01-01,"Western Australia","28",150.8
1989-01-01,"Western Australia","28",143.1
1990-01-01,"Western Australia","28",144.3
1991-01-01,"Western Australia","28",144.1
1992-01-01,"Western Australia","28",136.1
1993-01-01,"Western Australia","28",140.8
1994-01-01,"Western Australia","28",140.3
1995-01-01,"Western Australia","28",126.2
1996-01-01,"Western Australia","28",137.7
1997-01-01,"Western Australia","28",128.8
1998-01-01,"Western Australia","28",126
1999-01-01,"Western Australia","28",120.9
2000-01-01,"Western Australia","28",117.2
2001-01-01,"Western Australia","28",117.7
2002-01-01,"Western Australia","28",115.6
2003-01-01,"Western Australia","28",116.3
2004-01-01,"Western Australia","28",117
2005-01-01,"Western Australia","28",117.5
2006-01-01,"Western Australia","28",123.4
2007-01-01,"Western Australia","28",129.6
2008-01-01,"Western Australia","28",123.9
2009-01-01,"Western Australia","28",115
2010-01-01,"Western Australia","28",120.9
2011-01-01,"Western Australia","28",115.7
2012-01-01,"Western Australia","28",112.2
2013-01-01,"Western Australia","28",106.6
2014-01-01,"Western Australia","28",109.5
2015-01-01,"Western Australia","28",108
2016-01-01,"Western Australia","28",112.3
2017-01-01,"Western Australia","28",104.8
2018-01-01,"Western Australia","28",104.9
2019-01-01,"Western Australia","28",100.9
2020-01-01,"Western Australia","28",97.9
2021-01-01,"Western Australia","28",105.6
2022-01-01,"Western Australia","28",95.4
1975-01-01,"Australia","29",124.1
1976-01-01,"Australia","29",117
1977-01-01,"Australia","29",120
1978-01-01,"Australia","29",122.9
1979-01-01,"Australia","29",123.4
1980-01-01,"Australia","29",120.8
1981-01-01,"Australia","29",127.4
1982-01-01,"Australia","29",131.1
1983-01-01,"Australia","29",132.9
1984-01-01,"Australia","29",129.2
1985-01-01,"Australia","29",133.7
1986-01-01,"Australia","29",135.9
1987-01-01,"Australia","29",136.5
1988-01-01,"Australia","29",136
1989-01-01,"Australia","29",138
1990-01-01,"Australia","29",139.3
1991-01-01,"Australia","29",134.7
1992-01-01,"Australia","29",139.7
1993-01-01,"Australia","29",138.3
1994-01-01,"Australia","29",136.3
1995-01-01,"Australia","29",134
1996-01-01,"Australia","29",131.9
1997-01-01,"Australia","29",130.6
1998-01-01,"Australia","29",128.4
1999-01-01,"Australia","29",126.6
2000-01-01,"Australia","29",122.6
2001-01-01,"Australia","29",121.9
2002-01-01,"Australia","29",123.2
2003-01-01,"Australia","29",120.9
2004-01-01,"Australia","29",122.5
2005-01-01,"Australia","29",126.3
2006-01-01,"Australia","29",126.7
2007-01-01,"Australia","29",132.1
2008-01-01,"Australia","29",131.4
2009-01-01,"Australia","29",126.9
2010-01-01,"Australia","29",125.5
2011-01-01,"Australia","29",125
2012-01-01,"Australia","29",124.9
2013-01-01,"Australia","29",121.9
2014-01-01,"Australia","29",118.8
2015-01-01,"Australia","29",115.9
2016-01-01,"Australia","29",116.6
2017-01-01,"Australia","29",113.1
2018-01-01,"Australia","29",112.2
2019-01-01,"Australia","29",107
2020-01-01,"Australia","29",100.6
2021-01-01,"Australia","29",109.7
2022-01-01,"Australia","29",104.8
1975-01-01,"Australian Capital Territory","29",149.5
1976-01-01,"Australian Capital Territory","29",138.8
1977-01-01,"Australian Capital Territory","29",148.9
1978-01-01,"Australian Capital Territory","29",129.6
1979-01-01,"Australian Capital Territory","29",130.8
1980-01-01,"Australian Capital Territory","29",149.7
1981-01-01,"Australian Capital Territory","29",145.9
1982-01-01,"Australian Capital Territory","29",141.6
1983-01-01,"Australian Capital Territory","29",133.8
1984-01-01,"Australian Capital Territory","29",145.2
1985-01-01,"Australian Capital Territory","29",126.7
1986-01-01,"Australian Capital Territory","29",137.8
1987-01-01,"Australian Capital Territory","29",137.1
1988-01-01,"Australian Capital Territory","29",144.7
1989-01-01,"Australian Capital Territory","29",124
1990-01-01,"Australian Capital Territory","29",152.1
1991-01-01,"Australian Capital Territory","29",135.5
1992-01-01,"Australian Capital Territory","29",126
1993-01-01,"Australian Capital Territory","29",123.5
1994-01-01,"Australian Capital Territory","29",126.9
1995-01-01,"Australian Capital Territory","29",129.1
1996-01-01,"Australian Capital Territory","29",127.6
1997-01-01,"Australian Capital Territory","29",130.2
1998-01-01,"Australian Capital Territory","29",119.8
1999-01-01,"Australian Capital Territory","29",111.8
2000-01-01,"Australian Capital Territory","29",119.2
2001-01-01,"Australian Capital Territory","29",115.1
2002-01-01,"Australian Capital Territory","29",118.7
2003-01-01,"Australian Capital Territory","29",126.5
2004-01-01,"Australian Capital Territory","29",105.8
2005-01-01,"Australian Capital Territory","29",116.8
2006-01-01,"Australian Capital Territory","29",116.8
2007-01-01,"Australian Capital Territory","29",127.2
2008-01-01,"Australian Capital Territory","29",122.8
2009-01-01,"Australian Capital Territory","29",108.9
2010-01-01,"Australian Capital Territory","29",121.5
2011-01-01,"Australian Capital Territory","29",121.7
2012-01-01,"Australian Capital Territory","29",118.4
2013-01-01,"Australian Capital Territory","29",117.4
2014-01-01,"Australian Capital Territory","29",123.5
2015-01-01,"Australian Capital Territory","29",117.2
2016-01-01,"Australian Capital Territory","29",95.3
2017-01-01,"Australian Capital Territory","29",124.5
2018-01-01,"Australian Capital Territory","29",103.6
2019-01-01,"Australian Capital Territory","29",103.2
2020-01-01,"Australian Capital Territory","29",88
2021-01-01,"Australian Capital Territory","29",88.3
2022-01-01,"Australian Capital Territory","29",82.3
1975-01-01,"New South Wales","29",126.3
1976-01-01,"New South Wales","29",116.8
1977-01-01,"New South Wales","29",121.7
1978-01-01,"New South Wales","29",126.6
1979-01-01,"New South Wales","29",123.2
1980-01-01,"New South Wales","29",122.3
1981-01-01,"New South Wales","29",125.8
1982-01-01,"New South Wales","29",133.5
1983-01-01,"New South Wales","29",132.8
1984-01-01,"New South Wales","29",123.1
1985-01-01,"New South Wales","29",136.9
1986-01-01,"New South Wales","29",136.2
1987-01-01,"New South Wales","29",139.9
1988-01-01,"New South Wales","29",134.6
1989-01-01,"New South Wales","29",138.2
1990-01-01,"New South Wales","29",141.4
1991-01-01,"New South Wales","29",134
1992-01-01,"New South Wales","29",141.6
1993-01-01,"New South Wales","29",137.3
1994-01-01,"New South Wales","29",137.2
1995-01-01,"New South Wales","29",133.9
1996-01-01,"New South Wales","29",130.8
1997-01-01,"New South Wales","29",132
1998-01-01,"New South Wales","29",131.1
1999-01-01,"New South Wales","29",130.3
2000-01-01,"New South Wales","29",123.1
2001-01-01,"New South Wales","29",124.9
2002-01-01,"New South Wales","29",123.6
2003-01-01,"New South Wales","29",123.2
2004-01-01,"New South Wales","29",122.8
2005-01-01,"New South Wales","29",130.8
2006-01-01,"New South Wales","29",128.5
2007-01-01,"New South Wales","29",133.9
2008-01-01,"New South Wales","29",131.5
2009-01-01,"New South Wales","29",127
2010-01-01,"New South Wales","29",126.8
2011-01-01,"New South Wales","29",127.6
2012-01-01,"New South Wales","29",124.7
2013-01-01,"New South Wales","29",125.5
2014-01-01,"New South Wales","29",112.8
2015-01-01,"New South Wales","29",120.1
2016-01-01,"New South Wales","29",113.3
2017-01-01,"New South Wales","29",109
2018-01-01,"New South Wales","29",121.3
2019-01-01,"New South Wales","29",109.5
2020-01-01,"New South Wales","29",102.1
2021-01-01,"New South Wales","29",113.5
2022-01-01,"New South Wales","29",108.2
1975-01-01,"Northern Territory","29",96.7
1976-01-01,"Northern Territory","29",133.4
1977-01-01,"Northern Territory","29",111.2
1978-01-01,"Northern Territory","29",106.1
1979-01-01,"Northern Territory","29",129
1980-01-01,"Northern Territory","29",98.8
1981-01-01,"Northern Territory","29",117.8
1982-01-01,"Northern Territory","29",130.3
1983-01-01,"Northern Territory","29",136.3
1984-01-01,"Northern Territory","29",121.1
1985-01-01,"Northern Territory","29",121.5
1986-01-01,"Northern Territory","29",112.6
1987-01-01,"Northern Territory","29",121.2
1988-01-01,"Northern Territory","29",137.6
1989-01-01,"Northern Territory","29",116.2
1990-01-01,"Northern Territory","29",119.6
1991-01-01,"Northern Territory","29",127.6
1992-01-01,"Northern Territory","29",126.8
1993-01-01,"Northern Territory","29",129
1994-01-01,"Northern Territory","29",114.1
1995-01-01,"Northern Territory","29",132.6
1996-01-01,"Northern Territory","29",107.4
1997-01-01,"Northern Territory","29",115.7
1998-01-01,"Northern Territory","29",119.2
1999-01-01,"Northern Territory","29",129
2000-01-01,"Northern Territory","29",98.2
2001-01-01,"Northern Territory","29",126.8
2002-01-01,"Northern Territory","29",112.4
2003-01-01,"Northern Territory","29",113.3
2004-01-01,"Northern Territory","29",118.5
2005-01-01,"Northern Territory","29",104.4
2006-01-01,"Northern Territory","29",115.5
2007-01-01,"Northern Territory","29",127
2008-01-01,"Northern Territory","29",115.9
2009-01-01,"Northern Territory","29",85.3
2010-01-01,"Northern Territory","29",112.2
2011-01-01,"Northern Territory","29",110.5
2012-01-01,"Northern Territory","29",113.5
2013-01-01,"Northern Territory","29",120
2014-01-01,"Northern Territory","29",99.4
2015-01-01,"Northern Territory","29",97.3
2016-01-01,"Northern Territory","29",109.5
2017-01-01,"Northern Territory","29",103.5
2018-01-01,"Northern Territory","29",104
2019-01-01,"Northern Territory","29",93
2020-01-01,"Northern Territory","29",105
2021-01-01,"Northern Territory","29",104.5
2022-01-01,"Northern Territory","29",97.4
1975-01-01,"Queensland","29",123.9
1976-01-01,"Queensland","29",115.6
1977-01-01,"Queensland","29",116.6
1978-01-01,"Queensland","29",117.7
1979-01-01,"Queensland","29",121.2
1980-01-01,"Queensland","29",114.4
1981-01-01,"Queensland","29",129.1
1982-01-01,"Queensland","29",129.7
1983-01-01,"Queensland","29",133.4
1984-01-01,"Queensland","29",130
1985-01-01,"Queensland","29",127.1
1986-01-01,"Queensland","29",133.8
1987-01-01,"Queensland","29",128.7
1988-01-01,"Queensland","29",131.3
1989-01-01,"Queensland","29",134.2
1990-01-01,"Queensland","29",139.3
1991-01-01,"Queensland","29",129
1992-01-01,"Queensland","29",137.3
1993-01-01,"Queensland","29",136.8
1994-01-01,"Queensland","29",135
1995-01-01,"Queensland","29",129.3
1996-01-01,"Queensland","29",134.3
1997-01-01,"Queensland","29",129.9
1998-01-01,"Queensland","29",125.7
1999-01-01,"Queensland","29",126.3
2000-01-01,"Queensland","29",126.2
2001-01-01,"Queensland","29",123.2
2002-01-01,"Queensland","29",128.1
2003-01-01,"Queensland","29",118.3
2004-01-01,"Queensland","29",123.6
2005-01-01,"Queensland","29",127.4
2006-01-01,"Queensland","29",128.4
2007-01-01,"Queensland","29",137.2
2008-01-01,"Queensland","29",137.4
2009-01-01,"Queensland","29",140.4
2010-01-01,"Queensland","29",131.2
2011-01-01,"Queensland","29",131.9
2012-01-01,"Queensland","29",127.1
2013-01-01,"Queensland","29",125.6
2014-01-01,"Queensland","29",126.2
2015-01-01,"Queensland","29",117.7
2016-01-01,"Queensland","29",119.9
2017-01-01,"Queensland","29",112.9
2018-01-01,"Queensland","29",116.8
2019-01-01,"Queensland","29",111.4
2020-01-01,"Queensland","29",105.3
2021-01-01,"Queensland","29",118
2022-01-01,"Queensland","29",112.3
1975-01-01,"South Australia","29",111.8
1976-01-01,"South Australia","29",102.6
1977-01-01,"South Australia","29",113
1978-01-01,"South Australia","29",107.5
1979-01-01,"South Australia","29",107.1
1980-01-01,"South Australia","29",114.1
1981-01-01,"South Australia","29",116.2
1982-01-01,"South Australia","29",115.2
1983-01-01,"South Australia","29",124
1984-01-01,"South Australia","29",133.7
1985-01-01,"South Australia","29",123.4
1986-01-01,"South Australia","29",130.6
1987-01-01,"South Australia","29",129.6
1988-01-01,"South Australia","29",129.2
1989-01-01,"South Australia","29",132.2
1990-01-01,"South Australia","29",125.9
1991-01-01,"South Australia","29",127.7
1992-01-01,"South Australia","29",123.4
1993-01-01,"South Australia","29",134.8
1994-01-01,"South Australia","29",131.4
1995-01-01,"South Australia","29",135.2
1996-01-01,"South Australia","29",132.7
1997-01-01,"South Australia","29",130.8
1998-01-01,"South Australia","29",130.9
1999-01-01,"South Australia","29",124.9
2000-01-01,"South Australia","29",120.7
2001-01-01,"South Australia","29",113.7
2002-01-01,"South Australia","29",119.1
2003-01-01,"South Australia","29",125.8
2004-01-01,"South Australia","29",118.3
2005-01-01,"South Australia","29",123.1
2006-01-01,"South Australia","29",120.3
2007-01-01,"South Australia","29",133.8
2008-01-01,"South Australia","29",133.1
2009-01-01,"South Australia","29",128.1
2010-01-01,"South Australia","29",130.9
2011-01-01,"South Australia","29",131.3
2012-01-01,"South Australia","29",132.3
2013-01-01,"South Australia","29",127.4
2014-01-01,"South Australia","29",128.4
2015-01-01,"South Australia","29",119.3
2016-01-01,"South Australia","29",120.1
2017-01-01,"South Australia","29",116.7
2018-01-01,"South Australia","29",108.2
2019-01-01,"South Australia","29",119
2020-01-01,"South Australia","29",103.3
2021-01-01,"South Australia","29",117.6
2022-01-01,"South Australia","29",114.6
1975-01-01,"Tasmania","29",112.2
1976-01-01,"Tasmania","29",93.8
1977-01-01,"Tasmania","29",102.1
1978-01-01,"Tasmania","29",121.4
1979-01-01,"Tasmania","29",116.8
1980-01-01,"Tasmania","29",107
1981-01-01,"Tasmania","29",120
1982-01-01,"Tasmania","29",126.9
1983-01-01,"Tasmania","29",136
1984-01-01,"Tasmania","29",122.6
1985-01-01,"Tasmania","29",121.5
1986-01-01,"Tasmania","29",128.7
1987-01-01,"Tasmania","29",131.3
1988-01-01,"Tasmania","29",134.5
1989-01-01,"Tasmania","29",125.3
1990-01-01,"Tasmania","29",135
1991-01-01,"Tasmania","29",123
1992-01-01,"Tasmania","29",150.4
1993-01-01,"Tasmania","29",131.1
1994-01-01,"Tasmania","29",141.9
1995-01-01,"Tasmania","29",137.1
1996-01-01,"Tasmania","29",133.7
1997-01-01,"Tasmania","29",124
1998-01-01,"Tasmania","29",124.4
1999-01-01,"Tasmania","29",129.2
2000-01-01,"Tasmania","29",123.8
2001-01-01,"Tasmania","29",148.8
2002-01-01,"Tasmania","29",130.5
2003-01-01,"Tasmania","29",127.8
2004-01-01,"Tasmania","29",129.2
2005-01-01,"Tasmania","29",136.4
2006-01-01,"Tasmania","29",147
2007-01-01,"Tasmania","29",135.8
2008-01-01,"Tasmania","29",147.5
2009-01-01,"Tasmania","29",132.2
2010-01-01,"Tasmania","29",135.5
2011-01-01,"Tasmania","29",146.4
2012-01-01,"Tasmania","29",130
2013-01-01,"Tasmania","29",129.5
2014-01-01,"Tasmania","29",133.7
2015-01-01,"Tasmania","29",116.2
2016-01-01,"Tasmania","29",132.4
2017-01-01,"Tasmania","29",116.7
2018-01-01,"Tasmania","29",105.4
2019-01-01,"Tasmania","29",102.7
2020-01-01,"Tasmania","29",95.9
2021-01-01,"Tasmania","29",103.3
2022-01-01,"Tasmania","29",96.1
1975-01-01,"Victoria","29",126.8
1976-01-01,"Victoria","29",121
1977-01-01,"Victoria","29",121.3
1978-01-01,"Victoria","29",129.2
1979-01-01,"Victoria","29",129.4
1980-01-01,"Victoria","29",125.5
1981-01-01,"Victoria","29",132.2
1982-01-01,"Victoria","29",134.7
1983-01-01,"Victoria","29",137.1
1984-01-01,"Victoria","29",136.7
1985-01-01,"Victoria","29",138.3
1986-01-01,"Victoria","29",139.2
1987-01-01,"Victoria","29",139.7
1988-01-01,"Victoria","29",140
1989-01-01,"Victoria","29",144
1990-01-01,"Victoria","29",143.4
1991-01-01,"Victoria","29",141
1992-01-01,"Victoria","29",144.5
1993-01-01,"Victoria","29",142.9
1994-01-01,"Victoria","29",139.1
1995-01-01,"Victoria","29",137.4
1996-01-01,"Victoria","29",134.6
1997-01-01,"Victoria","29",130
1998-01-01,"Victoria","29",127.2
1999-01-01,"Victoria","29",124.3
2000-01-01,"Victoria","29",119.6
2001-01-01,"Victoria","29",117.3
2002-01-01,"Victoria","29",123.2
2003-01-01,"Victoria","29",118.5
2004-01-01,"Victoria","29",123
2005-01-01,"Victoria","29",120.8
2006-01-01,"Victoria","29",121.6
2007-01-01,"Victoria","29",125.7
2008-01-01,"Victoria","29",124
2009-01-01,"Victoria","29",119.6
2010-01-01,"Victoria","29",119.2
2011-01-01,"Victoria","29",115.1
2012-01-01,"Victoria","29",123
2013-01-01,"Victoria","29",113.7
2014-01-01,"Victoria","29",115
2015-01-01,"Victoria","29",106
2016-01-01,"Victoria","29",116.4
2017-01-01,"Victoria","29",113.5
2018-01-01,"Victoria","29",101.3
2019-01-01,"Victoria","29",96.3
2020-01-01,"Victoria","29",93.2
2021-01-01,"Victoria","29",96.4
2022-01-01,"Victoria","29",95
1975-01-01,"Western Australia","29",120.2
1976-01-01,"Western Australia","29",123.1
1977-01-01,"Western Australia","29",120.4
1978-01-01,"Western Australia","29",114.2
1979-01-01,"Western Australia","29",126.1
1980-01-01,"Western Australia","29",118.9
1981-01-01,"Western Australia","29",126.8
1982-01-01,"Western Australia","29",128.7
1983-01-01,"Western Australia","29",127.2
1984-01-01,"Western Australia","29",124.7
1985-01-01,"Western Australia","29",136.2
1986-01-01,"Western Australia","29",138.3
1987-01-01,"Western Australia","29",138.5
1988-01-01,"Western Australia","29",142.4
1989-01-01,"Western Australia","29",141.7
1990-01-01,"Western Australia","29",133.6
1991-01-01,"Western Australia","29",139.9
1992-01-01,"Western Australia","29",139.8
1993-01-01,"Western Australia","29",141.3
1994-01-01,"Western Australia","29",135.6
1995-01-01,"Western Australia","29",132.9
1996-01-01,"Western Australia","29",127.6
1997-01-01,"Western Australia","29",131.5
1998-01-01,"Western Australia","29",129.3
1999-01-01,"Western Australia","29",123.5
2000-01-01,"Western Australia","29",127.1
2001-01-01,"Western Australia","29",121.1
2002-01-01,"Western Australia","29",115.7
2003-01-01,"Western Australia","29",119.2
2004-01-01,"Western Australia","29",123.5
2005-01-01,"Western Australia","29",127.5
2006-01-01,"Western Australia","29",134.1
2007-01-01,"Western Australia","29",132.1
2008-01-01,"Western Australia","29",137.5
2009-01-01,"Western Australia","29",125.4
2010-01-01,"Western Australia","29",123.8
2011-01-01,"Western Australia","29",122.9
2012-01-01,"Western Australia","29",122.6
2013-01-01,"Western Australia","29",121.3
2014-01-01,"Western Australia","29",124.5
2015-01-01,"Western Australia","29",123.8
2016-01-01,"Western Australia","29",121.1
2017-01-01,"Western Australia","29",121.3
2018-01-01,"Western Australia","29",110.5
2019-01-01,"Western Australia","29",115.9
2020-01-01,"Western Australia","29",107.7
2021-01-01,"Western Australia","29",118.1
2022-01-01,"Western Australia","29",106.6
1975-01-01,"Australia","30",105.3
1976-01-01,"Australia","30",104.1
1977-01-01,"Australia","30",101
1978-01-01,"Australia","30",103.5
1979-01-01,"Australia","30",104.7
1980-01-01,"Australia","30",108.1
1981-01-01,"Australia","30",109
1982-01-01,"Australia","30",114.9
1983-01-01,"Australia","30",113.1
1984-01-01,"Australia","30",113.1
1985-01-01,"Australia","30",123.5
1986-01-01,"Australia","30",119.4
1987-01-01,"Australia","30",123
1988-01-01,"Australia","30",125.7
1989-01-01,"Australia","30",125.6
1990-01-01,"Australia","30",130.7
1991-01-01,"Australia","30",125.9
1992-01-01,"Australia","30",131.2
1993-01-01,"Australia","30",133.2
1994-01-01,"Australia","30",128.9
1995-01-01,"Australia","30",130.2
1996-01-01,"Australia","30",126.7
1997-01-01,"Australia","30",129
1998-01-01,"Australia","30",126.3
1999-01-01,"Australia","30",124.9
2000-01-01,"Australia","30",125.8
2001-01-01,"Australia","30",118.5
2002-01-01,"Australia","30",124.4
2003-01-01,"Australia","30",123
2004-01-01,"Australia","30",123.8
2005-01-01,"Australia","30",128.4
2006-01-01,"Australia","30",129.4
2007-01-01,"Australia","30",135.7
2008-01-01,"Australia","30",135.5
2009-01-01,"Australia","30",132.9
2010-01-01,"Australia","30",129.7
2011-01-01,"Australia","30",127.1
2012-01-01,"Australia","30",131.3
2013-01-01,"Australia","30",126.4
2014-01-01,"Australia","30",122.3
2015-01-01,"Australia","30",123.4
2016-01-01,"Australia","30",123.3
2017-01-01,"Australia","30",119.1
2018-01-01,"Australia","30",118.3
2019-01-01,"Australia","30",113.9
2020-01-01,"Australia","30",109.2
2021-01-01,"Australia","30",117.9
2022-01-01,"Australia","30",111.9
1975-01-01,"Australian Capital Territory","30",110.1
1976-01-01,"Australian Capital Territory","30",110.3
1977-01-01,"Australian Capital Territory","30",120.6
1978-01-01,"Australian Capital Territory","30",116.5
1979-01-01,"Australian Capital Territory","30",117
1980-01-01,"Australian Capital Territory","30",114.2
1981-01-01,"Australian Capital Territory","30",115.9
1982-01-01,"Australian Capital Territory","30",126.2
1983-01-01,"Australian Capital Territory","30",125.3
1984-01-01,"Australian Capital Territory","30",128.9
1985-01-01,"Australian Capital Territory","30",132.8
1986-01-01,"Australian Capital Territory","30",122.8
1987-01-01,"Australian Capital Territory","30",135.9
1988-01-01,"Australian Capital Territory","30",123.7
1989-01-01,"Australian Capital Territory","30",128.2
1990-01-01,"Australian Capital Territory","30",127.2
1991-01-01,"Australian Capital Territory","30",142.1
1992-01-01,"Australian Capital Territory","30",124.1
1993-01-01,"Australian Capital Territory","30",123
1994-01-01,"Australian Capital Territory","30",135.6
1995-01-01,"Australian Capital Territory","30",129.1
1996-01-01,"Australian Capital Territory","30",116.4
1997-01-01,"Australian Capital Territory","30",133.1
1998-01-01,"Australian Capital Territory","30",115.3
1999-01-01,"Australian Capital Territory","30",129
2000-01-01,"Australian Capital Territory","30",128
2001-01-01,"Australian Capital Territory","30",109.7
2002-01-01,"Australian Capital Territory","30",118.6
2003-01-01,"Australian Capital Territory","30",122.8
2004-01-01,"Australian Capital Territory","30",132.9
2005-01-01,"Australian Capital Territory","30",117.9
2006-01-01,"Australian Capital Territory","30",129.4
2007-01-01,"Australian Capital Territory","30",128.5
2008-01-01,"Australian Capital Territory","30",120.9
2009-01-01,"Australian Capital Territory","30",116.6
2010-01-01,"Australian Capital Territory","30",126.1
2011-01-01,"Australian Capital Territory","30",126.6
2012-01-01,"Australian Capital Territory","30",143.2
2013-01-01,"Australian Capital Territory","30",125.3
2014-01-01,"Australian Capital Territory","30",124.6
2015-01-01,"Australian Capital Territory","30",122.8
2016-01-01,"Australian Capital Territory","30",110.5
2017-01-01,"Australian Capital Territory","30",137.9
2018-01-01,"Australian Capital Territory","30",111
2019-01-01,"Australian Capital Territory","30",110
2020-01-01,"Australian Capital Territory","30",104.4
2021-01-01,"Australian Capital Territory","30",105.5
2022-01-01,"Australian Capital Territory","30",103.8
1975-01-01,"New South Wales","30",107.6
1976-01-01,"New South Wales","30",105
1977-01-01,"New South Wales","30",103.6
1978-01-01,"New South Wales","30",108.3
1979-01-01,"New South Wales","30",104.7
1980-01-01,"New South Wales","30",114.1
1981-01-01,"New South Wales","30",110.4
1982-01-01,"New South Wales","30",119.5
1983-01-01,"New South Wales","30",114.4
1984-01-01,"New South Wales","30",107.6
1985-01-01,"New South Wales","30",127
1986-01-01,"New South Wales","30",119.6
1987-01-01,"New South Wales","30",127.2
1988-01-01,"New South Wales","30",125
1989-01-01,"New South Wales","30",124.4
1990-01-01,"New South Wales","30",130.3
1991-01-01,"New South Wales","30",123.7
1992-01-01,"New South Wales","30",135.5
1993-01-01,"New South Wales","30",132.3
1994-01-01,"New South Wales","30",128.6
1995-01-01,"New South Wales","30",129.7
1996-01-01,"New South Wales","30",124.1
1997-01-01,"New South Wales","30",131
1998-01-01,"New South Wales","30",126.9
1999-01-01,"New South Wales","30",123.6
2000-01-01,"New South Wales","30",128.9
2001-01-01,"New South Wales","30",117.8
2002-01-01,"New South Wales","30",126.2
2003-01-01,"New South Wales","30",123.1
2004-01-01,"New South Wales","30",122.8
2005-01-01,"New South Wales","30",133.4
2006-01-01,"New South Wales","30",131.3
2007-01-01,"New South Wales","30",135.3
2008-01-01,"New South Wales","30",138.5
2009-01-01,"New South Wales","30",134.2
2010-01-01,"New South Wales","30",133
2011-01-01,"New South Wales","30",130
2012-01-01,"New South Wales","30",130.5
2013-01-01,"New South Wales","30",130.4
2014-01-01,"New South Wales","30",118.3
2015-01-01,"New South Wales","30",128.3
2016-01-01,"New South Wales","30",121.4
2017-01-01,"New South Wales","30",114.7
2018-01-01,"New South Wales","30",126.2
2019-01-01,"New South Wales","30",115.7
2020-01-01,"New South Wales","30",113.1
2021-01-01,"New South Wales","30",120.4
2022-01-01,"New South Wales","30",116.4
1975-01-01,"Northern Territory","30",125.7
1976-01-01,"Northern Territory","30",99.9
1977-01-01,"Northern Territory","30",119.6
1978-01-01,"Northern Territory","30",120.1
1979-01-01,"Northern Territory","30",116
1980-01-01,"Northern Territory","30",120.5
1981-01-01,"Northern Territory","30",91.4
1982-01-01,"Northern Territory","30",102.4
1983-01-01,"Northern Territory","30",110.4
1984-01-01,"Northern Territory","30",110.2
1985-01-01,"Northern Territory","30",111.9
1986-01-01,"Northern Territory","30",107
1987-01-01,"Northern Territory","30",113.2
1988-01-01,"Northern Territory","30",121.4
1989-01-01,"Northern Territory","30",108.5
1990-01-01,"Northern Territory","30",108
1991-01-01,"Northern Territory","30",120.4
1992-01-01,"Northern Territory","30",115.3
1993-01-01,"Northern Territory","30",112.2
1994-01-01,"Northern Territory","30",111.6
1995-01-01,"Northern Territory","30",112.8
1996-01-01,"Northern Territory","30",104.2
1997-01-01,"Northern Territory","30",86.6
1998-01-01,"Northern Territory","30",102.5
1999-01-01,"Northern Territory","30",97.2
2000-01-01,"Northern Territory","30",115.8
2001-01-01,"Northern Territory","30",104.2
2002-01-01,"Northern Territory","30",108
2003-01-01,"Northern Territory","30",105.9
2004-01-01,"Northern Territory","30",89.2
2005-01-01,"Northern Territory","30",112.5
2006-01-01,"Northern Territory","30",97.1
2007-01-01,"Northern Territory","30",106.8
2008-01-01,"Northern Territory","30",115.3
2009-01-01,"Northern Territory","30",115.8
2010-01-01,"Northern Territory","30",110.4
2011-01-01,"Northern Territory","30",98.2
2012-01-01,"Northern Territory","30",119.8
2013-01-01,"Northern Territory","30",120.6
2014-01-01,"Northern Territory","30",108
2015-01-01,"Northern Territory","30",109
2016-01-01,"Northern Territory","30",117.5
2017-01-01,"Northern Territory","30",104.8
2018-01-01,"Northern Territory","30",107.7
2019-01-01,"Northern Territory","30",102.5
2020-01-01,"Northern Territory","30",97.1
2021-01-01,"Northern Territory","30",95.7
2022-01-01,"Northern Territory","30",89.3
1975-01-01,"Queensland","30",103.3
1976-01-01,"Queensland","30",102.4
1977-01-01,"Queensland","30",97.3
1978-01-01,"Queensland","30",98.4
1979-01-01,"Queensland","30",102.4
1980-01-01,"Queensland","30",98.7
1981-01-01,"Queensland","30",106.8
1982-01-01,"Queensland","30",113.8
1983-01-01,"Queensland","30",115.1
1984-01-01,"Queensland","30",112.2
1985-01-01,"Queensland","30",112.5
1986-01-01,"Queensland","30",117.6
1987-01-01,"Queensland","30",113.9
1988-01-01,"Queensland","30",118.5
1989-01-01,"Queensland","30",122.5
1990-01-01,"Queensland","30",127.4
1991-01-01,"Queensland","30",121.4
1992-01-01,"Queensland","30",128.4
1993-01-01,"Queensland","30",135
1994-01-01,"Queensland","30",123.1
1995-01-01,"Queensland","30",124.6
1996-01-01,"Queensland","30",127.2
1997-01-01,"Queensland","30",122.1
1998-01-01,"Queensland","30",123.9
1999-01-01,"Queensland","30",122.8
2000-01-01,"Queensland","30",124
2001-01-01,"Queensland","30",122
2002-01-01,"Queensland","30",123.9
2003-01-01,"Queensland","30",122.2
2004-01-01,"Queensland","30",122.5
2005-01-01,"Queensland","30",123.7
2006-01-01,"Queensland","30",127.9
2007-01-01,"Queensland","30",141
2008-01-01,"Queensland","30",135.3
2009-01-01,"Queensland","30",141.9
2010-01-01,"Queensland","30",135.3
2011-01-01,"Queensland","30",131
2012-01-01,"Queensland","30",131.2
2013-01-01,"Queensland","30",125.4
2014-01-01,"Queensland","30",127.4
2015-01-01,"Queensland","30",125.1
2016-01-01,"Queensland","30",123.7
2017-01-01,"Queensland","30",118.8
2018-01-01,"Queensland","30",113.4
2019-01-01,"Queensland","30",114.6
2020-01-01,"Queensland","30",112.9
2021-01-01,"Queensland","30",122.1
2022-01-01,"Queensland","30",114
1975-01-01,"South Australia","30",89.7
1976-01-01,"South Australia","30",91.3
1977-01-01,"South Australia","30",86.2
1978-01-01,"South Australia","30",91.9
1979-01-01,"South Australia","30",90.3
1980-01-01,"South Australia","30",90.4
1981-01-01,"South Australia","30",94.8
1982-01-01,"South Australia","30",98.5
1983-01-01,"South Australia","30",103.6
1984-01-01,"South Australia","30",110.7
1985-01-01,"South Australia","30",114.3
1986-01-01,"South Australia","30",111.1
1987-01-01,"South Australia","30",108.8
1988-01-01,"South Australia","30",109.5
1989-01-01,"South Australia","30",114.5
1990-01-01,"South Australia","30",118.7
1991-01-01,"South Australia","30",116.3
1992-01-01,"South Australia","30",123.7
1993-01-01,"South Australia","30",133.5
1994-01-01,"South Australia","30",129
1995-01-01,"South Australia","30",131.6
1996-01-01,"South Australia","30",127.6
1997-01-01,"South Australia","30",129.3
1998-01-01,"South Australia","30",126.9
1999-01-01,"South Australia","30",130.8
2000-01-01,"South Australia","30",125.5
2001-01-01,"South Australia","30",117.6
2002-01-01,"South Australia","30",120.4
2003-01-01,"South Australia","30",118.1
2004-01-01,"South Australia","30",118.9
2005-01-01,"South Australia","30",132.4
2006-01-01,"South Australia","30",130.3
2007-01-01,"South Australia","30",135.3
2008-01-01,"South Australia","30",140.4
2009-01-01,"South Australia","30",130.7
2010-01-01,"South Australia","30",131.2
2011-01-01,"South Australia","30",126.5
2012-01-01,"South Australia","30",129.1
2013-01-01,"South Australia","30",131.8
2014-01-01,"South Australia","30",133.2
2015-01-01,"South Australia","30",126.5
2016-01-01,"South Australia","30",128.6
2017-01-01,"South Australia","30",121.5
2018-01-01,"South Australia","30",122.5
2019-01-01,"South Australia","30",124.6
2020-01-01,"South Australia","30",112.3
2021-01-01,"South Australia","30",123.9
2022-01-01,"South Australia","30",117
1975-01-01,"Tasmania","30",91.9
1976-01-01,"Tasmania","30",81.2
1977-01-01,"Tasmania","30",86.1
1978-01-01,"Tasmania","30",87.7
1979-01-01,"Tasmania","30",95.9
1980-01-01,"Tasmania","30",89.1
1981-01-01,"Tasmania","30",100.8
1982-01-01,"Tasmania","30",112.4
1983-01-01,"Tasmania","30",106.7
1984-01-01,"Tasmania","30",103.7
1985-01-01,"Tasmania","30",125.2
1986-01-01,"Tasmania","30",110.8
1987-01-01,"Tasmania","30",107.9
1988-01-01,"Tasmania","30",120.2
1989-01-01,"Tasmania","30",115.1
1990-01-01,"Tasmania","30",132.5
1991-01-01,"Tasmania","30",122.2
1992-01-01,"Tasmania","30",112.7
1993-01-01,"Tasmania","30",114.4
1994-01-01,"Tasmania","30",126.7
1995-01-01,"Tasmania","30",126
1996-01-01,"Tasmania","30",121.9
1997-01-01,"Tasmania","30",123.9
1998-01-01,"Tasmania","30",117.7
1999-01-01,"Tasmania","30",124
2000-01-01,"Tasmania","30",115.4
2001-01-01,"Tasmania","30",126.6
2002-01-01,"Tasmania","30",123.8
2003-01-01,"Tasmania","30",127.4
2004-01-01,"Tasmania","30",129.5
2005-01-01,"Tasmania","30",143.4
2006-01-01,"Tasmania","30",129.3
2007-01-01,"Tasmania","30",139.4
2008-01-01,"Tasmania","30",134.3
2009-01-01,"Tasmania","30",131
2010-01-01,"Tasmania","30",127.1
2011-01-01,"Tasmania","30",135.7
2012-01-01,"Tasmania","30",129.1
2013-01-01,"Tasmania","30",124.4
2014-01-01,"Tasmania","30",117.6
2015-01-01,"Tasmania","30",125.8
2016-01-01,"Tasmania","30",118.3
2017-01-01,"Tasmania","30",111.8
2018-01-01,"Tasmania","30",111
2019-01-01,"Tasmania","30",113.7
2020-01-01,"Tasmania","30",96.8
2021-01-01,"Tasmania","30",122
2022-01-01,"Tasmania","30",99.8
1975-01-01,"Victoria","30",110
1976-01-01,"Victoria","30",109.5
1977-01-01,"Victoria","30",104.4
1978-01-01,"Victoria","30",106.9
1979-01-01,"Victoria","30",111.4
1980-01-01,"Victoria","30",113.5
1981-01-01,"Victoria","30",114.1
1982-01-01,"Victoria","30",118.8
1983-01-01,"Victoria","30",114.4
1984-01-01,"Victoria","30",123.3
1985-01-01,"Victoria","30",129.1
1986-01-01,"Victoria","30",123.9
1987-01-01,"Victoria","30",129.2
1988-01-01,"Victoria","30",135.7
1989-01-01,"Victoria","30",131.3
1990-01-01,"Victoria","30",138.4
1991-01-01,"Victoria","30",133.8
1992-01-01,"Victoria","30",133.7
1993-01-01,"Victoria","30",136.2
1994-01-01,"Victoria","30",134.1
1995-01-01,"Victoria","30",135.6
1996-01-01,"Victoria","30",132.9
1997-01-01,"Victoria","30",133.1
1998-01-01,"Victoria","30",130.4
1999-01-01,"Victoria","30",126.8
2000-01-01,"Victoria","30",123.8
2001-01-01,"Victoria","30",117.4
2002-01-01,"Victoria","30",125.6
2003-01-01,"Victoria","30",126.2
2004-01-01,"Victoria","30",128.6
2005-01-01,"Victoria","30",125.2
2006-01-01,"Victoria","30",128.5
2007-01-01,"Victoria","30",135.1
2008-01-01,"Victoria","30",131.6
2009-01-01,"Victoria","30",128.4
2010-01-01,"Victoria","30",123.4
2011-01-01,"Victoria","30",122.1
2012-01-01,"Victoria","30",133.3
2013-01-01,"Victoria","30",122.7
2014-01-01,"Victoria","30",118.7
2015-01-01,"Victoria","30",116.6
2016-01-01,"Victoria","30",124.2
2017-01-01,"Victoria","30",122.9
2018-01-01,"Victoria","30",113.2
2019-01-01,"Victoria","30",107.6
2020-01-01,"Victoria","30",101.1
2021-01-01,"Victoria","30",109.4
2022-01-01,"Victoria","30",106.4
1975-01-01,"Western Australia","30",102.3
1976-01-01,"Western Australia","30",104.1
1977-01-01,"Western Australia","30",100.1
1978-01-01,"Western Australia","30",93.6
1979-01-01,"Western Australia","30",101.4
1980-01-01,"Western Australia","30",104.1
1981-01-01,"Western Australia","30",109.2
1982-01-01,"Western Australia","30",103.6
1983-01-01,"Western Australia","30",110.1
1984-01-01,"Western Australia","30",108.3
1985-01-01,"Western Australia","30",121.6
1986-01-01,"Western Australia","30",120
1987-01-01,"Western Australia","30",122.5
1988-01-01,"Western Australia","30",129.9
1989-01-01,"Western Australia","30",134.4
1990-01-01,"Western Australia","30",130.5
1991-01-01,"Western Australia","30",127.1
1992-01-01,"Western Australia","30",128.5
1993-01-01,"Western Australia","30",134.1
1994-01-01,"Western Australia","30",127.4
1995-01-01,"Western Australia","30",129.9
1996-01-01,"Western Australia","30",124.4
1997-01-01,"Western Australia","30",129.3
1998-01-01,"Western Australia","30",124.1
1999-01-01,"Western Australia","30",127.1
2000-01-01,"Western Australia","30",128
2001-01-01,"Western Australia","30",119.3
2002-01-01,"Western Australia","30",121.9
2003-01-01,"Western Australia","30",120.6
2004-01-01,"Western Australia","30",122.6
2005-01-01,"Western Australia","30",126.2
2006-01-01,"Western Australia","30",132.2
2007-01-01,"Western Australia","30",132.8
2008-01-01,"Western Australia","30",138.1
2009-01-01,"Western Australia","30",129.4
2010-01-01,"Western Australia","30",126.2
2011-01-01,"Western Australia","30",125.2
2012-01-01,"Western Australia","30",129.5
2013-01-01,"Western Australia","30",123.8
2014-01-01,"Western Australia","30",128.3
2015-01-01,"Western Australia","30",122.4
2016-01-01,"Western Australia","30",126.1
2017-01-01,"Western Australia","30",120.8
2018-01-01,"Western Australia","30",118.3
2019-01-01,"Western Australia","30",120
2020-01-01,"Western Australia","30",114.8
2021-01-01,"Western Australia","30",124.8
2022-01-01,"Western Australia","30",113.2
1975-01-01,"Australia","31",83.7
1976-01-01,"Australia","31",85.1
1977-01-01,"Australia","31",86.2
1978-01-01,"Australia","31",82.7
1979-01-01,"Australia","31",86.6
1980-01-01,"Australia","31",86.5
1981-01-01,"Australia","31",93.2
1982-01-01,"Australia","31",94.3
1983-01-01,"Australia","31",97.4
1984-01-01,"Australia","31",96.8
1985-01-01,"Australia","31",105
1986-01-01,"Australia","31",105.7
1987-01-01,"Australia","31",103.5
1988-01-01,"Australia","31",108.6
1989-01-01,"Australia","31",111
1990-01-01,"Australia","31",117.2
1991-01-01,"Australia","31",114.5
1992-01-01,"Australia","31",117.8
1993-01-01,"Australia","31",120.5
1994-01-01,"Australia","31",120.2
1995-01-01,"Australia","31",120.2
1996-01-01,"Australia","31",121.3
1997-01-01,"Australia","31",119.2
1998-01-01,"Australia","31",120.9
1999-01-01,"Australia","31",120.9
2000-01-01,"Australia","31",121.3
2001-01-01,"Australia","31",119.4
2002-01-01,"Australia","31",120
2003-01-01,"Australia","31",124.6
2004-01-01,"Australia","31",124.1
2005-01-01,"Australia","31",129.6
2006-01-01,"Australia","31",132.2
2007-01-01,"Australia","31",139.9
2008-01-01,"Australia","31",140.4
2009-01-01,"Australia","31",135
2010-01-01,"Australia","31",135.1
2011-01-01,"Australia","31",134.7
2012-01-01,"Australia","31",133.3
2013-01-01,"Australia","31",134.1
2014-01-01,"Australia","31",127.4
2015-01-01,"Australia","31",127.7
2016-01-01,"Australia","31",131.1
2017-01-01,"Australia","31",124.6
2018-01-01,"Australia","31",126
2019-01-01,"Australia","31",123.6
2020-01-01,"Australia","31",117.6
2021-01-01,"Australia","31",126.3
2022-01-01,"Australia","31",118.2
1975-01-01,"Australian Capital Territory","31",93.6
1976-01-01,"Australian Capital Territory","31",104.3
1977-01-01,"Australian Capital Territory","31",112
1978-01-01,"Australian Capital Territory","31",108.8
1979-01-01,"Australian Capital Territory","31",109.2
1980-01-01,"Australian Capital Territory","31",101
1981-01-01,"Australian Capital Territory","31",108.8
1982-01-01,"Australian Capital Territory","31",103.5
1983-01-01,"Australian Capital Territory","31",116.8
1984-01-01,"Australian Capital Territory","31",118.5
1985-01-01,"Australian Capital Territory","31",107
1986-01-01,"Australian Capital Territory","31",117.2
1987-01-01,"Australian Capital Territory","31",104.6
1988-01-01,"Australian Capital Territory","31",120.2
1989-01-01,"Australian Capital Territory","31",113.8
1990-01-01,"Australian Capital Territory","31",117.4
1991-01-01,"Australian Capital Territory","31",123
1992-01-01,"Australian Capital Territory","31",129.2
1993-01-01,"Australian Capital Territory","31",115.9
1994-01-01,"Australian Capital Territory","31",125.6
1995-01-01,"Australian Capital Territory","31",118
1996-01-01,"Australian Capital Territory","31",115.7
1997-01-01,"Australian Capital Territory","31",118.1
1998-01-01,"Australian Capital Territory","31",114.5
1999-01-01,"Australian Capital Territory","31",114.5
2000-01-01,"Australian Capital Territory","31",108.7
2001-01-01,"Australian Capital Territory","31",121.9
2002-01-01,"Australian Capital Territory","31",117
2003-01-01,"Australian Capital Territory","31",131.4
2004-01-01,"Australian Capital Territory","31",116.9
2005-01-01,"Australian Capital Territory","31",130.6
2006-01-01,"Australian Capital Territory","31",138.4
2007-01-01,"Australian Capital Territory","31",136
2008-01-01,"Australian Capital Territory","31",138.4
2009-01-01,"Australian Capital Territory","31",139.4
2010-01-01,"Australian Capital Territory","31",132.2
2011-01-01,"Australian Capital Territory","31",138
2012-01-01,"Australian Capital Territory","31",148.3
2013-01-01,"Australian Capital Territory","31",130.9
2014-01-01,"Australian Capital Territory","31",140.9
2015-01-01,"Australian Capital Territory","31",131.7
2016-01-01,"Australian Capital Territory","31",126.6
2017-01-01,"Australian Capital Territory","31",128.8
2018-01-01,"Australian Capital Territory","31",114.1
2019-01-01,"Australian Capital Territory","31",123.8
2020-01-01,"Australian Capital Territory","31",119.9
2021-01-01,"Australian Capital Territory","31",116.8
2022-01-01,"Australian Capital Territory","31",113.4
1975-01-01,"New South Wales","31",85.4
1976-01-01,"New South Wales","31",87.4
1977-01-01,"New South Wales","31",88.6
1978-01-01,"New South Wales","31",85.2
1979-01-01,"New South Wales","31",88.9
1980-01-01,"New South Wales","31",89.1
1981-01-01,"New South Wales","31",95.2
1982-01-01,"New South Wales","31",98
1983-01-01,"New South Wales","31",98.2
1984-01-01,"New South Wales","31",97.5
1985-01-01,"New South Wales","31",112.2
1986-01-01,"New South Wales","31",106.6
1987-01-01,"New South Wales","31",106.3
1988-01-01,"New South Wales","31",106.8
1989-01-01,"New South Wales","31",111.4
1990-01-01,"New South Wales","31",118.4
1991-01-01,"New South Wales","31",116.6
1992-01-01,"New South Wales","31",119.3
1993-01-01,"New South Wales","31",123.8
1994-01-01,"New South Wales","31",119.1
1995-01-01,"New South Wales","31",122.3
1996-01-01,"New South Wales","31",120.9
1997-01-01,"New South Wales","31",119.3
1998-01-01,"New South Wales","31",119.8
1999-01-01,"New South Wales","31",123.6
2000-01-01,"New South Wales","31",126
2001-01-01,"New South Wales","31",118.4
2002-01-01,"New South Wales","31",120.5
2003-01-01,"New South Wales","31",125.7
2004-01-01,"New South Wales","31",124.4
2005-01-01,"New South Wales","31",133.3
2006-01-01,"New South Wales","31",136.4
2007-01-01,"New South Wales","31",142.4
2008-01-01,"New South Wales","31",142.3
2009-01-01,"New South Wales","31",136.4
2010-01-01,"New South Wales","31",142.2
2011-01-01,"New South Wales","31",137.2
2012-01-01,"New South Wales","31",132.3
2013-01-01,"New South Wales","31",139.7
2014-01-01,"New South Wales","31",123.3
2015-01-01,"New South Wales","31",129.4
2016-01-01,"New South Wales","31",127.4
2017-01-01,"New South Wales","31",123.8
2018-01-01,"New South Wales","31",134.6
2019-01-01,"New South Wales","31",125.6
2020-01-01,"New South Wales","31",121.1
2021-01-01,"New South Wales","31",131.4
2022-01-01,"New South Wales","31",123.1
1975-01-01,"Northern Territory","31",99
1976-01-01,"Northern Territory","31",94.1
1977-01-01,"Northern Territory","31",102.3
1978-01-01,"Northern Territory","31",91
1979-01-01,"Northern Territory","31",86.8
1980-01-01,"Northern Territory","31",75.7
1981-01-01,"Northern Territory","31",117.2
1982-01-01,"Northern Territory","31",91.5
1983-01-01,"Northern Territory","31",104.3
1984-01-01,"Northern Territory","31",97.2
1985-01-01,"Northern Territory","31",105.2
1986-01-01,"Northern Territory","31",87.1
1987-01-01,"Northern Territory","31",87.2
1988-01-01,"Northern Territory","31",78.5
1989-01-01,"Northern Territory","31",96.1
1990-01-01,"Northern Territory","31",121.1
1991-01-01,"Northern Territory","31",113.8
1992-01-01,"Northern Territory","31",85.7
1993-01-01,"Northern Territory","31",99.6
1994-01-01,"Northern Territory","31",108.5
1995-01-01,"Northern Territory","31",120.7
1996-01-01,"Northern Territory","31",94.9
1997-01-01,"Northern Territory","31",99
1998-01-01,"Northern Territory","31",108
1999-01-01,"Northern Territory","31",113.7
2000-01-01,"Northern Territory","31",101.8
2001-01-01,"Northern Territory","31",124
2002-01-01,"Northern Territory","31",95.8
2003-01-01,"Northern Territory","31",108.9
2004-01-01,"Northern Territory","31",106.1
2005-01-01,"Northern Territory","31",105
2006-01-01,"Northern Territory","31",112.9
2007-01-01,"Northern Territory","31",102.4
2008-01-01,"Northern Territory","31",125.1
2009-01-01,"Northern Territory","31",110.4
2010-01-01,"Northern Territory","31",118.9
2011-01-01,"Northern Territory","31",117.3
2012-01-01,"Northern Territory","31",118.5
2013-01-01,"Northern Territory","31",107.9
2014-01-01,"Northern Territory","31",112.6
2015-01-01,"Northern Territory","31",106.8
2016-01-01,"Northern Territory","31",115.5
2017-01-01,"Northern Territory","31",114.9
2018-01-01,"Northern Territory","31",99.4
2019-01-01,"Northern Territory","31",101.2
2020-01-01,"Northern Territory","31",104.1
2021-01-01,"Northern Territory","31",100.7
2022-01-01,"Northern Territory","31",92
1975-01-01,"Queensland","31",80.6
1976-01-01,"Queensland","31",82
1977-01-01,"Queensland","31",82.2
1978-01-01,"Queensland","31",79.1
1979-01-01,"Queensland","31",85.1
1980-01-01,"Queensland","31",81.9
1981-01-01,"Queensland","31",89
1982-01-01,"Queensland","31",91.4
1983-01-01,"Queensland","31",94.4
1984-01-01,"Queensland","31",93.2
1985-01-01,"Queensland","31",97.4
1986-01-01,"Queensland","31",101.8
1987-01-01,"Queensland","31",96.6
1988-01-01,"Queensland","31",101.9
1989-01-01,"Queensland","31",107
1990-01-01,"Queensland","31",110.7
1991-01-01,"Queensland","31",112.4
1992-01-01,"Queensland","31",116.9
1993-01-01,"Queensland","31",116.7
1994-01-01,"Queensland","31",116.4
1995-01-01,"Queensland","31",113.1
1996-01-01,"Queensland","31",117.3
1997-01-01,"Queensland","31",116.7
1998-01-01,"Queensland","31",114.9
1999-01-01,"Queensland","31",114.9
2000-01-01,"Queensland","31",115.5
2001-01-01,"Queensland","31",117.7
2002-01-01,"Queensland","31",115.3
2003-01-01,"Queensland","31",120.1
2004-01-01,"Queensland","31",119.8
2005-01-01,"Queensland","31",125.2
2006-01-01,"Queensland","31",125.6
2007-01-01,"Queensland","31",139.3
2008-01-01,"Queensland","31",137.3
2009-01-01,"Queensland","31",138.4
2010-01-01,"Queensland","31",131.6
2011-01-01,"Queensland","31",130.8
2012-01-01,"Queensland","31",130.9
2013-01-01,"Queensland","31",134.6
2014-01-01,"Queensland","31",129.1
2015-01-01,"Queensland","31",127.7
2016-01-01,"Queensland","31",125
2017-01-01,"Queensland","31",121.8
2018-01-01,"Queensland","31",120.6
2019-01-01,"Queensland","31",118.3
2020-01-01,"Queensland","31",118.7
2021-01-01,"Queensland","31",127.9
2022-01-01,"Queensland","31",116.9
1975-01-01,"South Australia","31",76.1
1976-01-01,"South Australia","31",69.9
1977-01-01,"South Australia","31",72.4
1978-01-01,"South Australia","31",66.3
1979-01-01,"South Australia","31",72.8
1980-01-01,"South Australia","31",73.6
1981-01-01,"South Australia","31",79.4
1982-01-01,"South Australia","31",80
1983-01-01,"South Australia","31",87.7
1984-01-01,"South Australia","31",90.5
1985-01-01,"South Australia","31",93.3
1986-01-01,"South Australia","31",99.8
1987-01-01,"South Australia","31",93.5
1988-01-01,"South Australia","31",109.3
1989-01-01,"South Australia","31",95.7
1990-01-01,"South Australia","31",102.2
1991-01-01,"South Australia","31",104.6
1992-01-01,"South Australia","31",105.5
1993-01-01,"South Australia","31",114.7
1994-01-01,"South Australia","31",115.5
1995-01-01,"South Australia","31",118.3
1996-01-01,"South Australia","31",118.2
1997-01-01,"South Australia","31",115.5
1998-01-01,"South Australia","31",122.4
1999-01-01,"South Australia","31",122.7
2000-01-01,"South Australia","31",120.2
2001-01-01,"South Australia","31",119.6
2002-01-01,"South Australia","31",123.5
2003-01-01,"South Australia","31",123.7
2004-01-01,"South Australia","31",119.7
2005-01-01,"South Australia","31",126.7
2006-01-01,"South Australia","31",129.2
2007-01-01,"South Australia","31",135.9
2008-01-01,"South Australia","31",141.5
2009-01-01,"South Australia","31",133.5
2010-01-01,"South Australia","31",132
2011-01-01,"South Australia","31",139.2
2012-01-01,"South Australia","31",136.8
2013-01-01,"South Australia","31",133.8
2014-01-01,"South Australia","31",127.4
2015-01-01,"South Australia","31",133.4
2016-01-01,"South Australia","31",131.2
2017-01-01,"South Australia","31",123.2
2018-01-01,"South Australia","31",124.1
2019-01-01,"South Australia","31",130.3
2020-01-01,"South Australia","31",117.5
2021-01-01,"South Australia","31",128.1
2022-01-01,"South Australia","31",123
1975-01-01,"Tasmania","31",65.3
1976-01-01,"Tasmania","31",86.5
1977-01-01,"Tasmania","31",70.2
1978-01-01,"Tasmania","31",70.4
1979-01-01,"Tasmania","31",78.7
1980-01-01,"Tasmania","31",81.9
1981-01-01,"Tasmania","31",78.1
1982-01-01,"Tasmania","31",81.6
1983-01-01,"Tasmania","31",87.1
1984-01-01,"Tasmania","31",92.9
1985-01-01,"Tasmania","31",100.6
1986-01-01,"Tasmania","31",94.4
1987-01-01,"Tasmania","31",96.1
1988-01-01,"Tasmania","31",103.6
1989-01-01,"Tasmania","31",103
1990-01-01,"Tasmania","31",99.9
1991-01-01,"Tasmania","31",101.5
1992-01-01,"Tasmania","31",108.7
1993-01-01,"Tasmania","31",109.1
1994-01-01,"Tasmania","31",118.5
1995-01-01,"Tasmania","31",117.8
1996-01-01,"Tasmania","31",120.7
1997-01-01,"Tasmania","31",117.3
1998-01-01,"Tasmania","31",111.6
1999-01-01,"Tasmania","31",112.9
2000-01-01,"Tasmania","31",109.5
2001-01-01,"Tasmania","31",131
2002-01-01,"Tasmania","31",116.9
2003-01-01,"Tasmania","31",115.6
2004-01-01,"Tasmania","31",120.6
2005-01-01,"Tasmania","31",139.4
2006-01-01,"Tasmania","31",135.3
2007-01-01,"Tasmania","31",136.2
2008-01-01,"Tasmania","31",135.7
2009-01-01,"Tasmania","31",139.2
2010-01-01,"Tasmania","31",127.8
2011-01-01,"Tasmania","31",133.6
2012-01-01,"Tasmania","31",116.2
2013-01-01,"Tasmania","31",135.9
2014-01-01,"Tasmania","31",127
2015-01-01,"Tasmania","31",136.5
2016-01-01,"Tasmania","31",125.9
2017-01-01,"Tasmania","31",121.2
2018-01-01,"Tasmania","31",118.4
2019-01-01,"Tasmania","31",114.3
2020-01-01,"Tasmania","31",117.6
2021-01-01,"Tasmania","31",107.5
2022-01-01,"Tasmania","31",108
1975-01-01,"Victoria","31",88.5
1976-01-01,"Victoria","31",89.5
1977-01-01,"Victoria","31",87.7
1978-01-01,"Victoria","31",86.5
1979-01-01,"Victoria","31",89.3
1980-01-01,"Victoria","31",90
1981-01-01,"Victoria","31",98.4
1982-01-01,"Victoria","31",97.8
1983-01-01,"Victoria","31",100.6
1984-01-01,"Victoria","31",101.4
1985-01-01,"Victoria","31",106.8
1986-01-01,"Victoria","31",107.8
1987-01-01,"Victoria","31",110
1988-01-01,"Victoria","31",114
1989-01-01,"Victoria","31",118.3
1990-01-01,"Victoria","31",125.5
1991-01-01,"Victoria","31",117.9
1992-01-01,"Victoria","31",123.9
1993-01-01,"Victoria","31",123.5
1994-01-01,"Victoria","31",128.3
1995-01-01,"Victoria","31",124
1996-01-01,"Victoria","31",128.4
1997-01-01,"Victoria","31",123.9
1998-01-01,"Victoria","31",129.3
1999-01-01,"Victoria","31",122.5
2000-01-01,"Victoria","31",123.7
2001-01-01,"Victoria","31",122.2
2002-01-01,"Victoria","31",125.4
2003-01-01,"Victoria","31",128
2004-01-01,"Victoria","31",130.7
2005-01-01,"Victoria","31",129.9
2006-01-01,"Victoria","31",133.3
2007-01-01,"Victoria","31",141.6
2008-01-01,"Victoria","31",140.6
2009-01-01,"Victoria","31",132.7
2010-01-01,"Victoria","31",133.3
2011-01-01,"Victoria","31",135.1
2012-01-01,"Victoria","31",137.1
2013-01-01,"Victoria","31",129
2014-01-01,"Victoria","31",128.3
2015-01-01,"Victoria","31",123.1
2016-01-01,"Victoria","31",138.9
2017-01-01,"Victoria","31",128.1
2018-01-01,"Victoria","31",123
2019-01-01,"Victoria","31",123.1
2020-01-01,"Victoria","31",112
2021-01-01,"Victoria","31",120.5
2022-01-01,"Victoria","31",114.9
1975-01-01,"Western Australia","31",76.4
1976-01-01,"Western Australia","31",77.9
1977-01-01,"Western Australia","31",89.1
1978-01-01,"Western Australia","31",80.8
1979-01-01,"Western Australia","31",82.5
1980-01-01,"Western Australia","31",86
1981-01-01,"Western Australia","31",89.6
1982-01-01,"Western Australia","31",91.2
1983-01-01,"Western Australia","31",97.1
1984-01-01,"Western Australia","31",89.9
1985-01-01,"Western Australia","31",98.7
1986-01-01,"Western Australia","31",111.8
1987-01-01,"Western Australia","31",100.3
1988-01-01,"Western Australia","31",113.8
1989-01-01,"Western Australia","31",113.1
1990-01-01,"Western Australia","31",119.4
1991-01-01,"Western Australia","31",112.6
1992-01-01,"Western Australia","31",112.9
1993-01-01,"Western Australia","31",118.7
1994-01-01,"Western Australia","31",114.6
1995-01-01,"Western Australia","31",118.1
1996-01-01,"Western Australia","31",118.7
1997-01-01,"Western Australia","31",117.9
1998-01-01,"Western Australia","31",118.1
1999-01-01,"Western Australia","31",120.4
2000-01-01,"Western Australia","31",117.2
2001-01-01,"Western Australia","31",114.5
2002-01-01,"Western Australia","31",114.3
2003-01-01,"Western Australia","31",123.4
2004-01-01,"Western Australia","31",122.3
2005-01-01,"Western Australia","31",127.5
2006-01-01,"Western Australia","31",129.9
2007-01-01,"Western Australia","31",136.8
2008-01-01,"Western Australia","31",142.3
2009-01-01,"Western Australia","31",132.3
2010-01-01,"Western Australia","31",130.2
2011-01-01,"Western Australia","31",131.8
2012-01-01,"Western Australia","31",131.2
2013-01-01,"Western Australia","31",132.5
2014-01-01,"Western Australia","31",133.9
2015-01-01,"Western Australia","31",130.6
2016-01-01,"Western Australia","31",136.3
2017-01-01,"Western Australia","31",124.6
2018-01-01,"Western Australia","31",125.2
2019-01-01,"Western Australia","31",128.6
2020-01-01,"Western Australia","31",121.4
2021-01-01,"Western Australia","31",130.3
2022-01-01,"Western Australia","31",118
1975-01-01,"Australia","32",72.1
1976-01-01,"Australia","32",68.1
1977-01-01,"Australia","32",70.6
1978-01-01,"Australia","32",70.8
1979-01-01,"Australia","32",70.4
1980-01-01,"Australia","32",73.5
1981-01-01,"Australia","32",75.5
1982-01-01,"Australia","32",79.2
1983-01-01,"Australia","32",77.8
1984-01-01,"Australia","32",80.9
1985-01-01,"Australia","32",87.7
1986-01-01,"Australia","32",87.1
1987-01-01,"Australia","32",90
1988-01-01,"Australia","32",90.9
1989-01-01,"Australia","32",96.4
1990-01-01,"Australia","32",103.8
1991-01-01,"Australia","32",100
1992-01-01,"Australia","32",105.2
1993-01-01,"Australia","32",106.5
1994-01-01,"Australia","32",108
1995-01-01,"Australia","32",109.9
1996-01-01,"Australia","32",108.6
1997-01-01,"Australia","32",109.7
1998-01-01,"Australia","32",110.4
1999-01-01,"Australia","32",111
2000-01-01,"Australia","32",112.6
2001-01-01,"Australia","32",112.4
2002-01-01,"Australia","32",115.7
2003-01-01,"Australia","32",114.7
2004-01-01,"Australia","32",119.1
2005-01-01,"Australia","32",123.9
2006-01-01,"Australia","32",128.1
2007-01-01,"Australia","32",134.3
2008-01-01,"Australia","32",136
2009-01-01,"Australia","32",131.5
2010-01-01,"Australia","32",133.6
2011-01-01,"Australia","32",128.8
2012-01-01,"Australia","32",130.9
2013-01-01,"Australia","32",128.6
2014-01-01,"Australia","32",125.2
2015-01-01,"Australia","32",126.1
2016-01-01,"Australia","32",127.4
2017-01-01,"Australia","32",124.6
2018-01-01,"Australia","32",124.9
2019-01-01,"Australia","32",120.9
2020-01-01,"Australia","32",116.6
2021-01-01,"Australia","32",126
2022-01-01,"Australia","32",120.1
1975-01-01,"Australian Capital Territory","32",73.7
1976-01-01,"Australian Capital Territory","32",70.2
1977-01-01,"Australian Capital Territory","32",83.2
1978-01-01,"Australian Capital Territory","32",74.8
1979-01-01,"Australian Capital Territory","32",87.5
1980-01-01,"Australian Capital Territory","32",88.1
1981-01-01,"Australian Capital Territory","32",86.7
1982-01-01,"Australian Capital Territory","32",95.8
1983-01-01,"Australian Capital Territory","32",83.7
1984-01-01,"Australian Capital Territory","32",90.5
1985-01-01,"Australian Capital Territory","32",89.1
1986-01-01,"Australian Capital Territory","32",98.1
1987-01-01,"Australian Capital Territory","32",92
1988-01-01,"Australian Capital Territory","32",98.8
1989-01-01,"Australian Capital Territory","32",91.8
1990-01-01,"Australian Capital Territory","32",105.6
1991-01-01,"Australian Capital Territory","32",107
1992-01-01,"Australian Capital Territory","32",106.5
1993-01-01,"Australian Capital Territory","32",106.7
1994-01-01,"Australian Capital Territory","32",110.3
1995-01-01,"Australian Capital Territory","32",102.8
1996-01-01,"Australian Capital Territory","32",105.1
1997-01-01,"Australian Capital Territory","32",109.7
1998-01-01,"Australian Capital Territory","32",103.4
1999-01-01,"Australian Capital Territory","32",114
2000-01-01,"Australian Capital Territory","32",111
2001-01-01,"Australian Capital Territory","32",96.3
2002-01-01,"Australian Capital Territory","32",123.6
2003-01-01,"Australian Capital Territory","32",105.2
2004-01-01,"Australian Capital Territory","32",117.8
2005-01-01,"Australian Capital Territory","32",116
2006-01-01,"Australian Capital Territory","32",133.7
2007-01-01,"Australian Capital Territory","32",124.7
2008-01-01,"Australian Capital Territory","32",140.2
2009-01-01,"Australian Capital Territory","32",136.2
2010-01-01,"Australian Capital Territory","32",141
2011-01-01,"Australian Capital Territory","32",128.7
2012-01-01,"Australian Capital Territory","32",137.3
2013-01-01,"Australian Capital Territory","32",145.4
2014-01-01,"Australian Capital Territory","32",135.5
2015-01-01,"Australian Capital Territory","32",142.3
2016-01-01,"Australian Capital Territory","32",129.1
2017-01-01,"Australian Capital Territory","32",146.9
2018-01-01,"Australian Capital Territory","32",120.2
2019-01-01,"Australian Capital Territory","32",124.4
2020-01-01,"Australian Capital Territory","32",116
2021-01-01,"Australian Capital Territory","32",116.9
2022-01-01,"Australian Capital Territory","32",111.2
1975-01-01,"New South Wales","32",74.5
1976-01-01,"New South Wales","32",71.7
1977-01-01,"New South Wales","32",74.5
1978-01-01,"New South Wales","32",72.1
1979-01-01,"New South Wales","32",72.8
1980-01-01,"New South Wales","32",76.8
1981-01-01,"New South Wales","32",77.3
1982-01-01,"New South Wales","32",80.7
1983-01-01,"New South Wales","32",80.3
1984-01-01,"New South Wales","32",80.1
1985-01-01,"New South Wales","32",95.3
1986-01-01,"New South Wales","32",91.8
1987-01-01,"New South Wales","32",94.9
1988-01-01,"New South Wales","32",93.6
1989-01-01,"New South Wales","32",95.4
1990-01-01,"New South Wales","32",105.2
1991-01-01,"New South Wales","32",100.8
1992-01-01,"New South Wales","32",110.1
1993-01-01,"New South Wales","32",108.1
1994-01-01,"New South Wales","32",108.1
1995-01-01,"New South Wales","32",110.2
1996-01-01,"New South Wales","32",108.5
1997-01-01,"New South Wales","32",112.1
1998-01-01,"New South Wales","32",110.5
1999-01-01,"New South Wales","32",112.3
2000-01-01,"New South Wales","32",115.1
2001-01-01,"New South Wales","32",112.4
2002-01-01,"New South Wales","32",117
2003-01-01,"New South Wales","32",114.3
2004-01-01,"New South Wales","32",117.5
2005-01-01,"New South Wales","32",127.5
2006-01-01,"New South Wales","32",129.2
2007-01-01,"New South Wales","32",135.1
2008-01-01,"New South Wales","32",135.8
2009-01-01,"New South Wales","32",134.7
2010-01-01,"New South Wales","32",136.1
2011-01-01,"New South Wales","32",134.4
2012-01-01,"New South Wales","32",132.2
2013-01-01,"New South Wales","32",132.9
2014-01-01,"New South Wales","32",121.7
2015-01-01,"New South Wales","32",131.6
2016-01-01,"New South Wales","32",122
2017-01-01,"New South Wales","32",123.2
2018-01-01,"New South Wales","32",135.8
2019-01-01,"New South Wales","32",124.7
2020-01-01,"New South Wales","32",119.2
2021-01-01,"New South Wales","32",131.6
2022-01-01,"New South Wales","32",124.9
1975-01-01,"Northern Territory","32",78.5
1976-01-01,"Northern Territory","32",101
1977-01-01,"Northern Territory","32",114.6
1978-01-01,"Northern Territory","32",65.3
1979-01-01,"Northern Territory","32",71.3
1980-01-01,"Northern Territory","32",64.5
1981-01-01,"Northern Territory","32",78.3
1982-01-01,"Northern Territory","32",79.2
1983-01-01,"Northern Territory","32",76.7
1984-01-01,"Northern Territory","32",84.4
1985-01-01,"Northern Territory","32",86.4
1986-01-01,"Northern Territory","32",80
1987-01-01,"Northern Territory","32",98.7
1988-01-01,"Northern Territory","32",85.7
1989-01-01,"Northern Territory","32",100.3
1990-01-01,"Northern Territory","32",96.9
1991-01-01,"Northern Territory","32",84.1
1992-01-01,"Northern Territory","32",94.4
1993-01-01,"Northern Territory","32",94.6
1994-01-01,"Northern Territory","32",100.6
1995-01-01,"Northern Territory","32",105.6
1996-01-01,"Northern Territory","32",106
1997-01-01,"Northern Territory","32",86.8
1998-01-01,"Northern Territory","32",89.7
1999-01-01,"Northern Territory","32",89.5
2000-01-01,"Northern Territory","32",100.6
2001-01-01,"Northern Territory","32",108.1
2002-01-01,"Northern Territory","32",115.4
2003-01-01,"Northern Territory","32",101.7
2004-01-01,"Northern Territory","32",108.3
2005-01-01,"Northern Territory","32",96.2
2006-01-01,"Northern Territory","32",114.3
2007-01-01,"Northern Territory","32",104.9
2008-01-01,"Northern Territory","32",106.6
2009-01-01,"Northern Territory","32",106.5
2010-01-01,"Northern Territory","32",98.9
2011-01-01,"Northern Territory","32",97.8
2012-01-01,"Northern Territory","32",109.4
2013-01-01,"Northern Territory","32",110.4
2014-01-01,"Northern Territory","32",108.4
2015-01-01,"Northern Territory","32",112.1
2016-01-01,"Northern Territory","32",100.3
2017-01-01,"Northern Territory","32",98.5
2018-01-01,"Northern Territory","32",108.5
2019-01-01,"Northern Territory","32",95.1
2020-01-01,"Northern Territory","32",102.4
2021-01-01,"Northern Territory","32",117.3
2022-01-01,"Northern Territory","32",97.3
1975-01-01,"Queensland","32",74.7
1976-01-01,"Queensland","32",69.8
1977-01-01,"Queensland","32",67.1
1978-01-01,"Queensland","32",67
1979-01-01,"Queensland","32",70.9
1980-01-01,"Queensland","32",69.1
1981-01-01,"Queensland","32",74.5
1982-01-01,"Queensland","32",78.8
1983-01-01,"Queensland","32",74.9
1984-01-01,"Queensland","32",78.2
1985-01-01,"Queensland","32",81.6
1986-01-01,"Queensland","32",78.4
1987-01-01,"Queensland","32",82.1
1988-01-01,"Queensland","32",84.1
1989-01-01,"Queensland","32",91.8
1990-01-01,"Queensland","32",98.2
1991-01-01,"Queensland","32",97.2
1992-01-01,"Queensland","32",99.2
1993-01-01,"Queensland","32",100.9
1994-01-01,"Queensland","32",102
1995-01-01,"Queensland","32",103.3
1996-01-01,"Queensland","32",102.7
1997-01-01,"Queensland","32",101.5
1998-01-01,"Queensland","32",107.3
1999-01-01,"Queensland","32",105.1
2000-01-01,"Queensland","32",104
2001-01-01,"Queensland","32",108.2
2002-01-01,"Queensland","32",109
2003-01-01,"Queensland","32",110.3
2004-01-01,"Queensland","32",113.5
2005-01-01,"Queensland","32",118.6
2006-01-01,"Queensland","32",119.6
2007-01-01,"Queensland","32",131.4
2008-01-01,"Queensland","32",136.3
2009-01-01,"Queensland","32",126.5
2010-01-01,"Queensland","32",133.8
2011-01-01,"Queensland","32",123.2
2012-01-01,"Queensland","32",125.2
2013-01-01,"Queensland","32",123.1
2014-01-01,"Queensland","32",124.8
2015-01-01,"Queensland","32",118.3
2016-01-01,"Queensland","32",125.6
2017-01-01,"Queensland","32",115.4
2018-01-01,"Queensland","32",115.5
2019-01-01,"Queensland","32",116
2020-01-01,"Queensland","32",112.2
2021-01-01,"Queensland","32",122.8
2022-01-01,"Queensland","32",116.3
1975-01-01,"South Australia","32",56.5
1976-01-01,"South Australia","32",51.7
1977-01-01,"South Australia","32",53
1978-01-01,"South Australia","32",57.2
1979-01-01,"South Australia","32",55.3
1980-01-01,"South Australia","32",63.9
1981-01-01,"South Australia","32",64
1982-01-01,"South Australia","32",68.7
1983-01-01,"South Australia","32",71.2
1984-01-01,"South Australia","32",71.3
1985-01-01,"South Australia","32",74
1986-01-01,"South Australia","32",72.8
1987-01-01,"South Australia","32",78.7
1988-01-01,"South Australia","32",78.5
1989-01-01,"South Australia","32",86.7
1990-01-01,"South Australia","32",95
1991-01-01,"South Australia","32",88.3
1992-01-01,"South Australia","32",92
1993-01-01,"South Australia","32",103.9
1994-01-01,"South Australia","32",102.1
1995-01-01,"South Australia","32",104.1
1996-01-01,"South Australia","32",107.5
1997-01-01,"South Australia","32",113
1998-01-01,"South Australia","32",112.6
1999-01-01,"South Australia","32",113.1
2000-01-01,"South Australia","32",112.2
2001-01-01,"South Australia","32",115.3
2002-01-01,"South Australia","32",115.4
2003-01-01,"South Australia","32",112.8
2004-01-01,"South Australia","32",114.7
2005-01-01,"South Australia","32",107.2
2006-01-01,"South Australia","32",113.4
2007-01-01,"South Australia","32",135
2008-01-01,"South Australia","32",133.8
2009-01-01,"South Australia","32",126.8
2010-01-01,"South Australia","32",136.5
2011-01-01,"South Australia","32",118.1
2012-01-01,"South Australia","32",130.6
2013-01-01,"South Australia","32",124.2
2014-01-01,"South Australia","32",130.7
2015-01-01,"South Australia","32",124.2
2016-01-01,"South Australia","32",123.2
2017-01-01,"South Australia","32",122.4
2018-01-01,"South Australia","32",119.6
2019-01-01,"South Australia","32",118.3
2020-01-01,"South Australia","32",116.2
2021-01-01,"South Australia","32",129.6
2022-01-01,"South Australia","32",125.7
1975-01-01,"Tasmania","32",71.1
1976-01-01,"Tasmania","32",53.4
1977-01-01,"Tasmania","32",55.9
1978-01-01,"Tasmania","32",56.3
1979-01-01,"Tasmania","32",58.2
1980-01-01,"Tasmania","32",69.3
1981-01-01,"Tasmania","32",67.5
1982-01-01,"Tasmania","32",66.5
1983-01-01,"Tasmania","32",64.2
1984-01-01,"Tasmania","32",77.2
1985-01-01,"Tasmania","32",78.1
1986-01-01,"Tasmania","32",68.7
1987-01-01,"Tasmania","32",78.8
1988-01-01,"Tasmania","32",77.1
1989-01-01,"Tasmania","32",83.4
1990-01-01,"Tasmania","32",94.1
1991-01-01,"Tasmania","32",81.7
1992-01-01,"Tasmania","32",90.2
1993-01-01,"Tasmania","32",101.1
1994-01-01,"Tasmania","32",93.2
1995-01-01,"Tasmania","32",100.1
1996-01-01,"Tasmania","32",103.5
1997-01-01,"Tasmania","32",89.3
1998-01-01,"Tasmania","32",95.2
1999-01-01,"Tasmania","32",99.5
2000-01-01,"Tasmania","32",90.2
2001-01-01,"Tasmania","32",118.7
2002-01-01,"Tasmania","32",107.1
2003-01-01,"Tasmania","32",108.7
2004-01-01,"Tasmania","32",99.2
2005-01-01,"Tasmania","32",119.2
2006-01-01,"Tasmania","32",134.4
2007-01-01,"Tasmania","32",130.5
2008-01-01,"Tasmania","32",141.2
2009-01-01,"Tasmania","32",127.7
2010-01-01,"Tasmania","32",119.2
2011-01-01,"Tasmania","32",125.7
2012-01-01,"Tasmania","32",119.4
2013-01-01,"Tasmania","32",118.4
2014-01-01,"Tasmania","32",134.7
2015-01-01,"Tasmania","32",115.1
2016-01-01,"Tasmania","32",125.6
2017-01-01,"Tasmania","32",120.3
2018-01-01,"Tasmania","32",110
2019-01-01,"Tasmania","32",110.5
2020-01-01,"Tasmania","32",110.7
2021-01-01,"Tasmania","32",114.8
2022-01-01,"Tasmania","32",90
1975-01-01,"Victoria","32",74
1976-01-01,"Victoria","32",68.9
1977-01-01,"Victoria","32",72.4
1978-01-01,"Victoria","32",76
1979-01-01,"Victoria","32",72.8
1980-01-01,"Victoria","32",75.6
1981-01-01,"Victoria","32",78.4
1982-01-01,"Victoria","32",82.7
1983-01-01,"Victoria","32",79.6
1984-01-01,"Victoria","32",85.9
1985-01-01,"Victoria","32",90.4
1986-01-01,"Victoria","32",92.9
1987-01-01,"Victoria","32",93.2
1988-01-01,"Victoria","32",96.3
1989-01-01,"Victoria","32",105
1990-01-01,"Victoria","32",111.2
1991-01-01,"Victoria","32",107.9
1992-01-01,"Victoria","32",111.6
1993-01-01,"Victoria","32",111.1
1994-01-01,"Victoria","32",117.3
1995-01-01,"Victoria","32",117.5
1996-01-01,"Victoria","32",115.5
1997-01-01,"Victoria","32",114.8
1998-01-01,"Victoria","32",115.9
1999-01-01,"Victoria","32",114.8
2000-01-01,"Victoria","32",118
2001-01-01,"Victoria","32",117.4
2002-01-01,"Victoria","32",124.3
2003-01-01,"Victoria","32",121.2
2004-01-01,"Victoria","32",127.8
2005-01-01,"Victoria","32",129.9
2006-01-01,"Victoria","32",134.7
2007-01-01,"Victoria","32",140.6
2008-01-01,"Victoria","32",137.9
2009-01-01,"Victoria","32",133.3
2010-01-01,"Victoria","32",133.9
2011-01-01,"Victoria","32",129.7
2012-01-01,"Victoria","32",135.3
2013-01-01,"Victoria","32",127.5
2014-01-01,"Victoria","32",126.6
2015-01-01,"Victoria","32",124.6
2016-01-01,"Victoria","32",135.9
2017-01-01,"Victoria","32",132.1
2018-01-01,"Victoria","32",123.8
2019-01-01,"Victoria","32",120.9
2020-01-01,"Victoria","32",116.3
2021-01-01,"Victoria","32",124
2022-01-01,"Victoria","32",121.4
1975-01-01,"Western Australia","32",67.3
1976-01-01,"Western Australia","32",64.8
1977-01-01,"Western Australia","32",70.1
1978-01-01,"Western Australia","32",73.9
1979-01-01,"Western Australia","32",67.8
1980-01-01,"Western Australia","32",69.2
1981-01-01,"Western Australia","32",72.6
1982-01-01,"Western Australia","32",74
1983-01-01,"Western Australia","32",77.2
1984-01-01,"Western Australia","32",82.2
1985-01-01,"Western Australia","32",77.9
1986-01-01,"Western Australia","32",85.4
1987-01-01,"Western Australia","32",88.9
1988-01-01,"Western Australia","32",91.8
1989-01-01,"Western Australia","32",96.7
1990-01-01,"Western Australia","32",99.8
1991-01-01,"Western Australia","32",96.9
1992-01-01,"Western Australia","32",98.4
1993-01-01,"Western Australia","32",103.6
1994-01-01,"Western Australia","32",104
1995-01-01,"Western Australia","32",110.6
1996-01-01,"Western Australia","32",105.4
1997-01-01,"Western Australia","32",109.5
1998-01-01,"Western Australia","32",107.1
1999-01-01,"Western Australia","32",110.8
2000-01-01,"Western Australia","32",113.3
2001-01-01,"Western Australia","32",106.8
2002-01-01,"Western Australia","32",101.8
2003-01-01,"Western Australia","32",113.2
2004-01-01,"Western Australia","32",121.6
2005-01-01,"Western Australia","32",123.4
2006-01-01,"Western Australia","32",133.9
2007-01-01,"Western Australia","32",126.4
2008-01-01,"Western Australia","32",134.9
2009-01-01,"Western Australia","32",132.4
2010-01-01,"Western Australia","32",128.4
2011-01-01,"Western Australia","32",130.7
2012-01-01,"Western Australia","32",130.3
2013-01-01,"Western Australia","32",132
2014-01-01,"Western Australia","32",127.8
2015-01-01,"Western Australia","32",129
2016-01-01,"Western Australia","32",131.5
2017-01-01,"Western Australia","32",127.1
2018-01-01,"Western Australia","32",120.8
2019-01-01,"Western Australia","32",123.8
2020-01-01,"Western Australia","32",120.7
2021-01-01,"Western Australia","32",123.2
2022-01-01,"Western Australia","32",116.7
1975-01-01,"Australia","33",57.5
1976-01-01,"Australia","33",55.4
1977-01-01,"Australia","33",55.9
1978-01-01,"Australia","33",56
1979-01-01,"Australia","33",55.8
1980-01-01,"Australia","33",58.2
1981-01-01,"Australia","33",61.9
1982-01-01,"Australia","33",62.9
1983-01-01,"Australia","33",67.1
1984-01-01,"Australia","33",63.6
1985-01-01,"Australia","33",71.1
1986-01-01,"Australia","33",72.4
1987-01-01,"Australia","33",75
1988-01-01,"Australia","33",76.7
1989-01-01,"Australia","33",79.9
1990-01-01,"Australia","33",85.9
1991-01-01,"Australia","33",86.6
1992-01-01,"Australia","33",91.6
1993-01-01,"Australia","33",90.6
1994-01-01,"Australia","33",92.2
1995-01-01,"Australia","33",94.5
1996-01-01,"Australia","33",94.9
1997-01-01,"Australia","33",96
1998-01-01,"Australia","33",97.2
1999-01-01,"Australia","33",99.2
2000-01-01,"Australia","33",102.5
2001-01-01,"Australia","33",102.1
2002-01-01,"Australia","33",104.8
2003-01-01,"Australia","33",107.2
2004-01-01,"Australia","33",109.3
2005-01-01,"Australia","33",115.4
2006-01-01,"Australia","33",119.7
2007-01-01,"Australia","33",124.7
2008-01-01,"Australia","33",127
2009-01-01,"Australia","33",124.2
2010-01-01,"Australia","33",123.9
2011-01-01,"Australia","33",121.6
2012-01-01,"Australia","33",124.7
2013-01-01,"Australia","33",121.3
2014-01-01,"Australia","33",118.1
2015-01-01,"Australia","33",119
2016-01-01,"Australia","33",122.4
2017-01-01,"Australia","33",118
2018-01-01,"Australia","33",119.8
2019-01-01,"Australia","33",114.3
2020-01-01,"Australia","33",111.7
2021-01-01,"Australia","33",120
2022-01-01,"Australia","33",116.1
1975-01-01,"Australian Capital Territory","33",59.7
1976-01-01,"Australian Capital Territory","33",64.2
1977-01-01,"Australian Capital Territory","33",67.5
1978-01-01,"Australian Capital Territory","33",69.6
1979-01-01,"Australian Capital Territory","33",71.9
1980-01-01,"Australian Capital Territory","33",81.6
1981-01-01,"Australian Capital Territory","33",71.2
1982-01-01,"Australian Capital Territory","33",72.1
1983-01-01,"Australian Capital Territory","33",64.8
1984-01-01,"Australian Capital Territory","33",72.5
1985-01-01,"Australian Capital Territory","33",77.2
1986-01-01,"Australian Capital Territory","33",86.4
1987-01-01,"Australian Capital Territory","33",79.2
1988-01-01,"Australian Capital Territory","33",78.8
1989-01-01,"Australian Capital Territory","33",85.7
1990-01-01,"Australian Capital Territory","33",90.3
1991-01-01,"Australian Capital Territory","33",106.4
1992-01-01,"Australian Capital Territory","33",88.1
1993-01-01,"Australian Capital Territory","33",92.1
1994-01-01,"Australian Capital Territory","33",98.1
1995-01-01,"Australian Capital Territory","33",92.9
1996-01-01,"Australian Capital Territory","33",95.6
1997-01-01,"Australian Capital Territory","33",94.4
1998-01-01,"Australian Capital Territory","33",84.2
1999-01-01,"Australian Capital Territory","33",99.6
2000-01-01,"Australian Capital Territory","33",102.4
2001-01-01,"Australian Capital Territory","33",87.7
2002-01-01,"Australian Capital Territory","33",98.2
2003-01-01,"Australian Capital Territory","33",115
2004-01-01,"Australian Capital Territory","33",113.9
2005-01-01,"Australian Capital Territory","33",121.3
2006-01-01,"Australian Capital Territory","33",122.2
2007-01-01,"Australian Capital Territory","33",126.4
2008-01-01,"Australian Capital Territory","33",125.7
2009-01-01,"Australian Capital Territory","33",132.5
2010-01-01,"Australian Capital Territory","33",139.9
2011-01-01,"Australian Capital Territory","33",127.4
2012-01-01,"Australian Capital Territory","33",122.9
2013-01-01,"Australian Capital Territory","33",128.8
2014-01-01,"Australian Capital Territory","33",132.2
2015-01-01,"Australian Capital Territory","33",122.1
2016-01-01,"Australian Capital Territory","33",124.6
2017-01-01,"Australian Capital Territory","33",141
2018-01-01,"Australian Capital Territory","33",123.6
2019-01-01,"Australian Capital Territory","33",116
2020-01-01,"Australian Capital Territory","33",116.2
2021-01-01,"Australian Capital Territory","33",122.5
2022-01-01,"Australian Capital Territory","33",123.4
1975-01-01,"New South Wales","33",60.6
1976-01-01,"New South Wales","33",56.1
1977-01-01,"New South Wales","33",59.9
1978-01-01,"New South Wales","33",58.2
1979-01-01,"New South Wales","33",59.6
1980-01-01,"New South Wales","33",60.7
1981-01-01,"New South Wales","33",64.5
1982-01-01,"New South Wales","33",65.1
1983-01-01,"New South Wales","33",70.3
1984-01-01,"New South Wales","33",64.7
1985-01-01,"New South Wales","33",75.9
1986-01-01,"New South Wales","33",76.9
1987-01-01,"New South Wales","33",79.7
1988-01-01,"New South Wales","33",78.9
1989-01-01,"New South Wales","33",81.2
1990-01-01,"New South Wales","33",87.2
1991-01-01,"New South Wales","33",88.6
1992-01-01,"New South Wales","33",93.9
1993-01-01,"New South Wales","33",90.2
1994-01-01,"New South Wales","33",93.6
1995-01-01,"New South Wales","33",98.3
1996-01-01,"New South Wales","33",94.9
1997-01-01,"New South Wales","33",98.8
1998-01-01,"New South Wales","33",97.5
1999-01-01,"New South Wales","33",103.6
2000-01-01,"New South Wales","33",106
2001-01-01,"New South Wales","33",104.1
2002-01-01,"New South Wales","33",106.7
2003-01-01,"New South Wales","33",109.1
2004-01-01,"New South Wales","33",107.9
2005-01-01,"New South Wales","33",117.7
2006-01-01,"New South Wales","33",121.6
2007-01-01,"New South Wales","33",125.4
2008-01-01,"New South Wales","33",129.3
2009-01-01,"New South Wales","33",125.6
2010-01-01,"New South Wales","33",125.5
2011-01-01,"New South Wales","33",124
2012-01-01,"New South Wales","33",126.3
2013-01-01,"New South Wales","33",126.5
2014-01-01,"New South Wales","33",114.8
2015-01-01,"New South Wales","33",123.2
2016-01-01,"New South Wales","33",120.6
2017-01-01,"New South Wales","33",115.9
2018-01-01,"New South Wales","33",130.1
2019-01-01,"New South Wales","33",115.5
2020-01-01,"New South Wales","33",116.1
2021-01-01,"New South Wales","33",126.6
2022-01-01,"New South Wales","33",122.7
1975-01-01,"Northern Territory","33",86
1976-01-01,"Northern Territory","33",76.9
1977-01-01,"Northern Territory","33",77.2
1978-01-01,"Northern Territory","33",72.6
1979-01-01,"Northern Territory","33",59
1980-01-01,"Northern Territory","33",72.8
1981-01-01,"Northern Territory","33",71.4
1982-01-01,"Northern Territory","33",66.9
1983-01-01,"Northern Territory","33",83.6
1984-01-01,"Northern Territory","33",56.4
1985-01-01,"Northern Territory","33",80.6
1986-01-01,"Northern Territory","33",55.1
1987-01-01,"Northern Territory","33",77.9
1988-01-01,"Northern Territory","33",76
1989-01-01,"Northern Territory","33",72
1990-01-01,"Northern Territory","33",86.9
1991-01-01,"Northern Territory","33",74.4
1992-01-01,"Northern Territory","33",89.2
1993-01-01,"Northern Territory","33",81.7
1994-01-01,"Northern Territory","33",84.7
1995-01-01,"Northern Territory","33",75.6
1996-01-01,"Northern Territory","33",79.2
1997-01-01,"Northern Territory","33",79.6
1998-01-01,"Northern Territory","33",80.5
1999-01-01,"Northern Territory","33",81.5
2000-01-01,"Northern Territory","33",86.9
2001-01-01,"Northern Territory","33",105.7
2002-01-01,"Northern Territory","33",95.2
2003-01-01,"Northern Territory","33",99.4
2004-01-01,"Northern Territory","33",92.5
2005-01-01,"Northern Territory","33",80.5
2006-01-01,"Northern Territory","33",107.9
2007-01-01,"Northern Territory","33",93.5
2008-01-01,"Northern Territory","33",97.1
2009-01-01,"Northern Territory","33",108.9
2010-01-01,"Northern Territory","33",89.8
2011-01-01,"Northern Territory","33",115.9
2012-01-01,"Northern Territory","33",102.7
2013-01-01,"Northern Territory","33",107
2014-01-01,"Northern Territory","33",95
2015-01-01,"Northern Territory","33",105.3
2016-01-01,"Northern Territory","33",102.6
2017-01-01,"Northern Territory","33",106.8
2018-01-01,"Northern Territory","33",106.4
2019-01-01,"Northern Territory","33",88.4
2020-01-01,"Northern Territory","33",96.4
2021-01-01,"Northern Territory","33",100.7
2022-01-01,"Northern Territory","33",97.7
1975-01-01,"Queensland","33",58.1
1976-01-01,"Queensland","33",52.8
1977-01-01,"Queensland","33",55.3
1978-01-01,"Queensland","33",52.1
1979-01-01,"Queensland","33",52.7
1980-01-01,"Queensland","33",56.8
1981-01-01,"Queensland","33",63.6
1982-01-01,"Queensland","33",60.5
1983-01-01,"Queensland","33",62.9
1984-01-01,"Queensland","33",63.8
1985-01-01,"Queensland","33",64.2
1986-01-01,"Queensland","33",65.8
1987-01-01,"Queensland","33",67.2
1988-01-01,"Queensland","33",67.8
1989-01-01,"Queensland","33",70.5
1990-01-01,"Queensland","33",80.6
1991-01-01,"Queensland","33",81.7
1992-01-01,"Queensland","33",86.1
1993-01-01,"Queensland","33",88.1
1994-01-01,"Queensland","33",85.2
1995-01-01,"Queensland","33",87.4
1996-01-01,"Queensland","33",91.9
1997-01-01,"Queensland","33",87.8
1998-01-01,"Queensland","33",91.7
1999-01-01,"Queensland","33",91.8
2000-01-01,"Queensland","33",95.5
2001-01-01,"Queensland","33",96.6
2002-01-01,"Queensland","33",98.5
2003-01-01,"Queensland","33",101.6
2004-01-01,"Queensland","33",99.2
2005-01-01,"Queensland","33",108.3
2006-01-01,"Queensland","33",108.2
2007-01-01,"Queensland","33",120.6
2008-01-01,"Queensland","33",119.5
2009-01-01,"Queensland","33",123
2010-01-01,"Queensland","33",120.8
2011-01-01,"Queensland","33",114
2012-01-01,"Queensland","33",117.4
2013-01-01,"Queensland","33",112
2014-01-01,"Queensland","33",111.9
2015-01-01,"Queensland","33",113
2016-01-01,"Queensland","33",114.6
2017-01-01,"Queensland","33",109.7
2018-01-01,"Queensland","33",109.3
2019-01-01,"Queensland","33",107.1
2020-01-01,"Queensland","33",105.1
2021-01-01,"Queensland","33",112.1
2022-01-01,"Queensland","33",110.6
1975-01-01,"South Australia","33",45
1976-01-01,"South Australia","33",41.9
1977-01-01,"South Australia","33",40.2
1978-01-01,"South Australia","33",44.4
1979-01-01,"South Australia","33",48.4
1980-01-01,"South Australia","33",41.5
1981-01-01,"South Australia","33",46
1982-01-01,"South Australia","33",49.3
1983-01-01,"South Australia","33",59.6
1984-01-01,"South Australia","33",51.7
1985-01-01,"South Australia","33",61.1
1986-01-01,"South Australia","33",63.6
1987-01-01,"South Australia","33",70.1
1988-01-01,"South Australia","33",65.6
1989-01-01,"South Australia","33",72.3
1990-01-01,"South Australia","33",74.6
1991-01-01,"South Australia","33",77.2
1992-01-01,"South Australia","33",85.5
1993-01-01,"South Australia","33",89.4
1994-01-01,"South Australia","33",89.3
1995-01-01,"South Australia","33",90
1996-01-01,"South Australia","33",92.6
1997-01-01,"South Australia","33",97.9
1998-01-01,"South Australia","33",96.2
1999-01-01,"South Australia","33",96
2000-01-01,"South Australia","33",100.7
2001-01-01,"South Australia","33",99
2002-01-01,"South Australia","33",104.9
2003-01-01,"South Australia","33",105.3
2004-01-01,"South Australia","33",111.6
2005-01-01,"South Australia","33",108.2
2006-01-01,"South Australia","33",115.2
2007-01-01,"South Australia","33",118.6
2008-01-01,"South Australia","33",119.8
2009-01-01,"South Australia","33",113.6
2010-01-01,"South Australia","33",112.5
2011-01-01,"South Australia","33",120.5
2012-01-01,"South Australia","33",115.8
2013-01-01,"South Australia","33",115.2
2014-01-01,"South Australia","33",130.4
2015-01-01,"South Australia","33",115.4
2016-01-01,"South Australia","33",118.4
2017-01-01,"South Australia","33",109.5
2018-01-01,"South Australia","33",111.7
2019-01-01,"South Australia","33",116.3
2020-01-01,"South Australia","33",106.4
2021-01-01,"South Australia","33",118.9
2022-01-01,"South Australia","33",114.3
1975-01-01,"Tasmania","33",43.8
1976-01-01,"Tasmania","33",50.6
1977-01-01,"Tasmania","33",44
1978-01-01,"Tasmania","33",50.5
1979-01-01,"Tasmania","33",52.9
1980-01-01,"Tasmania","33",48.5
1981-01-01,"Tasmania","33",58.7
1982-01-01,"Tasmania","33",54.1
1983-01-01,"Tasmania","33",53.8
1984-01-01,"Tasmania","33",56.4
1985-01-01,"Tasmania","33",52.7
1986-01-01,"Tasmania","33",59.1
1987-01-01,"Tasmania","33",60.2
1988-01-01,"Tasmania","33",68.6
1989-01-01,"Tasmania","33",70
1990-01-01,"Tasmania","33",77.2
1991-01-01,"Tasmania","33",76.3
1992-01-01,"Tasmania","33",84.5
1993-01-01,"Tasmania","33",72.2
1994-01-01,"Tasmania","33",78.6
1995-01-01,"Tasmania","33",82.7
1996-01-01,"Tasmania","33",80.3
1997-01-01,"Tasmania","33",76.7
1998-01-01,"Tasmania","33",87.9
1999-01-01,"Tasmania","33",82.5
2000-01-01,"Tasmania","33",87.6
2001-01-01,"Tasmania","33",97.4
2002-01-01,"Tasmania","33",86.6
2003-01-01,"Tasmania","33",96.8
2004-01-01,"Tasmania","33",93.4
2005-01-01,"Tasmania","33",103.6
2006-01-01,"Tasmania","33",121.2
2007-01-01,"Tasmania","33",112.2
2008-01-01,"Tasmania","33",120.1
2009-01-01,"Tasmania","33",112.9
2010-01-01,"Tasmania","33",106.2
2011-01-01,"Tasmania","33",124.7
2012-01-01,"Tasmania","33",115.8
2013-01-01,"Tasmania","33",104.8
2014-01-01,"Tasmania","33",109
2015-01-01,"Tasmania","33",107.3
2016-01-01,"Tasmania","33",116
2017-01-01,"Tasmania","33",108.4
2018-01-01,"Tasmania","33",99.8
2019-01-01,"Tasmania","33",107.2
2020-01-01,"Tasmania","33",107.4
2021-01-01,"Tasmania","33",105.5
2022-01-01,"Tasmania","33",94.7
1975-01-01,"Victoria","33",59.4
1976-01-01,"Victoria","33",59.4
1977-01-01,"Victoria","33",56.7
1978-01-01,"Victoria","33",59.3
1979-01-01,"Victoria","33",55.2
1980-01-01,"Victoria","33",60.7
1981-01-01,"Victoria","33",62.5
1982-01-01,"Victoria","33",66.6
1983-01-01,"Victoria","33",70
1984-01-01,"Victoria","33",68
1985-01-01,"Victoria","33",74.1
1986-01-01,"Victoria","33",75.9
1987-01-01,"Victoria","33",79.1
1988-01-01,"Victoria","33",83.6
1989-01-01,"Victoria","33",87.4
1990-01-01,"Victoria","33",93.4
1991-01-01,"Victoria","33",91.4
1992-01-01,"Victoria","33",95.8
1993-01-01,"Victoria","33",96.4
1994-01-01,"Victoria","33",98.8
1995-01-01,"Victoria","33",99.2
1996-01-01,"Victoria","33",100.6
1997-01-01,"Victoria","33",101.5
1998-01-01,"Victoria","33",104.3
1999-01-01,"Victoria","33",103.9
2000-01-01,"Victoria","33",107.2
2001-01-01,"Victoria","33",107
2002-01-01,"Victoria","33",112.8
2003-01-01,"Victoria","33",112.7
2004-01-01,"Victoria","33",120.2
2005-01-01,"Victoria","33",122.1
2006-01-01,"Victoria","33",128.4
2007-01-01,"Victoria","33",132.2
2008-01-01,"Victoria","33",133.8
2009-01-01,"Victoria","33",127.2
2010-01-01,"Victoria","33",128.5
2011-01-01,"Victoria","33",124.8
2012-01-01,"Victoria","33",134.2
2013-01-01,"Victoria","33",123.3
2014-01-01,"Victoria","33",121.9
2015-01-01,"Victoria","33",118.4
2016-01-01,"Victoria","33",131.8
2017-01-01,"Victoria","33",127.5
2018-01-01,"Victoria","33",120.7
2019-01-01,"Victoria","33",118.1
2020-01-01,"Victoria","33",112.5
2021-01-01,"Victoria","33",120.4
2022-01-01,"Victoria","33",116.4
1975-01-01,"Western Australia","33",51.2
1976-01-01,"Western Australia","33",55.2
1977-01-01,"Western Australia","33",52.1
1978-01-01,"Western Australia","33",52.9
1979-01-01,"Western Australia","33",51.9
1980-01-01,"Western Australia","33",56.6
1981-01-01,"Western Australia","33",60.3
1982-01-01,"Western Australia","33",61.1
1983-01-01,"Western Australia","33",63.3
1984-01-01,"Western Australia","33",58.6
1985-01-01,"Western Australia","33",69.3
1986-01-01,"Western Australia","33",68.3
1987-01-01,"Western Australia","33",68.2
1988-01-01,"Western Australia","33",76.3
1989-01-01,"Western Australia","33",80.2
1990-01-01,"Western Australia","33",81.3
1991-01-01,"Western Australia","33",83.9
1992-01-01,"Western Australia","33",90.7
1993-01-01,"Western Australia","33",88
1994-01-01,"Western Australia","33",89
1995-01-01,"Western Australia","33",92.3
1996-01-01,"Western Australia","33",93
1997-01-01,"Western Australia","33",92.6
1998-01-01,"Western Australia","33",95.9
1999-01-01,"Western Australia","33",94.2
2000-01-01,"Western Australia","33",97.9
2001-01-01,"Western Australia","33",98.2
2002-01-01,"Western Australia","33",94.4
2003-01-01,"Western Australia","33",100.1
2004-01-01,"Western Australia","33",108.2
2005-01-01,"Western Australia","33",114.9
2006-01-01,"Western Australia","33",117.1
2007-01-01,"Western Australia","33",120.8
2008-01-01,"Western Australia","33",127
2009-01-01,"Western Australia","33",123.7
2010-01-01,"Western Australia","33",125
2011-01-01,"Western Australia","33",120.6
2012-01-01,"Western Australia","33",120.2
2013-01-01,"Western Australia","33",124.2
2014-01-01,"Western Australia","33",124
2015-01-01,"Western Australia","33",123.7
2016-01-01,"Western Australia","33",124.4
2017-01-01,"Western Australia","33",119.1
2018-01-01,"Western Australia","33",115.4
2019-01-01,"Western Australia","33",116.4
2020-01-01,"Western Australia","33",113.3
2021-01-01,"Western Australia","33",119.2
2022-01-01,"Western Australia","33",111.8
1975-01-01,"Australia","34",46.7
1976-01-01,"Australia","34",44.4
1977-01-01,"Australia","34",46.9
1978-01-01,"Australia","34",46.1
1979-01-01,"Australia","34",46.7
1980-01-01,"Australia","34",47.3
1981-01-01,"Australia","34",49
1982-01-01,"Australia","34",51
1983-01-01,"Australia","34",51
1984-01-01,"Australia","34",51.4
1985-01-01,"Australia","34",57.6
1986-01-01,"Australia","34",57.6
1987-01-01,"Australia","34",59.9
1988-01-01,"Australia","34",62.9
1989-01-01,"Australia","34",66
1990-01-01,"Australia","34",69.2
1991-01-01,"Australia","34",71
1992-01-01,"Australia","34",75.4
1993-01-01,"Australia","34",76.5
1994-01-01,"Australia","34",77.8
1995-01-01,"Australia","34",79.2
1996-01-01,"Australia","34",81.4
1997-01-01,"Australia","34",83.8
1998-01-01,"Australia","34",84.7
1999-01-01,"Australia","34",87.3
2000-01-01,"Australia","34",88
2001-01-01,"Australia","34",88.8
2002-01-01,"Australia","34",93.7
2003-01-01,"Australia","34",96.5
2004-01-01,"Australia","34",99.7
2005-01-01,"Australia","34",102.7
2006-01-01,"Australia","34",108
2007-01-01,"Australia","34",115.6
2008-01-01,"Australia","34",115.3
2009-01-01,"Australia","34",115.2
2010-01-01,"Australia","34",113.8
2011-01-01,"Australia","34",111.6
2012-01-01,"Australia","34",113.5
2013-01-01,"Australia","34",112.3
2014-01-01,"Australia","34",107.9
2015-01-01,"Australia","34",111.5
2016-01-01,"Australia","34",113.1
2017-01-01,"Australia","34",109.2
2018-01-01,"Australia","34",111.4
2019-01-01,"Australia","34",105.5
2020-01-01,"Australia","34",102.5
2021-01-01,"Australia","34",113
2022-01-01,"Australia","34",108.1
1975-01-01,"Australian Capital Territory","34",63.4
1976-01-01,"Australian Capital Territory","34",56.6
1977-01-01,"Australian Capital Territory","34",46.5
1978-01-01,"Australian Capital Territory","34",49.9
1979-01-01,"Australian Capital Territory","34",59.1
1980-01-01,"Australian Capital Territory","34",56.9
1981-01-01,"Australian Capital Territory","34",59.3
1982-01-01,"Australian Capital Territory","34",61.3
1983-01-01,"Australian Capital Territory","34",58.9
1984-01-01,"Australian Capital Territory","34",59.7
1985-01-01,"Australian Capital Territory","34",73.5
1986-01-01,"Australian Capital Territory","34",61.7
1987-01-01,"Australian Capital Territory","34",66.3
1988-01-01,"Australian Capital Territory","34",67.1
1989-01-01,"Australian Capital Territory","34",70
1990-01-01,"Australian Capital Territory","34",76.6
1991-01-01,"Australian Capital Territory","34",78.1
1992-01-01,"Australian Capital Territory","34",82.5
1993-01-01,"Australian Capital Territory","34",80.1
1994-01-01,"Australian Capital Territory","34",77
1995-01-01,"Australian Capital Territory","34",81.7
1996-01-01,"Australian Capital Territory","34",82.8
1997-01-01,"Australian Capital Territory","34",90.4
1998-01-01,"Australian Capital Territory","34",89.2
1999-01-01,"Australian Capital Territory","34",96.4
2000-01-01,"Australian Capital Territory","34",85.1
2001-01-01,"Australian Capital Territory","34",86.4
2002-01-01,"Australian Capital Territory","34",91
2003-01-01,"Australian Capital Territory","34",105.1
2004-01-01,"Australian Capital Territory","34",102.3
2005-01-01,"Australian Capital Territory","34",104.1
2006-01-01,"Australian Capital Territory","34",101.6
2007-01-01,"Australian Capital Territory","34",120.7
2008-01-01,"Australian Capital Territory","34",121.3
2009-01-01,"Australian Capital Territory","34",127.5
2010-01-01,"Australian Capital Territory","34",122
2011-01-01,"Australian Capital Territory","34",129.1
2012-01-01,"Australian Capital Territory","34",108.1
2013-01-01,"Australian Capital Territory","34",122.9
2014-01-01,"Australian Capital Territory","34",119.8
2015-01-01,"Australian Capital Territory","34",125
2016-01-01,"Australian Capital Territory","34",103.6
2017-01-01,"Australian Capital Territory","34",142.6
2018-01-01,"Australian Capital Territory","34",110.4
2019-01-01,"Australian Capital Territory","34",109.2
2020-01-01,"Australian Capital Territory","34",113.5
2021-01-01,"Australian Capital Territory","34",117.4
2022-01-01,"Australian Capital Territory","34",120.2
1975-01-01,"New South Wales","34",46.8
1976-01-01,"New South Wales","34",48.5
1977-01-01,"New South Wales","34",49
1978-01-01,"New South Wales","34",49.7
1979-01-01,"New South Wales","34",48
1980-01-01,"New South Wales","34",47.2
1981-01-01,"New South Wales","34",51.1
1982-01-01,"New South Wales","34",54.5
1983-01-01,"New South Wales","34",52.6
1984-01-01,"New South Wales","34",52.5
1985-01-01,"New South Wales","34",63.1
1986-01-01,"New South Wales","34",61.9
1987-01-01,"New South Wales","34",64.8
1988-01-01,"New South Wales","34",65.3
1989-01-01,"New South Wales","34",68.9
1990-01-01,"New South Wales","34",71.8
1991-01-01,"New South Wales","34",72
1992-01-01,"New South Wales","34",78.4
1993-01-01,"New South Wales","34",78.2
1994-01-01,"New South Wales","34",80.7
1995-01-01,"New South Wales","34",81.1
1996-01-01,"New South Wales","34",84.7
1997-01-01,"New South Wales","34",86.7
1998-01-01,"New South Wales","34",87.2
1999-01-01,"New South Wales","34",90.1
2000-01-01,"New South Wales","34",90.8
2001-01-01,"New South Wales","34",92.2
2002-01-01,"New South Wales","34",95.7
2003-01-01,"New South Wales","34",98.6
2004-01-01,"New South Wales","34",102.2
2005-01-01,"New South Wales","34",107.6
2006-01-01,"New South Wales","34",111.3
2007-01-01,"New South Wales","34",116.6
2008-01-01,"New South Wales","34",118.9
2009-01-01,"New South Wales","34",117.5
2010-01-01,"New South Wales","34",117.3
2011-01-01,"New South Wales","34",115.9
2012-01-01,"New South Wales","34",113.8
2013-01-01,"New South Wales","34",116.4
2014-01-01,"New South Wales","34",105.4
2015-01-01,"New South Wales","34",115
2016-01-01,"New South Wales","34",114.1
2017-01-01,"New South Wales","34",108.6
2018-01-01,"New South Wales","34",123.2
2019-01-01,"New South Wales","34",108.5
2020-01-01,"New South Wales","34",106.6
2021-01-01,"New South Wales","34",118.5
2022-01-01,"New South Wales","34",113.7
1975-01-01,"Northern Territory","34",70.3
1976-01-01,"Northern Territory","34",64.5
1977-01-01,"Northern Territory","34",61.6
1978-01-01,"Northern Territory","34",62.1
1979-01-01,"Northern Territory","34",66.9
1980-01-01,"Northern Territory","34",48.1
1981-01-01,"Northern Territory","34",64
1982-01-01,"Northern Territory","34",60.6
1983-01-01,"Northern Territory","34",63.3
1984-01-01,"Northern Territory","34",58.4
1985-01-01,"Northern Territory","34",57.6
1986-01-01,"Northern Territory","34",61.3
1987-01-01,"Northern Territory","34",58.4
1988-01-01,"Northern Territory","34",73.8
1989-01-01,"Northern Territory","34",73.1
1990-01-01,"Northern Territory","34",66.3
1991-01-01,"Northern Territory","34",76.3
1992-01-01,"Northern Territory","34",91
1993-01-01,"Northern Territory","34",69
1994-01-01,"Northern Territory","34",69.5
1995-01-01,"Northern Territory","34",74.3
1996-01-01,"Northern Territory","34",78.3
1997-01-01,"Northern Territory","34",79.4
1998-01-01,"Northern Territory","34",80.5
1999-01-01,"Northern Territory","34",60.9
2000-01-01,"Northern Territory","34",84.1
2001-01-01,"Northern Territory","34",69.3
2002-01-01,"Northern Territory","34",92.6
2003-01-01,"Northern Territory","34",95.3
2004-01-01,"Northern Territory","34",95.1
2005-01-01,"Northern Territory","34",90.1
2006-01-01,"Northern Territory","34",88.7
2007-01-01,"Northern Territory","34",90.6
2008-01-01,"Northern Territory","34",89.4
2009-01-01,"Northern Territory","34",94
2010-01-01,"Northern Territory","34",104.7
2011-01-01,"Northern Territory","34",101
2012-01-01,"Northern Territory","34",95.4
2013-01-01,"Northern Territory","34",94
2014-01-01,"Northern Territory","34",87.9
2015-01-01,"Northern Territory","34",100.4
2016-01-01,"Northern Territory","34",76.8
2017-01-01,"Northern Territory","34",93.9
2018-01-01,"Northern Territory","34",94.9
2019-01-01,"Northern Territory","34",77.2
2020-01-01,"Northern Territory","34",83.2
2021-01-01,"Northern Territory","34",95
2022-01-01,"Northern Territory","34",87.8
1975-01-01,"Queensland","34",48.9
1976-01-01,"Queensland","34",41.5
1977-01-01,"Queensland","34",48.2
1978-01-01,"Queensland","34",43.3
1979-01-01,"Queensland","34",45
1980-01-01,"Queensland","34",47.5
1981-01-01,"Queensland","34",48.4
1982-01-01,"Queensland","34",47.7
1983-01-01,"Queensland","34",48
1984-01-01,"Queensland","34",49.9
1985-01-01,"Queensland","34",52
1986-01-01,"Queensland","34",53.7
1987-01-01,"Queensland","34",54.5
1988-01-01,"Queensland","34",57.3
1989-01-01,"Queensland","34",59.8
1990-01-01,"Queensland","34",63.9
1991-01-01,"Queensland","34",64.5
1992-01-01,"Queensland","34",69
1993-01-01,"Queensland","34",70.8
1994-01-01,"Queensland","34",72.5
1995-01-01,"Queensland","34",72.2
1996-01-01,"Queensland","34",74.5
1997-01-01,"Queensland","34",77.3
1998-01-01,"Queensland","34",78.9
1999-01-01,"Queensland","34",77
2000-01-01,"Queensland","34",82.4
2001-01-01,"Queensland","34",83.2
2002-01-01,"Queensland","34",86.4
2003-01-01,"Queensland","34",86.7
2004-01-01,"Queensland","34",90.3
2005-01-01,"Queensland","34",89.7
2006-01-01,"Queensland","34",95.2
2007-01-01,"Queensland","34",111.8
2008-01-01,"Queensland","34",106.6
2009-01-01,"Queensland","34",111.2
2010-01-01,"Queensland","34",107
2011-01-01,"Queensland","34",102.5
2012-01-01,"Queensland","34",107.6
2013-01-01,"Queensland","34",104.1
2014-01-01,"Queensland","34",104.7
2015-01-01,"Queensland","34",102.5
2016-01-01,"Queensland","34",102
2017-01-01,"Queensland","34",100
2018-01-01,"Queensland","34",98.8
2019-01-01,"Queensland","34",99.5
2020-01-01,"Queensland","34",97
2021-01-01,"Queensland","34",106.7
2022-01-01,"Queensland","34",97.9
1975-01-01,"South Australia","34",35.8
1976-01-01,"South Australia","34",34.5
1977-01-01,"South Australia","34",34.6
1978-01-01,"South Australia","34",33.2
1979-01-01,"South Australia","34",32.1
1980-01-01,"South Australia","34",35.1
1981-01-01,"South Australia","34",41.7
1982-01-01,"South Australia","34",41.3
1983-01-01,"South Australia","34",41.2
1984-01-01,"South Australia","34",46.1
1985-01-01,"South Australia","34",47
1986-01-01,"South Australia","34",50.2
1987-01-01,"South Australia","34",50.3
1988-01-01,"South Australia","34",51.3
1989-01-01,"South Australia","34",60.4
1990-01-01,"South Australia","34",57.7
1991-01-01,"South Australia","34",65.5
1992-01-01,"South Australia","34",66.3
1993-01-01,"South Australia","34",74.5
1994-01-01,"South Australia","34",75.1
1995-01-01,"South Australia","34",81.9
1996-01-01,"South Australia","34",76.7
1997-01-01,"South Australia","34",77.5
1998-01-01,"South Australia","34",78.9
1999-01-01,"South Australia","34",84.8
2000-01-01,"South Australia","34",88.7
2001-01-01,"South Australia","34",87.4
2002-01-01,"South Australia","34",92.7
2003-01-01,"South Australia","34",93.2
2004-01-01,"South Australia","34",97.7
2005-01-01,"South Australia","34",91.6
2006-01-01,"South Australia","34",93.7
2007-01-01,"South Australia","34",107.4
2008-01-01,"South Australia","34",108
2009-01-01,"South Australia","34",105.2
2010-01-01,"South Australia","34",107.2
2011-01-01,"South Australia","34",109.1
2012-01-01,"South Australia","34",106.8
2013-01-01,"South Australia","34",108.9
2014-01-01,"South Australia","34",105.8
2015-01-01,"South Australia","34",108.4
2016-01-01,"South Australia","34",106.6
2017-01-01,"South Australia","34",101.4
2018-01-01,"South Australia","34",101.6
2019-01-01,"South Australia","34",101.8
2020-01-01,"South Australia","34",102.6
2021-01-01,"South Australia","34",106.3
2022-01-01,"South Australia","34",102.6
1975-01-01,"Tasmania","34",32.3
1976-01-01,"Tasmania","34",33
1977-01-01,"Tasmania","34",43.4
1978-01-01,"Tasmania","34",37.1
1979-01-01,"Tasmania","34",35.3
1980-01-01,"Tasmania","34",37.5
1981-01-01,"Tasmania","34",41.7
1982-01-01,"Tasmania","34",43.2
1983-01-01,"Tasmania","34",45.6
1984-01-01,"Tasmania","34",42.8
1985-01-01,"Tasmania","34",47.7
1986-01-01,"Tasmania","34",48.9
1987-01-01,"Tasmania","34",45.3
1988-01-01,"Tasmania","34",47
1989-01-01,"Tasmania","34",50.5
1990-01-01,"Tasmania","34",53.3
1991-01-01,"Tasmania","34",60
1992-01-01,"Tasmania","34",66.8
1993-01-01,"Tasmania","34",62.1
1994-01-01,"Tasmania","34",69.1
1995-01-01,"Tasmania","34",70.6
1996-01-01,"Tasmania","34",66.5
1997-01-01,"Tasmania","34",64.1
1998-01-01,"Tasmania","34",70.8
1999-01-01,"Tasmania","34",81.3
2000-01-01,"Tasmania","34",70.8
2001-01-01,"Tasmania","34",89.3
2002-01-01,"Tasmania","34",79.5
2003-01-01,"Tasmania","34",90.2
2004-01-01,"Tasmania","34",84.2
2005-01-01,"Tasmania","34",93.2
2006-01-01,"Tasmania","34",95.3
2007-01-01,"Tasmania","34",105.7
2008-01-01,"Tasmania","34",111.8
2009-01-01,"Tasmania","34",108.5
2010-01-01,"Tasmania","34",110.3
2011-01-01,"Tasmania","34",104.9
2012-01-01,"Tasmania","34",95.1
2013-01-01,"Tasmania","34",92.3
2014-01-01,"Tasmania","34",95.5
2015-01-01,"Tasmania","34",88.7
2016-01-01,"Tasmania","34",113
2017-01-01,"Tasmania","34",95.3
2018-01-01,"Tasmania","34",92.5
2019-01-01,"Tasmania","34",85.4
2020-01-01,"Tasmania","34",88.3
2021-01-01,"Tasmania","34",94.9
2022-01-01,"Tasmania","34",92.4
1975-01-01,"Victoria","34",49.9
1976-01-01,"Victoria","34",43.9
1977-01-01,"Victoria","34",48.5
1978-01-01,"Victoria","34",49
1979-01-01,"Victoria","34",51
1980-01-01,"Victoria","34",52.8
1981-01-01,"Victoria","34",49.9
1982-01-01,"Victoria","34",53.1
1983-01-01,"Victoria","34",54.4
1984-01-01,"Victoria","34",54.3
1985-01-01,"Victoria","34",58.2
1986-01-01,"Victoria","34",58.6
1987-01-01,"Victoria","34",62
1988-01-01,"Victoria","34",67.3
1989-01-01,"Victoria","34",70.8
1990-01-01,"Victoria","34",74.8
1991-01-01,"Victoria","34",76.6
1992-01-01,"Victoria","34",79.8
1993-01-01,"Victoria","34",81.1
1994-01-01,"Victoria","34",80.6
1995-01-01,"Victoria","34",85.1
1996-01-01,"Victoria","34",86.2
1997-01-01,"Victoria","34",89.3
1998-01-01,"Victoria","34",89.9
1999-01-01,"Victoria","34",92.6
2000-01-01,"Victoria","34",91.2
2001-01-01,"Victoria","34",92.2
2002-01-01,"Victoria","34",100.3
2003-01-01,"Victoria","34",104.3
2004-01-01,"Victoria","34",105.2
2005-01-01,"Victoria","34",110.2
2006-01-01,"Victoria","34",119.3
2007-01-01,"Victoria","34",124.1
2008-01-01,"Victoria","34",120.8
2009-01-01,"Victoria","34",122.3
2010-01-01,"Victoria","34",119
2011-01-01,"Victoria","34",115.3
2012-01-01,"Victoria","34",122.2
2013-01-01,"Victoria","34",117
2014-01-01,"Victoria","34",114.6
2015-01-01,"Victoria","34",115
2016-01-01,"Victoria","34",125.3
2017-01-01,"Victoria","34",118.7
2018-01-01,"Victoria","34",112.3
2019-01-01,"Victoria","34",109.4
2020-01-01,"Victoria","34",103.6
2021-01-01,"Victoria","34",113.8
2022-01-01,"Victoria","34",112.7
1975-01-01,"Western Australia","34",42.7
1976-01-01,"Western Australia","34",42.8
1977-01-01,"Western Australia","34",43.4
1978-01-01,"Western Australia","34",41
1979-01-01,"Western Australia","34",45.3
1980-01-01,"Western Australia","34",43.3
1981-01-01,"Western Australia","34",45.5
1982-01-01,"Western Australia","34",45
1983-01-01,"Western Australia","34",48
1984-01-01,"Western Australia","34",46.6
1985-01-01,"Western Australia","34",54.7
1986-01-01,"Western Australia","34",54
1987-01-01,"Western Australia","34",56.8
1988-01-01,"Western Australia","34",64.9
1989-01-01,"Western Australia","34",61.1
1990-01-01,"Western Australia","34",67.8
1991-01-01,"Western Australia","34",70
1992-01-01,"Western Australia","34",71.7
1993-01-01,"Western Australia","34",74.6
1994-01-01,"Western Australia","34",75.9
1995-01-01,"Western Australia","34",71
1996-01-01,"Western Australia","34",77.8
1997-01-01,"Western Australia","34",81.2
1998-01-01,"Western Australia","34",81.8
1999-01-01,"Western Australia","34",87.6
2000-01-01,"Western Australia","34",84.8
2001-01-01,"Western Australia","34",83
2002-01-01,"Western Australia","34",87.8
2003-01-01,"Western Australia","34",89.9
2004-01-01,"Western Australia","34",99.8
2005-01-01,"Western Australia","34",103
2006-01-01,"Western Australia","34",109.3
2007-01-01,"Western Australia","34",108.3
2008-01-01,"Western Australia","34",114
2009-01-01,"Western Australia","34",106.5
2010-01-01,"Western Australia","34",108.3
2011-01-01,"Western Australia","34",106.9
2012-01-01,"Western Australia","34",112.7
2013-01-01,"Western Australia","34",109.1
2014-01-01,"Western Australia","34",108.3
2015-01-01,"Western Australia","34",113.8
2016-01-01,"Western Australia","34",109.4
2017-01-01,"Western Australia","34",107.2
2018-01-01,"Western Australia","34",108
2019-01-01,"Western Australia","34",106
2020-01-01,"Western Australia","34",100.2
2021-01-01,"Western Australia","34",114.5
2022-01-01,"Western Australia","34",104.8
1975-01-01,"Australia","35",39.3
1976-01-01,"Australia","35",36.5
1977-01-01,"Australia","35",35
1978-01-01,"Australia","35",36.3
1979-01-01,"Australia","35",37.1
1980-01-01,"Australia","35",36.3
1981-01-01,"Australia","35",38.8
1982-01-01,"Australia","35",38.4
1983-01-01,"Australia","35",39.5
1984-01-01,"Australia","35",40.3
1985-01-01,"Australia","35",44.9
1986-01-01,"Australia","35",44.7
1987-01-01,"Australia","35",48.3
1988-01-01,"Australia","35",49.9
1989-01-01,"Australia","35",52
1990-01-01,"Australia","35",58
1991-01-01,"Australia","35",56.4
1992-01-01,"Australia","35",61.7
1993-01-01,"Australia","35",60.9
1994-01-01,"Australia","35",64
1995-01-01,"Australia","35",65.7
1996-01-01,"Australia","35",67.4
1997-01-01,"Australia","35",69.2
1998-01-01,"Australia","35",70.4
1999-01-01,"Australia","35",72.7
2000-01-01,"Australia","35",75.2
2001-01-01,"Australia","35",75.1
2002-01-01,"Australia","35",81
2003-01-01,"Australia","35",82.4
2004-01-01,"Australia","35",86.9
2005-01-01,"Australia","35",90.2
2006-01-01,"Australia","35",93.8
2007-01-01,"Australia","35",101.9
2008-01-01,"Australia","35",105.7
2009-01-01,"Australia","35",101.9
2010-01-01,"Australia","35",102.5
2011-01-01,"Australia","35",100.4
2012-01-01,"Australia","35",102.5
2013-01-01,"Australia","35",100.7
2014-01-01,"Australia","35",99.7
2015-01-01,"Australia","35",98.3
2016-01-01,"Australia","35",99.1
2017-01-01,"Australia","35",98.8
2018-01-01,"Australia","35",99.6
2019-01-01,"Australia","35",97
2020-01-01,"Australia","35",93.2
2021-01-01,"Australia","35",100.6
2022-01-01,"Australia","35",98.4
1975-01-01,"Australian Capital Territory","35",41.3
1976-01-01,"Australian Capital Territory","35",43.8
1977-01-01,"Australian Capital Territory","35",44
1978-01-01,"Australian Capital Territory","35",34.1
1979-01-01,"Australian Capital Territory","35",38.8
1980-01-01,"Australian Capital Territory","35",44.4
1981-01-01,"Australian Capital Territory","35",48.1
1982-01-01,"Australian Capital Territory","35",42.2
1983-01-01,"Australian Capital Territory","35",44.5
1984-01-01,"Australian Capital Territory","35",53.8
1985-01-01,"Australian Capital Territory","35",44.5
1986-01-01,"Australian Capital Territory","35",51.9
1987-01-01,"Australian Capital Territory","35",50.7
1988-01-01,"Australian Capital Territory","35",58.9
1989-01-01,"Australian Capital Territory","35",57.6
1990-01-01,"Australian Capital Territory","35",56.6
1991-01-01,"Australian Capital Territory","35",77.8
1992-01-01,"Australian Capital Territory","35",57.6
1993-01-01,"Australian Capital Territory","35",63.7
1994-01-01,"Australian Capital Territory","35",71
1995-01-01,"Australian Capital Territory","35",66.1
1996-01-01,"Australian Capital Territory","35",68.6
1997-01-01,"Australian Capital Territory","35",64.6
1998-01-01,"Australian Capital Territory","35",64.5
1999-01-01,"Australian Capital Territory","35",88.8
2000-01-01,"Australian Capital Territory","35",66.1
2001-01-01,"Australian Capital Territory","35",82
2002-01-01,"Australian Capital Territory","35",73.6
2003-01-01,"Australian Capital Territory","35",85.1
2004-01-01,"Australian Capital Territory","35",100.6
2005-01-01,"Australian Capital Territory","35",96.3
2006-01-01,"Australian Capital Territory","35",92.4
2007-01-01,"Australian Capital Territory","35",105.5
2008-01-01,"Australian Capital Territory","35",119.2
2009-01-01,"Australian Capital Territory","35",98.4
2010-01-01,"Australian Capital Territory","35",107
2011-01-01,"Australian Capital Territory","35",112.9
2012-01-01,"Australian Capital Territory","35",111.4
2013-01-01,"Australian Capital Territory","35",118.5
2014-01-01,"Australian Capital Territory","35",104.1
2015-01-01,"Australian Capital Territory","35",100.9
2016-01-01,"Australian Capital Territory","35",93.6
2017-01-01,"Australian Capital Territory","35",127.3
2018-01-01,"Australian Capital Territory","35",102
2019-01-01,"Australian Capital Territory","35",103.6
2020-01-01,"Australian Capital Territory","35",94.5
2021-01-01,"Australian Capital Territory","35",110.4
2022-01-01,"Australian Capital Territory","35",104.3
1975-01-01,"New South Wales","35",40.7
1976-01-01,"New South Wales","35",37.4
1977-01-01,"New South Wales","35",37.6
1978-01-01,"New South Wales","35",38
1979-01-01,"New South Wales","35",39
1980-01-01,"New South Wales","35",37.3
1981-01-01,"New South Wales","35",39.7
1982-01-01,"New South Wales","35",40
1983-01-01,"New South Wales","35",41.3
1984-01-01,"New South Wales","35",38.3
1985-01-01,"New South Wales","35",49.2
1986-01-01,"New South Wales","35",49
1987-01-01,"New South Wales","35",52.9
1988-01-01,"New South Wales","35",52.3
1989-01-01,"New South Wales","35",54
1990-01-01,"New South Wales","35",62.3
1991-01-01,"New South Wales","35",57.3
1992-01-01,"New South Wales","35",66.1
1993-01-01,"New South Wales","35",64.2
1994-01-01,"New South Wales","35",66.3
1995-01-01,"New South Wales","35",68.3
1996-01-01,"New South Wales","35",67.9
1997-01-01,"New South Wales","35",71.1
1998-01-01,"New South Wales","35",71.1
1999-01-01,"New South Wales","35",75.3
2000-01-01,"New South Wales","35",77
2001-01-01,"New South Wales","35",78.3
2002-01-01,"New South Wales","35",83.9
2003-01-01,"New South Wales","35",85
2004-01-01,"New South Wales","35",88
2005-01-01,"New South Wales","35",94.2
2006-01-01,"New South Wales","35",96.9
2007-01-01,"New South Wales","35",103.7
2008-01-01,"New South Wales","35",107.5
2009-01-01,"New South Wales","35",106.4
2010-01-01,"New South Wales","35",107.3
2011-01-01,"New South Wales","35",103.1
2012-01-01,"New South Wales","35",103.2
2013-01-01,"New South Wales","35",107.1
2014-01-01,"New South Wales","35",97.6
2015-01-01,"New South Wales","35",103.7
2016-01-01,"New South Wales","35",96.6
2017-01-01,"New South Wales","35",100.5
2018-01-01,"New South Wales","35",108.5
2019-01-01,"New South Wales","35",100.4
2020-01-01,"New South Wales","35",98.7
2021-01-01,"New South Wales","35",107.9
2022-01-01,"New South Wales","35",104.1
1975-01-01,"Northern Territory","35",59.4
1976-01-01,"Northern Territory","35",47.8
1977-01-01,"Northern Territory","35",61.2
1978-01-01,"Northern Territory","35",52.2
1979-01-01,"Northern Territory","35",45.7
1980-01-01,"Northern Territory","35",36.3
1981-01-01,"Northern Territory","35",55.4
1982-01-01,"Northern Territory","35",40.5
1983-01-01,"Northern Territory","35",25.5
1984-01-01,"Northern Territory","35",43.3
1985-01-01,"Northern Territory","35",46.8
1986-01-01,"Northern Territory","35",40.6
1987-01-01,"Northern Territory","35",41.8
1988-01-01,"Northern Territory","35",63.5
1989-01-01,"Northern Territory","35",42.9
1990-01-01,"Northern Territory","35",55.1
1991-01-01,"Northern Territory","35",65
1992-01-01,"Northern Territory","35",64.4
1993-01-01,"Northern Territory","35",57.6
1994-01-01,"Northern Territory","35",62.6
1995-01-01,"Northern Territory","35",68.1
1996-01-01,"Northern Territory","35",61.6
1997-01-01,"Northern Territory","35",70.2
1998-01-01,"Northern Territory","35",61.3
1999-01-01,"Northern Territory","35",64.9
2000-01-01,"Northern Territory","35",68.8
2001-01-01,"Northern Territory","35",76.7
2002-01-01,"Northern Territory","35",65.2
2003-01-01,"Northern Territory","35",97.1
2004-01-01,"Northern Territory","35",79.1
2005-01-01,"Northern Territory","35",75.5
2006-01-01,"Northern Territory","35",70.3
2007-01-01,"Northern Territory","35",86.5
2008-01-01,"Northern Territory","35",84.8
2009-01-01,"Northern Territory","35",84.5
2010-01-01,"Northern Territory","35",80
2011-01-01,"Northern Territory","35",80.9
2012-01-01,"Northern Territory","35",78.2
2013-01-01,"Northern Territory","35",69.2
2014-01-01,"Northern Territory","35",78
2015-01-01,"Northern Territory","35",81
2016-01-01,"Northern Territory","35",97.7
2017-01-01,"Northern Territory","35",87.9
2018-01-01,"Northern Territory","35",88.5
2019-01-01,"Northern Territory","35",78.6
2020-01-01,"Northern Territory","35",82.3
2021-01-01,"Northern Territory","35",82.7
2022-01-01,"Northern Territory","35",81.8
1975-01-01,"Queensland","35",40.4
1976-01-01,"Queensland","35",38.9
1977-01-01,"Queensland","35",36.3
1978-01-01,"Queensland","35",36.5
1979-01-01,"Queensland","35",36.6
1980-01-01,"Queensland","35",37.1
1981-01-01,"Queensland","35",37.6
1982-01-01,"Queensland","35",39.7
1983-01-01,"Queensland","35",42
1984-01-01,"Queensland","35",39.3
1985-01-01,"Queensland","35",40.4
1986-01-01,"Queensland","35",38.9
1987-01-01,"Queensland","35",41.4
1988-01-01,"Queensland","35",42.7
1989-01-01,"Queensland","35",47
1990-01-01,"Queensland","35",51.8
1991-01-01,"Queensland","35",53.8
1992-01-01,"Queensland","35",55.9
1993-01-01,"Queensland","35",54.9
1994-01-01,"Queensland","35",59.6
1995-01-01,"Queensland","35",60.9
1996-01-01,"Queensland","35",62.8
1997-01-01,"Queensland","35",64.3
1998-01-01,"Queensland","35",64.4
1999-01-01,"Queensland","35",64.7
2000-01-01,"Queensland","35",70.5
2001-01-01,"Queensland","35",67
2002-01-01,"Queensland","35",72.2
2003-01-01,"Queensland","35",73.3
2004-01-01,"Queensland","35",79.9
2005-01-01,"Queensland","35",79.7
2006-01-01,"Queensland","35",81.7
2007-01-01,"Queensland","35",96
2008-01-01,"Queensland","35",94.7
2009-01-01,"Queensland","35",97.6
2010-01-01,"Queensland","35",94.9
2011-01-01,"Queensland","35",96.7
2012-01-01,"Queensland","35",94.6
2013-01-01,"Queensland","35",87.9
2014-01-01,"Queensland","35",94
2015-01-01,"Queensland","35",89.3
2016-01-01,"Queensland","35",89.5
2017-01-01,"Queensland","35",86
2018-01-01,"Queensland","35",87.5
2019-01-01,"Queensland","35",88.7
2020-01-01,"Queensland","35",84.3
2021-01-01,"Queensland","35",92.1
2022-01-01,"Queensland","35",90.1
1975-01-01,"South Australia","35",31.6
1976-01-01,"South Australia","35",26.8
1977-01-01,"South Australia","35",25.3
1978-01-01,"South Australia","35",27.5
1979-01-01,"South Australia","35",29.6
1980-01-01,"South Australia","35",27.6
1981-01-01,"South Australia","35",30.8
1982-01-01,"South Australia","35",28.7
1983-01-01,"South Australia","35",34.8
1984-01-01,"South Australia","35",35.9
1985-01-01,"South Australia","35",35.3
1986-01-01,"South Australia","35",35.7
1987-01-01,"South Australia","35",42.2
1988-01-01,"South Australia","35",44.1
1989-01-01,"South Australia","35",43.8
1990-01-01,"South Australia","35",48.2
1991-01-01,"South Australia","35",47.2
1992-01-01,"South Australia","35",55.9
1993-01-01,"South Australia","35",59.6
1994-01-01,"South Australia","35",58.3
1995-01-01,"South Australia","35",59
1996-01-01,"South Australia","35",67.6
1997-01-01,"South Australia","35",69.7
1998-01-01,"South Australia","35",68.4
1999-01-01,"South Australia","35",67.3
2000-01-01,"South Australia","35",75.5
2001-01-01,"South Australia","35",69.4
2002-01-01,"South Australia","35",79.3
2003-01-01,"South Australia","35",76.9
2004-01-01,"South Australia","35",82.7
2005-01-01,"South Australia","35",76
2006-01-01,"South Australia","35",88.3
2007-01-01,"South Australia","35",94
2008-01-01,"South Australia","35",95.9
2009-01-01,"South Australia","35",88.4
2010-01-01,"South Australia","35",92.1
2011-01-01,"South Australia","35",95.1
2012-01-01,"South Australia","35",97.2
2013-01-01,"South Australia","35",90.5
2014-01-01,"South Australia","35",101.8
2015-01-01,"South Australia","35",88.3
2016-01-01,"South Australia","35",92.2
2017-01-01,"South Australia","35",90
2018-01-01,"South Australia","35",91.8
2019-01-01,"South Australia","35",93.5
2020-01-01,"South Australia","35",86.2
2021-01-01,"South Australia","35",90.1
2022-01-01,"South Australia","35",95.3
1975-01-01,"Tasmania","35",38.2
1976-01-01,"Tasmania","35",30.3
1977-01-01,"Tasmania","35",19.8
1978-01-01,"Tasmania","35",25.5
1979-01-01,"Tasmania","35",25.2
1980-01-01,"Tasmania","35",28.6
1981-01-01,"Tasmania","35",28.7
1982-01-01,"Tasmania","35",31
1983-01-01,"Tasmania","35",30.4
1984-01-01,"Tasmania","35",36.1
1985-01-01,"Tasmania","35",43.1
1986-01-01,"Tasmania","35",30.6
1987-01-01,"Tasmania","35",38.9
1988-01-01,"Tasmania","35",42.5
1989-01-01,"Tasmania","35",41.5
1990-01-01,"Tasmania","35",48.9
1991-01-01,"Tasmania","35",47.7
1992-01-01,"Tasmania","35",47.3
1993-01-01,"Tasmania","35",43.7
1994-01-01,"Tasmania","35",48.5
1995-01-01,"Tasmania","35",54.3
1996-01-01,"Tasmania","35",50.3
1997-01-01,"Tasmania","35",52.8
1998-01-01,"Tasmania","35",58.8
1999-01-01,"Tasmania","35",58.6
2000-01-01,"Tasmania","35",59
2001-01-01,"Tasmania","35",71.5
2002-01-01,"Tasmania","35",73.3
2003-01-01,"Tasmania","35",64.5
2004-01-01,"Tasmania","35",75
2005-01-01,"Tasmania","35",81.3
2006-01-01,"Tasmania","35",84.3
2007-01-01,"Tasmania","35",80.9
2008-01-01,"Tasmania","35",91.7
2009-01-01,"Tasmania","35",91.4
2010-01-01,"Tasmania","35",93.9
2011-01-01,"Tasmania","35",84.8
2012-01-01,"Tasmania","35",98.4
2013-01-01,"Tasmania","35",84.2
2014-01-01,"Tasmania","35",80
2015-01-01,"Tasmania","35",85.5
2016-01-01,"Tasmania","35",86.3
2017-01-01,"Tasmania","35",85.9
2018-01-01,"Tasmania","35",89.8
2019-01-01,"Tasmania","35",89.1
2020-01-01,"Tasmania","35",74.4
2021-01-01,"Tasmania","35",79.2
2022-01-01,"Tasmania","35",85.3
1975-01-01,"Victoria","35",40.2
1976-01-01,"Victoria","35",37.7
1977-01-01,"Victoria","35",34.9
1978-01-01,"Victoria","35",38.8
1979-01-01,"Victoria","35",39.5
1980-01-01,"Victoria","35",38.7
1981-01-01,"Victoria","35",41
1982-01-01,"Victoria","35",39.6
1983-01-01,"Victoria","35",39.6
1984-01-01,"Victoria","35",45.1
1985-01-01,"Victoria","35",46.2
1986-01-01,"Victoria","35",44.9
1987-01-01,"Victoria","35",52.2
1988-01-01,"Victoria","35",52.9
1989-01-01,"Victoria","35",57.5
1990-01-01,"Victoria","35",61.7
1991-01-01,"Victoria","35",60.6
1992-01-01,"Victoria","35",64.7
1993-01-01,"Victoria","35",64.9
1994-01-01,"Victoria","35",68.6
1995-01-01,"Victoria","35",70.2
1996-01-01,"Victoria","35",72.9
1997-01-01,"Victoria","35",72.7
1998-01-01,"Victoria","35",77.9
1999-01-01,"Victoria","35",79
2000-01-01,"Victoria","35",79.1
2001-01-01,"Victoria","35",79.2
2002-01-01,"Victoria","35",90.2
2003-01-01,"Victoria","35",90.1
2004-01-01,"Victoria","35",93.8
2005-01-01,"Victoria","35",99.5
2006-01-01,"Victoria","35",101.8
2007-01-01,"Victoria","35",110.2
2008-01-01,"Victoria","35",115.5
2009-01-01,"Victoria","35",108.5
2010-01-01,"Victoria","35",108.5
2011-01-01,"Victoria","35",105.7
2012-01-01,"Victoria","35",112.1
2013-01-01,"Victoria","35",108.2
2014-01-01,"Victoria","35",106.1
2015-01-01,"Victoria","35",101.6
2016-01-01,"Victoria","35",110.9
2017-01-01,"Victoria","35",106.5
2018-01-01,"Victoria","35",102.9
2019-01-01,"Victoria","35",100.6
2020-01-01,"Victoria","35",95.8
2021-01-01,"Victoria","35",102.6
2022-01-01,"Victoria","35",103
1975-01-01,"Western Australia","35",35
1976-01-01,"Western Australia","35",34.4
1977-01-01,"Western Australia","35",32.7
1978-01-01,"Western Australia","35",32.2
1979-01-01,"Western Australia","35",32.8
1980-01-01,"Western Australia","35",33.2
1981-01-01,"Western Australia","35",38.3
1982-01-01,"Western Australia","35",37.3
1983-01-01,"Western Australia","35",35.9
1984-01-01,"Western Australia","35",37.7
1985-01-01,"Western Australia","35",42.4
1986-01-01,"Western Australia","35",49.2
1987-01-01,"Western Australia","35",41.8
1988-01-01,"Western Australia","35",48.9
1989-01-01,"Western Australia","35",49.2
1990-01-01,"Western Australia","35",55.4
1991-01-01,"Western Australia","35",51.8
1992-01-01,"Western Australia","35",58.3
1993-01-01,"Western Australia","35",55.2
1994-01-01,"Western Australia","35",60
1995-01-01,"Western Australia","35",62.2
1996-01-01,"Western Australia","35",65
1997-01-01,"Western Australia","35",67.7
1998-01-01,"Western Australia","35",66.4
1999-01-01,"Western Australia","35",68.2
2000-01-01,"Western Australia","35",73.8
2001-01-01,"Western Australia","35",72.4
2002-01-01,"Western Australia","35",70.7
2003-01-01,"Western Australia","35",76.5
2004-01-01,"Western Australia","35",82.3
2005-01-01,"Western Australia","35",86.3
2006-01-01,"Western Australia","35",95.4
2007-01-01,"Western Australia","35",97.2
2008-01-01,"Western Australia","35",106.4
2009-01-01,"Western Australia","35",92.6
2010-01-01,"Western Australia","35",97.8
2011-01-01,"Western Australia","35",93.1
2012-01-01,"Western Australia","35",97.6
2013-01-01,"Western Australia","35",96.9
2014-01-01,"Western Australia","35",104.2
2015-01-01,"Western Australia","35",99.9
2016-01-01,"Western Australia","35",102.5
2017-01-01,"Western Australia","35",100.7
2018-01-01,"Western Australia","35",93.7
2019-01-01,"Western Australia","35",96.9
2020-01-01,"Western Australia","35",95.3
2021-01-01,"Western Australia","35",100.1
2022-01-01,"Western Australia","35",90.6
1975-01-01,"Australia","36",30.5
1976-01-01,"Australia","36",28.2
1977-01-01,"Australia","36",29.2
1978-01-01,"Australia","36",28.3
1979-01-01,"Australia","36",28.8
1980-01-01,"Australia","36",29.4
1981-01-01,"Australia","36",29.2
1982-01-01,"Australia","36",31.2
1983-01-01,"Australia","36",29.9
1984-01-01,"Australia","36",31.3
1985-01-01,"Australia","36",32.8
1986-01-01,"Australia","36",34.7
1987-01-01,"Australia","36",35.2
1988-01-01,"Australia","36",38.1
1989-01-01,"Australia","36",41.7
1990-01-01,"Australia","36",42.8
1991-01-01,"Australia","36",45.5
1992-01-01,"Australia","36",47.3
1993-01-01,"Australia","36",49.1
1994-01-01,"Australia","36",50.7
1995-01-01,"Australia","36",52.5
1996-01-01,"Australia","36",53
1997-01-01,"Australia","36",56.1
1998-01-01,"Australia","36",56.8
1999-01-01,"Australia","36",58.7
2000-01-01,"Australia","36",61.1
2001-01-01,"Australia","36",61.5
2002-01-01,"Australia","36",64.4
2003-01-01,"Australia","36",67.6
2004-01-01,"Australia","36",71
2005-01-01,"Australia","36",76.5
2006-01-01,"Australia","36",78.7
2007-01-01,"Australia","36",82.5
2008-01-01,"Australia","36",87.1
2009-01-01,"Australia","36",86.1
2010-01-01,"Australia","36",87.7
2011-01-01,"Australia","36",86.6
2012-01-01,"Australia","36",86.1
2013-01-01,"Australia","36",85.6
2014-01-01,"Australia","36",82.1
2015-01-01,"Australia","36",83.7
2016-01-01,"Australia","36",86.4
2017-01-01,"Australia","36",85.2
2018-01-01,"Australia","36",85.4
2019-01-01,"Australia","36",82
2020-01-01,"Australia","36",79.3
2021-01-01,"Australia","36",84.8
2022-01-01,"Australia","36",82.7
1975-01-01,"Australian Capital Territory","36",42.8
1976-01-01,"Australian Capital Territory","36",25.7
1977-01-01,"Australian Capital Territory","36",38.6
1978-01-01,"Australian Capital Territory","36",30
1979-01-01,"Australian Capital Territory","36",28.4
1980-01-01,"Australian Capital Territory","36",40.6
1981-01-01,"Australian Capital Territory","36",38.8
1982-01-01,"Australian Capital Territory","36",35.1
1983-01-01,"Australian Capital Territory","36",35.4
1984-01-01,"Australian Capital Territory","36",41.8
1985-01-01,"Australian Capital Territory","36",40.8
1986-01-01,"Australian Capital Territory","36",40.7
1987-01-01,"Australian Capital Territory","36",35.9
1988-01-01,"Australian Capital Territory","36",42.3
1989-01-01,"Australian Capital Territory","36",46.5
1990-01-01,"Australian Capital Territory","36",42.5
1991-01-01,"Australian Capital Territory","36",45
1992-01-01,"Australian Capital Territory","36",41.3
1993-01-01,"Australian Capital Territory","36",47
1994-01-01,"Australian Capital Territory","36",46.9
1995-01-01,"Australian Capital Territory","36",56.6
1996-01-01,"Australian Capital Territory","36",57.3
1997-01-01,"Australian Capital Territory","36",64.1
1998-01-01,"Australian Capital Territory","36",57.5
1999-01-01,"Australian Capital Territory","36",62.9
2000-01-01,"Australian Capital Territory","36",73.1
2001-01-01,"Australian Capital Territory","36",59.6
2002-01-01,"Australian Capital Territory","36",79.8
2003-01-01,"Australian Capital Territory","36",66.5
2004-01-01,"Australian Capital Territory","36",80.8
2005-01-01,"Australian Capital Territory","36",82
2006-01-01,"Australian Capital Territory","36",80.1
2007-01-01,"Australian Capital Territory","36",71.1
2008-01-01,"Australian Capital Territory","36",82.3
2009-01-01,"Australian Capital Territory","36",90.2
2010-01-01,"Australian Capital Territory","36",102
2011-01-01,"Australian Capital Territory","36",94.3
2012-01-01,"Australian Capital Territory","36",98.7
2013-01-01,"Australian Capital Territory","36",91.5
2014-01-01,"Australian Capital Territory","36",95.1
2015-01-01,"Australian Capital Territory","36",86.9
2016-01-01,"Australian Capital Territory","36",92.3
2017-01-01,"Australian Capital Territory","36",98.9
2018-01-01,"Australian Capital Territory","36",89.4
2019-01-01,"Australian Capital Territory","36",84.5
2020-01-01,"Australian Capital Territory","36",81.3
2021-01-01,"Australian Capital Territory","36",88.3
2022-01-01,"Australian Capital Territory","36",84.9
1975-01-01,"New South Wales","36",30.8
1976-01-01,"New South Wales","36",30.3
1977-01-01,"New South Wales","36",29.5
1978-01-01,"New South Wales","36",30.2
1979-01-01,"New South Wales","36",30.1
1980-01-01,"New South Wales","36",31.6
1981-01-01,"New South Wales","36",31.6
1982-01-01,"New South Wales","36",34.2
1983-01-01,"New South Wales","36",31.6
1984-01-01,"New South Wales","36",32.9
1985-01-01,"New South Wales","36",35.7
1986-01-01,"New South Wales","36",36.6
1987-01-01,"New South Wales","36",38.4
1988-01-01,"New South Wales","36",40.7
1989-01-01,"New South Wales","36",44.7
1990-01-01,"New South Wales","36",46.4
1991-01-01,"New South Wales","36",47.6
1992-01-01,"New South Wales","36",51.8
1993-01-01,"New South Wales","36",51
1994-01-01,"New South Wales","36",52.2
1995-01-01,"New South Wales","36",53.9
1996-01-01,"New South Wales","36",56.7
1997-01-01,"New South Wales","36",58.8
1998-01-01,"New South Wales","36",57.1
1999-01-01,"New South Wales","36",61
2000-01-01,"New South Wales","36",64.4
2001-01-01,"New South Wales","36",62.8
2002-01-01,"New South Wales","36",66.7
2003-01-01,"New South Wales","36",71.1
2004-01-01,"New South Wales","36",73.9
2005-01-01,"New South Wales","36",80.3
2006-01-01,"New South Wales","36",82
2007-01-01,"New South Wales","36",84.4
2008-01-01,"New South Wales","36",91.1
2009-01-01,"New South Wales","36",89.1
2010-01-01,"New South Wales","36",93.8
2011-01-01,"New South Wales","36",90.6
2012-01-01,"New South Wales","36",89.4
2013-01-01,"New South Wales","36",92.1
2014-01-01,"New South Wales","36",81.5
2015-01-01,"New South Wales","36",88.4
2016-01-01,"New South Wales","36",84.7
2017-01-01,"New South Wales","36",83.7
2018-01-01,"New South Wales","36",96.3
2019-01-01,"New South Wales","36",86.7
2020-01-01,"New South Wales","36",82.6
2021-01-01,"New South Wales","36",91.4
2022-01-01,"New South Wales","36",88.6
1975-01-01,"Northern Territory","36",63.9
1976-01-01,"Northern Territory","36",40.2
1977-01-01,"Northern Territory","36",45.8
1978-01-01,"Northern Territory","36",47.7
1979-01-01,"Northern Territory","36",43.7
1980-01-01,"Northern Territory","36",34.2
1981-01-01,"Northern Territory","36",52
1982-01-01,"Northern Territory","36",29
1983-01-01,"Northern Territory","36",25.5
1984-01-01,"Northern Territory","36",37.7
1985-01-01,"Northern Territory","36",30.7
1986-01-01,"Northern Territory","36",37
1987-01-01,"Northern Territory","36",33.5
1988-01-01,"Northern Territory","36",38.9
1989-01-01,"Northern Territory","36",47.3
1990-01-01,"Northern Territory","36",45.4
1991-01-01,"Northern Territory","36",54.4
1992-01-01,"Northern Territory","36",45.6
1993-01-01,"Northern Territory","36",50
1994-01-01,"Northern Territory","36",47.2
1995-01-01,"Northern Territory","36",51.5
1996-01-01,"Northern Territory","36",62.2
1997-01-01,"Northern Territory","36",54.2
1998-01-01,"Northern Territory","36",55.5
1999-01-01,"Northern Territory","36",56.1
2000-01-01,"Northern Territory","36",52.6
2001-01-01,"Northern Territory","36",58.7
2002-01-01,"Northern Territory","36",60.3
2003-01-01,"Northern Territory","36",70.3
2004-01-01,"Northern Territory","36",67
2005-01-01,"Northern Territory","36",77.2
2006-01-01,"Northern Territory","36",72.6
2007-01-01,"Northern Territory","36",69.3
2008-01-01,"Northern Territory","36",72.6
2009-01-01,"Northern Territory","36",62.6
2010-01-01,"Northern Territory","36",70
2011-01-01,"Northern Territory","36",79.2
2012-01-01,"Northern Territory","36",71.8
2013-01-01,"Northern Territory","36",58.6
2014-01-01,"Northern Territory","36",69.2
2015-01-01,"Northern Territory","36",73.9
2016-01-01,"Northern Territory","36",63.4
2017-01-01,"Northern Territory","36",60.7
2018-01-01,"Northern Territory","36",74.8
2019-01-01,"Northern Territory","36",59.1
2020-01-01,"Northern Territory","36",87.1
2021-01-01,"Northern Territory","36",66.3
2022-01-01,"Northern Territory","36",68
1975-01-01,"Queensland","36",33.4
1976-01-01,"Queensland","36",29.5
1977-01-01,"Queensland","36",29.8
1978-01-01,"Queensland","36",28
1979-01-01,"Queensland","36",30.1
1980-01-01,"Queensland","36",26
1981-01-01,"Queensland","36",28.3
1982-01-01,"Queensland","36",32.1
1983-01-01,"Queensland","36",30.4
1984-01-01,"Queensland","36",31.1
1985-01-01,"Queensland","36",29.8
1986-01-01,"Queensland","36",32.5
1987-01-01,"Queensland","36",31.6
1988-01-01,"Queensland","36",32.6
1989-01-01,"Queensland","36",37.7
1990-01-01,"Queensland","36",38.7
1991-01-01,"Queensland","36",41
1992-01-01,"Queensland","36",43.2
1993-01-01,"Queensland","36",44.3
1994-01-01,"Queensland","36",46.4
1995-01-01,"Queensland","36",46.9
1996-01-01,"Queensland","36",50.1
1997-01-01,"Queensland","36",51.1
1998-01-01,"Queensland","36",51.6
1999-01-01,"Queensland","36",51.2
2000-01-01,"Queensland","36",54
2001-01-01,"Queensland","36",58.4
2002-01-01,"Queensland","36",58.5
2003-01-01,"Queensland","36",60.1
2004-01-01,"Queensland","36",62.3
2005-01-01,"Queensland","36",68.6
2006-01-01,"Queensland","36",68.6
2007-01-01,"Queensland","36",77
2008-01-01,"Queensland","36",78.8
2009-01-01,"Queensland","36",82.2
2010-01-01,"Queensland","36",81
2011-01-01,"Queensland","36",79.4
2012-01-01,"Queensland","36",75.3
2013-01-01,"Queensland","36",76.4
2014-01-01,"Queensland","36",75.9
2015-01-01,"Queensland","36",75.3
2016-01-01,"Queensland","36",75.7
2017-01-01,"Queensland","36",75.6
2018-01-01,"Queensland","36",75.9
2019-01-01,"Queensland","36",75.3
2020-01-01,"Queensland","36",72.5
2021-01-01,"Queensland","36",79
2022-01-01,"Queensland","36",75.7
1975-01-01,"South Australia","36",23
1976-01-01,"South Australia","36",19.6
1977-01-01,"South Australia","36",21.2
1978-01-01,"South Australia","36",19.3
1979-01-01,"South Australia","36",18.8
1980-01-01,"South Australia","36",19.9
1981-01-01,"South Australia","36",21
1982-01-01,"South Australia","36",25.8
1983-01-01,"South Australia","36",24.9
1984-01-01,"South Australia","36",25.3
1985-01-01,"South Australia","36",25
1986-01-01,"South Australia","36",27.6
1987-01-01,"South Australia","36",24.6
1988-01-01,"South Australia","36",31.4
1989-01-01,"South Australia","36",35.3
1990-01-01,"South Australia","36",34.6
1991-01-01,"South Australia","36",36.5
1992-01-01,"South Australia","36",41.5
1993-01-01,"South Australia","36",51
1994-01-01,"South Australia","36",49.6
1995-01-01,"South Australia","36",51.2
1996-01-01,"South Australia","36",47.7
1997-01-01,"South Australia","36",53.1
1998-01-01,"South Australia","36",59.4
1999-01-01,"South Australia","36",54.3
2000-01-01,"South Australia","36",57.9
2001-01-01,"South Australia","36",61.4
2002-01-01,"South Australia","36",62.2
2003-01-01,"South Australia","36",66.3
2004-01-01,"South Australia","36",66.7
2005-01-01,"South Australia","36",64.3
2006-01-01,"South Australia","36",70.3
2007-01-01,"South Australia","36",72.8
2008-01-01,"South Australia","36",78.2
2009-01-01,"South Australia","36",78
2010-01-01,"South Australia","36",74.3
2011-01-01,"South Australia","36",77.4
2012-01-01,"South Australia","36",76.9
2013-01-01,"South Australia","36",77.6
2014-01-01,"South Australia","36",81.2
2015-01-01,"South Australia","36",74.6
2016-01-01,"South Australia","36",79.6
2017-01-01,"South Australia","36",75.7
2018-01-01,"South Australia","36",76.8
2019-01-01,"South Australia","36",72
2020-01-01,"South Australia","36",75.2
2021-01-01,"South Australia","36",78.1
2022-01-01,"South Australia","36",76.8
1975-01-01,"Tasmania","36",27.9
1976-01-01,"Tasmania","36",23
1977-01-01,"Tasmania","36",22
1978-01-01,"Tasmania","36",24.2
1979-01-01,"Tasmania","36",23.6
1980-01-01,"Tasmania","36",27.2
1981-01-01,"Tasmania","36",21.2
1982-01-01,"Tasmania","36",22.3
1983-01-01,"Tasmania","36",22.1
1984-01-01,"Tasmania","36",29.9
1985-01-01,"Tasmania","36",29.9
1986-01-01,"Tasmania","36",28.8
1987-01-01,"Tasmania","36",27.2
1988-01-01,"Tasmania","36",30
1989-01-01,"Tasmania","36",30.6
1990-01-01,"Tasmania","36",29
1991-01-01,"Tasmania","36",36.9
1992-01-01,"Tasmania","36",38.9
1993-01-01,"Tasmania","36",37.3
1994-01-01,"Tasmania","36",40.2
1995-01-01,"Tasmania","36",46.1
1996-01-01,"Tasmania","36",39.9
1997-01-01,"Tasmania","36",35.9
1998-01-01,"Tasmania","36",47.5
1999-01-01,"Tasmania","36",55.5
2000-01-01,"Tasmania","36",43.3
2001-01-01,"Tasmania","36",55.4
2002-01-01,"Tasmania","36",55.9
2003-01-01,"Tasmania","36",54.1
2004-01-01,"Tasmania","36",56.7
2005-01-01,"Tasmania","36",67.3
2006-01-01,"Tasmania","36",70.1
2007-01-01,"Tasmania","36",78.5
2008-01-01,"Tasmania","36",69.9
2009-01-01,"Tasmania","36",68.5
2010-01-01,"Tasmania","36",65.7
2011-01-01,"Tasmania","36",79
2012-01-01,"Tasmania","36",70.9
2013-01-01,"Tasmania","36",71.9
2014-01-01,"Tasmania","36",68.6
2015-01-01,"Tasmania","36",67
2016-01-01,"Tasmania","36",76.8
2017-01-01,"Tasmania","36",67.4
2018-01-01,"Tasmania","36",68.6
2019-01-01,"Tasmania","36",70.6
2020-01-01,"Tasmania","36",66.7
2021-01-01,"Tasmania","36",74.2
2022-01-01,"Tasmania","36",63.5
1975-01-01,"Victoria","36",31.7
1976-01-01,"Victoria","36",28.9
1977-01-01,"Victoria","36",31.9
1978-01-01,"Victoria","36",30.2
1979-01-01,"Victoria","36",31
1980-01-01,"Victoria","36",31.9
1981-01-01,"Victoria","36",28.3
1982-01-01,"Victoria","36",30.9
1983-01-01,"Victoria","36",30.3
1984-01-01,"Victoria","36",32.7
1985-01-01,"Victoria","36",34
1986-01-01,"Victoria","36",36
1987-01-01,"Victoria","36",37.7
1988-01-01,"Victoria","36",41.1
1989-01-01,"Victoria","36",43.4
1990-01-01,"Victoria","36",46.2
1991-01-01,"Victoria","36",50.2
1992-01-01,"Victoria","36",50.8
1993-01-01,"Victoria","36",52.9
1994-01-01,"Victoria","36",55.5
1995-01-01,"Victoria","36",55.4
1996-01-01,"Victoria","36",54.6
1997-01-01,"Victoria","36",60.6
1998-01-01,"Victoria","36",61
1999-01-01,"Victoria","36",62.9
2000-01-01,"Victoria","36",65.5
2001-01-01,"Victoria","36",64.6
2002-01-01,"Victoria","36",69.6
2003-01-01,"Victoria","36",71.5
2004-01-01,"Victoria","36",76
2005-01-01,"Victoria","36",82.8
2006-01-01,"Victoria","36",85.8
2007-01-01,"Victoria","36",90.4
2008-01-01,"Victoria","36",93.7
2009-01-01,"Victoria","36",91.7
2010-01-01,"Victoria","36",92.9
2011-01-01,"Victoria","36",92.3
2012-01-01,"Victoria","36",95.3
2013-01-01,"Victoria","36",90.2
2014-01-01,"Victoria","36",89
2015-01-01,"Victoria","36",89.1
2016-01-01,"Victoria","36",99.9
2017-01-01,"Victoria","36",98.4
2018-01-01,"Victoria","36",85.7
2019-01-01,"Victoria","36",86.1
2020-01-01,"Victoria","36",81.4
2021-01-01,"Victoria","36",85.3
2022-01-01,"Victoria","36",87
1975-01-01,"Western Australia","36",24.8
1976-01-01,"Western Australia","36",24.9
1977-01-01,"Western Australia","36",24.9
1978-01-01,"Western Australia","36",23.2
1979-01-01,"Western Australia","36",25.4
1980-01-01,"Western Australia","36",25.8
1981-01-01,"Western Australia","36",30
1982-01-01,"Western Australia","36",25.7
1983-01-01,"Western Australia","36",28.1
1984-01-01,"Western Australia","36",24.4
1985-01-01,"Western Australia","36",30.2
1986-01-01,"Western Australia","36",34.1
1987-01-01,"Western Australia","36",34.7
1988-01-01,"Western Australia","36",37.8
1989-01-01,"Western Australia","36",40.4
1990-01-01,"Western Australia","36",39.8
1991-01-01,"Western Australia","36",42.6
1992-01-01,"Western Australia","36",38.3
1993-01-01,"Western Australia","36",43.6
1994-01-01,"Western Australia","36",45.9
1995-01-01,"Western Australia","36",52.7
1996-01-01,"Western Australia","36",48
1997-01-01,"Western Australia","36",51.7
1998-01-01,"Western Australia","36",55.4
1999-01-01,"Western Australia","36",57.9
2000-01-01,"Western Australia","36",57.1
2001-01-01,"Western Australia","36",57.4
2002-01-01,"Western Australia","36",55.1
2003-01-01,"Western Australia","36",64
2004-01-01,"Western Australia","36",69.7
2005-01-01,"Western Australia","36",72.3
2006-01-01,"Western Australia","36",77.6
2007-01-01,"Western Australia","36",77.9
2008-01-01,"Western Australia","36",86.1
2009-01-01,"Western Australia","36",81.6
2010-01-01,"Western Australia","36",80.4
2011-01-01,"Western Australia","36",80.5
2012-01-01,"Western Australia","36",82.3
2013-01-01,"Western Australia","36",81.4
2014-01-01,"Western Australia","36",80.8
2015-01-01,"Western Australia","36",81.3
2016-01-01,"Western Australia","36",85.1
2017-01-01,"Western Australia","36",83.5
2018-01-01,"Western Australia","36",78.5
2019-01-01,"Western Australia","36",80.3
2020-01-01,"Western Australia","36",80.6
2021-01-01,"Western Australia","36",82.8
2022-01-01,"Western Australia","36",76.8
1975-01-01,"Australia","37",24.4
1976-01-01,"Australia","37",24.2
1977-01-01,"Australia","37",22.7
1978-01-01,"Australia","37",21.4
1979-01-01,"Australia","37",21.3
1980-01-01,"Australia","37",22
1981-01-01,"Australia","37",21.9
1982-01-01,"Australia","37",23.3
1983-01-01,"Australia","37",22.2
1984-01-01,"Australia","37",21.7
1985-01-01,"Australia","37",25.7
1986-01-01,"Australia","37",25.6
1987-01-01,"Australia","37",27
1988-01-01,"Australia","37",28.2
1989-01-01,"Australia","37",30.3
1990-01-01,"Australia","37",31.9
1991-01-01,"Australia","37",33
1992-01-01,"Australia","37",36.3
1993-01-01,"Australia","37",35.6
1994-01-01,"Australia","37",39.8
1995-01-01,"Australia","37",40.4
1996-01-01,"Australia","37",42.4
1997-01-01,"Australia","37",42.5
1998-01-01,"Australia","37",43.6
1999-01-01,"Australia","37",45.7
2000-01-01,"Australia","37",47.4
2001-01-01,"Australia","37",47.9
2002-01-01,"Australia","37",51.4
2003-01-01,"Australia","37",53.4
2004-01-01,"Australia","37",55.5
2005-01-01,"Australia","37",59.7
2006-01-01,"Australia","37",62.7
2007-01-01,"Australia","37",67.1
2008-01-01,"Australia","37",68.9
2009-01-01,"Australia","37",70.1
2010-01-01,"Australia","37",72
2011-01-01,"Australia","37",70.2
2012-01-01,"Australia","37",71.7
2013-01-01,"Australia","37",70.1
2014-01-01,"Australia","37",67.8
2015-01-01,"Australia","37",69.1
2016-01-01,"Australia","37",71.6
2017-01-01,"Australia","37",69.1
2018-01-01,"Australia","37",69.3
2019-01-01,"Australia","37",67.7
2020-01-01,"Australia","37",64
2021-01-01,"Australia","37",69.8
2022-01-01,"Australia","37",68.3
1975-01-01,"Australian Capital Territory","37",30.9
1976-01-01,"Australian Capital Territory","37",32.7
1977-01-01,"Australian Capital Territory","37",22.2
1978-01-01,"Australian Capital Territory","37",20
1979-01-01,"Australian Capital Territory","37",24.7
1980-01-01,"Australian Capital Territory","37",22
1981-01-01,"Australian Capital Territory","37",23.3
1982-01-01,"Australian Capital Territory","37",26.3
1983-01-01,"Australian Capital Territory","37",33
1984-01-01,"Australian Capital Territory","37",25.3
1985-01-01,"Australian Capital Territory","37",29.7
1986-01-01,"Australian Capital Territory","37",30.2
1987-01-01,"Australian Capital Territory","37",26.4
1988-01-01,"Australian Capital Territory","37",26.6
1989-01-01,"Australian Capital Territory","37",31.5
1990-01-01,"Australian Capital Territory","37",37
1991-01-01,"Australian Capital Territory","37",35.6
1992-01-01,"Australian Capital Territory","37",31.7
1993-01-01,"Australian Capital Territory","37",30.9
1994-01-01,"Australian Capital Territory","37",39.3
1995-01-01,"Australian Capital Territory","37",39.8
1996-01-01,"Australian Capital Territory","37",47.6
1997-01-01,"Australian Capital Territory","37",39.8
1998-01-01,"Australian Capital Territory","37",45.6
1999-01-01,"Australian Capital Territory","37",49.6
2000-01-01,"Australian Capital Territory","37",48.6
2001-01-01,"Australian Capital Territory","37",50.9
2002-01-01,"Australian Capital Territory","37",48.2
2003-01-01,"Australian Capital Territory","37",52.4
2004-01-01,"Australian Capital Territory","37",74.1
2005-01-01,"Australian Capital Territory","37",62.9
2006-01-01,"Australian Capital Territory","37",66.7
2007-01-01,"Australian Capital Territory","37",73.6
2008-01-01,"Australian Capital Territory","37",69.6
2009-01-01,"Australian Capital Territory","37",63.3
2010-01-01,"Australian Capital Territory","37",81.5
2011-01-01,"Australian Capital Territory","37",75.1
2012-01-01,"Australian Capital Territory","37",76.6
2013-01-01,"Australian Capital Territory","37",80.1
2014-01-01,"Australian Capital Territory","37",73.8
2015-01-01,"Australian Capital Territory","37",75.1
2016-01-01,"Australian Capital Territory","37",63.1
2017-01-01,"Australian Capital Territory","37",84.3
2018-01-01,"Australian Capital Territory","37",73.7
2019-01-01,"Australian Capital Territory","37",72.9
2020-01-01,"Australian Capital Territory","37",72.7
2021-01-01,"Australian Capital Territory","37",76.1
2022-01-01,"Australian Capital Territory","37",66.9
1975-01-01,"New South Wales","37",24.5
1976-01-01,"New South Wales","37",25
1977-01-01,"New South Wales","37",22.9
1978-01-01,"New South Wales","37",22.1
1979-01-01,"New South Wales","37",23.8
1980-01-01,"New South Wales","37",24
1981-01-01,"New South Wales","37",23
1982-01-01,"New South Wales","37",25.1
1983-01-01,"New South Wales","37",23.9
1984-01-01,"New South Wales","37",23.2
1985-01-01,"New South Wales","37",28.3
1986-01-01,"New South Wales","37",27.8
1987-01-01,"New South Wales","37",30.4
1988-01-01,"New South Wales","37",30.1
1989-01-01,"New South Wales","37",32.3
1990-01-01,"New South Wales","37",34
1991-01-01,"New South Wales","37",34.7
1992-01-01,"New South Wales","37",38.7
1993-01-01,"New South Wales","37",38
1994-01-01,"New South Wales","37",41.8
1995-01-01,"New South Wales","37",43.9
1996-01-01,"New South Wales","37",43.9
1997-01-01,"New South Wales","37",44.7
1998-01-01,"New South Wales","37",44.5
1999-01-01,"New South Wales","37",48.1
2000-01-01,"New South Wales","37",48.6
2001-01-01,"New South Wales","37",49.5
2002-01-01,"New South Wales","37",54.1
2003-01-01,"New South Wales","37",56.6
2004-01-01,"New South Wales","37",56.6
2005-01-01,"New South Wales","37",64.1
2006-01-01,"New South Wales","37",64.7
2007-01-01,"New South Wales","37",68.6
2008-01-01,"New South Wales","37",72.3
2009-01-01,"New South Wales","37",73.2
2010-01-01,"New South Wales","37",77.9
2011-01-01,"New South Wales","37",74.9
2012-01-01,"New South Wales","37",74.6
2013-01-01,"New South Wales","37",73.1
2014-01-01,"New South Wales","37",67
2015-01-01,"New South Wales","37",72.6
2016-01-01,"New South Wales","37",73.4
2017-01-01,"New South Wales","37",69.6
2018-01-01,"New South Wales","37",76.5
2019-01-01,"New South Wales","37",71.7
2020-01-01,"New South Wales","37",68.1
2021-01-01,"New South Wales","37",76.9
2022-01-01,"New South Wales","37",71.6
1975-01-01,"Northern Territory","37",47.5
1976-01-01,"Northern Territory","37",39.2
1977-01-01,"Northern Territory","37",28.9
1978-01-01,"Northern Territory","37",26.9
1979-01-01,"Northern Territory","37",38.5
1980-01-01,"Northern Territory","37",35.3
1981-01-01,"Northern Territory","37",40
1982-01-01,"Northern Territory","37",30.8
1983-01-01,"Northern Territory","37",26.9
1984-01-01,"Northern Territory","37",22.9
1985-01-01,"Northern Territory","37",37.6
1986-01-01,"Northern Territory","37",25.7
1987-01-01,"Northern Territory","37",28.2
1988-01-01,"Northern Territory","37",25.3
1989-01-01,"Northern Territory","37",31.2
1990-01-01,"Northern Territory","37",40.3
1991-01-01,"Northern Territory","37",39.6
1992-01-01,"Northern Territory","37",41.8
1993-01-01,"Northern Territory","37",34.9
1994-01-01,"Northern Territory","37",40.7
1995-01-01,"Northern Territory","37",44.2
1996-01-01,"Northern Territory","37",50
1997-01-01,"Northern Territory","37",28.4
1998-01-01,"Northern Territory","37",36.6
1999-01-01,"Northern Territory","37",42.8
2000-01-01,"Northern Territory","37",42.6
2001-01-01,"Northern Territory","37",41.1
2002-01-01,"Northern Territory","37",65.5
2003-01-01,"Northern Territory","37",62.8
2004-01-01,"Northern Territory","37",51.6
2005-01-01,"Northern Territory","37",52.5
2006-01-01,"Northern Territory","37",62
2007-01-01,"Northern Territory","37",64.1
2008-01-01,"Northern Territory","37",53.5
2009-01-01,"Northern Territory","37",59.2
2010-01-01,"Northern Territory","37",63.8
2011-01-01,"Northern Territory","37",52.9
2012-01-01,"Northern Territory","37",64.5
2013-01-01,"Northern Territory","37",67.9
2014-01-01,"Northern Territory","37",62.5
2015-01-01,"Northern Territory","37",65.6
2016-01-01,"Northern Territory","37",59.6
2017-01-01,"Northern Territory","37",66.4
2018-01-01,"Northern Territory","37",56.2
2019-01-01,"Northern Territory","37",51.5
2020-01-01,"Northern Territory","37",55.1
2021-01-01,"Northern Territory","37",64.9
2022-01-01,"Northern Territory","37",62.4
1975-01-01,"Queensland","37",28.3
1976-01-01,"Queensland","37",25
1977-01-01,"Queensland","37",22.6
1978-01-01,"Queensland","37",22.5
1979-01-01,"Queensland","37",20.2
1980-01-01,"Queensland","37",21.1
1981-01-01,"Queensland","37",21.5
1982-01-01,"Queensland","37",21.9
1983-01-01,"Queensland","37",20.2
1984-01-01,"Queensland","37",21
1985-01-01,"Queensland","37",24.5
1986-01-01,"Queensland","37",23.3
1987-01-01,"Queensland","37",23.7
1988-01-01,"Queensland","37",22.7
1989-01-01,"Queensland","37",29.5
1990-01-01,"Queensland","37",30
1991-01-01,"Queensland","37",29.9
1992-01-01,"Queensland","37",33.6
1993-01-01,"Queensland","37",32.2
1994-01-01,"Queensland","37",35.6
1995-01-01,"Queensland","37",34.3
1996-01-01,"Queensland","37",38.3
1997-01-01,"Queensland","37",37.8
1998-01-01,"Queensland","37",41
1999-01-01,"Queensland","37",40.9
2000-01-01,"Queensland","37",43.3
2001-01-01,"Queensland","37",45.1
2002-01-01,"Queensland","37",43.2
2003-01-01,"Queensland","37",46.8
2004-01-01,"Queensland","37",49.6
2005-01-01,"Queensland","37",53.9
2006-01-01,"Queensland","37",54.5
2007-01-01,"Queensland","37",62.4
2008-01-01,"Queensland","37",62.1
2009-01-01,"Queensland","37",65.7
2010-01-01,"Queensland","37",66.3
2011-01-01,"Queensland","37",65.3
2012-01-01,"Queensland","37",62.3
2013-01-01,"Queensland","37",64
2014-01-01,"Queensland","37",63
2015-01-01,"Queensland","37",64
2016-01-01,"Queensland","37",63
2017-01-01,"Queensland","37",59.1
2018-01-01,"Queensland","37",60
2019-01-01,"Queensland","37",61.4
2020-01-01,"Queensland","37",58.6
2021-01-01,"Queensland","37",63.8
2022-01-01,"Queensland","37",60.7
1975-01-01,"South Australia","37",19.5
1976-01-01,"South Australia","37",15.9
1977-01-01,"South Australia","37",16.6
1978-01-01,"South Australia","37",15.8
1979-01-01,"South Australia","37",13.3
1980-01-01,"South Australia","37",15
1981-01-01,"South Australia","37",16.6
1982-01-01,"South Australia","37",15.3
1983-01-01,"South Australia","37",17.2
1984-01-01,"South Australia","37",17.7
1985-01-01,"South Australia","37",17.9
1986-01-01,"South Australia","37",19.8
1987-01-01,"South Australia","37",20.6
1988-01-01,"South Australia","37",23.2
1989-01-01,"South Australia","37",26
1990-01-01,"South Australia","37",25.4
1991-01-01,"South Australia","37",26.6
1992-01-01,"South Australia","37",32.9
1993-01-01,"South Australia","37",33
1994-01-01,"South Australia","37",39
1995-01-01,"South Australia","37",41.1
1996-01-01,"South Australia","37",41.7
1997-01-01,"South Australia","37",43
1998-01-01,"South Australia","37",41.2
1999-01-01,"South Australia","37",42.6
2000-01-01,"South Australia","37",48
2001-01-01,"South Australia","37",45.5
2002-01-01,"South Australia","37",51.3
2003-01-01,"South Australia","37",49.6
2004-01-01,"South Australia","37",53.2
2005-01-01,"South Australia","37",47
2006-01-01,"South Australia","37",55.5
2007-01-01,"South Australia","37",56.5
2008-01-01,"South Australia","37",58
2009-01-01,"South Australia","37",63.4
2010-01-01,"South Australia","37",65.5
2011-01-01,"South Australia","37",62.2
2012-01-01,"South Australia","37",62.1
2013-01-01,"South Australia","37",59.1
2014-01-01,"South Australia","37",62.1
2015-01-01,"South Australia","37",65.9
2016-01-01,"South Australia","37",66.8
2017-01-01,"South Australia","37",66.5
2018-01-01,"South Australia","37",64.3
2019-01-01,"South Australia","37",64
2020-01-01,"South Australia","37",57
2021-01-01,"South Australia","37",61.6
2022-01-01,"South Australia","37",64.9
1975-01-01,"Tasmania","37",19
1976-01-01,"Tasmania","37",23.2
1977-01-01,"Tasmania","37",17.2
1978-01-01,"Tasmania","37",18.8
1979-01-01,"Tasmania","37",13.5
1980-01-01,"Tasmania","37",16.5
1981-01-01,"Tasmania","37",15.4
1982-01-01,"Tasmania","37",15.9
1983-01-01,"Tasmania","37",16.7
1984-01-01,"Tasmania","37",20
1985-01-01,"Tasmania","37",18
1986-01-01,"Tasmania","37",16.2
1987-01-01,"Tasmania","37",17.2
1988-01-01,"Tasmania","37",20.4
1989-01-01,"Tasmania","37",22.5
1990-01-01,"Tasmania","37",25.7
1991-01-01,"Tasmania","37",26.4
1992-01-01,"Tasmania","37",27.5
1993-01-01,"Tasmania","37",27.4
1994-01-01,"Tasmania","37",30.2
1995-01-01,"Tasmania","37",32.6
1996-01-01,"Tasmania","37",25.8
1997-01-01,"Tasmania","37",26.9
1998-01-01,"Tasmania","37",34.4
1999-01-01,"Tasmania","37",34.1
2000-01-01,"Tasmania","37",38
2001-01-01,"Tasmania","37",40.6
2002-01-01,"Tasmania","37",43.5
2003-01-01,"Tasmania","37",41.8
2004-01-01,"Tasmania","37",41.5
2005-01-01,"Tasmania","37",52.6
2006-01-01,"Tasmania","37",53.7
2007-01-01,"Tasmania","37",56.6
2008-01-01,"Tasmania","37",56
2009-01-01,"Tasmania","37",55.8
2010-01-01,"Tasmania","37",59.8
2011-01-01,"Tasmania","37",59.2
2012-01-01,"Tasmania","37",69.6
2013-01-01,"Tasmania","37",57.6
2014-01-01,"Tasmania","37",57
2015-01-01,"Tasmania","37",54
2016-01-01,"Tasmania","37",66.7
2017-01-01,"Tasmania","37",45.3
2018-01-01,"Tasmania","37",50.1
2019-01-01,"Tasmania","37",53.6
2020-01-01,"Tasmania","37",51.7
2021-01-01,"Tasmania","37",60.2
2022-01-01,"Tasmania","37",47.3
1975-01-01,"Victoria","37",23.9
1976-01-01,"Victoria","37",25.5
1977-01-01,"Victoria","37",25.4
1978-01-01,"Victoria","37",23.1
1979-01-01,"Victoria","37",21.7
1980-01-01,"Victoria","37",24
1981-01-01,"Victoria","37",23.5
1982-01-01,"Victoria","37",25
1983-01-01,"Victoria","37",22.7
1984-01-01,"Victoria","37",23.1
1985-01-01,"Victoria","37",25.8
1986-01-01,"Victoria","37",27.2
1987-01-01,"Victoria","37",28.6
1988-01-01,"Victoria","37",30.7
1989-01-01,"Victoria","37",31.5
1990-01-01,"Victoria","37",33.7
1991-01-01,"Victoria","37",36.1
1992-01-01,"Victoria","37",39.1
1993-01-01,"Victoria","37",37.1
1994-01-01,"Victoria","37",42.3
1995-01-01,"Victoria","37",42.6
1996-01-01,"Victoria","37",45.5
1997-01-01,"Victoria","37",46.6
1998-01-01,"Victoria","37",47
1999-01-01,"Victoria","37",48.3
2000-01-01,"Victoria","37",51.1
2001-01-01,"Victoria","37",50.5
2002-01-01,"Victoria","37",56.5
2003-01-01,"Victoria","37",56.6
2004-01-01,"Victoria","37",60.7
2005-01-01,"Victoria","37",64.4
2006-01-01,"Victoria","37",68.4
2007-01-01,"Victoria","37",73.7
2008-01-01,"Victoria","37",75.6
2009-01-01,"Victoria","37",75.3
2010-01-01,"Victoria","37",74
2011-01-01,"Victoria","37",72.8
2012-01-01,"Victoria","37",79.7
2013-01-01,"Victoria","37",75.2
2014-01-01,"Victoria","37",72.1
2015-01-01,"Victoria","37",70.7
2016-01-01,"Victoria","37",78.9
2017-01-01,"Victoria","37",77.3
2018-01-01,"Victoria","37",72.2
2019-01-01,"Victoria","37",69.9
2020-01-01,"Victoria","37",66.4
2021-01-01,"Victoria","37",70.3
2022-01-01,"Victoria","37",73.6
1975-01-01,"Western Australia","37",23.4
1976-01-01,"Western Australia","37",21.1
1977-01-01,"Western Australia","37",19.8
1978-01-01,"Western Australia","37",18.1
1979-01-01,"Western Australia","37",20.2
1980-01-01,"Western Australia","37",17.3
1981-01-01,"Western Australia","37",18
1982-01-01,"Western Australia","37",22.4
1983-01-01,"Western Australia","37",21.4
1984-01-01,"Western Australia","37",16.8
1985-01-01,"Western Australia","37",24.5
1986-01-01,"Western Australia","37",24.4
1987-01-01,"Western Australia","37",24.2
1988-01-01,"Western Australia","37",30.8
1989-01-01,"Western Australia","37",27.4
1990-01-01,"Western Australia","37",28.5
1991-01-01,"Western Australia","37",30.3
1992-01-01,"Western Australia","37",31
1993-01-01,"Western Australia","37",34.5
1994-01-01,"Western Australia","37",37.4
1995-01-01,"Western Australia","37",34.2
1996-01-01,"Western Australia","37",40
1997-01-01,"Western Australia","37",38.5
1998-01-01,"Western Australia","37",41.5
1999-01-01,"Western Australia","37",44.8
2000-01-01,"Western Australia","37",43.9
2001-01-01,"Western Australia","37",44.7
2002-01-01,"Western Australia","37",45.6
2003-01-01,"Western Australia","37",51.4
2004-01-01,"Western Australia","37",51.9
2005-01-01,"Western Australia","37",55.8
2006-01-01,"Western Australia","37",63.6
2007-01-01,"Western Australia","37",63.9
2008-01-01,"Western Australia","37",66.2
2009-01-01,"Western Australia","37",65.8
2010-01-01,"Western Australia","37",65.6
2011-01-01,"Western Australia","37",67
2012-01-01,"Western Australia","37",67.8
2013-01-01,"Western Australia","37",68
2014-01-01,"Western Australia","37",73.8
2015-01-01,"Western Australia","37",68.2
2016-01-01,"Western Australia","37",71.1
2017-01-01,"Western Australia","37",69
2018-01-01,"Western Australia","37",64.5
2019-01-01,"Western Australia","37",67.3
2020-01-01,"Western Australia","37",61.3
2021-01-01,"Western Australia","37",65.1
2022-01-01,"Western Australia","37",66.6
1975-01-01,"Australia","38",19.8
1976-01-01,"Australia","38",17.2
1977-01-01,"Australia","38",18
1978-01-01,"Australia","38",16.8
1979-01-01,"Australia","38",15.1
1980-01-01,"Australia","38",16.1
1981-01-01,"Australia","38",17.5
1982-01-01,"Australia","38",17
1983-01-01,"Australia","38",17.6
1984-01-01,"Australia","38",16.9
1985-01-01,"Australia","38",17.1
1986-01-01,"Australia","38",18.8
1987-01-01,"Australia","38",18.9
1988-01-01,"Australia","38",20.8
1989-01-01,"Australia","38",22.2
1990-01-01,"Australia","38",24.2
1991-01-01,"Australia","38",25.7
1992-01-01,"Australia","38",26.3
1993-01-01,"Australia","38",28.2
1994-01-01,"Australia","38",28.4
1995-01-01,"Australia","38",30.5
1996-01-01,"Australia","38",31.6
1997-01-01,"Australia","38",33.1
1998-01-01,"Australia","38",32.4
1999-01-01,"Australia","38",34.1
2000-01-01,"Australia","38",36.7
2001-01-01,"Australia","38",36.9
2002-01-01,"Australia","38",39
2003-01-01,"Australia","38",41.4
2004-01-01,"Australia","38",43.1
2005-01-01,"Australia","38",46
2006-01-01,"Australia","38",48.5
2007-01-01,"Australia","38",53.5
2008-01-01,"Australia","38",55.7
2009-01-01,"Australia","38",53.2
2010-01-01,"Australia","38",56.1
2011-01-01,"Australia","38",56.1
2012-01-01,"Australia","38",56.1
2013-01-01,"Australia","38",55.9
2014-01-01,"Australia","38",53.1
2015-01-01,"Australia","38",55.1
2016-01-01,"Australia","38",56.2
2017-01-01,"Australia","38",55.9
2018-01-01,"Australia","38",56.5
2019-01-01,"Australia","38",53.4
2020-01-01,"Australia","38",51.9
2021-01-01,"Australia","38",55
2022-01-01,"Australia","38",54.1
1975-01-01,"Australian Capital Territory","38",25.6
1976-01-01,"Australian Capital Territory","38",16.5
1977-01-01,"Australian Capital Territory","38",20.7
1978-01-01,"Australian Capital Territory","38",22.1
1979-01-01,"Australian Capital Territory","38",14.4
1980-01-01,"Australian Capital Territory","38",19.4
1981-01-01,"Australian Capital Territory","38",21.7
1982-01-01,"Australian Capital Territory","38",19.6
1983-01-01,"Australian Capital Territory","38",23.9
1984-01-01,"Australian Capital Territory","38",20.9
1985-01-01,"Australian Capital Territory","38",19.7
1986-01-01,"Australian Capital Territory","38",17.3
1987-01-01,"Australian Capital Territory","38",20.1
1988-01-01,"Australian Capital Territory","38",28
1989-01-01,"Australian Capital Territory","38",21.8
1990-01-01,"Australian Capital Territory","38",25.5
1991-01-01,"Australian Capital Territory","38",25.6
1992-01-01,"Australian Capital Territory","38",27.8
1993-01-01,"Australian Capital Territory","38",29.2
1994-01-01,"Australian Capital Territory","38",24.8
1995-01-01,"Australian Capital Territory","38",33.4
1996-01-01,"Australian Capital Territory","38",35.3
1997-01-01,"Australian Capital Territory","38",26.9
1998-01-01,"Australian Capital Territory","38",39.5
1999-01-01,"Australian Capital Territory","38",43.1
2000-01-01,"Australian Capital Territory","38",37.4
2001-01-01,"Australian Capital Territory","38",38.4
2002-01-01,"Australian Capital Territory","38",41.6
2003-01-01,"Australian Capital Territory","38",45
2004-01-01,"Australian Capital Territory","38",57.4
2005-01-01,"Australian Capital Territory","38",48.7
2006-01-01,"Australian Capital Territory","38",59.3
2007-01-01,"Australian Capital Territory","38",56.2
2008-01-01,"Australian Capital Territory","38",65.7
2009-01-01,"Australian Capital Territory","38",54.1
2010-01-01,"Australian Capital Territory","38",59.3
2011-01-01,"Australian Capital Territory","38",60.7
2012-01-01,"Australian Capital Territory","38",55.9
2013-01-01,"Australian Capital Territory","38",59.8
2014-01-01,"Australian Capital Territory","38",53.4
2015-01-01,"Australian Capital Territory","38",59.6
2016-01-01,"Australian Capital Territory","38",57.9
2017-01-01,"Australian Capital Territory","38",71.6
2018-01-01,"Australian Capital Territory","38",51.7
2019-01-01,"Australian Capital Territory","38",52
2020-01-01,"Australian Capital Territory","38",55.4
2021-01-01,"Australian Capital Territory","38",52.2
2022-01-01,"Australian Capital Territory","38",55.4
1975-01-01,"New South Wales","38",19.4
1976-01-01,"New South Wales","38",16.9
1977-01-01,"New South Wales","38",18.7
1978-01-01,"New South Wales","38",17.3
1979-01-01,"New South Wales","38",16
1980-01-01,"New South Wales","38",17.4
1981-01-01,"New South Wales","38",18.8
1982-01-01,"New South Wales","38",18.5
1983-01-01,"New South Wales","38",18.3
1984-01-01,"New South Wales","38",17.3
1985-01-01,"New South Wales","38",18.9
1986-01-01,"New South Wales","38",21.1
1987-01-01,"New South Wales","38",20.5
1988-01-01,"New South Wales","38",22.6
1989-01-01,"New South Wales","38",24.3
1990-01-01,"New South Wales","38",24.7
1991-01-01,"New South Wales","38",27.2
1992-01-01,"New South Wales","38",28.3
1993-01-01,"New South Wales","38",29.6
1994-01-01,"New South Wales","38",29.7
1995-01-01,"New South Wales","38",32.4
1996-01-01,"New South Wales","38",34.4
1997-01-01,"New South Wales","38",36
1998-01-01,"New South Wales","38",33.5
1999-01-01,"New South Wales","38",36.4
2000-01-01,"New South Wales","38",39.9
2001-01-01,"New South Wales","38",38.9
2002-01-01,"New South Wales","38",41.4
2003-01-01,"New South Wales","38",44.3
2004-01-01,"New South Wales","38",44.3
2005-01-01,"New South Wales","38",50.9
2006-01-01,"New South Wales","38",51.8
2007-01-01,"New South Wales","38",55.6
2008-01-01,"New South Wales","38",58.6
2009-01-01,"New South Wales","38",54.9
2010-01-01,"New South Wales","38",61.5
2011-01-01,"New South Wales","38",60.8
2012-01-01,"New South Wales","38",59
2013-01-01,"New South Wales","38",59.1
2014-01-01,"New South Wales","38",53.6
2015-01-01,"New South Wales","38",59
2016-01-01,"New South Wales","38",56.3
2017-01-01,"New South Wales","38",58.5
2018-01-01,"New South Wales","38",62
2019-01-01,"New South Wales","38",55.6
2020-01-01,"New South Wales","38",55.3
2021-01-01,"New South Wales","38",59.1
2022-01-01,"New South Wales","38",58.7
1975-01-01,"Northern Territory","38",41.8
1976-01-01,"Northern Territory","38",36.3
1977-01-01,"Northern Territory","38",48
1978-01-01,"Northern Territory","38",44.5
1979-01-01,"Northern Territory","38",26.1
1980-01-01,"Northern Territory","38",32.5
1981-01-01,"Northern Territory","38",20.1
1982-01-01,"Northern Territory","38",24.5
1983-01-01,"Northern Territory","38",25.5
1984-01-01,"Northern Territory","38",16.2
1985-01-01,"Northern Territory","38",29.5
1986-01-01,"Northern Territory","38",17.6
1987-01-01,"Northern Territory","38",22.1
1988-01-01,"Northern Territory","38",21.2
1989-01-01,"Northern Territory","38",22.8
1990-01-01,"Northern Territory","38",24.1
1991-01-01,"Northern Territory","38",29.3
1992-01-01,"Northern Territory","38",28.7
1993-01-01,"Northern Territory","38",24.7
1994-01-01,"Northern Territory","38",27.2
1995-01-01,"Northern Territory","38",22
1996-01-01,"Northern Territory","38",24.9
1997-01-01,"Northern Territory","38",34.1
1998-01-01,"Northern Territory","38",39.4
1999-01-01,"Northern Territory","38",30.7
2000-01-01,"Northern Territory","38",45.9
2001-01-01,"Northern Territory","38",32.6
2002-01-01,"Northern Territory","38",31.2
2003-01-01,"Northern Territory","38",38.4
2004-01-01,"Northern Territory","38",35.6
2005-01-01,"Northern Territory","38",39.8
2006-01-01,"Northern Territory","38",40.5
2007-01-01,"Northern Territory","38",58.3
2008-01-01,"Northern Territory","38",43.2
2009-01-01,"Northern Territory","38",44.9
2010-01-01,"Northern Territory","38",49.4
2011-01-01,"Northern Territory","38",48.5
2012-01-01,"Northern Territory","38",38.9
2013-01-01,"Northern Territory","38",45.1
2014-01-01,"Northern Territory","38",47.9
2015-01-01,"Northern Territory","38",47.1
2016-01-01,"Northern Territory","38",44.7
2017-01-01,"Northern Territory","38",43.7
2018-01-01,"Northern Territory","38",51.7
2019-01-01,"Northern Territory","38",44.3
2020-01-01,"Northern Territory","38",50.5
2021-01-01,"Northern Territory","38",50.1
2022-01-01,"Northern Territory","38",44.9
1975-01-01,"Queensland","38",23.9
1976-01-01,"Queensland","38",19.7
1977-01-01,"Queensland","38",18.3
1978-01-01,"Queensland","38",17
1979-01-01,"Queensland","38",17.4
1980-01-01,"Queensland","38",15.5
1981-01-01,"Queensland","38",16.9
1982-01-01,"Queensland","38",16.8
1983-01-01,"Queensland","38",18.2
1984-01-01,"Queensland","38",16.1
1985-01-01,"Queensland","38",17.2
1986-01-01,"Queensland","38",18.4
1987-01-01,"Queensland","38",15.6
1988-01-01,"Queensland","38",19.7
1989-01-01,"Queensland","38",18.4
1990-01-01,"Queensland","38",23
1991-01-01,"Queensland","38",22.3
1992-01-01,"Queensland","38",23.2
1993-01-01,"Queensland","38",25.9
1994-01-01,"Queensland","38",25.4
1995-01-01,"Queensland","38",28.1
1996-01-01,"Queensland","38",28.4
1997-01-01,"Queensland","38",28.5
1998-01-01,"Queensland","38",27.5
1999-01-01,"Queensland","38",29.4
2000-01-01,"Queensland","38",31.5
2001-01-01,"Queensland","38",34.4
2002-01-01,"Queensland","38",32
2003-01-01,"Queensland","38",35.5
2004-01-01,"Queensland","38",38.5
2005-01-01,"Queensland","38",39.2
2006-01-01,"Queensland","38",42.2
2007-01-01,"Queensland","38",47.9
2008-01-01,"Queensland","38",48.4
2009-01-01,"Queensland","38",48.4
2010-01-01,"Queensland","38",49.5
2011-01-01,"Queensland","38",48.1
2012-01-01,"Queensland","38",48.6
2013-01-01,"Queensland","38",50.6
2014-01-01,"Queensland","38",47.6
2015-01-01,"Queensland","38",47.5
2016-01-01,"Queensland","38",47.2
2017-01-01,"Queensland","38",46.3
2018-01-01,"Queensland","38",50.4
2019-01-01,"Queensland","38",47
2020-01-01,"Queensland","38",45.7
2021-01-01,"Queensland","38",48.9
2022-01-01,"Queensland","38",48.6
1975-01-01,"South Australia","38",14.3
1976-01-01,"South Australia","38",13.3
1977-01-01,"South Australia","38",14.9
1978-01-01,"South Australia","38",11.6
1979-01-01,"South Australia","38",10.2
1980-01-01,"South Australia","38",10.1
1981-01-01,"South Australia","38",15
1982-01-01,"South Australia","38",13.2
1983-01-01,"South Australia","38",13.2
1984-01-01,"South Australia","38",15.7
1985-01-01,"South Australia","38",14.1
1986-01-01,"South Australia","38",13.2
1987-01-01,"South Australia","38",15.7
1988-01-01,"South Australia","38",15.6
1989-01-01,"South Australia","38",18.1
1990-01-01,"South Australia","38",17.1
1991-01-01,"South Australia","38",20.8
1992-01-01,"South Australia","38",22.5
1993-01-01,"South Australia","38",29.7
1994-01-01,"South Australia","38",28.2
1995-01-01,"South Australia","38",32.4
1996-01-01,"South Australia","38",30.4
1997-01-01,"South Australia","38",33.7
1998-01-01,"South Australia","38",31.4
1999-01-01,"South Australia","38",35.5
2000-01-01,"South Australia","38",34.4
2001-01-01,"South Australia","38",33.7
2002-01-01,"South Australia","38",38.4
2003-01-01,"South Australia","38",41
2004-01-01,"South Australia","38",38.1
2005-01-01,"South Australia","38",36.4
2006-01-01,"South Australia","38",44.3
2007-01-01,"South Australia","38",43.7
2008-01-01,"South Australia","38",47.2
2009-01-01,"South Australia","38",49.1
2010-01-01,"South Australia","38",47.3
2011-01-01,"South Australia","38",48.3
2012-01-01,"South Australia","38",52.7
2013-01-01,"South Australia","38",48.8
2014-01-01,"South Australia","38",49.1
2015-01-01,"South Australia","38",49.4
2016-01-01,"South Australia","38",51.5
2017-01-01,"South Australia","38",49.3
2018-01-01,"South Australia","38",48.4
2019-01-01,"South Australia","38",47.6
2020-01-01,"South Australia","38",49.1
2021-01-01,"South Australia","38",50.3
2022-01-01,"South Australia","38",47.8
1975-01-01,"Tasmania","38",16
1976-01-01,"Tasmania","38",10
1977-01-01,"Tasmania","38",10.5
1978-01-01,"Tasmania","38",16.5
1979-01-01,"Tasmania","38",8.2
1980-01-01,"Tasmania","38",12.6
1981-01-01,"Tasmania","38",16.1
1982-01-01,"Tasmania","38",7.9
1983-01-01,"Tasmania","38",18.3
1984-01-01,"Tasmania","38",14.9
1985-01-01,"Tasmania","38",10.2
1986-01-01,"Tasmania","38",15.7
1987-01-01,"Tasmania","38",14
1988-01-01,"Tasmania","38",12.7
1989-01-01,"Tasmania","38",13.7
1990-01-01,"Tasmania","38",21
1991-01-01,"Tasmania","38",20.4
1992-01-01,"Tasmania","38",19.3
1993-01-01,"Tasmania","38",20.1
1994-01-01,"Tasmania","38",22.1
1995-01-01,"Tasmania","38",27.6
1996-01-01,"Tasmania","38",22.1
1997-01-01,"Tasmania","38",20.5
1998-01-01,"Tasmania","38",30.7
1999-01-01,"Tasmania","38",23.7
2000-01-01,"Tasmania","38",25.4
2001-01-01,"Tasmania","38",34.2
2002-01-01,"Tasmania","38",25.3
2003-01-01,"Tasmania","38",36.9
2004-01-01,"Tasmania","38",38.9
2005-01-01,"Tasmania","38",33.6
2006-01-01,"Tasmania","38",35.9
2007-01-01,"Tasmania","38",46
2008-01-01,"Tasmania","38",43.9
2009-01-01,"Tasmania","38",46.1
2010-01-01,"Tasmania","38",44.9
2011-01-01,"Tasmania","38",48.2
2012-01-01,"Tasmania","38",45.3
2013-01-01,"Tasmania","38",44.8
2014-01-01,"Tasmania","38",39.8
2015-01-01,"Tasmania","38",42.8
2016-01-01,"Tasmania","38",50.1
2017-01-01,"Tasmania","38",47.2
2018-01-01,"Tasmania","38",38.2
2019-01-01,"Tasmania","38",40.2
2020-01-01,"Tasmania","38",41.7
2021-01-01,"Tasmania","38",44.2
2022-01-01,"Tasmania","38",34
1975-01-01,"Victoria","38",20.1
1976-01-01,"Victoria","38",19.2
1977-01-01,"Victoria","38",18.7
1978-01-01,"Victoria","38",17.1
1979-01-01,"Victoria","38",15.5
1980-01-01,"Victoria","38",17.2
1981-01-01,"Victoria","38",18.1
1982-01-01,"Victoria","38",17.7
1983-01-01,"Victoria","38",18.1
1984-01-01,"Victoria","38",17.5
1985-01-01,"Victoria","38",16.4
1986-01-01,"Victoria","38",19
1987-01-01,"Victoria","38",20.3
1988-01-01,"Victoria","38",21.8
1989-01-01,"Victoria","38",24.3
1990-01-01,"Victoria","38",27.4
1991-01-01,"Victoria","38",28.4
1992-01-01,"Victoria","38",29.3
1993-01-01,"Victoria","38",28.9
1994-01-01,"Victoria","38",31.5
1995-01-01,"Victoria","38",30.6
1996-01-01,"Victoria","38",32
1997-01-01,"Victoria","38",34.7
1998-01-01,"Victoria","38",34.9
1999-01-01,"Victoria","38",35.9
2000-01-01,"Victoria","38",38.3
2001-01-01,"Victoria","38",39.7
2002-01-01,"Victoria","38",43.4
2003-01-01,"Victoria","38",44.3
2004-01-01,"Victoria","38",48.1
2005-01-01,"Victoria","38",50
2006-01-01,"Victoria","38",52.8
2007-01-01,"Victoria","38",59.3
2008-01-01,"Victoria","38",62.6
2009-01-01,"Victoria","38",59.4
2010-01-01,"Victoria","38",61.5
2011-01-01,"Victoria","38",60.9
2012-01-01,"Victoria","38",62.8
2013-01-01,"Victoria","38",60.6
2014-01-01,"Victoria","38",58.4
2015-01-01,"Victoria","38",58.5
2016-01-01,"Victoria","38",64.7
2017-01-01,"Victoria","38",62.3
2018-01-01,"Victoria","38",60.4
2019-01-01,"Victoria","38",57.9
2020-01-01,"Victoria","38",53.4
2021-01-01,"Victoria","38",57.8
2022-01-01,"Victoria","38",57.3
1975-01-01,"Western Australia","38",18.1
1976-01-01,"Western Australia","38",13
1977-01-01,"Western Australia","38",14.3
1978-01-01,"Western Australia","38",15.3
1979-01-01,"Western Australia","38",12.6
1980-01-01,"Western Australia","38",13.5
1981-01-01,"Western Australia","38",13.9
1982-01-01,"Western Australia","38",13.8
1983-01-01,"Western Australia","38",14.5
1984-01-01,"Western Australia","38",16.4
1985-01-01,"Western Australia","38",15.7
1986-01-01,"Western Australia","38",16.6
1987-01-01,"Western Australia","38",19
1988-01-01,"Western Australia","38",18.8
1989-01-01,"Western Australia","38",21.4
1990-01-01,"Western Australia","38",22.4
1991-01-01,"Western Australia","38",24.7
1992-01-01,"Western Australia","38",22.2
1993-01-01,"Western Australia","38",26.9
1994-01-01,"Western Australia","38",23.9
1995-01-01,"Western Australia","38",27.7
1996-01-01,"Western Australia","38",30
1997-01-01,"Western Australia","38",31.8
1998-01-01,"Western Australia","38",30.7
1999-01-01,"Western Australia","38",30.4
2000-01-01,"Western Australia","38",34.6
2001-01-01,"Western Australia","38",30.9
2002-01-01,"Western Australia","38",37.4
2003-01-01,"Western Australia","38",36.3
2004-01-01,"Western Australia","38",38.3
2005-01-01,"Western Australia","38",43.1
2006-01-01,"Western Australia","38",44.5
2007-01-01,"Western Australia","38",51
2008-01-01,"Western Australia","38",52.3
2009-01-01,"Western Australia","38",46.8
2010-01-01,"Western Australia","38",47.8
2011-01-01,"Western Australia","38",51.9
2012-01-01,"Western Australia","38",51
2013-01-01,"Western Australia","38",52.4
2014-01-01,"Western Australia","38",54.5
2015-01-01,"Western Australia","38",55.3
2016-01-01,"Western Australia","38",56.7
2017-01-01,"Western Australia","38",54
2018-01-01,"Western Australia","38",51.6
2019-01-01,"Western Australia","38",54.3
2020-01-01,"Western Australia","38",52.2
2021-01-01,"Western Australia","38",52.8
2022-01-01,"Western Australia","38",51.2
1975-01-01,"Australia","39",15.2
1976-01-01,"Australia","39",13.2
1977-01-01,"Australia","39",13.3
1978-01-01,"Australia","39",13.4
1979-01-01,"Australia","39",13.4
1980-01-01,"Australia","39",11.9
1981-01-01,"Australia","39",12
1982-01-01,"Australia","39",13.1
1983-01-01,"Australia","39",11.7
1984-01-01,"Australia","39",12.3
1985-01-01,"Australia","39",13.1
1986-01-01,"Australia","39",12.6
1987-01-01,"Australia","39",14.3
1988-01-01,"Australia","39",14.9
1989-01-01,"Australia","39",16.2
1990-01-01,"Australia","39",16
1991-01-01,"Australia","39",17.7
1992-01-01,"Australia","39",18.9
1993-01-01,"Australia","39",19.5
1994-01-01,"Australia","39",21.6
1995-01-01,"Australia","39",21.5
1996-01-01,"Australia","39",23.1
1997-01-01,"Australia","39",22.9
1998-01-01,"Australia","39",24.8
1999-01-01,"Australia","39",24.5
2000-01-01,"Australia","39",26.1
2001-01-01,"Australia","39",27.2
2002-01-01,"Australia","39",29.3
2003-01-01,"Australia","39",30.3
2004-01-01,"Australia","39",31.8
2005-01-01,"Australia","39",33.4
2006-01-01,"Australia","39",36.2
2007-01-01,"Australia","39",39.6
2008-01-01,"Australia","39",42.2
2009-01-01,"Australia","39",41.3
2010-01-01,"Australia","39",41.9
2011-01-01,"Australia","39",42.5
2012-01-01,"Australia","39",44.1
2013-01-01,"Australia","39",43.7
2014-01-01,"Australia","39",43.1
2015-01-01,"Australia","39",41.3
2016-01-01,"Australia","39",43.5
2017-01-01,"Australia","39",43.8
2018-01-01,"Australia","39",43.1
2019-01-01,"Australia","39",42.9
2020-01-01,"Australia","39",40.6
2021-01-01,"Australia","39",42.8
2022-01-01,"Australia","39",42.3
1975-01-01,"Australian Capital Territory","39",20
1976-01-01,"Australian Capital Territory","39",16.7
1977-01-01,"Australian Capital Territory","39",17.3
1978-01-01,"Australian Capital Territory","39",17.2
1979-01-01,"Australian Capital Territory","39",18.3
1980-01-01,"Australian Capital Territory","39",18
1981-01-01,"Australian Capital Territory","39",11.8
1982-01-01,"Australian Capital Territory","39",10.3
1983-01-01,"Australian Capital Territory","39",14.1
1984-01-01,"Australian Capital Territory","39",12.5
1985-01-01,"Australian Capital Territory","39",18.3
1986-01-01,"Australian Capital Territory","39",12.4
1987-01-01,"Australian Capital Territory","39",12.5
1988-01-01,"Australian Capital Territory","39",22.1
1989-01-01,"Australian Capital Territory","39",17.3
1990-01-01,"Australian Capital Territory","39",18.3
1991-01-01,"Australian Capital Territory","39",26.1
1992-01-01,"Australian Capital Territory","39",19.9
1993-01-01,"Australian Capital Territory","39",18.3
1994-01-01,"Australian Capital Territory","39",24.8
1995-01-01,"Australian Capital Territory","39",18.3
1996-01-01,"Australian Capital Territory","39",23.1
1997-01-01,"Australian Capital Territory","39",21
1998-01-01,"Australian Capital Territory","39",23.3
1999-01-01,"Australian Capital Territory","39",27.1
2000-01-01,"Australian Capital Territory","39",29.1
2001-01-01,"Australian Capital Territory","39",24.8
2002-01-01,"Australian Capital Territory","39",22.9
2003-01-01,"Australian Capital Territory","39",28.4
2004-01-01,"Australian Capital Territory","39",35.8
2005-01-01,"Australian Capital Territory","39",37
2006-01-01,"Australian Capital Territory","39",41.2
2007-01-01,"Australian Capital Territory","39",44.5
2008-01-01,"Australian Capital Territory","39",43
2009-01-01,"Australian Capital Territory","39",44.2
2010-01-01,"Australian Capital Territory","39",46.6
2011-01-01,"Australian Capital Territory","39",44.1
2012-01-01,"Australian Capital Territory","39",44
2013-01-01,"Australian Capital Territory","39",52.3
2014-01-01,"Australian Capital Territory","39",49.7
2015-01-01,"Australian Capital Territory","39",47.5
2016-01-01,"Australian Capital Territory","39",44.7
2017-01-01,"Australian Capital Territory","39",53.4
2018-01-01,"Australian Capital Territory","39",38.1
2019-01-01,"Australian Capital Territory","39",45.4
2020-01-01,"Australian Capital Territory","39",38.7
2021-01-01,"Australian Capital Territory","39",38.7
2022-01-01,"Australian Capital Territory","39",41.3
1975-01-01,"New South Wales","39",15.2
1976-01-01,"New South Wales","39",13.3
1977-01-01,"New South Wales","39",14.6
1978-01-01,"New South Wales","39",13.7
1979-01-01,"New South Wales","39",13
1980-01-01,"New South Wales","39",12.6
1981-01-01,"New South Wales","39",11.8
1982-01-01,"New South Wales","39",13.3
1983-01-01,"New South Wales","39",12.4
1984-01-01,"New South Wales","39",11.9
1985-01-01,"New South Wales","39",14.4
1986-01-01,"New South Wales","39",13.7
1987-01-01,"New South Wales","39",16.7
1988-01-01,"New South Wales","39",16.1
1989-01-01,"New South Wales","39",17
1990-01-01,"New South Wales","39",18.2
1991-01-01,"New South Wales","39",19.9
1992-01-01,"New South Wales","39",20.6
1993-01-01,"New South Wales","39",21.1
1994-01-01,"New South Wales","39",23.8
1995-01-01,"New South Wales","39",21.7
1996-01-01,"New South Wales","39",25.5
1997-01-01,"New South Wales","39",25
1998-01-01,"New South Wales","39",26.5
1999-01-01,"New South Wales","39",26.9
2000-01-01,"New South Wales","39",28
2001-01-01,"New South Wales","39",29.3
2002-01-01,"New South Wales","39",30.3
2003-01-01,"New South Wales","39",33.1
2004-01-01,"New South Wales","39",33.5
2005-01-01,"New South Wales","39",35
2006-01-01,"New South Wales","39",38
2007-01-01,"New South Wales","39",42.1
2008-01-01,"New South Wales","39",45.5
2009-01-01,"New South Wales","39",43.2
2010-01-01,"New South Wales","39",45.6
2011-01-01,"New South Wales","39",45
2012-01-01,"New South Wales","39",45.7
2013-01-01,"New South Wales","39",46.7
2014-01-01,"New South Wales","39",44.9
2015-01-01,"New South Wales","39",44.1
2016-01-01,"New South Wales","39",44.1
2017-01-01,"New South Wales","39",45.5
2018-01-01,"New South Wales","39",48.6
2019-01-01,"New South Wales","39",46
2020-01-01,"New South Wales","39",43.8
2021-01-01,"New South Wales","39",46.7
2022-01-01,"New South Wales","39",45.8
1975-01-01,"Northern Territory","39",29.2
1976-01-01,"Northern Territory","39",32.3
1977-01-01,"Northern Territory","39",30.3
1978-01-01,"Northern Territory","39",24.5
1979-01-01,"Northern Territory","39",47.2
1980-01-01,"Northern Territory","39",18.8
1981-01-01,"Northern Territory","39",30
1982-01-01,"Northern Territory","39",18.7
1983-01-01,"Northern Territory","39",23.9
1984-01-01,"Northern Territory","39",21.1
1985-01-01,"Northern Territory","39",10.3
1986-01-01,"Northern Territory","39",11.5
1987-01-01,"Northern Territory","39",7.8
1988-01-01,"Northern Territory","39",12.1
1989-01-01,"Northern Territory","39",17.8
1990-01-01,"Northern Territory","39",14.3
1991-01-01,"Northern Territory","39",18.4
1992-01-01,"Northern Territory","39",24.3
1993-01-01,"Northern Territory","39",22.2
1994-01-01,"Northern Territory","39",29.4
1995-01-01,"Northern Territory","39",18.8
1996-01-01,"Northern Territory","39",23.2
1997-01-01,"Northern Territory","39",21.3
1998-01-01,"Northern Territory","39",23.5
1999-01-01,"Northern Territory","39",26.4
2000-01-01,"Northern Territory","39",29.8
2001-01-01,"Northern Territory","39",31.4
2002-01-01,"Northern Territory","39",37.2
2003-01-01,"Northern Territory","39",30.9
2004-01-01,"Northern Territory","39",52.1
2005-01-01,"Northern Territory","39",29.4
2006-01-01,"Northern Territory","39",25.6
2007-01-01,"Northern Territory","39",31.8
2008-01-01,"Northern Territory","39",30.7
2009-01-01,"Northern Territory","39",35.2
2010-01-01,"Northern Territory","39",39.7
2011-01-01,"Northern Territory","39",37.3
2012-01-01,"Northern Territory","39",37.2
2013-01-01,"Northern Territory","39",47.2
2014-01-01,"Northern Territory","39",40
2015-01-01,"Northern Territory","39",44.9
2016-01-01,"Northern Territory","39",26.2
2017-01-01,"Northern Territory","39",36.2
2018-01-01,"Northern Territory","39",35.7
2019-01-01,"Northern Territory","39",38.2
2020-01-01,"Northern Territory","39",42.7
2021-01-01,"Northern Territory","39",44.7
2022-01-01,"Northern Territory","39",44.5
1975-01-01,"Queensland","39",18.2
1976-01-01,"Queensland","39",14.9
1977-01-01,"Queensland","39",15
1978-01-01,"Queensland","39",12.2
1979-01-01,"Queensland","39",14.1
1980-01-01,"Queensland","39",12.8
1981-01-01,"Queensland","39",12.9
1982-01-01,"Queensland","39",14
1983-01-01,"Queensland","39",12.5
1984-01-01,"Queensland","39",12.2
1985-01-01,"Queensland","39",12.4
1986-01-01,"Queensland","39",11.6
1987-01-01,"Queensland","39",12.6
1988-01-01,"Queensland","39",12.6
1989-01-01,"Queensland","39",15.2
1990-01-01,"Queensland","39",14
1991-01-01,"Queensland","39",13.9
1992-01-01,"Queensland","39",16.1
1993-01-01,"Queensland","39",18.6
1994-01-01,"Queensland","39",18.7
1995-01-01,"Queensland","39",19.1
1996-01-01,"Queensland","39",20
1997-01-01,"Queensland","39",19.5
1998-01-01,"Queensland","39",21
1999-01-01,"Queensland","39",22.7
2000-01-01,"Queensland","39",22.3
2001-01-01,"Queensland","39",24.3
2002-01-01,"Queensland","39",26.3
2003-01-01,"Queensland","39",27
2004-01-01,"Queensland","39",28.1
2005-01-01,"Queensland","39",29.7
2006-01-01,"Queensland","39",31.5
2007-01-01,"Queensland","39",36.1
2008-01-01,"Queensland","39",37.6
2009-01-01,"Queensland","39",40.1
2010-01-01,"Queensland","39",35.6
2011-01-01,"Queensland","39",38.6
2012-01-01,"Queensland","39",39.4
2013-01-01,"Queensland","39",38.3
2014-01-01,"Queensland","39",36.2
2015-01-01,"Queensland","39",33.7
2016-01-01,"Queensland","39",36.5
2017-01-01,"Queensland","39",37
2018-01-01,"Queensland","39",37.2
2019-01-01,"Queensland","39",38.5
2020-01-01,"Queensland","39",35.8
2021-01-01,"Queensland","39",38.6
2022-01-01,"Queensland","39",36.4
1975-01-01,"South Australia","39",10.2
1976-01-01,"South Australia","39",10.2
1977-01-01,"South Australia","39",10.5
1978-01-01,"South Australia","39",8.9
1979-01-01,"South Australia","39",9.5
1980-01-01,"South Australia","39",8.2
1981-01-01,"South Australia","39",7.9
1982-01-01,"South Australia","39",10.1
1983-01-01,"South Australia","39",7.5
1984-01-01,"South Australia","39",10.4
1985-01-01,"South Australia","39",8.6
1986-01-01,"South Australia","39",11
1987-01-01,"South Australia","39",10.3
1988-01-01,"South Australia","39",11.4
1989-01-01,"South Australia","39",14.1
1990-01-01,"South Australia","39",11.8
1991-01-01,"South Australia","39",14.8
1992-01-01,"South Australia","39",17.1
1993-01-01,"South Australia","39",18.6
1994-01-01,"South Australia","39",21.6
1995-01-01,"South Australia","39",22
1996-01-01,"South Australia","39",24.4
1997-01-01,"South Australia","39",22.1
1998-01-01,"South Australia","39",24.2
1999-01-01,"South Australia","39",21.5
2000-01-01,"South Australia","39",26.3
2001-01-01,"South Australia","39",26.6
2002-01-01,"South Australia","39",28.3
2003-01-01,"South Australia","39",30
2004-01-01,"South Australia","39",29.7
2005-01-01,"South Australia","39",29.5
2006-01-01,"South Australia","39",30.2
2007-01-01,"South Australia","39",32.1
2008-01-01,"South Australia","39",35.5
2009-01-01,"South Australia","39",34.6
2010-01-01,"South Australia","39",38.2
2011-01-01,"South Australia","39",35.7
2012-01-01,"South Australia","39",40.1
2013-01-01,"South Australia","39",40
2014-01-01,"South Australia","39",42.5
2015-01-01,"South Australia","39",37.3
2016-01-01,"South Australia","39",40.3
2017-01-01,"South Australia","39",38.7
2018-01-01,"South Australia","39",34
2019-01-01,"South Australia","39",38.1
2020-01-01,"South Australia","39",36.7
2021-01-01,"South Australia","39",39.7
2022-01-01,"South Australia","39",39.3
1975-01-01,"Tasmania","39",14
1976-01-01,"Tasmania","39",11.1
1977-01-01,"Tasmania","39",8.3
1978-01-01,"Tasmania","39",12.7
1979-01-01,"Tasmania","39",7
1980-01-01,"Tasmania","39",11
1981-01-01,"Tasmania","39",12.9
1982-01-01,"Tasmania","39",7
1983-01-01,"Tasmania","39",6
1984-01-01,"Tasmania","39",11.8
1985-01-01,"Tasmania","39",11
1986-01-01,"Tasmania","39",11.6
1987-01-01,"Tasmania","39",15.1
1988-01-01,"Tasmania","39",11.2
1989-01-01,"Tasmania","39",9.4
1990-01-01,"Tasmania","39",12.6
1991-01-01,"Tasmania","39",15.2
1992-01-01,"Tasmania","39",15.8
1993-01-01,"Tasmania","39",16.7
1994-01-01,"Tasmania","39",14.6
1995-01-01,"Tasmania","39",15.3
1996-01-01,"Tasmania","39",18.1
1997-01-01,"Tasmania","39",17.9
1998-01-01,"Tasmania","39",14.8
1999-01-01,"Tasmania","39",16.2
2000-01-01,"Tasmania","39",16.4
2001-01-01,"Tasmania","39",23.9
2002-01-01,"Tasmania","39",21.6
2003-01-01,"Tasmania","39",22.7
2004-01-01,"Tasmania","39",24.2
2005-01-01,"Tasmania","39",26.4
2006-01-01,"Tasmania","39",32.4
2007-01-01,"Tasmania","39",27.9
2008-01-01,"Tasmania","39",29.9
2009-01-01,"Tasmania","39",31.6
2010-01-01,"Tasmania","39",34.5
2011-01-01,"Tasmania","39",38.6
2012-01-01,"Tasmania","39",30.6
2013-01-01,"Tasmania","39",34.1
2014-01-01,"Tasmania","39",37.8
2015-01-01,"Tasmania","39",37.9
2016-01-01,"Tasmania","39",33.8
2017-01-01,"Tasmania","39",38
2018-01-01,"Tasmania","39",32.3
2019-01-01,"Tasmania","39",29.3
2020-01-01,"Tasmania","39",30
2021-01-01,"Tasmania","39",29.9
2022-01-01,"Tasmania","39",32.3
1975-01-01,"Victoria","39",15.3
1976-01-01,"Victoria","39",12.8
1977-01-01,"Victoria","39",12.5
1978-01-01,"Victoria","39",14.1
1979-01-01,"Victoria","39",14.4
1980-01-01,"Victoria","39",11.6
1981-01-01,"Victoria","39",12.8
1982-01-01,"Victoria","39",13.9
1983-01-01,"Victoria","39",11.9
1984-01-01,"Victoria","39",13.8
1985-01-01,"Victoria","39",13.4
1986-01-01,"Victoria","39",13.1
1987-01-01,"Victoria","39",14.4
1988-01-01,"Victoria","39",16
1989-01-01,"Victoria","39",17.4
1990-01-01,"Victoria","39",16.2
1991-01-01,"Victoria","39",18.7
1992-01-01,"Victoria","39",19.5
1993-01-01,"Victoria","39",19.2
1994-01-01,"Victoria","39",22.1
1995-01-01,"Victoria","39",24.2
1996-01-01,"Victoria","39",23.2
1997-01-01,"Victoria","39",24.4
1998-01-01,"Victoria","39",26.6
1999-01-01,"Victoria","39",25.2
2000-01-01,"Victoria","39",28.1
2001-01-01,"Victoria","39",28
2002-01-01,"Victoria","39",32.8
2003-01-01,"Victoria","39",31.4
2004-01-01,"Victoria","39",34.5
2005-01-01,"Victoria","39",35.1
2006-01-01,"Victoria","39",39.6
2007-01-01,"Victoria","39",43.7
2008-01-01,"Victoria","39",45
2009-01-01,"Victoria","39",43.6
2010-01-01,"Victoria","39",45.5
2011-01-01,"Victoria","39",46.2
2012-01-01,"Victoria","39",50.5
2013-01-01,"Victoria","39",47.5
2014-01-01,"Victoria","39",47.1
2015-01-01,"Victoria","39",45.6
2016-01-01,"Victoria","39",50.7
2017-01-01,"Victoria","39",48.9
2018-01-01,"Victoria","39",46.7
2019-01-01,"Victoria","39",45
2020-01-01,"Victoria","39",42.8
2021-01-01,"Victoria","39",43.3
2022-01-01,"Victoria","39",45.7
1975-01-01,"Western Australia","39",14
1976-01-01,"Western Australia","39",13.2
1977-01-01,"Western Australia","39",9.7
1978-01-01,"Western Australia","39",14.4
1979-01-01,"Western Australia","39",13.3
1980-01-01,"Western Australia","39",10.7
1981-01-01,"Western Australia","39",10.4
1982-01-01,"Western Australia","39",12.8
1983-01-01,"Western Australia","39",10.7
1984-01-01,"Western Australia","39",11.3
1985-01-01,"Western Australia","39",12.3
1986-01-01,"Western Australia","39",11
1987-01-01,"Western Australia","39",12.7
1988-01-01,"Western Australia","39",14.6
1989-01-01,"Western Australia","39",15.8
1990-01-01,"Western Australia","39",15
1991-01-01,"Western Australia","39",15.4
1992-01-01,"Western Australia","39",18
1993-01-01,"Western Australia","39",18.3
1994-01-01,"Western Australia","39",19.2
1995-01-01,"Western Australia","39",20.4
1996-01-01,"Western Australia","39",20
1997-01-01,"Western Australia","39",21
1998-01-01,"Western Australia","39",24.8
1999-01-01,"Western Australia","39",21.9
2000-01-01,"Western Australia","39",22.8
2001-01-01,"Western Australia","39",25
2002-01-01,"Western Australia","39",25.1
2003-01-01,"Western Australia","39",26.9
2004-01-01,"Western Australia","39",27.2
2005-01-01,"Western Australia","39",34.8
2006-01-01,"Western Australia","39",36.2
2007-01-01,"Western Australia","39",36
2008-01-01,"Western Australia","39",42.1
2009-01-01,"Western Australia","39",38.5
2010-01-01,"Western Australia","39",36.9
2011-01-01,"Western Australia","39",39.1
2012-01-01,"Western Australia","39",39.2
2013-01-01,"Western Australia","39",38.5
2014-01-01,"Western Australia","39",42.1
2015-01-01,"Western Australia","39",39.1
2016-01-01,"Western Australia","39",42.5
2017-01-01,"Western Australia","39",42.4
2018-01-01,"Western Australia","39",38.1
2019-01-01,"Western Australia","39",42.2
2020-01-01,"Western Australia","39",39.2
2021-01-01,"Western Australia","39",43
2022-01-01,"Western Australia","39",38.9
1975-01-01,"Australia","40",11.7
1976-01-01,"Australia","40",9.7
1977-01-01,"Australia","40",9.1
1978-01-01,"Australia","40",8.6
1979-01-01,"Australia","40",8.7
1980-01-01,"Australia","40",9.1
1981-01-01,"Australia","40",8.7
1982-01-01,"Australia","40",9.2
1983-01-01,"Australia","40",8.5
1984-01-01,"Australia","40",8.3
1985-01-01,"Australia","40",9.1
1986-01-01,"Australia","40",8.6
1987-01-01,"Australia","40",9.4
1988-01-01,"Australia","40",9.6
1989-01-01,"Australia","40",10.2
1990-01-01,"Australia","40",12.2
1991-01-01,"Australia","40",11
1992-01-01,"Australia","40",13.5
1993-01-01,"Australia","40",13.6
1994-01-01,"Australia","40",14.4
1995-01-01,"Australia","40",14.7
1996-01-01,"Australia","40",15.5
1997-01-01,"Australia","40",15.8
1998-01-01,"Australia","40",16.6
1999-01-01,"Australia","40",17.7
2000-01-01,"Australia","40",17.8
2001-01-01,"Australia","40",18.2
2002-01-01,"Australia","40",20.2
2003-01-01,"Australia","40",20.8
2004-01-01,"Australia","40",22.3
2005-01-01,"Australia","40",23.2
2006-01-01,"Australia","40",24.8
2007-01-01,"Australia","40",27.9
2008-01-01,"Australia","40",30
2009-01-01,"Australia","40",29.2
2010-01-01,"Australia","40",30.6
2011-01-01,"Australia","40",29.7
2012-01-01,"Australia","40",30.3
2013-01-01,"Australia","40",31.5
2014-01-01,"Australia","40",29.4
2015-01-01,"Australia","40",30.9
2016-01-01,"Australia","40",30.5
2017-01-01,"Australia","40",30.9
2018-01-01,"Australia","40",31.6
2019-01-01,"Australia","40",30.7
2020-01-01,"Australia","40",29.5
2021-01-01,"Australia","40",30.7
2022-01-01,"Australia","40",30.4
1975-01-01,"Australian Capital Territory","40",16.2
1976-01-01,"Australian Capital Territory","40",10.4
1977-01-01,"Australian Capital Territory","40",14.5
1978-01-01,"Australian Capital Territory","40",9.5
1979-01-01,"Australian Capital Territory","40",7.6
1980-01-01,"Australian Capital Territory","40",9.4
1981-01-01,"Australian Capital Territory","40",6.4
1982-01-01,"Australian Capital Territory","40",13
1983-01-01,"Australian Capital Territory","40",13.2
1984-01-01,"Australian Capital Territory","40",11.3
1985-01-01,"Australian Capital Territory","40",7.3
1986-01-01,"Australian Capital Territory","40",10.6
1987-01-01,"Australian Capital Territory","40",10.5
1988-01-01,"Australian Capital Territory","40",10.5
1989-01-01,"Australian Capital Territory","40",13
1990-01-01,"Australian Capital Territory","40",10.1
1991-01-01,"Australian Capital Territory","40",12.2
1992-01-01,"Australian Capital Territory","40",11.6
1993-01-01,"Australian Capital Territory","40",11.5
1994-01-01,"Australian Capital Territory","40",12.8
1995-01-01,"Australian Capital Territory","40",11.8
1996-01-01,"Australian Capital Territory","40",20
1997-01-01,"Australian Capital Territory","40",15.2
1998-01-01,"Australian Capital Territory","40",16.6
1999-01-01,"Australian Capital Territory","40",19.7
2000-01-01,"Australian Capital Territory","40",17.4
2001-01-01,"Australian Capital Territory","40",15
2002-01-01,"Australian Capital Territory","40",25.4
2003-01-01,"Australian Capital Territory","40",27.1
2004-01-01,"Australian Capital Territory","40",35.1
2005-01-01,"Australian Capital Territory","40",22.5
2006-01-01,"Australian Capital Territory","40",29.6
2007-01-01,"Australian Capital Territory","40",29.5
2008-01-01,"Australian Capital Territory","40",34.2
2009-01-01,"Australian Capital Territory","40",29.2
2010-01-01,"Australian Capital Territory","40",30.3
2011-01-01,"Australian Capital Territory","40",33.8
2012-01-01,"Australian Capital Territory","40",32.9
2013-01-01,"Australian Capital Territory","40",38.2
2014-01-01,"Australian Capital Territory","40",33.8
2015-01-01,"Australian Capital Territory","40",35.4
2016-01-01,"Australian Capital Territory","40",26.1
2017-01-01,"Australian Capital Territory","40",34.6
2018-01-01,"Australian Capital Territory","40",30.8
2019-01-01,"Australian Capital Territory","40",34.2
2020-01-01,"Australian Capital Territory","40",31.2
2021-01-01,"Australian Capital Territory","40",38.3
2022-01-01,"Australian Capital Territory","40",25.2
1975-01-01,"New South Wales","40",11.7
1976-01-01,"New South Wales","40",9.7
1977-01-01,"New South Wales","40",9.6
1978-01-01,"New South Wales","40",8.9
1979-01-01,"New South Wales","40",8.5
1980-01-01,"New South Wales","40",9.2
1981-01-01,"New South Wales","40",8.8
1982-01-01,"New South Wales","40",9
1983-01-01,"New South Wales","40",8.9
1984-01-01,"New South Wales","40",9.1
1985-01-01,"New South Wales","40",10.4
1986-01-01,"New South Wales","40",9.6
1987-01-01,"New South Wales","40",10.9
1988-01-01,"New South Wales","40",10.6
1989-01-01,"New South Wales","40",11.6
1990-01-01,"New South Wales","40",13.3
1991-01-01,"New South Wales","40",11.9
1992-01-01,"New South Wales","40",14.7
1993-01-01,"New South Wales","40",15.2
1994-01-01,"New South Wales","40",15.5
1995-01-01,"New South Wales","40",15.9
1996-01-01,"New South Wales","40",16.7
1997-01-01,"New South Wales","40",17
1998-01-01,"New South Wales","40",18.1
1999-01-01,"New South Wales","40",18.7
2000-01-01,"New South Wales","40",20
2001-01-01,"New South Wales","40",19.6
2002-01-01,"New South Wales","40",22.1
2003-01-01,"New South Wales","40",22.6
2004-01-01,"New South Wales","40",23.4
2005-01-01,"New South Wales","40",25.3
2006-01-01,"New South Wales","40",26.3
2007-01-01,"New South Wales","40",29.6
2008-01-01,"New South Wales","40",32.2
2009-01-01,"New South Wales","40",31.5
2010-01-01,"New South Wales","40",34
2011-01-01,"New South Wales","40",30.5
2012-01-01,"New South Wales","40",33.2
2013-01-01,"New South Wales","40",33.8
2014-01-01,"New South Wales","40",30.1
2015-01-01,"New South Wales","40",35.5
2016-01-01,"New South Wales","40",31.4
2017-01-01,"New South Wales","40",32.5
2018-01-01,"New South Wales","40",35.8
2019-01-01,"New South Wales","40",33
2020-01-01,"New South Wales","40",31.9
2021-01-01,"New South Wales","40",34.1
2022-01-01,"New South Wales","40",33.6
1975-01-01,"Northern Territory","40",30.9
1976-01-01,"Northern Territory","40",19.7
1977-01-01,"Northern Territory","40",4.3
1978-01-01,"Northern Territory","40",11.5
1979-01-01,"Northern Territory","40",22.4
1980-01-01,"Northern Territory","40",22.7
1981-01-01,"Northern Territory","40",17
1982-01-01,"Northern Territory","40",15.6
1983-01-01,"Northern Territory","40",13.2
1984-01-01,"Northern Territory","40",10.5
1985-01-01,"Northern Territory","40",21.2
1986-01-01,"Northern Territory","40",9.1
1987-01-01,"Northern Territory","40",14.3
1988-01-01,"Northern Territory","40",11.2
1989-01-01,"Northern Territory","40",8.1
1990-01-01,"Northern Territory","40",9.6
1991-01-01,"Northern Territory","40",11.6
1992-01-01,"Northern Territory","40",17
1993-01-01,"Northern Territory","40",17.6
1994-01-01,"Northern Territory","40",12.8
1995-01-01,"Northern Territory","40",10.1
1996-01-01,"Northern Territory","40",10.4
1997-01-01,"Northern Territory","40",19.2
1998-01-01,"Northern Territory","40",16.5
1999-01-01,"Northern Territory","40",15.5
2000-01-01,"Northern Territory","40",31.4
2001-01-01,"Northern Territory","40",19.9
2002-01-01,"Northern Territory","40",29.2
2003-01-01,"Northern Territory","40",23
2004-01-01,"Northern Territory","40",26.4
2005-01-01,"Northern Territory","40",18.8
2006-01-01,"Northern Territory","40",23.5
2007-01-01,"Northern Territory","40",22.3
2008-01-01,"Northern Territory","40",25.3
2009-01-01,"Northern Territory","40",25.2
2010-01-01,"Northern Territory","40",24.1
2011-01-01,"Northern Territory","40",29.9
2012-01-01,"Northern Territory","40",34.8
2013-01-01,"Northern Territory","40",27.7
2014-01-01,"Northern Territory","40",27.3
2015-01-01,"Northern Territory","40",28.4
2016-01-01,"Northern Territory","40",31
2017-01-01,"Northern Territory","40",23
2018-01-01,"Northern Territory","40",23.2
2019-01-01,"Northern Territory","40",27.7
2020-01-01,"Northern Territory","40",34.9
2021-01-01,"Northern Territory","40",30
2022-01-01,"Northern Territory","40",26.1
1975-01-01,"Queensland","40",11.9
1976-01-01,"Queensland","40",9.9
1977-01-01,"Queensland","40",10.9
1978-01-01,"Queensland","40",8.8
1979-01-01,"Queensland","40",10.4
1980-01-01,"Queensland","40",8.8
1981-01-01,"Queensland","40",10.2
1982-01-01,"Queensland","40",11
1983-01-01,"Queensland","40",8.8
1984-01-01,"Queensland","40",8.3
1985-01-01,"Queensland","40",8
1986-01-01,"Queensland","40",8.2
1987-01-01,"Queensland","40",8
1988-01-01,"Queensland","40",8.8
1989-01-01,"Queensland","40",7.6
1990-01-01,"Queensland","40",10.5
1991-01-01,"Queensland","40",8.9
1992-01-01,"Queensland","40",12
1993-01-01,"Queensland","40",11.7
1994-01-01,"Queensland","40",13.1
1995-01-01,"Queensland","40",12.9
1996-01-01,"Queensland","40",13.7
1997-01-01,"Queensland","40",13.8
1998-01-01,"Queensland","40",13.2
1999-01-01,"Queensland","40",16.1
2000-01-01,"Queensland","40",14.8
2001-01-01,"Queensland","40",16.1
2002-01-01,"Queensland","40",17
2003-01-01,"Queensland","40",17.1
2004-01-01,"Queensland","40",20.3
2005-01-01,"Queensland","40",19.2
2006-01-01,"Queensland","40",20.6
2007-01-01,"Queensland","40",24.9
2008-01-01,"Queensland","40",26.2
2009-01-01,"Queensland","40",26.2
2010-01-01,"Queensland","40",27.3
2011-01-01,"Queensland","40",25
2012-01-01,"Queensland","40",25.6
2013-01-01,"Queensland","40",27.2
2014-01-01,"Queensland","40",25.9
2015-01-01,"Queensland","40",25.8
2016-01-01,"Queensland","40",25.9
2017-01-01,"Queensland","40",25.4
2018-01-01,"Queensland","40",26.7
2019-01-01,"Queensland","40",26.5
2020-01-01,"Queensland","40",26.3
2021-01-01,"Queensland","40",25.3
2022-01-01,"Queensland","40",26.4
1975-01-01,"South Australia","40",8.3
1976-01-01,"South Australia","40",6.9
1977-01-01,"South Australia","40",5.3
1978-01-01,"South Australia","40",5.6
1979-01-01,"South Australia","40",4.3
1980-01-01,"South Australia","40",6.3
1981-01-01,"South Australia","40",7.2
1982-01-01,"South Australia","40",6.2
1983-01-01,"South Australia","40",4.3
1984-01-01,"South Australia","40",5.6
1985-01-01,"South Australia","40",5.8
1986-01-01,"South Australia","40",6
1987-01-01,"South Australia","40",7.3
1988-01-01,"South Australia","40",6.9
1989-01-01,"South Australia","40",7.4
1990-01-01,"South Australia","40",10.1
1991-01-01,"South Australia","40",8.2
1992-01-01,"South Australia","40",12.5
1993-01-01,"South Australia","40",11.9
1994-01-01,"South Australia","40",13.3
1995-01-01,"South Australia","40",17
1996-01-01,"South Australia","40",16.1
1997-01-01,"South Australia","40",14.4
1998-01-01,"South Australia","40",16
1999-01-01,"South Australia","40",18.8
2000-01-01,"South Australia","40",17.2
2001-01-01,"South Australia","40",18.2
2002-01-01,"South Australia","40",20.1
2003-01-01,"South Australia","40",22.9
2004-01-01,"South Australia","40",20.5
2005-01-01,"South Australia","40",19.7
2006-01-01,"South Australia","40",18.7
2007-01-01,"South Australia","40",25.6
2008-01-01,"South Australia","40",26.2
2009-01-01,"South Australia","40",23.8
2010-01-01,"South Australia","40",26.9
2011-01-01,"South Australia","40",28.2
2012-01-01,"South Australia","40",27.1
2013-01-01,"South Australia","40",26.8
2014-01-01,"South Australia","40",27.9
2015-01-01,"South Australia","40",26.8
2016-01-01,"South Australia","40",25.2
2017-01-01,"South Australia","40",27.1
2018-01-01,"South Australia","40",25.6
2019-01-01,"South Australia","40",29.9
2020-01-01,"South Australia","40",24.7
2021-01-01,"South Australia","40",27.4
2022-01-01,"South Australia","40",29.1
1975-01-01,"Tasmania","40",13.1
1976-01-01,"Tasmania","40",10.4
1977-01-01,"Tasmania","40",5
1978-01-01,"Tasmania","40",6.2
1979-01-01,"Tasmania","40",9.1
1980-01-01,"Tasmania","40",8.9
1981-01-01,"Tasmania","40",5.7
1982-01-01,"Tasmania","40",8.5
1983-01-01,"Tasmania","40",5.7
1984-01-01,"Tasmania","40",4.9
1985-01-01,"Tasmania","40",5.9
1986-01-01,"Tasmania","40",7.9
1987-01-01,"Tasmania","40",6.1
1988-01-01,"Tasmania","40",8.2
1989-01-01,"Tasmania","40",8.4
1990-01-01,"Tasmania","40",8.1
1991-01-01,"Tasmania","40",9.1
1992-01-01,"Tasmania","40",9.9
1993-01-01,"Tasmania","40",9.5
1994-01-01,"Tasmania","40",10
1995-01-01,"Tasmania","40",11.5
1996-01-01,"Tasmania","40",16.5
1997-01-01,"Tasmania","40",9.6
1998-01-01,"Tasmania","40",14.2
1999-01-01,"Tasmania","40",15.1
2000-01-01,"Tasmania","40",10.5
2001-01-01,"Tasmania","40",13.1
2002-01-01,"Tasmania","40",17.7
2003-01-01,"Tasmania","40",15.4
2004-01-01,"Tasmania","40",14.3
2005-01-01,"Tasmania","40",19.2
2006-01-01,"Tasmania","40",21.2
2007-01-01,"Tasmania","40",23.8
2008-01-01,"Tasmania","40",21.8
2009-01-01,"Tasmania","40",24.4
2010-01-01,"Tasmania","40",26
2011-01-01,"Tasmania","40",26.7
2012-01-01,"Tasmania","40",24.4
2013-01-01,"Tasmania","40",21.3
2014-01-01,"Tasmania","40",23.3
2015-01-01,"Tasmania","40",22.7
2016-01-01,"Tasmania","40",28.2
2017-01-01,"Tasmania","40",24.4
2018-01-01,"Tasmania","40",22.7
2019-01-01,"Tasmania","40",24.5
2020-01-01,"Tasmania","40",26.4
2021-01-01,"Tasmania","40",18.2
2022-01-01,"Tasmania","40",22.6
1975-01-01,"Victoria","40",12
1976-01-01,"Victoria","40",10.3
1977-01-01,"Victoria","40",9.1
1978-01-01,"Victoria","40",9.3
1979-01-01,"Victoria","40",10
1980-01-01,"Victoria","40",10
1981-01-01,"Victoria","40",8.7
1982-01-01,"Victoria","40",9.7
1983-01-01,"Victoria","40",8.4
1984-01-01,"Victoria","40",8.7
1985-01-01,"Victoria","40",9.5
1986-01-01,"Victoria","40",8.5
1987-01-01,"Victoria","40",9.4
1988-01-01,"Victoria","40",10.1
1989-01-01,"Victoria","40",11.6
1990-01-01,"Victoria","40",13.7
1991-01-01,"Victoria","40",12.1
1992-01-01,"Victoria","40",14
1993-01-01,"Victoria","40",14.8
1994-01-01,"Victoria","40",15.8
1995-01-01,"Victoria","40",15.2
1996-01-01,"Victoria","40",15.6
1997-01-01,"Victoria","40",17.7
1998-01-01,"Victoria","40",18.1
1999-01-01,"Victoria","40",18.4
2000-01-01,"Victoria","40",17.9
2001-01-01,"Victoria","40",19.1
2002-01-01,"Victoria","40",21.5
2003-01-01,"Victoria","40",22
2004-01-01,"Victoria","40",23.4
2005-01-01,"Victoria","40",25.9
2006-01-01,"Victoria","40",28
2007-01-01,"Victoria","40",30.2
2008-01-01,"Victoria","40",32.9
2009-01-01,"Victoria","40",31.5
2010-01-01,"Victoria","40",32.5
2011-01-01,"Victoria","40",32.8
2012-01-01,"Victoria","40",32.2
2013-01-01,"Victoria","40",34.9
2014-01-01,"Victoria","40",32.2
2015-01-01,"Victoria","40",32.3
2016-01-01,"Victoria","40",35.8
2017-01-01,"Victoria","40",35.4
2018-01-01,"Victoria","40",34.3
2019-01-01,"Victoria","40",32.2
2020-01-01,"Victoria","40",31.2
2021-01-01,"Victoria","40",32.8
2022-01-01,"Victoria","40",32.5
1975-01-01,"Western Australia","40",10.9
1976-01-01,"Western Australia","40",9.2
1977-01-01,"Western Australia","40",7.6
1978-01-01,"Western Australia","40",8.2
1979-01-01,"Western Australia","40",6.1
1980-01-01,"Western Australia","40",8.6
1981-01-01,"Western Australia","40",8.4
1982-01-01,"Western Australia","40",6.8
1983-01-01,"Western Australia","40",10.1
1984-01-01,"Western Australia","40",6.7
1985-01-01,"Western Australia","40",8.5
1986-01-01,"Western Australia","40",8.2
1987-01-01,"Western Australia","40",8.8
1988-01-01,"Western Australia","40",8.7
1989-01-01,"Western Australia","40",8.9
1990-01-01,"Western Australia","40",11.3
1991-01-01,"Western Australia","40",11
1992-01-01,"Western Australia","40",12.8
1993-01-01,"Western Australia","40",11.4
1994-01-01,"Western Australia","40",11.9
1995-01-01,"Western Australia","40",13
1996-01-01,"Western Australia","40",13
1997-01-01,"Western Australia","40",12.9
1998-01-01,"Western Australia","40",14.7
1999-01-01,"Western Australia","40",15.5
2000-01-01,"Western Australia","40",16.2
2001-01-01,"Western Australia","40",16.6
2002-01-01,"Western Australia","40",16.1
2003-01-01,"Western Australia","40",17.8
2004-01-01,"Western Australia","40",20
2005-01-01,"Western Australia","40",21.5
2006-01-01,"Western Australia","40",24.4
2007-01-01,"Western Australia","40",25.1
2008-01-01,"Western Australia","40",28.1
2009-01-01,"Western Australia","40",27
2010-01-01,"Western Australia","40",26.6
2011-01-01,"Western Australia","40",29.4
2012-01-01,"Western Australia","40",28
2013-01-01,"Western Australia","40",28.7
2014-01-01,"Western Australia","40",28.7
2015-01-01,"Western Australia","40",27.4
2016-01-01,"Western Australia","40",28.4
2017-01-01,"Western Australia","40",29.3
2018-01-01,"Western Australia","40",27.7
2019-01-01,"Western Australia","40",29.2
2020-01-01,"Western Australia","40",27.1
2021-01-01,"Western Australia","40",28.6
2022-01-01,"Western Australia","40",27.5
1975-01-01,"Australia","41",8.1
1976-01-01,"Australia","41",7
1977-01-01,"Australia","41",6.1
1978-01-01,"Australia","41",5.7
1979-01-01,"Australia","41",5.8
1980-01-01,"Australia","41",5.3
1981-01-01,"Australia","41",6.2
1982-01-01,"Australia","41",5.7
1983-01-01,"Australia","41",5.9
1984-01-01,"Australia","41",5.3
1985-01-01,"Australia","41",5.2
1986-01-01,"Australia","41",5.7
1987-01-01,"Australia","41",6
1988-01-01,"Australia","41",5.5
1989-01-01,"Australia","41",6.7
1990-01-01,"Australia","41",7.1
1991-01-01,"Australia","41",7.4
1992-01-01,"Australia","41",8
1993-01-01,"Australia","41",8.2
1994-01-01,"Australia","41",8.8
1995-01-01,"Australia","41",9.8
1996-01-01,"Australia","41",10.1
1997-01-01,"Australia","41",10.2
1998-01-01,"Australia","41",10.9
1999-01-01,"Australia","41",11.4
2000-01-01,"Australia","41",11.7
2001-01-01,"Australia","41",12.5
2002-01-01,"Australia","41",13.1
2003-01-01,"Australia","41",14
2004-01-01,"Australia","41",13.7
2005-01-01,"Australia","41",15.7
2006-01-01,"Australia","41",16
2007-01-01,"Australia","41",18.3
2008-01-01,"Australia","41",20.4
2009-01-01,"Australia","41",20
2010-01-01,"Australia","41",20.2
2011-01-01,"Australia","41",20.3
2012-01-01,"Australia","41",19.9
2013-01-01,"Australia","41",21
2014-01-01,"Australia","41",20.3
2015-01-01,"Australia","41",19.9
2016-01-01,"Australia","41",21.8
2017-01-01,"Australia","41",21.2
2018-01-01,"Australia","41",22.1
2019-01-01,"Australia","41",21.2
2020-01-01,"Australia","41",19.9
2021-01-01,"Australia","41",21.1
2022-01-01,"Australia","41",21.1
1975-01-01,"Australian Capital Territory","41",11.3
1976-01-01,"Australian Capital Territory","41",5.7
1977-01-01,"Australian Capital Territory","41",0.9
1978-01-01,"Australian Capital Territory","41",3.8
1979-01-01,"Australian Capital Territory","41",5.2
1980-01-01,"Australian Capital Territory","41",8.3
1981-01-01,"Australian Capital Territory","41",6.6
1982-01-01,"Australian Capital Territory","41",5.8
1983-01-01,"Australian Capital Territory","41",8
1984-01-01,"Australian Capital Territory","41",7.8
1985-01-01,"Australian Capital Territory","41",4.3
1986-01-01,"Australian Capital Territory","41",6.8
1987-01-01,"Australian Capital Territory","41",7
1988-01-01,"Australian Capital Territory","41",5.8
1989-01-01,"Australian Capital Territory","41",9.1
1990-01-01,"Australian Capital Territory","41",8.1
1991-01-01,"Australian Capital Territory","41",9.8
1992-01-01,"Australian Capital Territory","41",5.4
1993-01-01,"Australian Capital Territory","41",7.9
1994-01-01,"Australian Capital Territory","41",7.6
1995-01-01,"Australian Capital Territory","41",10.8
1996-01-01,"Australian Capital Territory","41",8.8
1997-01-01,"Australian Capital Territory","41",9.6
1998-01-01,"Australian Capital Territory","41",13.8
1999-01-01,"Australian Capital Territory","41",13.1
2000-01-01,"Australian Capital Territory","41",9.6
2001-01-01,"Australian Capital Territory","41",13.3
2002-01-01,"Australian Capital Territory","41",14.4
2003-01-01,"Australian Capital Territory","41",11.7
2004-01-01,"Australian Capital Territory","41",17
2005-01-01,"Australian Capital Territory","41",14.5
2006-01-01,"Australian Capital Territory","41",19.1
2007-01-01,"Australian Capital Territory","41",18.9
2008-01-01,"Australian Capital Territory","41",21.9
2009-01-01,"Australian Capital Territory","41",20.1
2010-01-01,"Australian Capital Territory","41",26.7
2011-01-01,"Australian Capital Territory","41",21.8
2012-01-01,"Australian Capital Territory","41",22.5
2013-01-01,"Australian Capital Territory","41",20
2014-01-01,"Australian Capital Territory","41",20.5
2015-01-01,"Australian Capital Territory","41",22.3
2016-01-01,"Australian Capital Territory","41",23.1
2017-01-01,"Australian Capital Territory","41",25.7
2018-01-01,"Australian Capital Territory","41",21.9
2019-01-01,"Australian Capital Territory","41",20.7
2020-01-01,"Australian Capital Territory","41",21
2021-01-01,"Australian Capital Territory","41",22.1
2022-01-01,"Australian Capital Territory","41",19.7
1975-01-01,"New South Wales","41",7.8
1976-01-01,"New South Wales","41",6.7
1977-01-01,"New South Wales","41",6.1
1978-01-01,"New South Wales","41",6.5
1979-01-01,"New South Wales","41",6
1980-01-01,"New South Wales","41",5.9
1981-01-01,"New South Wales","41",6.4
1982-01-01,"New South Wales","41",6.2
1983-01-01,"New South Wales","41",6.5
1984-01-01,"New South Wales","41",5.5
1985-01-01,"New South Wales","41",5.5
1986-01-01,"New South Wales","41",6.2
1987-01-01,"New South Wales","41",7
1988-01-01,"New South Wales","41",6.1
1989-01-01,"New South Wales","41",7.6
1990-01-01,"New South Wales","41",8
1991-01-01,"New South Wales","41",7.8
1992-01-01,"New South Wales","41",9.3
1993-01-01,"New South Wales","41",8.5
1994-01-01,"New South Wales","41",9.4
1995-01-01,"New South Wales","41",10.2
1996-01-01,"New South Wales","41",11.9
1997-01-01,"New South Wales","41",11.3
1998-01-01,"New South Wales","41",10.7
1999-01-01,"New South Wales","41",12.5
2000-01-01,"New South Wales","41",12.3
2001-01-01,"New South Wales","41",13.3
2002-01-01,"New South Wales","41",14
2003-01-01,"New South Wales","41",14.9
2004-01-01,"New South Wales","41",15.4
2005-01-01,"New South Wales","41",17.4
2006-01-01,"New South Wales","41",17.1
2007-01-01,"New South Wales","41",19.3
2008-01-01,"New South Wales","41",22.3
2009-01-01,"New South Wales","41",21.2
2010-01-01,"New South Wales","41",22.5
2011-01-01,"New South Wales","41",22.4
2012-01-01,"New South Wales","41",21.5
2013-01-01,"New South Wales","41",22.9
2014-01-01,"New South Wales","41",21.2
2015-01-01,"New South Wales","41",22.4
2016-01-01,"New South Wales","41",22.9
2017-01-01,"New South Wales","41",22.4
2018-01-01,"New South Wales","41",24.9
2019-01-01,"New South Wales","41",24
2020-01-01,"New South Wales","41",21.5
2021-01-01,"New South Wales","41",23.2
2022-01-01,"New South Wales","41",23.1
1975-01-01,"Northern Territory","41",27.7
1976-01-01,"Northern Territory","41",20.6
1977-01-01,"Northern Territory","41",9
1978-01-01,"Northern Territory","41",12.9
1979-01-01,"Northern Territory","41",13.6
1980-01-01,"Northern Territory","41",14.4
1981-01-01,"Northern Territory","41",10.6
1982-01-01,"Northern Territory","41",12.2
1983-01-01,"Northern Territory","41",15.6
1984-01-01,"Northern Territory","41",10.5
1985-01-01,"Northern Territory","41",8
1986-01-01,"Northern Territory","41",5.7
1987-01-01,"Northern Territory","41",6.4
1988-01-01,"Northern Territory","41",1.7
1989-01-01,"Northern Territory","41",9
1990-01-01,"Northern Territory","41",11.5
1991-01-01,"Northern Territory","41",4.3
1992-01-01,"Northern Territory","41",9.7
1993-01-01,"Northern Territory","41",9.4
1994-01-01,"Northern Territory","41",11
1995-01-01,"Northern Territory","41",15.1
1996-01-01,"Northern Territory","41",13.2
1997-01-01,"Northern Territory","41",10.8
1998-01-01,"Northern Territory","41",9
1999-01-01,"Northern Territory","41",16.1
2000-01-01,"Northern Territory","41",15.6
2001-01-01,"Northern Territory","41",16.2
2002-01-01,"Northern Territory","41",13.1
2003-01-01,"Northern Territory","41",19.6
2004-01-01,"Northern Territory","41",10.3
2005-01-01,"Northern Territory","41",14.7
2006-01-01,"Northern Territory","41",11.5
2007-01-01,"Northern Territory","41",16.3
2008-01-01,"Northern Territory","41",17.2
2009-01-01,"Northern Territory","41",17.2
2010-01-01,"Northern Territory","41",17.1
2011-01-01,"Northern Territory","41",18.5
2012-01-01,"Northern Territory","41",21.5
2013-01-01,"Northern Territory","41",20.9
2014-01-01,"Northern Territory","41",22.1
2015-01-01,"Northern Territory","41",22.2
2016-01-01,"Northern Territory","41",21.4
2017-01-01,"Northern Territory","41",18
2018-01-01,"Northern Territory","41",12.7
2019-01-01,"Northern Territory","41",17.8
2020-01-01,"Northern Territory","41",14.6
2021-01-01,"Northern Territory","41",20
2022-01-01,"Northern Territory","41",22
1975-01-01,"Queensland","41",10.6
1976-01-01,"Queensland","41",9.3
1977-01-01,"Queensland","41",7.1
1978-01-01,"Queensland","41",6.7
1979-01-01,"Queensland","41",6.9
1980-01-01,"Queensland","41",5.2
1981-01-01,"Queensland","41",6.8
1982-01-01,"Queensland","41",7
1983-01-01,"Queensland","41",4.9
1984-01-01,"Queensland","41",5.1
1985-01-01,"Queensland","41",5.4
1986-01-01,"Queensland","41",5.6
1987-01-01,"Queensland","41",5.3
1988-01-01,"Queensland","41",5.4
1989-01-01,"Queensland","41",6.2
1990-01-01,"Queensland","41",6.5
1991-01-01,"Queensland","41",7.1
1992-01-01,"Queensland","41",5.9
1993-01-01,"Queensland","41",6.3
1994-01-01,"Queensland","41",7.8
1995-01-01,"Queensland","41",8.7
1996-01-01,"Queensland","41",9.3
1997-01-01,"Queensland","41",8.8
1998-01-01,"Queensland","41",10
1999-01-01,"Queensland","41",9.2
2000-01-01,"Queensland","41",10.2
2001-01-01,"Queensland","41",10.1
2002-01-01,"Queensland","41",11.3
2003-01-01,"Queensland","41",11.6
2004-01-01,"Queensland","41",12.1
2005-01-01,"Queensland","41",14.3
2006-01-01,"Queensland","41",13.4
2007-01-01,"Queensland","41",16.5
2008-01-01,"Queensland","41",17.6
2009-01-01,"Queensland","41",17.7
2010-01-01,"Queensland","41",17.6
2011-01-01,"Queensland","41",18.7
2012-01-01,"Queensland","41",16.7
2013-01-01,"Queensland","41",17.3
2014-01-01,"Queensland","41",18.4
2015-01-01,"Queensland","41",17.7
2016-01-01,"Queensland","41",17.9
2017-01-01,"Queensland","41",16.8
2018-01-01,"Queensland","41",19
2019-01-01,"Queensland","41",18.1
2020-01-01,"Queensland","41",19.1
2021-01-01,"Queensland","41",18.5
2022-01-01,"Queensland","41",17.8
1975-01-01,"South Australia","41",5
1976-01-01,"South Australia","41",5.7
1977-01-01,"South Australia","41",4
1978-01-01,"South Australia","41",2.7
1979-01-01,"South Australia","41",4.8
1980-01-01,"South Australia","41",3.3
1981-01-01,"South Australia","41",3.4
1982-01-01,"South Australia","41",3.8
1983-01-01,"South Australia","41",4.7
1984-01-01,"South Australia","41",4.2
1985-01-01,"South Australia","41",2.6
1986-01-01,"South Australia","41",5.8
1987-01-01,"South Australia","41",5.6
1988-01-01,"South Australia","41",3.3
1989-01-01,"South Australia","41",4.8
1990-01-01,"South Australia","41",5.1
1991-01-01,"South Australia","41",6.5
1992-01-01,"South Australia","41",7
1993-01-01,"South Australia","41",9.8
1994-01-01,"South Australia","41",8.9
1995-01-01,"South Australia","41",10.8
1996-01-01,"South Australia","41",10.8
1997-01-01,"South Australia","41",10.5
1998-01-01,"South Australia","41",14.6
1999-01-01,"South Australia","41",12.7
2000-01-01,"South Australia","41",12.8
2001-01-01,"South Australia","41",13
2002-01-01,"South Australia","41",11.1
2003-01-01,"South Australia","41",14.1
2004-01-01,"South Australia","41",13.5
2005-01-01,"South Australia","41",13
2006-01-01,"South Australia","41",12.1
2007-01-01,"South Australia","41",13.9
2008-01-01,"South Australia","41",17.8
2009-01-01,"South Australia","41",16.6
2010-01-01,"South Australia","41",14.2
2011-01-01,"South Australia","41",19.4
2012-01-01,"South Australia","41",16.6
2013-01-01,"South Australia","41",19.3
2014-01-01,"South Australia","41",17.3
2015-01-01,"South Australia","41",15.9
2016-01-01,"South Australia","41",18.8
2017-01-01,"South Australia","41",17.8
2018-01-01,"South Australia","41",18.4
2019-01-01,"South Australia","41",17.4
2020-01-01,"South Australia","41",16
2021-01-01,"South Australia","41",18.2
2022-01-01,"South Australia","41",19.4
1975-01-01,"Tasmania","41",6.6
1976-01-01,"Tasmania","41",9.1
1977-01-01,"Tasmania","41",4.8
1978-01-01,"Tasmania","41",3.2
1979-01-01,"Tasmania","41",6.7
1980-01-01,"Tasmania","41",4.9
1981-01-01,"Tasmania","41",4.5
1982-01-01,"Tasmania","41",3.3
1983-01-01,"Tasmania","41",6.1
1984-01-01,"Tasmania","41",4.9
1985-01-01,"Tasmania","41",3.8
1986-01-01,"Tasmania","41",3.8
1987-01-01,"Tasmania","41",4.8
1988-01-01,"Tasmania","41",3.5
1989-01-01,"Tasmania","41",4.5
1990-01-01,"Tasmania","41",6
1991-01-01,"Tasmania","41",4.8
1992-01-01,"Tasmania","41",5.7
1993-01-01,"Tasmania","41",5
1994-01-01,"Tasmania","41",6.6
1995-01-01,"Tasmania","41",8.3
1996-01-01,"Tasmania","41",6.2
1997-01-01,"Tasmania","41",8.4
1998-01-01,"Tasmania","41",8.3
1999-01-01,"Tasmania","41",6.6
2000-01-01,"Tasmania","41",9.1
2001-01-01,"Tasmania","41",14.3
2002-01-01,"Tasmania","41",12.4
2003-01-01,"Tasmania","41",8.4
2004-01-01,"Tasmania","41",10.4
2005-01-01,"Tasmania","41",10.3
2006-01-01,"Tasmania","41",12.7
2007-01-01,"Tasmania","41",17
2008-01-01,"Tasmania","41",15.8
2009-01-01,"Tasmania","41",14.2
2010-01-01,"Tasmania","41",14.3
2011-01-01,"Tasmania","41",18.1
2012-01-01,"Tasmania","41",15
2013-01-01,"Tasmania","41",18.3
2014-01-01,"Tasmania","41",15.1
2015-01-01,"Tasmania","41",18.1
2016-01-01,"Tasmania","41",17.6
2017-01-01,"Tasmania","41",19
2018-01-01,"Tasmania","41",19.2
2019-01-01,"Tasmania","41",16.9
2020-01-01,"Tasmania","41",15.6
2021-01-01,"Tasmania","41",18
2022-01-01,"Tasmania","41",16
1975-01-01,"Victoria","41",8.5
1976-01-01,"Victoria","41",6.7
1977-01-01,"Victoria","41",7
1978-01-01,"Victoria","41",6.1
1979-01-01,"Victoria","41",5.6
1980-01-01,"Victoria","41",5.5
1981-01-01,"Victoria","41",6.2
1982-01-01,"Victoria","41",5.1
1983-01-01,"Victoria","41",6
1984-01-01,"Victoria","41",5.7
1985-01-01,"Victoria","41",5.8
1986-01-01,"Victoria","41",5.2
1987-01-01,"Victoria","41",5.7
1988-01-01,"Victoria","41",5.6
1989-01-01,"Victoria","41",6.9
1990-01-01,"Victoria","41",7.1
1991-01-01,"Victoria","41",7.7
1992-01-01,"Victoria","41",8.6
1993-01-01,"Victoria","41",9.1
1994-01-01,"Victoria","41",8.8
1995-01-01,"Victoria","41",10.1
1996-01-01,"Victoria","41",9.3
1997-01-01,"Victoria","41",10.4
1998-01-01,"Victoria","41",11.3
1999-01-01,"Victoria","41",11.9
2000-01-01,"Victoria","41",12
2001-01-01,"Victoria","41",13.3
2002-01-01,"Victoria","41",14.9
2003-01-01,"Victoria","41",15.3
2004-01-01,"Victoria","41",13.8
2005-01-01,"Victoria","41",16.5
2006-01-01,"Victoria","41",18.7
2007-01-01,"Victoria","41",20.1
2008-01-01,"Victoria","41",21.9
2009-01-01,"Victoria","41",22.8
2010-01-01,"Victoria","41",22.2
2011-01-01,"Victoria","41",20.4
2012-01-01,"Victoria","41",22.5
2013-01-01,"Victoria","41",23.1
2014-01-01,"Victoria","41",21.3
2015-01-01,"Victoria","41",20.4
2016-01-01,"Victoria","41",24.5
2017-01-01,"Victoria","41",24.7
2018-01-01,"Victoria","41",23.7
2019-01-01,"Victoria","41",22.6
2020-01-01,"Victoria","41",20.7
2021-01-01,"Victoria","41",21.7
2022-01-01,"Victoria","41",23
1975-01-01,"Western Australia","41",6.7
1976-01-01,"Western Australia","41",5.2
1977-01-01,"Western Australia","41",4.7
1978-01-01,"Western Australia","41",3.2
1979-01-01,"Western Australia","41",3.7
1980-01-01,"Western Australia","41",4.2
1981-01-01,"Western Australia","41",7.1
1982-01-01,"Western Australia","41",5
1983-01-01,"Western Australia","41",4.8
1984-01-01,"Western Australia","41",4.3
1985-01-01,"Western Australia","41",4.3
1986-01-01,"Western Australia","41",5.8
1987-01-01,"Western Australia","41",4.5
1988-01-01,"Western Australia","41",6.1
1989-01-01,"Western Australia","41",5.8
1990-01-01,"Western Australia","41",5.9
1991-01-01,"Western Australia","41",6.7
1992-01-01,"Western Australia","41",7.2
1993-01-01,"Western Australia","41",7.9
1994-01-01,"Western Australia","41",9
1995-01-01,"Western Australia","41",8.2
1996-01-01,"Western Australia","41",7.3
1997-01-01,"Western Australia","41",8.5
1998-01-01,"Western Australia","41",9.3
1999-01-01,"Western Australia","41",9.5
2000-01-01,"Western Australia","41",11.4
2001-01-01,"Western Australia","41",11.5
2002-01-01,"Western Australia","41",10.2
2003-01-01,"Western Australia","41",13.2
2004-01-01,"Western Australia","41",11.6
2005-01-01,"Western Australia","41",14.7
2006-01-01,"Western Australia","41",14.1
2007-01-01,"Western Australia","41",17.4
2008-01-01,"Western Australia","41",19
2009-01-01,"Western Australia","41",17.6
2010-01-01,"Western Australia","41",18.1
2011-01-01,"Western Australia","41",17.7
2012-01-01,"Western Australia","41",17.2
2013-01-01,"Western Australia","41",19.4
2014-01-01,"Western Australia","41",21.3
2015-01-01,"Western Australia","41",18.2
2016-01-01,"Western Australia","41",21.7
2017-01-01,"Western Australia","41",19.4
2018-01-01,"Western Australia","41",19.9
2019-01-01,"Western Australia","41",18.9
2020-01-01,"Western Australia","41",18.8
2021-01-01,"Western Australia","41",20.2
2022-01-01,"Western Australia","41",18.9
1975-01-01,"Australia","42",5.5
1976-01-01,"Australia","42",5.2
1977-01-01,"Australia","42",5
1978-01-01,"Australia","42",3.7
1979-01-01,"Australia","42",3.8
1980-01-01,"Australia","42",3.5
1981-01-01,"Australia","42",3.3
1982-01-01,"Australia","42",3.7
1983-01-01,"Australia","42",3.6
1984-01-01,"Australia","42",4
1985-01-01,"Australia","42",3.9
1986-01-01,"Australia","42",3.3
1987-01-01,"Australia","42",3.8
1988-01-01,"Australia","42",3.8
1989-01-01,"Australia","42",4
1990-01-01,"Australia","42",4.3
1991-01-01,"Australia","42",4.5
1992-01-01,"Australia","42",4.8
1993-01-01,"Australia","42",5.1
1994-01-01,"Australia","42",5.7
1995-01-01,"Australia","42",6
1996-01-01,"Australia","42",6.2
1997-01-01,"Australia","42",6.1
1998-01-01,"Australia","42",6.9
1999-01-01,"Australia","42",7.1
2000-01-01,"Australia","42",7.2
2001-01-01,"Australia","42",7.9
2002-01-01,"Australia","42",7.9
2003-01-01,"Australia","42",8.4
2004-01-01,"Australia","42",9.3
2005-01-01,"Australia","42",8.8
2006-01-01,"Australia","42",10.1
2007-01-01,"Australia","42",10.4
2008-01-01,"Australia","42",12.3
2009-01-01,"Australia","42",12.2
2010-01-01,"Australia","42",12.7
2011-01-01,"Australia","42",12.8
2012-01-01,"Australia","42",12.7
2013-01-01,"Australia","42",12.5
2014-01-01,"Australia","42",11.9
2015-01-01,"Australia","42",12.4
2016-01-01,"Australia","42",13.5
2017-01-01,"Australia","42",13.6
2018-01-01,"Australia","42",13.6
2019-01-01,"Australia","42",12.8
2020-01-01,"Australia","42",13.2
2021-01-01,"Australia","42",13.3
2022-01-01,"Australia","42",13.5
1975-01-01,"Australian Capital Territory","42",5
1976-01-01,"Australian Capital Territory","42",5.6
1977-01-01,"Australian Capital Territory","42",4.8
1978-01-01,"Australian Capital Territory","42",4.4
1979-01-01,"Australian Capital Territory","42",3.8
1980-01-01,"Australian Capital Territory","42",5.3
1981-01-01,"Australian Capital Territory","42",2.1
1982-01-01,"Australian Capital Territory","42",5.1
1983-01-01,"Australian Capital Territory","42",4.6
1984-01-01,"Australian Capital Territory","42",4.9
1985-01-01,"Australian Capital Territory","42",0.6
1986-01-01,"Australian Capital Territory","42",4.8
1987-01-01,"Australian Capital Territory","42",6.3
1988-01-01,"Australian Capital Territory","42",4.4
1989-01-01,"Australian Capital Territory","42",4.3
1990-01-01,"Australian Capital Territory","42",4
1991-01-01,"Australian Capital Territory","42",3.7
1992-01-01,"Australian Capital Territory","42",7.3
1993-01-01,"Australian Capital Territory","42",6.6
1994-01-01,"Australian Capital Territory","42",3.6
1995-01-01,"Australian Capital Territory","42",6
1996-01-01,"Australian Capital Territory","42",3.6
1997-01-01,"Australian Capital Territory","42",6.1
1998-01-01,"Australian Capital Territory","42",7.3
1999-01-01,"Australian Capital Territory","42",5.7
2000-01-01,"Australian Capital Territory","42",4.7
2001-01-01,"Australian Capital Territory","42",7
2002-01-01,"Australian Capital Territory","42",8
2003-01-01,"Australian Capital Territory","42",8.3
2004-01-01,"Australian Capital Territory","42",12.1
2005-01-01,"Australian Capital Territory","42",10.9
2006-01-01,"Australian Capital Territory","42",8.8
2007-01-01,"Australian Capital Territory","42",9.7
2008-01-01,"Australian Capital Territory","42",11.8
2009-01-01,"Australian Capital Territory","42",16.9
2010-01-01,"Australian Capital Territory","42",12
2011-01-01,"Australian Capital Territory","42",14.8
2012-01-01,"Australian Capital Territory","42",17.8
2013-01-01,"Australian Capital Territory","42",15.4
2014-01-01,"Australian Capital Territory","42",13.9
2015-01-01,"Australian Capital Territory","42",10.9
2016-01-01,"Australian Capital Territory","42",13.1
2017-01-01,"Australian Capital Territory","42",15.6
2018-01-01,"Australian Capital Territory","42",15.7
2019-01-01,"Australian Capital Territory","42",10.3
2020-01-01,"Australian Capital Territory","42",13.6
2021-01-01,"Australian Capital Territory","42",13.6
2022-01-01,"Australian Capital Territory","42",15.2
1975-01-01,"New South Wales","42",5.3
1976-01-01,"New South Wales","42",4.9
1977-01-01,"New South Wales","42",4.8
1978-01-01,"New South Wales","42",3.6
1979-01-01,"New South Wales","42",3.7
1980-01-01,"New South Wales","42",3.4
1981-01-01,"New South Wales","42",3.3
1982-01-01,"New South Wales","42",4
1983-01-01,"New South Wales","42",4
1984-01-01,"New South Wales","42",4.1
1985-01-01,"New South Wales","42",4.6
1986-01-01,"New South Wales","42",3.7
1987-01-01,"New South Wales","42",4.4
1988-01-01,"New South Wales","42",3.9
1989-01-01,"New South Wales","42",4.3
1990-01-01,"New South Wales","42",4.8
1991-01-01,"New South Wales","42",5
1992-01-01,"New South Wales","42",5
1993-01-01,"New South Wales","42",5.3
1994-01-01,"New South Wales","42",6.1
1995-01-01,"New South Wales","42",6.6
1996-01-01,"New South Wales","42",6.7
1997-01-01,"New South Wales","42",6.4
1998-01-01,"New South Wales","42",7.8
1999-01-01,"New South Wales","42",8
2000-01-01,"New South Wales","42",7.9
2001-01-01,"New South Wales","42",8.3
2002-01-01,"New South Wales","42",9.3
2003-01-01,"New South Wales","42",8.7
2004-01-01,"New South Wales","42",9.3
2005-01-01,"New South Wales","42",9.7
2006-01-01,"New South Wales","42",11.7
2007-01-01,"New South Wales","42",11.2
2008-01-01,"New South Wales","42",12.3
2009-01-01,"New South Wales","42",13.3
2010-01-01,"New South Wales","42",13.9
2011-01-01,"New South Wales","42",14.5
2012-01-01,"New South Wales","42",13.9
2013-01-01,"New South Wales","42",13.8
2014-01-01,"New South Wales","42",12.3
2015-01-01,"New South Wales","42",15
2016-01-01,"New South Wales","42",14.1
2017-01-01,"New South Wales","42",14.1
2018-01-01,"New South Wales","42",15.3
2019-01-01,"New South Wales","42",13.9
2020-01-01,"New South Wales","42",14.4
2021-01-01,"New South Wales","42",14
2022-01-01,"New South Wales","42",15
1975-01-01,"Northern Territory","42",19.4
1976-01-01,"Northern Territory","42",16.9
1977-01-01,"Northern Territory","42",30.1
1978-01-01,"Northern Territory","42",10.9
1979-01-01,"Northern Territory","42",2.2
1980-01-01,"Northern Territory","42",3.9
1981-01-01,"Northern Territory","42",5.3
1982-01-01,"Northern Territory","42",0
1983-01-01,"Northern Territory","42",5
1984-01-01,"Northern Territory","42",7
1985-01-01,"Northern Territory","42",10.3
1986-01-01,"Northern Territory","42",4.5
1987-01-01,"Northern Territory","42",8
1988-01-01,"Northern Territory","42",6.5
1989-01-01,"Northern Territory","42",5.3
1990-01-01,"Northern Territory","42",7.5
1991-01-01,"Northern Territory","42",5
1992-01-01,"Northern Territory","42",4.3
1993-01-01,"Northern Territory","42",3.8
1994-01-01,"Northern Territory","42",7.2
1995-01-01,"Northern Territory","42",5.5
1996-01-01,"Northern Territory","42",4.3
1997-01-01,"Northern Territory","42",9.4
1998-01-01,"Northern Territory","42",5.5
1999-01-01,"Northern Territory","42",7.7
2000-01-01,"Northern Territory","42",5.4
2001-01-01,"Northern Territory","42",11.4
2002-01-01,"Northern Territory","42",14.6
2003-01-01,"Northern Territory","42",10.3
2004-01-01,"Northern Territory","42",12.2
2005-01-01,"Northern Territory","42",7
2006-01-01,"Northern Territory","42",7.6
2007-01-01,"Northern Territory","42",8.9
2008-01-01,"Northern Territory","42",6.8
2009-01-01,"Northern Territory","42",14.4
2010-01-01,"Northern Territory","42",8.6
2011-01-01,"Northern Territory","42",11.9
2012-01-01,"Northern Territory","42",7.9
2013-01-01,"Northern Territory","42",10.2
2014-01-01,"Northern Territory","42",9
2015-01-01,"Northern Territory","42",12.2
2016-01-01,"Northern Territory","42",7.6
2017-01-01,"Northern Territory","42",10.5
2018-01-01,"Northern Territory","42",13.5
2019-01-01,"Northern Territory","42",13.6
2020-01-01,"Northern Territory","42",12.1
2021-01-01,"Northern Territory","42",10.2
2022-01-01,"Northern Territory","42",6.8
1975-01-01,"Queensland","42",6.1
1976-01-01,"Queensland","42",6.1
1977-01-01,"Queensland","42",6
1978-01-01,"Queensland","42",3.3
1979-01-01,"Queensland","42",4.4
1980-01-01,"Queensland","42",3.6
1981-01-01,"Queensland","42",3.4
1982-01-01,"Queensland","42",3.8
1983-01-01,"Queensland","42",4.4
1984-01-01,"Queensland","42",4.3
1985-01-01,"Queensland","42",4.2
1986-01-01,"Queensland","42",3.3
1987-01-01,"Queensland","42",2.8
1988-01-01,"Queensland","42",3.4
1989-01-01,"Queensland","42",3.6
1990-01-01,"Queensland","42",3.9
1991-01-01,"Queensland","42",4.4
1992-01-01,"Queensland","42",4.2
1993-01-01,"Queensland","42",4.8
1994-01-01,"Queensland","42",4.7
1995-01-01,"Queensland","42",5.6
1996-01-01,"Queensland","42",5.1
1997-01-01,"Queensland","42",5.4
1998-01-01,"Queensland","42",5.7
1999-01-01,"Queensland","42",5.4
2000-01-01,"Queensland","42",6.3
2001-01-01,"Queensland","42",6.1
2002-01-01,"Queensland","42",6.7
2003-01-01,"Queensland","42",7.6
2004-01-01,"Queensland","42",7.8
2005-01-01,"Queensland","42",8.3
2006-01-01,"Queensland","42",8
2007-01-01,"Queensland","42",8.7
2008-01-01,"Queensland","42",10.8
2009-01-01,"Queensland","42",11
2010-01-01,"Queensland","42",12.5
2011-01-01,"Queensland","42",10.7
2012-01-01,"Queensland","42",10.5
2013-01-01,"Queensland","42",9.7
2014-01-01,"Queensland","42",10.7
2015-01-01,"Queensland","42",9.9
2016-01-01,"Queensland","42",11.7
2017-01-01,"Queensland","42",11.7
2018-01-01,"Queensland","42",11
2019-01-01,"Queensland","42",10.7
2020-01-01,"Queensland","42",11.2
2021-01-01,"Queensland","42",11.6
2022-01-01,"Queensland","42",11.4
1975-01-01,"South Australia","42",4.5
1976-01-01,"South Australia","42",3.2
1977-01-01,"South Australia","42",4.5
1978-01-01,"South Australia","42",3.6
1979-01-01,"South Australia","42",3.1
1980-01-01,"South Australia","42",1.9
1981-01-01,"South Australia","42",1.9
1982-01-01,"South Australia","42",2.5
1983-01-01,"South Australia","42",1.4
1984-01-01,"South Australia","42",3.6
1985-01-01,"South Australia","42",2.4
1986-01-01,"South Australia","42",1.6
1987-01-01,"South Australia","42",1.9
1988-01-01,"South Australia","42",2.6
1989-01-01,"South Australia","42",3.2
1990-01-01,"South Australia","42",3.5
1991-01-01,"South Australia","42",3
1992-01-01,"South Australia","42",3.4
1993-01-01,"South Australia","42",5
1994-01-01,"South Australia","42",6.2
1995-01-01,"South Australia","42",5.3
1996-01-01,"South Australia","42",6.3
1997-01-01,"South Australia","42",6.7
1998-01-01,"South Australia","42",6.7
1999-01-01,"South Australia","42",8.1
2000-01-01,"South Australia","42",7.6
2001-01-01,"South Australia","42",8.6
2002-01-01,"South Australia","42",8.8
2003-01-01,"South Australia","42",9.2
2004-01-01,"South Australia","42",9
2005-01-01,"South Australia","42",6.7
2006-01-01,"South Australia","42",8.4
2007-01-01,"South Australia","42",8.5
2008-01-01,"South Australia","42",11.3
2009-01-01,"South Australia","42",11.3
2010-01-01,"South Australia","42",10.4
2011-01-01,"South Australia","42",10.7
2012-01-01,"South Australia","42",11.5
2013-01-01,"South Australia","42",11.8
2014-01-01,"South Australia","42",10.9
2015-01-01,"South Australia","42",9.3
2016-01-01,"South Australia","42",11.7
2017-01-01,"South Australia","42",10.4
2018-01-01,"South Australia","42",10.8
2019-01-01,"South Australia","42",11.9
2020-01-01,"South Australia","42",11.5
2021-01-01,"South Australia","42",11
2022-01-01,"South Australia","42",12.8
1975-01-01,"Tasmania","42",5.5
1976-01-01,"Tasmania","42",5.1
1977-01-01,"Tasmania","42",4.1
1978-01-01,"Tasmania","42",1
1979-01-01,"Tasmania","42",1.9
1980-01-01,"Tasmania","42",3.6
1981-01-01,"Tasmania","42",2.7
1982-01-01,"Tasmania","42",0.4
1983-01-01,"Tasmania","42",1.2
1984-01-01,"Tasmania","42",2.5
1985-01-01,"Tasmania","42",3.2
1986-01-01,"Tasmania","42",3.7
1987-01-01,"Tasmania","42",2.6
1988-01-01,"Tasmania","42",6.2
1989-01-01,"Tasmania","42",3.6
1990-01-01,"Tasmania","42",3.9
1991-01-01,"Tasmania","42",3
1992-01-01,"Tasmania","42",5.1
1993-01-01,"Tasmania","42",3.5
1994-01-01,"Tasmania","42",5
1995-01-01,"Tasmania","42",4.9
1996-01-01,"Tasmania","42",5.5
1997-01-01,"Tasmania","42",4.5
1998-01-01,"Tasmania","42",5
1999-01-01,"Tasmania","42",3.9
2000-01-01,"Tasmania","42",7
2001-01-01,"Tasmania","42",7.5
2002-01-01,"Tasmania","42",5.3
2003-01-01,"Tasmania","42",8.5
2004-01-01,"Tasmania","42",7.5
2005-01-01,"Tasmania","42",8
2006-01-01,"Tasmania","42",7
2007-01-01,"Tasmania","42",9.4
2008-01-01,"Tasmania","42",14.1
2009-01-01,"Tasmania","42",9.7
2010-01-01,"Tasmania","42",6.9
2011-01-01,"Tasmania","42",8.8
2012-01-01,"Tasmania","42",9.7
2013-01-01,"Tasmania","42",14.6
2014-01-01,"Tasmania","42",10.5
2015-01-01,"Tasmania","42",7.4
2016-01-01,"Tasmania","42",8
2017-01-01,"Tasmania","42",12.6
2018-01-01,"Tasmania","42",7.5
2019-01-01,"Tasmania","42",8.3
2020-01-01,"Tasmania","42",8.8
2021-01-01,"Tasmania","42",9.5
2022-01-01,"Tasmania","42",5.8
1975-01-01,"Victoria","42",6
1976-01-01,"Victoria","42",5.8
1977-01-01,"Victoria","42",5.1
1978-01-01,"Victoria","42",4.3
1979-01-01,"Victoria","42",4.5
1980-01-01,"Victoria","42",4.1
1981-01-01,"Victoria","42",3.6
1982-01-01,"Victoria","42",4
1983-01-01,"Victoria","42",3.6
1984-01-01,"Victoria","42",4.2
1985-01-01,"Victoria","42",3.3
1986-01-01,"Victoria","42",3.5
1987-01-01,"Victoria","42",4.1
1988-01-01,"Victoria","42",3.6
1989-01-01,"Victoria","42",4.5
1990-01-01,"Victoria","42",4.2
1991-01-01,"Victoria","42",4.5
1992-01-01,"Victoria","42",5.3
1993-01-01,"Victoria","42",5.4
1994-01-01,"Victoria","42",6.2
1995-01-01,"Victoria","42",6.4
1996-01-01,"Victoria","42",7.2
1997-01-01,"Victoria","42",6.2
1998-01-01,"Victoria","42",6.9
1999-01-01,"Victoria","42",7.5
2000-01-01,"Victoria","42",7.7
2001-01-01,"Victoria","42",8.7
2002-01-01,"Victoria","42",7.7
2003-01-01,"Victoria","42",9
2004-01-01,"Victoria","42",11
2005-01-01,"Victoria","42",9
2006-01-01,"Victoria","42",10.7
2007-01-01,"Victoria","42",12
2008-01-01,"Victoria","42",14.4
2009-01-01,"Victoria","42",13.1
2010-01-01,"Victoria","42",13.4
2011-01-01,"Victoria","42",13.9
2012-01-01,"Victoria","42",14.2
2013-01-01,"Victoria","42",13.1
2014-01-01,"Victoria","42",13.4
2015-01-01,"Victoria","42",13.2
2016-01-01,"Victoria","42",16
2017-01-01,"Victoria","42",16.1
2018-01-01,"Victoria","42",15
2019-01-01,"Victoria","42",14.1
2020-01-01,"Victoria","42",14.4
2021-01-01,"Victoria","42",14.4
2022-01-01,"Victoria","42",14.7
1975-01-01,"Western Australia","42",4.4
1976-01-01,"Western Australia","42",4.3
1977-01-01,"Western Australia","42",3.8
1978-01-01,"Western Australia","42",3.2
1979-01-01,"Western Australia","42",2.6
1980-01-01,"Western Australia","42",2.7
1981-01-01,"Western Australia","42",4.2
1982-01-01,"Western Australia","42",3.7
1983-01-01,"Western Australia","42",3.6
1984-01-01,"Western Australia","42",2.8
1985-01-01,"Western Australia","42",4
1986-01-01,"Western Australia","42",2.7
1987-01-01,"Western Australia","42",3.8
1988-01-01,"Western Australia","42",4.5
1989-01-01,"Western Australia","42",3.5
1990-01-01,"Western Australia","42",3.8
1991-01-01,"Western Australia","42",4.7
1992-01-01,"Western Australia","42",4.7
1993-01-01,"Western Australia","42",4.4
1994-01-01,"Western Australia","42",5.1
1995-01-01,"Western Australia","42",4.4
1996-01-01,"Western Australia","42",4.9
1997-01-01,"Western Australia","42",6.1
1998-01-01,"Western Australia","42",6.7
1999-01-01,"Western Australia","42",6.2
2000-01-01,"Western Australia","42",6.1
2001-01-01,"Western Australia","42",6.9
2002-01-01,"Western Australia","42",5.8
2003-01-01,"Western Australia","42",6.9
2004-01-01,"Western Australia","42",7.9
2005-01-01,"Western Australia","42",7.5
2006-01-01,"Western Australia","42",9.8
2007-01-01,"Western Australia","42",8.8
2008-01-01,"Western Australia","42",10.7
2009-01-01,"Western Australia","42",9.8
2010-01-01,"Western Australia","42",11.6
2011-01-01,"Western Australia","42",11.1
2012-01-01,"Western Australia","42",11.2
2013-01-01,"Western Australia","42",12.7
2014-01-01,"Western Australia","42",10.5
2015-01-01,"Western Australia","42",10.4
2016-01-01,"Western Australia","42",11.5
2017-01-01,"Western Australia","42",12.2
2018-01-01,"Western Australia","42",12.2
2019-01-01,"Western Australia","42",12.1
2020-01-01,"Western Australia","42",12.6
2021-01-01,"Western Australia","42",13.8
2022-01-01,"Western Australia","42",12.8
1975-01-01,"Australia","43",3.8
1976-01-01,"Australia","43",3.4
1977-01-01,"Australia","43",2.9
1978-01-01,"Australia","43",2.6
1979-01-01,"Australia","43",2.4
1980-01-01,"Australia","43",2.4
1981-01-01,"Australia","43",2.3
1982-01-01,"Australia","43",2.3
1983-01-01,"Australia","43",2.1
1984-01-01,"Australia","43",2.1
1985-01-01,"Australia","43",1.9
1986-01-01,"Australia","43",2
1987-01-01,"Australia","43",2.2
1988-01-01,"Australia","43",2.1
1989-01-01,"Australia","43",2.1
1990-01-01,"Australia","43",2.4
1991-01-01,"Australia","43",2.9
1992-01-01,"Australia","43",2.8
1993-01-01,"Australia","43",3
1994-01-01,"Australia","43",2.9
1995-01-01,"Australia","43",3.6
1996-01-01,"Australia","43",3.4
1997-01-01,"Australia","43",3.6
1998-01-01,"Australia","43",3.9
1999-01-01,"Australia","43",3.9
2000-01-01,"Australia","43",4.1
2001-01-01,"Australia","43",4.4
2002-01-01,"Australia","43",4.6
2003-01-01,"Australia","43",4.4
2004-01-01,"Australia","43",5.3
2005-01-01,"Australia","43",5.4
2006-01-01,"Australia","43",5.3
2007-01-01,"Australia","43",6.2
2008-01-01,"Australia","43",6.7
2009-01-01,"Australia","43",6.9
2010-01-01,"Australia","43",7.2
2011-01-01,"Australia","43",7.3
2012-01-01,"Australia","43",7.5
2013-01-01,"Australia","43",7.7
2014-01-01,"Australia","43",7.1
2015-01-01,"Australia","43",7.6
2016-01-01,"Australia","43",7.9
2017-01-01,"Australia","43",7.7
2018-01-01,"Australia","43",8.4
2019-01-01,"Australia","43",8.2
2020-01-01,"Australia","43",7.6
2021-01-01,"Australia","43",7.4
2022-01-01,"Australia","43",7.5
1975-01-01,"Australian Capital Territory","43",6.1
1976-01-01,"Australian Capital Territory","43",2
1977-01-01,"Australian Capital Territory","43",3.8
1978-01-01,"Australian Capital Territory","43",1
1979-01-01,"Australian Capital Territory","43",4.4
1980-01-01,"Australian Capital Territory","43",0.8
1981-01-01,"Australian Capital Territory","43",0
1982-01-01,"Australian Capital Territory","43",0.7
1983-01-01,"Australian Capital Territory","43",3.6
1984-01-01,"Australian Capital Territory","43",2.6
1985-01-01,"Australian Capital Territory","43",1.9
1986-01-01,"Australian Capital Territory","43",0.6
1987-01-01,"Australian Capital Territory","43",0.5
1988-01-01,"Australian Capital Territory","43",4.2
1989-01-01,"Australian Capital Territory","43",2
1990-01-01,"Australian Capital Territory","43",2
1991-01-01,"Australian Capital Territory","43",1.6
1992-01-01,"Australian Capital Territory","43",2.4
1993-01-01,"Australian Capital Territory","43",2.4
1994-01-01,"Australian Capital Territory","43",4.7
1995-01-01,"Australian Capital Territory","43",3.2
1996-01-01,"Australian Capital Territory","43",6.7
1997-01-01,"Australian Capital Territory","43",2.8
1998-01-01,"Australian Capital Territory","43",3.7
1999-01-01,"Australian Capital Territory","43",4.1
2000-01-01,"Australian Capital Territory","43",5.3
2001-01-01,"Australian Capital Territory","43",3.2
2002-01-01,"Australian Capital Territory","43",6.7
2003-01-01,"Australian Capital Territory","43",4.7
2004-01-01,"Australian Capital Territory","43",6.6
2005-01-01,"Australian Capital Territory","43",8.8
2006-01-01,"Australian Capital Territory","43",6.4
2007-01-01,"Australian Capital Territory","43",8.1
2008-01-01,"Australian Capital Territory","43",4.4
2009-01-01,"Australian Capital Territory","43",6.7
2010-01-01,"Australian Capital Territory","43",8.2
2011-01-01,"Australian Capital Territory","43",8.2
2012-01-01,"Australian Capital Territory","43",7.4
2013-01-01,"Australian Capital Territory","43",8.9
2014-01-01,"Australian Capital Territory","43",9.3
2015-01-01,"Australian Capital Territory","43",10.8
2016-01-01,"Australian Capital Territory","43",7.5
2017-01-01,"Australian Capital Territory","43",7
2018-01-01,"Australian Capital Territory","43",11.2
2019-01-01,"Australian Capital Territory","43",10.7
2020-01-01,"Australian Capital Territory","43",10.4
2021-01-01,"Australian Capital Territory","43",7.8
2022-01-01,"Australian Capital Territory","43",8.9
1975-01-01,"New South Wales","43",3.6
1976-01-01,"New South Wales","43",2.7
1977-01-01,"New South Wales","43",2.5
1978-01-01,"New South Wales","43",2.5
1979-01-01,"New South Wales","43",2.4
1980-01-01,"New South Wales","43",2.2
1981-01-01,"New South Wales","43",2
1982-01-01,"New South Wales","43",2.3
1983-01-01,"New South Wales","43",2.4
1984-01-01,"New South Wales","43",2.1
1985-01-01,"New South Wales","43",2.2
1986-01-01,"New South Wales","43",2.2
1987-01-01,"New South Wales","43",2.6
1988-01-01,"New South Wales","43",1.9
1989-01-01,"New South Wales","43",2.4
1990-01-01,"New South Wales","43",2.7
1991-01-01,"New South Wales","43",3.4
1992-01-01,"New South Wales","43",2.9
1993-01-01,"New South Wales","43",3.4
1994-01-01,"New South Wales","43",3.4
1995-01-01,"New South Wales","43",4.5
1996-01-01,"New South Wales","43",3.1
1997-01-01,"New South Wales","43",3.6
1998-01-01,"New South Wales","43",4.7
1999-01-01,"New South Wales","43",4.6
2000-01-01,"New South Wales","43",4.4
2001-01-01,"New South Wales","43",5.1
2002-01-01,"New South Wales","43",5.2
2003-01-01,"New South Wales","43",4.4
2004-01-01,"New South Wales","43",5.4
2005-01-01,"New South Wales","43",5.6
2006-01-01,"New South Wales","43",6
2007-01-01,"New South Wales","43",6.8
2008-01-01,"New South Wales","43",7.9
2009-01-01,"New South Wales","43",7
2010-01-01,"New South Wales","43",8
2011-01-01,"New South Wales","43",8.2
2012-01-01,"New South Wales","43",7.7
2013-01-01,"New South Wales","43",8.8
2014-01-01,"New South Wales","43",7.8
2015-01-01,"New South Wales","43",8.3
2016-01-01,"New South Wales","43",7.8
2017-01-01,"New South Wales","43",8.7
2018-01-01,"New South Wales","43",9.5
2019-01-01,"New South Wales","43",8.4
2020-01-01,"New South Wales","43",8.4
2021-01-01,"New South Wales","43",8.8
2022-01-01,"New South Wales","43",8.9
1975-01-01,"Northern Territory","43",21.2
1976-01-01,"Northern Territory","43",2.8
1977-01-01,"Northern Territory","43",4.8
1978-01-01,"Northern Territory","43",5
1979-01-01,"Northern Territory","43",9.3
1980-01-01,"Northern Territory","43",6.6
1981-01-01,"Northern Territory","43",5.8
1982-01-01,"Northern Territory","43",8.7
1983-01-01,"Northern Territory","43",9.9
1984-01-01,"Northern Territory","43",0
1985-01-01,"Northern Territory","43",5.5
1986-01-01,"Northern Territory","43",3.8
1987-01-01,"Northern Territory","43",4.7
1988-01-01,"Northern Territory","43",1.2
1989-01-01,"Northern Territory","43",0
1990-01-01,"Northern Territory","43",4.6
1991-01-01,"Northern Territory","43",0.9
1992-01-01,"Northern Territory","43",4.2
1993-01-01,"Northern Territory","43",2.6
1994-01-01,"Northern Territory","43",0
1995-01-01,"Northern Territory","43",5.7
1996-01-01,"Northern Territory","43",1.6
1997-01-01,"Northern Territory","43",2.2
1998-01-01,"Northern Territory","43",1.5
1999-01-01,"Northern Territory","43",4.1
2000-01-01,"Northern Territory","43",7.3
2001-01-01,"Northern Territory","43",8
2002-01-01,"Northern Territory","43",5.6
2003-01-01,"Northern Territory","43",6.7
2004-01-01,"Northern Territory","43",7.3
2005-01-01,"Northern Territory","43",6.5
2006-01-01,"Northern Territory","43",7.7
2007-01-01,"Northern Territory","43",6.4
2008-01-01,"Northern Territory","43",10.8
2009-01-01,"Northern Territory","43",11.1
2010-01-01,"Northern Territory","43",6.9
2011-01-01,"Northern Territory","43",8.1
2012-01-01,"Northern Territory","43",5.8
2013-01-01,"Northern Territory","43",8
2014-01-01,"Northern Territory","43",2.7
2015-01-01,"Northern Territory","43",7.4
2016-01-01,"Northern Territory","43",5.1
2017-01-01,"Northern Territory","43",6.6
2018-01-01,"Northern Territory","43",7
2019-01-01,"Northern Territory","43",9
2020-01-01,"Northern Territory","43",5
2021-01-01,"Northern Territory","43",5.8
2022-01-01,"Northern Territory","43",9.9
1975-01-01,"Queensland","43",3.8
1976-01-01,"Queensland","43",4.1
1977-01-01,"Queensland","43",3.3
1978-01-01,"Queensland","43",2.8
1979-01-01,"Queensland","43",2.2
1980-01-01,"Queensland","43",2.4
1981-01-01,"Queensland","43",3.1
1982-01-01,"Queensland","43",2.6
1983-01-01,"Queensland","43",2.3
1984-01-01,"Queensland","43",2.7
1985-01-01,"Queensland","43",1.6
1986-01-01,"Queensland","43",2.7
1987-01-01,"Queensland","43",1.8
1988-01-01,"Queensland","43",2.2
1989-01-01,"Queensland","43",2.1
1990-01-01,"Queensland","43",1.7
1991-01-01,"Queensland","43",2.7
1992-01-01,"Queensland","43",2.8
1993-01-01,"Queensland","43",2.8
1994-01-01,"Queensland","43",2.1
1995-01-01,"Queensland","43",2.4
1996-01-01,"Queensland","43",3.4
1997-01-01,"Queensland","43",3.4
1998-01-01,"Queensland","43",3.6
1999-01-01,"Queensland","43",2.9
2000-01-01,"Queensland","43",3.4
2001-01-01,"Queensland","43",3.4
2002-01-01,"Queensland","43",3.7
2003-01-01,"Queensland","43",3.5
2004-01-01,"Queensland","43",4.4
2005-01-01,"Queensland","43",4.6
2006-01-01,"Queensland","43",4.5
2007-01-01,"Queensland","43",4.8
2008-01-01,"Queensland","43",5.6
2009-01-01,"Queensland","43",6.7
2010-01-01,"Queensland","43",6.2
2011-01-01,"Queensland","43",6.4
2012-01-01,"Queensland","43",6.9
2013-01-01,"Queensland","43",6.7
2014-01-01,"Queensland","43",6.2
2015-01-01,"Queensland","43",5.9
2016-01-01,"Queensland","43",6.6
2017-01-01,"Queensland","43",5.8
2018-01-01,"Queensland","43",6.6
2019-01-01,"Queensland","43",7.2
2020-01-01,"Queensland","43",6.1
2021-01-01,"Queensland","43",6.5
2022-01-01,"Queensland","43",6.3
1975-01-01,"South Australia","43",3.1
1976-01-01,"South Australia","43",3.6
1977-01-01,"South Australia","43",2.6
1978-01-01,"South Australia","43",1.9
1979-01-01,"South Australia","43",1.8
1980-01-01,"South Australia","43",2.1
1981-01-01,"South Australia","43",2
1982-01-01,"South Australia","43",1.1
1983-01-01,"South Australia","43",2
1984-01-01,"South Australia","43",2.1
1985-01-01,"South Australia","43",2
1986-01-01,"South Australia","43",2
1987-01-01,"South Australia","43",1.2
1988-01-01,"South Australia","43",1.6
1989-01-01,"South Australia","43",1.3
1990-01-01,"South Australia","43",1.6
1991-01-01,"South Australia","43",1.3
1992-01-01,"South Australia","43",2.6
1993-01-01,"South Australia","43",3.7
1994-01-01,"South Australia","43",2.3
1995-01-01,"South Australia","43",3.6
1996-01-01,"South Australia","43",4.5
1997-01-01,"South Australia","43",4.7
1998-01-01,"South Australia","43",3.9
1999-01-01,"South Australia","43",3
2000-01-01,"South Australia","43",4.4
2001-01-01,"South Australia","43",5
2002-01-01,"South Australia","43",5.1
2003-01-01,"South Australia","43",4.6
2004-01-01,"South Australia","43",6
2005-01-01,"South Australia","43",4.7
2006-01-01,"South Australia","43",4.2
2007-01-01,"South Australia","43",5.2
2008-01-01,"South Australia","43",4.5
2009-01-01,"South Australia","43",5.8
2010-01-01,"South Australia","43",5.6
2011-01-01,"South Australia","43",5.3
2012-01-01,"South Australia","43",6.7
2013-01-01,"South Australia","43",5.7
2014-01-01,"South Australia","43",6.8
2015-01-01,"South Australia","43",5.7
2016-01-01,"South Australia","43",5
2017-01-01,"South Australia","43",7.3
2018-01-01,"South Australia","43",5.8
2019-01-01,"South Australia","43",8.3
2020-01-01,"South Australia","43",6.7
2021-01-01,"South Australia","43",6.3
2022-01-01,"South Australia","43",7.1
1975-01-01,"Tasmania","43",3.4
1976-01-01,"Tasmania","43",3.5
1977-01-01,"Tasmania","43",3.3
1978-01-01,"Tasmania","43",3.1
1979-01-01,"Tasmania","43",3.9
1980-01-01,"Tasmania","43",0.5
1981-01-01,"Tasmania","43",4.9
1982-01-01,"Tasmania","43",0.9
1983-01-01,"Tasmania","43",1.3
1984-01-01,"Tasmania","43",1.2
1985-01-01,"Tasmania","43",1.6
1986-01-01,"Tasmania","43",2
1987-01-01,"Tasmania","43",1.1
1988-01-01,"Tasmania","43",0.4
1989-01-01,"Tasmania","43",1
1990-01-01,"Tasmania","43",2.4
1991-01-01,"Tasmania","43",2.1
1992-01-01,"Tasmania","43",0.3
1993-01-01,"Tasmania","43",2.1
1994-01-01,"Tasmania","43",2.3
1995-01-01,"Tasmania","43",3
1996-01-01,"Tasmania","43",2.3
1997-01-01,"Tasmania","43",2.2
1998-01-01,"Tasmania","43",0.6
1999-01-01,"Tasmania","43",3.1
2000-01-01,"Tasmania","43",3.9
2001-01-01,"Tasmania","43",3.1
2002-01-01,"Tasmania","43",5.4
2003-01-01,"Tasmania","43",2.5
2004-01-01,"Tasmania","43",3.4
2005-01-01,"Tasmania","43",4.2
2006-01-01,"Tasmania","43",5.5
2007-01-01,"Tasmania","43",5.1
2008-01-01,"Tasmania","43",6.5
2009-01-01,"Tasmania","43",5
2010-01-01,"Tasmania","43",6.9
2011-01-01,"Tasmania","43",6.9
2012-01-01,"Tasmania","43",9.8
2013-01-01,"Tasmania","43",6
2014-01-01,"Tasmania","43",5.9
2015-01-01,"Tasmania","43",3.3
2016-01-01,"Tasmania","43",7.3
2017-01-01,"Tasmania","43",6.8
2018-01-01,"Tasmania","43",5.3
2019-01-01,"Tasmania","43",2.9
2020-01-01,"Tasmania","43",5.8
2021-01-01,"Tasmania","43",6.5
2022-01-01,"Tasmania","43",6.1
1975-01-01,"Victoria","43",4.5
1976-01-01,"Victoria","43",3.9
1977-01-01,"Victoria","43",3
1978-01-01,"Victoria","43",2.9
1979-01-01,"Victoria","43",2.5
1980-01-01,"Victoria","43",2.9
1981-01-01,"Victoria","43",2.3
1982-01-01,"Victoria","43",2.9
1983-01-01,"Victoria","43",1.6
1984-01-01,"Victoria","43",1.8
1985-01-01,"Victoria","43",2
1986-01-01,"Victoria","43",1.8
1987-01-01,"Victoria","43",2.3
1988-01-01,"Victoria","43",2.5
1989-01-01,"Victoria","43",2.1
1990-01-01,"Victoria","43",2.5
1991-01-01,"Victoria","43",2.9
1992-01-01,"Victoria","43",2.9
1993-01-01,"Victoria","43",2.8
1994-01-01,"Victoria","43",3.1
1995-01-01,"Victoria","43",3.4
1996-01-01,"Victoria","43",3.5
1997-01-01,"Victoria","43",3.5
1998-01-01,"Victoria","43",3.4
1999-01-01,"Victoria","43",4.4
2000-01-01,"Victoria","43",3.9
2001-01-01,"Victoria","43",4.1
2002-01-01,"Victoria","43",4.4
2003-01-01,"Victoria","43",5.2
2004-01-01,"Victoria","43",6.3
2005-01-01,"Victoria","43",5.7
2006-01-01,"Victoria","43",5.7
2007-01-01,"Victoria","43",7
2008-01-01,"Victoria","43",7.6
2009-01-01,"Victoria","43",7.6
2010-01-01,"Victoria","43",7.9
2011-01-01,"Victoria","43",7.3
2012-01-01,"Victoria","43",8.2
2013-01-01,"Victoria","43",8
2014-01-01,"Victoria","43",7.2
2015-01-01,"Victoria","43",8.7
2016-01-01,"Victoria","43",10.3
2017-01-01,"Victoria","43",8.5
2018-01-01,"Victoria","43",9.6
2019-01-01,"Victoria","43",9
2020-01-01,"Victoria","43",8.4
2021-01-01,"Victoria","43",7.3
2022-01-01,"Victoria","43",7.5
1975-01-01,"Western Australia","43",2.4
1976-01-01,"Western Australia","43",3.6
1977-01-01,"Western Australia","43",3.4
1978-01-01,"Western Australia","43",1.3
1979-01-01,"Western Australia","43",1.7
1980-01-01,"Western Australia","43",1.7
1981-01-01,"Western Australia","43",1.7
1982-01-01,"Western Australia","43",1.6
1983-01-01,"Western Australia","43",1.6
1984-01-01,"Western Australia","43",2
1985-01-01,"Western Australia","43",1.2
1986-01-01,"Western Australia","43",0.8
1987-01-01,"Western Australia","43",2.2
1988-01-01,"Western Australia","43",2.2
1989-01-01,"Western Australia","43",1.9
1990-01-01,"Western Australia","43",3.2
1991-01-01,"Western Australia","43",2.9
1992-01-01,"Western Australia","43",2.7
1993-01-01,"Western Australia","43",1.8
1994-01-01,"Western Australia","43",3
1995-01-01,"Western Australia","43",3.2
1996-01-01,"Western Australia","43",3.1
1997-01-01,"Western Australia","43",3.4
1998-01-01,"Western Australia","43",4
1999-01-01,"Western Australia","43",3.1
2000-01-01,"Western Australia","43",4.1
2001-01-01,"Western Australia","43",4.1
2002-01-01,"Western Australia","43",4.3
2003-01-01,"Western Australia","43",4.4
2004-01-01,"Western Australia","43",3.9
2005-01-01,"Western Australia","43",5.9
2006-01-01,"Western Australia","43",4.4
2007-01-01,"Western Australia","43",5.9
2008-01-01,"Western Australia","43",5
2009-01-01,"Western Australia","43",5.7
2010-01-01,"Western Australia","43",6.4
2011-01-01,"Western Australia","43",7.7
2012-01-01,"Western Australia","43",6.5
2013-01-01,"Western Australia","43",6.8
2014-01-01,"Western Australia","43",7.4
2015-01-01,"Western Australia","43",8
2016-01-01,"Western Australia","43",7
2017-01-01,"Western Australia","43",7.2
2018-01-01,"Western Australia","43",7.4
2019-01-01,"Western Australia","43",8
2020-01-01,"Western Australia","43",6.8
2021-01-01,"Western Australia","43",6.2
2022-01-01,"Western Australia","43",5.6
1975-01-01,"Australia","44",1.9
1976-01-01,"Australia","44",1.8
1977-01-01,"Australia","44",1.5
1978-01-01,"Australia","44",1.4
1979-01-01,"Australia","44",1.6
1980-01-01,"Australia","44",1.1
1981-01-01,"Australia","44",1
1982-01-01,"Australia","44",1.2
1983-01-01,"Australia","44",1.1
1984-01-01,"Australia","44",1.2
1985-01-01,"Australia","44",1.4
1986-01-01,"Australia","44",1.1
1987-01-01,"Australia","44",1
1988-01-01,"Australia","44",0.9
1989-01-01,"Australia","44",1.3
1990-01-01,"Australia","44",1
1991-01-01,"Australia","44",1.3
1992-01-01,"Australia","44",1.5
1993-01-01,"Australia","44",1.4
1994-01-01,"Australia","44",1.3
1995-01-01,"Australia","44",1.6
1996-01-01,"Australia","44",1.9
1997-01-01,"Australia","44",1.7
1998-01-01,"Australia","44",1.6
1999-01-01,"Australia","44",2
2000-01-01,"Australia","44",2.2
2001-01-01,"Australia","44",2.2
2002-01-01,"Australia","44",2.4
2003-01-01,"Australia","44",2.3
2004-01-01,"Australia","44",2.6
2005-01-01,"Australia","44",2.9
2006-01-01,"Australia","44",2.7
2007-01-01,"Australia","44",3.3
2008-01-01,"Australia","44",3.4
2009-01-01,"Australia","44",3.6
2010-01-01,"Australia","44",3.6
2011-01-01,"Australia","44",3.8
2012-01-01,"Australia","44",4
2013-01-01,"Australia","44",4.2
2014-01-01,"Australia","44",4.2
2015-01-01,"Australia","44",4.2
2016-01-01,"Australia","44",4.3
2017-01-01,"Australia","44",4.6
2018-01-01,"Australia","44",4.7
2019-01-01,"Australia","44",4.5
2020-01-01,"Australia","44",4.4
2021-01-01,"Australia","44",4.1
2022-01-01,"Australia","44",4.5
1975-01-01,"Australian Capital Territory","44",1.9
1976-01-01,"Australian Capital Territory","44",2
1977-01-01,"Australian Capital Territory","44",3
1978-01-01,"Australian Capital Territory","44",0
1979-01-01,"Australian Capital Territory","44",2
1980-01-01,"Australian Capital Territory","44",0
1981-01-01,"Australian Capital Territory","44",3.1
1982-01-01,"Australian Capital Territory","44",1.6
1983-01-01,"Australian Capital Territory","44",0.7
1984-01-01,"Australian Capital Territory","44",2.2
1985-01-01,"Australian Capital Territory","44",3.3
1986-01-01,"Australian Capital Territory","44",0
1987-01-01,"Australian Capital Territory","44",1.2
1988-01-01,"Australian Capital Territory","44",0.5
1989-01-01,"Australian Capital Territory","44",2.6
1990-01-01,"Australian Capital Territory","44",0.5
1991-01-01,"Australian Capital Territory","44",2.4
1992-01-01,"Australian Capital Territory","44",2
1993-01-01,"Australian Capital Territory","44",1.2
1994-01-01,"Australian Capital Territory","44",1.2
1995-01-01,"Australian Capital Territory","44",0.8
1996-01-01,"Australian Capital Territory","44",2.4
1997-01-01,"Australian Capital Territory","44",1.2
1998-01-01,"Australian Capital Territory","44",1.6
1999-01-01,"Australian Capital Territory","44",2.5
2000-01-01,"Australian Capital Territory","44",2
2001-01-01,"Australian Capital Territory","44",1.2
2002-01-01,"Australian Capital Territory","44",3.7
2003-01-01,"Australian Capital Territory","44",2.3
2004-01-01,"Australian Capital Territory","44",4.7
2005-01-01,"Australian Capital Territory","44",3.5
2006-01-01,"Australian Capital Territory","44",3.8
2007-01-01,"Australian Capital Territory","44",3.2
2008-01-01,"Australian Capital Territory","44",5.4
2009-01-01,"Australian Capital Territory","44",4
2010-01-01,"Australian Capital Territory","44",3.9
2011-01-01,"Australian Capital Territory","44",6.1
2012-01-01,"Australian Capital Territory","44",4.3
2013-01-01,"Australian Capital Territory","44",4.4
2014-01-01,"Australian Capital Territory","44",8.1
2015-01-01,"Australian Capital Territory","44",4.8
2016-01-01,"Australian Capital Territory","44",6.1
2017-01-01,"Australian Capital Territory","44",4.7
2018-01-01,"Australian Capital Territory","44",6.3
2019-01-01,"Australian Capital Territory","44",5.5
2020-01-01,"Australian Capital Territory","44",4.6
2021-01-01,"Australian Capital Territory","44",3.7
2022-01-01,"Australian Capital Territory","44",6.5
1975-01-01,"New South Wales","44",1.6
1976-01-01,"New South Wales","44",1.8
1977-01-01,"New South Wales","44",1.5
1978-01-01,"New South Wales","44",1.2
1979-01-01,"New South Wales","44",1.7
1980-01-01,"New South Wales","44",1.2
1981-01-01,"New South Wales","44",1.4
1982-01-01,"New South Wales","44",1
1983-01-01,"New South Wales","44",0.9
1984-01-01,"New South Wales","44",1.3
1985-01-01,"New South Wales","44",1.5
1986-01-01,"New South Wales","44",1.2
1987-01-01,"New South Wales","44",0.9
1988-01-01,"New South Wales","44",0.9
1989-01-01,"New South Wales","44",1.3
1990-01-01,"New South Wales","44",0.9
1991-01-01,"New South Wales","44",1.2
1992-01-01,"New South Wales","44",1.5
1993-01-01,"New South Wales","44",1.8
1994-01-01,"New South Wales","44",1.3
1995-01-01,"New South Wales","44",1.5
1996-01-01,"New South Wales","44",1.8
1997-01-01,"New South Wales","44",1.9
1998-01-01,"New South Wales","44",1.7
1999-01-01,"New South Wales","44",2.4
2000-01-01,"New South Wales","44",2.7
2001-01-01,"New South Wales","44",2.2
2002-01-01,"New South Wales","44",2.7
2003-01-01,"New South Wales","44",2.5
2004-01-01,"New South Wales","44",2.8
2005-01-01,"New South Wales","44",3
2006-01-01,"New South Wales","44",3.3
2007-01-01,"New South Wales","44",3.9
2008-01-01,"New South Wales","44",4
2009-01-01,"New South Wales","44",4
2010-01-01,"New South Wales","44",3.6
2011-01-01,"New South Wales","44",3.8
2012-01-01,"New South Wales","44",4.1
2013-01-01,"New South Wales","44",4.2
2014-01-01,"New South Wales","44",4.3
2015-01-01,"New South Wales","44",5.1
2016-01-01,"New South Wales","44",4.5
2017-01-01,"New South Wales","44",4.8
2018-01-01,"New South Wales","44",5.5
2019-01-01,"New South Wales","44",5.1
2020-01-01,"New South Wales","44",4.9
2021-01-01,"New South Wales","44",4.9
2022-01-01,"New South Wales","44",4.9
1975-01-01,"Northern Territory","44",6.9
1976-01-01,"Northern Territory","44",15.4
1977-01-01,"Northern Territory","44",8.2
1978-01-01,"Northern Territory","44",9.6
1979-01-01,"Northern Territory","44",12.5
1980-01-01,"Northern Territory","44",5.7
1981-01-01,"Northern Territory","44",0
1982-01-01,"Northern Territory","44",3.8
1983-01-01,"Northern Territory","44",1.7
1984-01-01,"Northern Territory","44",3.2
1985-01-01,"Northern Territory","44",0
1986-01-01,"Northern Territory","44",5.5
1987-01-01,"Northern Territory","44",0
1988-01-01,"Northern Territory","44",0
1989-01-01,"Northern Territory","44",0
1990-01-01,"Northern Territory","44",0
1991-01-01,"Northern Territory","44",2.8
1992-01-01,"Northern Territory","44",1.8
1993-01-01,"Northern Territory","44",3.5
1994-01-01,"Northern Territory","44",1.8
1995-01-01,"Northern Territory","44",2.4
1996-01-01,"Northern Territory","44",0
1997-01-01,"Northern Territory","44",3.2
1998-01-01,"Northern Territory","44",2.2
1999-01-01,"Northern Territory","44",3.7
2000-01-01,"Northern Territory","44",4.8
2001-01-01,"Northern Territory","44",2.2
2002-01-01,"Northern Territory","44",2
2003-01-01,"Northern Territory","44",2.1
2004-01-01,"Northern Territory","44",2
2005-01-01,"Northern Territory","44",3.7
2006-01-01,"Northern Territory","44",3.9
2007-01-01,"Northern Territory","44",3.2
2008-01-01,"Northern Territory","44",2.6
2009-01-01,"Northern Territory","44",2.7
2010-01-01,"Northern Territory","44",1.9
2011-01-01,"Northern Territory","44",6.3
2012-01-01,"Northern Territory","44",1.9
2013-01-01,"Northern Territory","44",3.5
2014-01-01,"Northern Territory","44",5.3
2015-01-01,"Northern Territory","44",1.6
2016-01-01,"Northern Territory","44",4
2017-01-01,"Northern Territory","44",3.1
2018-01-01,"Northern Territory","44",3.7
2019-01-01,"Northern Territory","44",6.4
2020-01-01,"Northern Territory","44",7.3
2021-01-01,"Northern Territory","44",3.8
2022-01-01,"Northern Territory","44",4.2
1975-01-01,"Queensland","44",2.5
1976-01-01,"Queensland","44",1.6
1977-01-01,"Queensland","44",1.5
1978-01-01,"Queensland","44",2.4
1979-01-01,"Queensland","44",1.9
1980-01-01,"Queensland","44",1.8
1981-01-01,"Queensland","44",1
1982-01-01,"Queensland","44",2
1983-01-01,"Queensland","44",1.3
1984-01-01,"Queensland","44",0.8
1985-01-01,"Queensland","44",1.1
1986-01-01,"Queensland","44",1
1987-01-01,"Queensland","44",1
1988-01-01,"Queensland","44",0.9
1989-01-01,"Queensland","44",1.6
1990-01-01,"Queensland","44",0.9
1991-01-01,"Queensland","44",1.6
1992-01-01,"Queensland","44",1.7
1993-01-01,"Queensland","44",1.5
1994-01-01,"Queensland","44",1.1
1995-01-01,"Queensland","44",1.6
1996-01-01,"Queensland","44",1.9
1997-01-01,"Queensland","44",1.2
1998-01-01,"Queensland","44",1.2
1999-01-01,"Queensland","44",1.7
2000-01-01,"Queensland","44",1.6
2001-01-01,"Queensland","44",2.2
2002-01-01,"Queensland","44",1.7
2003-01-01,"Queensland","44",2.1
2004-01-01,"Queensland","44",2.3
2005-01-01,"Queensland","44",2.3
2006-01-01,"Queensland","44",2
2007-01-01,"Queensland","44",2.9
2008-01-01,"Queensland","44",2.7
2009-01-01,"Queensland","44",2.7
2010-01-01,"Queensland","44",3.3
2011-01-01,"Queensland","44",3.2
2012-01-01,"Queensland","44",3.5
2013-01-01,"Queensland","44",3.8
2014-01-01,"Queensland","44",3.2
2015-01-01,"Queensland","44",4.1
2016-01-01,"Queensland","44",4.3
2017-01-01,"Queensland","44",3.8
2018-01-01,"Queensland","44",3.6
2019-01-01,"Queensland","44",3.8
2020-01-01,"Queensland","44",3.4
2021-01-01,"Queensland","44",3.4
2022-01-01,"Queensland","44",4.3
1975-01-01,"South Australia","44",1.5
1976-01-01,"South Australia","44",1.6
1977-01-01,"South Australia","44",1.3
1978-01-01,"South Australia","44",0.9
1979-01-01,"South Australia","44",1.6
1980-01-01,"South Australia","44",0.6
1981-01-01,"South Australia","44",0.9
1982-01-01,"South Australia","44",0.9
1983-01-01,"South Australia","44",1.1
1984-01-01,"South Australia","44",0.8
1985-01-01,"South Australia","44",1.1
1986-01-01,"South Australia","44",0.9
1987-01-01,"South Australia","44",0.8
1988-01-01,"South Australia","44",0.1
1989-01-01,"South Australia","44",0.9
1990-01-01,"South Australia","44",0.8
1991-01-01,"South Australia","44",0.6
1992-01-01,"South Australia","44",1.4
1993-01-01,"South Australia","44",1.1
1994-01-01,"South Australia","44",1.8
1995-01-01,"South Australia","44",2.1
1996-01-01,"South Australia","44",2.2
1997-01-01,"South Australia","44",1.5
1998-01-01,"South Australia","44",1.5
1999-01-01,"South Australia","44",1.9
2000-01-01,"South Australia","44",3
2001-01-01,"South Australia","44",3.8
2002-01-01,"South Australia","44",3.1
2003-01-01,"South Australia","44",2.4
2004-01-01,"South Australia","44",3.3
2005-01-01,"South Australia","44",2.2
2006-01-01,"South Australia","44",2.4
2007-01-01,"South Australia","44",3.1
2008-01-01,"South Australia","44",2.5
2009-01-01,"South Australia","44",3.7
2010-01-01,"South Australia","44",3.2
2011-01-01,"South Australia","44",2.3
2012-01-01,"South Australia","44",3.4
2013-01-01,"South Australia","44",3.4
2014-01-01,"South Australia","44",4
2015-01-01,"South Australia","44",3.7
2016-01-01,"South Australia","44",3.4
2017-01-01,"South Australia","44",2.8
2018-01-01,"South Australia","44",3.3
2019-01-01,"South Australia","44",4.4
2020-01-01,"South Australia","44",4.3
2021-01-01,"South Australia","44",3.5
2022-01-01,"South Australia","44",3.4
1975-01-01,"Tasmania","44",1.3
1976-01-01,"Tasmania","44",4
1977-01-01,"Tasmania","44",0.5
1978-01-01,"Tasmania","44",0
1979-01-01,"Tasmania","44",1.5
1980-01-01,"Tasmania","44",1.5
1981-01-01,"Tasmania","44",1.9
1982-01-01,"Tasmania","44",1.3
1983-01-01,"Tasmania","44",1.8
1984-01-01,"Tasmania","44",0.9
1985-01-01,"Tasmania","44",1.7
1986-01-01,"Tasmania","44",0.4
1987-01-01,"Tasmania","44",1.2
1988-01-01,"Tasmania","44",1.5
1989-01-01,"Tasmania","44",0.4
1990-01-01,"Tasmania","44",1
1991-01-01,"Tasmania","44",0.6
1992-01-01,"Tasmania","44",0.6
1993-01-01,"Tasmania","44",1.5
1994-01-01,"Tasmania","44",0.6
1995-01-01,"Tasmania","44",1.5
1996-01-01,"Tasmania","44",1.2
1997-01-01,"Tasmania","44",0.6
1998-01-01,"Tasmania","44",1.7
1999-01-01,"Tasmania","44",0.6
2000-01-01,"Tasmania","44",0.8
2001-01-01,"Tasmania","44",0.3
2002-01-01,"Tasmania","44",1.8
2003-01-01,"Tasmania","44",1.7
2004-01-01,"Tasmania","44",2.2
2005-01-01,"Tasmania","44",2.1
2006-01-01,"Tasmania","44",1.1
2007-01-01,"Tasmania","44",3.1
2008-01-01,"Tasmania","44",2.5
2009-01-01,"Tasmania","44",0.9
2010-01-01,"Tasmania","44",3.1
2011-01-01,"Tasmania","44",3.3
2012-01-01,"Tasmania","44",1.5
2013-01-01,"Tasmania","44",3.1
2014-01-01,"Tasmania","44",4.6
2015-01-01,"Tasmania","44",2.4
2016-01-01,"Tasmania","44",4.1
2017-01-01,"Tasmania","44",4.1
2018-01-01,"Tasmania","44",3.1
2019-01-01,"Tasmania","44",3.7
2020-01-01,"Tasmania","44",4.4
2021-01-01,"Tasmania","44",2.9
2022-01-01,"Tasmania","44",4.3
1975-01-01,"Victoria","44",2.3
1976-01-01,"Victoria","44",1.4
1977-01-01,"Victoria","44",1.6
1978-01-01,"Victoria","44",1.5
1979-01-01,"Victoria","44",1.5
1980-01-01,"Victoria","44",1
1981-01-01,"Victoria","44",0.8
1982-01-01,"Victoria","44",1.2
1983-01-01,"Victoria","44",1.2
1984-01-01,"Victoria","44",1.3
1985-01-01,"Victoria","44",1.4
1986-01-01,"Victoria","44",1.1
1987-01-01,"Victoria","44",1.4
1988-01-01,"Victoria","44",1.1
1989-01-01,"Victoria","44",1.1
1990-01-01,"Victoria","44",1.2
1991-01-01,"Victoria","44",1.5
1992-01-01,"Victoria","44",1.5
1993-01-01,"Victoria","44",1
1994-01-01,"Victoria","44",1.7
1995-01-01,"Victoria","44",1.6
1996-01-01,"Victoria","44",2.2
1997-01-01,"Victoria","44",1.9
1998-01-01,"Victoria","44",1.8
1999-01-01,"Victoria","44",1.8
2000-01-01,"Victoria","44",2.1
2001-01-01,"Victoria","44",2.2
2002-01-01,"Victoria","44",2.2
2003-01-01,"Victoria","44",2.6
2004-01-01,"Victoria","44",2.2
2005-01-01,"Victoria","44",3.3
2006-01-01,"Victoria","44",2.7
2007-01-01,"Victoria","44",3.4
2008-01-01,"Victoria","44",3.7
2009-01-01,"Victoria","44",4.4
2010-01-01,"Victoria","44",3.8
2011-01-01,"Victoria","44",4.7
2012-01-01,"Victoria","44",4.7
2013-01-01,"Victoria","44",4.6
2014-01-01,"Victoria","44",4.6
2015-01-01,"Victoria","44",3.7
2016-01-01,"Victoria","44",4.7
2017-01-01,"Victoria","44",5.6
2018-01-01,"Victoria","44",5.4
2019-01-01,"Victoria","44",4.7
2020-01-01,"Victoria","44",4.6
2021-01-01,"Victoria","44",4.1
2022-01-01,"Victoria","44",4.9
1975-01-01,"Western Australia","44",1.8
1976-01-01,"Western Australia","44",1.9
1977-01-01,"Western Australia","44",1
1978-01-01,"Western Australia","44",0.7
1979-01-01,"Western Australia","44",1
1980-01-01,"Western Australia","44",1.1
1981-01-01,"Western Australia","44",0.8
1982-01-01,"Western Australia","44",1.1
1983-01-01,"Western Australia","44",0.4
1984-01-01,"Western Australia","44",0.3
1985-01-01,"Western Australia","44",1.5
1986-01-01,"Western Australia","44",1.5
1987-01-01,"Western Australia","44",0.7
1988-01-01,"Western Australia","44",0.7
1989-01-01,"Western Australia","44",1.6
1990-01-01,"Western Australia","44",1.2
1991-01-01,"Western Australia","44",1
1992-01-01,"Western Australia","44",1.2
1993-01-01,"Western Australia","44",1.4
1994-01-01,"Western Australia","44",0.8
1995-01-01,"Western Australia","44",1.2
1996-01-01,"Western Australia","44",1.2
1997-01-01,"Western Australia","44",1.6
1998-01-01,"Western Australia","44",1.3
1999-01-01,"Western Australia","44",1.5
2000-01-01,"Western Australia","44",1.8
2001-01-01,"Western Australia","44",1.8
2002-01-01,"Western Australia","44",2.3
2003-01-01,"Western Australia","44",2
2004-01-01,"Western Australia","44",2.5
2005-01-01,"Western Australia","44",2.7
2006-01-01,"Western Australia","44",2.9
2007-01-01,"Western Australia","44",2.4
2008-01-01,"Western Australia","44",2.9
2009-01-01,"Western Australia","44",2.9
2010-01-01,"Western Australia","44",3.6
2011-01-01,"Western Australia","44",3.1
2012-01-01,"Western Australia","44",4.3
2013-01-01,"Western Australia","44",4.4
2014-01-01,"Western Australia","44",4.1
2015-01-01,"Western Australia","44",3.7
2016-01-01,"Western Australia","44",3.4
2017-01-01,"Western Australia","44",4.4
2018-01-01,"Western Australia","44",3.8
2019-01-01,"Western Australia","44",3.3
2020-01-01,"Western Australia","44",3.8
2021-01-01,"Western Australia","44",3.6
2022-01-01,"Western Australia","44",3.6
1975-01-01,"Australia","45",0.9
1976-01-01,"Australia","45",1.3
1977-01-01,"Australia","45",0.8
1978-01-01,"Australia","45",0.7
1979-01-01,"Australia","45",0.9
1980-01-01,"Australia","45",0.8
1981-01-01,"Australia","45",0.7
1982-01-01,"Australia","45",0.6
1983-01-01,"Australia","45",0.7
1984-01-01,"Australia","45",0.6
1985-01-01,"Australia","45",0.6
1986-01-01,"Australia","45",0.6
1987-01-01,"Australia","45",0.7
1988-01-01,"Australia","45",0.6
1989-01-01,"Australia","45",0.6
1990-01-01,"Australia","45",0.6
1991-01-01,"Australia","45",0.6
1992-01-01,"Australia","45",0.8
1993-01-01,"Australia","45",0.6
1994-01-01,"Australia","45",0.7
1995-01-01,"Australia","45",0.7
1996-01-01,"Australia","45",0.7
1997-01-01,"Australia","45",0.8
1998-01-01,"Australia","45",0.8
1999-01-01,"Australia","45",0.9
2000-01-01,"Australia","45",1.1
2001-01-01,"Australia","45",1
2002-01-01,"Australia","45",1.2
2003-01-01,"Australia","45",1.3
2004-01-01,"Australia","45",1.3
2005-01-01,"Australia","45",1.2
2006-01-01,"Australia","45",1.3
2007-01-01,"Australia","45",1.5
2008-01-01,"Australia","45",1.6
2009-01-01,"Australia","45",1.7
2010-01-01,"Australia","45",2
2011-01-01,"Australia","45",2
2012-01-01,"Australia","45",2.2
2013-01-01,"Australia","45",1.8
2014-01-01,"Australia","45",2.1
2015-01-01,"Australia","45",2.3
2016-01-01,"Australia","45",2.4
2017-01-01,"Australia","45",2.3
2018-01-01,"Australia","45",2.7
2019-01-01,"Australia","45",2.5
2020-01-01,"Australia","45",2.5
2021-01-01,"Australia","45",2
2022-01-01,"Australia","45",2.3
1975-01-01,"Australian Capital Territory","45",3.2
1976-01-01,"Australian Capital Territory","45",0.9
1977-01-01,"Australian Capital Territory","45",0
1978-01-01,"Australian Capital Territory","45",0
1979-01-01,"Australian Capital Territory","45",2.8
1980-01-01,"Australian Capital Territory","45",0
1981-01-01,"Australian Capital Territory","45",1.8
1982-01-01,"Australian Capital Territory","45",3.2
1983-01-01,"Australian Capital Territory","45",3.1
1984-01-01,"Australian Capital Territory","45",0
1985-01-01,"Australian Capital Territory","45",0
1986-01-01,"Australian Capital Territory","45",1.3
1987-01-01,"Australian Capital Territory","45",0
1988-01-01,"Australian Capital Territory","45",1.8
1989-01-01,"Australian Capital Territory","45",1.6
1990-01-01,"Australian Capital Territory","45",2.1
1991-01-01,"Australian Capital Territory","45",0
1992-01-01,"Australian Capital Territory","45",0.4
1993-01-01,"Australian Capital Territory","45",1.6
1994-01-01,"Australian Capital Territory","45",0
1995-01-01,"Australian Capital Territory","45",0.8
1996-01-01,"Australian Capital Territory","45",0.4
1997-01-01,"Australian Capital Territory","45",1.6
1998-01-01,"Australian Capital Territory","45",0
1999-01-01,"Australian Capital Territory","45",0.4
2000-01-01,"Australian Capital Territory","45",0.4
2001-01-01,"Australian Capital Territory","45",0.4
2002-01-01,"Australian Capital Territory","45",1.7
2003-01-01,"Australian Capital Territory","45",1.2
2004-01-01,"Australian Capital Territory","45",2.3
2005-01-01,"Australian Capital Territory","45",1.2
2006-01-01,"Australian Capital Territory","45",1.9
2007-01-01,"Australian Capital Territory","45",1.9
2008-01-01,"Australian Capital Territory","45",1.2
2009-01-01,"Australian Capital Territory","45",3.5
2010-01-01,"Australian Capital Territory","45",3.2
2011-01-01,"Australian Capital Territory","45",2
2012-01-01,"Australian Capital Territory","45",2
2013-01-01,"Australian Capital Territory","45",2.3
2014-01-01,"Australian Capital Territory","45",2.6
2015-01-01,"Australian Capital Territory","45",2.9
2016-01-01,"Australian Capital Territory","45",1.7
2017-01-01,"Australian Capital Territory","45",2.7
2018-01-01,"Australian Capital Territory","45",5.4
2019-01-01,"Australian Capital Territory","45",1
2020-01-01,"Australian Capital Territory","45",2.4
2021-01-01,"Australian Capital Territory","45",1.1
2022-01-01,"Australian Capital Territory","45",2
1975-01-01,"New South Wales","45",0.7
1976-01-01,"New South Wales","45",1.2
1977-01-01,"New South Wales","45",0.7
1978-01-01,"New South Wales","45",0.7
1979-01-01,"New South Wales","45",0.8
1980-01-01,"New South Wales","45",0.8
1981-01-01,"New South Wales","45",0.6
1982-01-01,"New South Wales","45",0.5
1983-01-01,"New South Wales","45",0.5
1984-01-01,"New South Wales","45",0.5
1985-01-01,"New South Wales","45",0.8
1986-01-01,"New South Wales","45",0.6
1987-01-01,"New South Wales","45",0.7
1988-01-01,"New South Wales","45",0.6
1989-01-01,"New South Wales","45",0.5
1990-01-01,"New South Wales","45",0.5
1991-01-01,"New South Wales","45",0.8
1992-01-01,"New South Wales","45",0.8
1993-01-01,"New South Wales","45",0.7
1994-01-01,"New South Wales","45",0.6
1995-01-01,"New South Wales","45",0.8
1996-01-01,"New South Wales","45",0.6
1997-01-01,"New South Wales","45",1
1998-01-01,"New South Wales","45",0.8
1999-01-01,"New South Wales","45",1.1
2000-01-01,"New South Wales","45",1.1
2001-01-01,"New South Wales","45",1.2
2002-01-01,"New South Wales","45",1.1
2003-01-01,"New South Wales","45",1.2
2004-01-01,"New South Wales","45",1.4
2005-01-01,"New South Wales","45",1.4
2006-01-01,"New South Wales","45",1.3
2007-01-01,"New South Wales","45",1.7
2008-01-01,"New South Wales","45",1.5
2009-01-01,"New South Wales","45",1.9
2010-01-01,"New South Wales","45",2.1
2011-01-01,"New South Wales","45",2.1
2012-01-01,"New South Wales","45",2.4
2013-01-01,"New South Wales","45",2.2
2014-01-01,"New South Wales","45",2.5
2015-01-01,"New South Wales","45",2.3
2016-01-01,"New South Wales","45",2.7
2017-01-01,"New South Wales","45",2.7
2018-01-01,"New South Wales","45",3
2019-01-01,"New South Wales","45",2.8
2020-01-01,"New South Wales","45",2.7
2021-01-01,"New South Wales","45",2.2
2022-01-01,"New South Wales","45",2.5
1975-01-01,"Northern Territory","45",3
1976-01-01,"Northern Territory","45",4.5
1977-01-01,"Northern Territory","45",6
1978-01-01,"Northern Territory","45",8.2
1979-01-01,"Northern Territory","45",2.4
1980-01-01,"Northern Territory","45",0
1981-01-01,"Northern Territory","45",5.8
1982-01-01,"Northern Territory","45",2.1
1983-01-01,"Northern Territory","45",7.5
1984-01-01,"Northern Territory","45",0
1985-01-01,"Northern Territory","45",0
1986-01-01,"Northern Territory","45",2.6
1987-01-01,"Northern Territory","45",4.1
1988-01-01,"Northern Territory","45",2.7
1989-01-01,"Northern Territory","45",0
1990-01-01,"Northern Territory","45",0
1991-01-01,"Northern Territory","45",0
1992-01-01,"Northern Territory","45",0
1993-01-01,"Northern Territory","45",1.8
1994-01-01,"Northern Territory","45",3.5
1995-01-01,"Northern Territory","45",0
1996-01-01,"Northern Territory","45",0
1997-01-01,"Northern Territory","45",0
1998-01-01,"Northern Territory","45",1.6
1999-01-01,"Northern Territory","45",0
2000-01-01,"Northern Territory","45",3
2001-01-01,"Northern Territory","45",1.4
2002-01-01,"Northern Territory","45",0.7
2003-01-01,"Northern Territory","45",1.4
2004-01-01,"Northern Territory","45",2.1
2005-01-01,"Northern Territory","45",0.7
2006-01-01,"Northern Territory","45",0
2007-01-01,"Northern Territory","45",0.7
2008-01-01,"Northern Territory","45",1.3
2009-01-01,"Northern Territory","45",0.7
2010-01-01,"Northern Territory","45",1.3
2011-01-01,"Northern Territory","45",0.6
2012-01-01,"Northern Territory","45",3.2
2013-01-01,"Northern Territory","45",0.6
2014-01-01,"Northern Territory","45",1.2
2015-01-01,"Northern Territory","45",1.8
2016-01-01,"Northern Territory","45",0.6
2017-01-01,"Northern Territory","45",2.9
2018-01-01,"Northern Territory","45",0.6
2019-01-01,"Northern Territory","45",3.1
2020-01-01,"Northern Territory","45",3.3
2021-01-01,"Northern Territory","45",0
2022-01-01,"Northern Territory","45",1.3
1975-01-01,"Queensland","45",0.9
1976-01-01,"Queensland","45",1.5
1977-01-01,"Queensland","45",1
1978-01-01,"Queensland","45",0.5
1979-01-01,"Queensland","45",1.4
1980-01-01,"Queensland","45",0.8
1981-01-01,"Queensland","45",0.6
1982-01-01,"Queensland","45",0.6
1983-01-01,"Queensland","45",1.1
1984-01-01,"Queensland","45",0.8
1985-01-01,"Queensland","45",0.5
1986-01-01,"Queensland","45",1
1987-01-01,"Queensland","45",0.7
1988-01-01,"Queensland","45",0.9
1989-01-01,"Queensland","45",0.6
1990-01-01,"Queensland","45",0.8
1991-01-01,"Queensland","45",0.5
1992-01-01,"Queensland","45",0.8
1993-01-01,"Queensland","45",0.3
1994-01-01,"Queensland","45",0.6
1995-01-01,"Queensland","45",0.7
1996-01-01,"Queensland","45",0.6
1997-01-01,"Queensland","45",0.5
1998-01-01,"Queensland","45",0.7
1999-01-01,"Queensland","45",0.5
2000-01-01,"Queensland","45",0.9
2001-01-01,"Queensland","45",0.7
2002-01-01,"Queensland","45",1.2
2003-01-01,"Queensland","45",0.9
2004-01-01,"Queensland","45",1.1
2005-01-01,"Queensland","45",0.9
2006-01-01,"Queensland","45",1.3
2007-01-01,"Queensland","45",1.5
2008-01-01,"Queensland","45",1.4
2009-01-01,"Queensland","45",1.1
2010-01-01,"Queensland","45",2
2011-01-01,"Queensland","45",1.5
2012-01-01,"Queensland","45",1.9
2013-01-01,"Queensland","45",1.5
2014-01-01,"Queensland","45",1.5
2015-01-01,"Queensland","45",2.2
2016-01-01,"Queensland","45",2
2017-01-01,"Queensland","45",1.8
2018-01-01,"Queensland","45",2.6
2019-01-01,"Queensland","45",2
2020-01-01,"Queensland","45",1.9
2021-01-01,"Queensland","45",1.7
2022-01-01,"Queensland","45",2.2
1975-01-01,"South Australia","45",0.7
1976-01-01,"South Australia","45",0.5
1977-01-01,"South Australia","45",0.5
1978-01-01,"South Australia","45",0.3
1979-01-01,"South Australia","45",0.6
1980-01-01,"South Australia","45",0.2
1981-01-01,"South Australia","45",0.5
1982-01-01,"South Australia","45",0.3
1983-01-01,"South Australia","45",0.3
1984-01-01,"South Australia","45",0.7
1985-01-01,"South Australia","45",0.1
1986-01-01,"South Australia","45",0.7
1987-01-01,"South Australia","45",0.3
1988-01-01,"South Australia","45",0.5
1989-01-01,"South Australia","45",0.6
1990-01-01,"South Australia","45",0.4
1991-01-01,"South Australia","45",0.3
1992-01-01,"South Australia","45",1.2
1993-01-01,"South Australia","45",0.7
1994-01-01,"South Australia","45",0.8
1995-01-01,"South Australia","45",0.9
1996-01-01,"South Australia","45",0.2
1997-01-01,"South Australia","45",1.1
1998-01-01,"South Australia","45",0.7
1999-01-01,"South Australia","45",1.5
2000-01-01,"South Australia","45",2.2
2001-01-01,"South Australia","45",1.3
2002-01-01,"South Australia","45",1.2
2003-01-01,"South Australia","45",1.2
2004-01-01,"South Australia","45",1.5
2005-01-01,"South Australia","45",1.4
2006-01-01,"South Australia","45",1
2007-01-01,"South Australia","45",0.9
2008-01-01,"South Australia","45",2.1
2009-01-01,"South Australia","45",2.1
2010-01-01,"South Australia","45",1.8
2011-01-01,"South Australia","45",1.2
2012-01-01,"South Australia","45",1.9
2013-01-01,"South Australia","45",1.1
2014-01-01,"South Australia","45",1.4
2015-01-01,"South Australia","45",1.9
2016-01-01,"South Australia","45",2.6
2017-01-01,"South Australia","45",2.2
2018-01-01,"South Australia","45",2.3
2019-01-01,"South Australia","45",1.8
2020-01-01,"South Australia","45",3.3
2021-01-01,"South Australia","45",2.6
2022-01-01,"South Australia","45",1.9
1975-01-01,"Tasmania","45",0.9
1976-01-01,"Tasmania","45",0.9
1977-01-01,"Tasmania","45",1
1978-01-01,"Tasmania","45",0.5
1979-01-01,"Tasmania","45",1
1980-01-01,"Tasmania","45",1
1981-01-01,"Tasmania","45",0
1982-01-01,"Tasmania","45",1.4
1983-01-01,"Tasmania","45",0.5
1984-01-01,"Tasmania","45",0
1985-01-01,"Tasmania","45",0.4
1986-01-01,"Tasmania","45",0.4
1987-01-01,"Tasmania","45",0
1988-01-01,"Tasmania","45",0.4
1989-01-01,"Tasmania","45",0.4
1990-01-01,"Tasmania","45",0
1991-01-01,"Tasmania","45",0.3
1992-01-01,"Tasmania","45",0.6
1993-01-01,"Tasmania","45",1.2
1994-01-01,"Tasmania","45",0.6
1995-01-01,"Tasmania","45",0.6
1996-01-01,"Tasmania","45",0.9
1997-01-01,"Tasmania","45",0
1998-01-01,"Tasmania","45",0.9
1999-01-01,"Tasmania","45",0.6
2000-01-01,"Tasmania","45",0.6
2001-01-01,"Tasmania","45",0.6
2002-01-01,"Tasmania","45",0.3
2003-01-01,"Tasmania","45",2.6
2004-01-01,"Tasmania","45",0.3
2005-01-01,"Tasmania","45",0.8
2006-01-01,"Tasmania","45",0.8
2007-01-01,"Tasmania","45",0.8
2008-01-01,"Tasmania","45",0.3
2009-01-01,"Tasmania","45",1.1
2010-01-01,"Tasmania","45",1.5
2011-01-01,"Tasmania","45",2.2
2012-01-01,"Tasmania","45",1.5
2013-01-01,"Tasmania","45",0.3
2014-01-01,"Tasmania","45",1.4
2015-01-01,"Tasmania","45",1.4
2016-01-01,"Tasmania","45",1.9
2017-01-01,"Tasmania","45",1.4
2018-01-01,"Tasmania","45",0.3
2019-01-01,"Tasmania","45",1.5
2020-01-01,"Tasmania","45",1.8
2021-01-01,"Tasmania","45",0.9
2022-01-01,"Tasmania","45",2.2
1975-01-01,"Victoria","45",1
1976-01-01,"Victoria","45",1.6
1977-01-01,"Victoria","45",0.8
1978-01-01,"Victoria","45",0.9
1979-01-01,"Victoria","45",0.7
1980-01-01,"Victoria","45",0.8
1981-01-01,"Victoria","45",1
1982-01-01,"Victoria","45",0.8
1983-01-01,"Victoria","45",0.7
1984-01-01,"Victoria","45",0.5
1985-01-01,"Victoria","45",0.5
1986-01-01,"Victoria","45",0.4
1987-01-01,"Victoria","45",0.8
1988-01-01,"Victoria","45",0.4
1989-01-01,"Victoria","45",0.7
1990-01-01,"Victoria","45",0.6
1991-01-01,"Victoria","45",0.6
1992-01-01,"Victoria","45",0.8
1993-01-01,"Victoria","45",0.5
1994-01-01,"Victoria","45",0.8
1995-01-01,"Victoria","45",0.8
1996-01-01,"Victoria","45",1
1997-01-01,"Victoria","45",0.6
1998-01-01,"Victoria","45",0.7
1999-01-01,"Victoria","45",0.7
2000-01-01,"Victoria","45",1.1
2001-01-01,"Victoria","45",0.9
2002-01-01,"Victoria","45",1.3
2003-01-01,"Victoria","45",1.3
2004-01-01,"Victoria","45",1.6
2005-01-01,"Victoria","45",1.4
2006-01-01,"Victoria","45",1.4
2007-01-01,"Victoria","45",1.8
2008-01-01,"Victoria","45",1.9
2009-01-01,"Victoria","45",1.8
2010-01-01,"Victoria","45",2.1
2011-01-01,"Victoria","45",2.5
2012-01-01,"Victoria","45",2.3
2013-01-01,"Victoria","45",2.1
2014-01-01,"Victoria","45",2.4
2015-01-01,"Victoria","45",2.5
2016-01-01,"Victoria","45",2.8
2017-01-01,"Victoria","45",2.6
2018-01-01,"Victoria","45",2.7
2019-01-01,"Victoria","45",3
2020-01-01,"Victoria","45",2.8
2021-01-01,"Victoria","45",2.3
2022-01-01,"Victoria","45",2.7
1975-01-01,"Western Australia","45",1.3
1976-01-01,"Western Australia","45",1.1
1977-01-01,"Western Australia","45",0.7
1978-01-01,"Western Australia","45",0.2
1979-01-01,"Western Australia","45",0.7
1980-01-01,"Western Australia","45",1
1981-01-01,"Western Australia","45",0.6
1982-01-01,"Western Australia","45",0.3
1983-01-01,"Western Australia","45",0.3
1984-01-01,"Western Australia","45",0.8
1985-01-01,"Western Australia","45",0.3
1986-01-01,"Western Australia","45",0.6
1987-01-01,"Western Australia","45",0.8
1988-01-01,"Western Australia","45",0.1
1989-01-01,"Western Australia","45",0.6
1990-01-01,"Western Australia","45",0.5
1991-01-01,"Western Australia","45",0.3
1992-01-01,"Western Australia","45",0.7
1993-01-01,"Western Australia","45",0.3
1994-01-01,"Western Australia","45",0.6
1995-01-01,"Western Australia","45",0.4
1996-01-01,"Western Australia","45",0.5
1997-01-01,"Western Australia","45",1
1998-01-01,"Western Australia","45",1.2
1999-01-01,"Western Australia","45",1.2
2000-01-01,"Western Australia","45",0.5
2001-01-01,"Western Australia","45",0.7
2002-01-01,"Western Australia","45",1.2
2003-01-01,"Western Australia","45",1.6
2004-01-01,"Western Australia","45",0.9
2005-01-01,"Western Australia","45",0.6
2006-01-01,"Western Australia","45",1.3
2007-01-01,"Western Australia","45",0.9
2008-01-01,"Western Australia","45",1
2009-01-01,"Western Australia","45",1.7
2010-01-01,"Western Australia","45",1.2
2011-01-01,"Western Australia","45",2.4
2012-01-01,"Western Australia","45",1.9
2013-01-01,"Western Australia","45",1.4
2014-01-01,"Western Australia","45",2.1
2015-01-01,"Western Australia","45",2.3
2016-01-01,"Western Australia","45",1.6
2017-01-01,"Western Australia","45",1.8
2018-01-01,"Western Australia","45",2.3
2019-01-01,"Western Australia","45",2.4
2020-01-01,"Western Australia","45",1.9
2021-01-01,"Western Australia","45",1.5
2022-01-01,"Western Australia","45",1.7
1975-01-01,"Australia","46",0.5
1976-01-01,"Australia","46",0.3
1977-01-01,"Australia","46",0.5
1978-01-01,"Australia","46",0.3
1979-01-01,"Australia","46",0.5
1980-01-01,"Australia","46",0.4
1981-01-01,"Australia","46",0.4
1982-01-01,"Australia","46",0.4
1983-01-01,"Australia","46",0.2
1984-01-01,"Australia","46",0.4
1985-01-01,"Australia","46",0.3
1986-01-01,"Australia","46",0.3
1987-01-01,"Australia","46",0.4
1988-01-01,"Australia","46",0.3
1989-01-01,"Australia","46",0.2
1990-01-01,"Australia","46",0.3
1991-01-01,"Australia","46",0.3
1992-01-01,"Australia","46",0.3
1993-01-01,"Australia","46",0.3
1994-01-01,"Australia","46",0.3
1995-01-01,"Australia","46",0.4
1996-01-01,"Australia","46",0.3
1997-01-01,"Australia","46",0.3
1998-01-01,"Australia","46",0.4
1999-01-01,"Australia","46",0.5
2000-01-01,"Australia","46",0.4
2001-01-01,"Australia","46",0.5
2002-01-01,"Australia","46",0.6
2003-01-01,"Australia","46",0.5
2004-01-01,"Australia","46",0.6
2005-01-01,"Australia","46",0.7
2006-01-01,"Australia","46",0.8
2007-01-01,"Australia","46",0.9
2008-01-01,"Australia","46",0.8
2009-01-01,"Australia","46",0.9
2010-01-01,"Australia","46",0.9
2011-01-01,"Australia","46",1
2012-01-01,"Australia","46",1.1
2013-01-01,"Australia","46",1.1
2014-01-01,"Australia","46",1.2
2015-01-01,"Australia","46",1.4
2016-01-01,"Australia","46",1.6
2017-01-01,"Australia","46",1.3
2018-01-01,"Australia","46",1.5
2019-01-01,"Australia","46",1.5
2020-01-01,"Australia","46",1.4
2021-01-01,"Australia","46",1
2022-01-01,"Australia","46",1.1
1975-01-01,"Australian Capital Territory","46",0
1976-01-01,"Australian Capital Territory","46",0
1977-01-01,"Australian Capital Territory","46",0
1978-01-01,"Australian Capital Territory","46",0
1979-01-01,"Australian Capital Territory","46",3
1980-01-01,"Australian Capital Territory","46",1.9
1981-01-01,"Australian Capital Territory","46",2
1982-01-01,"Australian Capital Territory","46",0
1983-01-01,"Australian Capital Territory","46",0.8
1984-01-01,"Australian Capital Territory","46",0
1985-01-01,"Australian Capital Territory","46",0.8
1986-01-01,"Australian Capital Territory","46",0
1987-01-01,"Australian Capital Territory","46",0
1988-01-01,"Australian Capital Territory","46",0
1989-01-01,"Australian Capital Territory","46",0
1990-01-01,"Australian Capital Territory","46",0
1991-01-01,"Australian Capital Territory","46",0
1992-01-01,"Australian Capital Territory","46",0.5
1993-01-01,"Australian Capital Territory","46",0.4
1994-01-01,"Australian Capital Territory","46",0
1995-01-01,"Australian Capital Territory","46",0.8
1996-01-01,"Australian Capital Territory","46",0.4
1997-01-01,"Australian Capital Territory","46",1.6
1998-01-01,"Australian Capital Territory","46",0.8
1999-01-01,"Australian Capital Territory","46",0
2000-01-01,"Australian Capital Territory","46",0
2001-01-01,"Australian Capital Territory","46",0.4
2002-01-01,"Australian Capital Territory","46",0.4
2003-01-01,"Australian Capital Territory","46",0.4
2004-01-01,"Australian Capital Territory","46",1.6
2005-01-01,"Australian Capital Territory","46",0.8
2006-01-01,"Australian Capital Territory","46",0.4
2007-01-01,"Australian Capital Territory","46",1.2
2008-01-01,"Australian Capital Territory","46",0.8
2009-01-01,"Australian Capital Territory","46",1.6
2010-01-01,"Australian Capital Territory","46",0.8
2011-01-01,"Australian Capital Territory","46",0.8
2012-01-01,"Australian Capital Territory","46",0.4
2013-01-01,"Australian Capital Territory","46",0.4
2014-01-01,"Australian Capital Territory","46",0.4
2015-01-01,"Australian Capital Territory","46",3.3
2016-01-01,"Australian Capital Territory","46",2.6
2017-01-01,"Australian Capital Territory","46",3.1
2018-01-01,"Australian Capital Territory","46",1.7
2019-01-01,"Australian Capital Territory","46",0.3
2020-01-01,"Australian Capital Territory","46",2.1
2021-01-01,"Australian Capital Territory","46",1.7
2022-01-01,"Australian Capital Territory","46",0.4
1975-01-01,"New South Wales","46",0.5
1976-01-01,"New South Wales","46",0.3
1977-01-01,"New South Wales","46",0.5
1978-01-01,"New South Wales","46",0.2
1979-01-01,"New South Wales","46",0.2
1980-01-01,"New South Wales","46",0.4
1981-01-01,"New South Wales","46",0.3
1982-01-01,"New South Wales","46",0.4
1983-01-01,"New South Wales","46",0.1
1984-01-01,"New South Wales","46",0.4
1985-01-01,"New South Wales","46",0.4
1986-01-01,"New South Wales","46",0.3
1987-01-01,"New South Wales","46",0.3
1988-01-01,"New South Wales","46",0.3
1989-01-01,"New South Wales","46",0.3
1990-01-01,"New South Wales","46",0.4
1991-01-01,"New South Wales","46",0.3
1992-01-01,"New South Wales","46",0.3
1993-01-01,"New South Wales","46",0.4
1994-01-01,"New South Wales","46",0.4
1995-01-01,"New South Wales","46",0.4
1996-01-01,"New South Wales","46",0.3
1997-01-01,"New South Wales","46",0.3
1998-01-01,"New South Wales","46",0.3
1999-01-01,"New South Wales","46",0.5
2000-01-01,"New South Wales","46",0.5
2001-01-01,"New South Wales","46",0.6
2002-01-01,"New South Wales","46",0.7
2003-01-01,"New South Wales","46",0.6
2004-01-01,"New South Wales","46",0.8
2005-01-01,"New South Wales","46",0.8
2006-01-01,"New South Wales","46",0.9
2007-01-01,"New South Wales","46",0.9
2008-01-01,"New South Wales","46",0.9
2009-01-01,"New South Wales","46",1
2010-01-01,"New South Wales","46",0.8
2011-01-01,"New South Wales","46",1.1
2012-01-01,"New South Wales","46",1.6
2013-01-01,"New South Wales","46",1.5
2014-01-01,"New South Wales","46",1.4
2015-01-01,"New South Wales","46",1.3
2016-01-01,"New South Wales","46",1.8
2017-01-01,"New South Wales","46",1.2
2018-01-01,"New South Wales","46",1.8
2019-01-01,"New South Wales","46",1.6
2020-01-01,"New South Wales","46",1.4
2021-01-01,"New South Wales","46",1
2022-01-01,"New South Wales","46",1.3
1975-01-01,"Northern Territory","46",7.1
1976-01-01,"Northern Territory","46",3
1977-01-01,"Northern Territory","46",4.5
1978-01-01,"Northern Territory","46",3
1979-01-01,"Northern Territory","46",0
1980-01-01,"Northern Territory","46",0
1981-01-01,"Northern Territory","46",2.5
1982-01-01,"Northern Territory","46",0
1983-01-01,"Northern Territory","46",0
1984-01-01,"Northern Territory","46",1.9
1985-01-01,"Northern Territory","46",0
1986-01-01,"Northern Territory","46",0
1987-01-01,"Northern Territory","46",0
1988-01-01,"Northern Territory","46",0
1989-01-01,"Northern Territory","46",0
1990-01-01,"Northern Territory","46",0
1991-01-01,"Northern Territory","46",0
1992-01-01,"Northern Territory","46",0
1993-01-01,"Northern Territory","46",0
1994-01-01,"Northern Territory","46",0
1995-01-01,"Northern Territory","46",0
1996-01-01,"Northern Territory","46",0
1997-01-01,"Northern Territory","46",0
1998-01-01,"Northern Territory","46",0
1999-01-01,"Northern Territory","46",3.1
2000-01-01,"Northern Territory","46",0.7
2001-01-01,"Northern Territory","46",2.9
2002-01-01,"Northern Territory","46",2.1
2003-01-01,"Northern Territory","46",1.5
2004-01-01,"Northern Territory","46",1.4
2005-01-01,"Northern Territory","46",2.8
2006-01-01,"Northern Territory","46",0.7
2007-01-01,"Northern Territory","46",0
2008-01-01,"Northern Territory","46",0
2009-01-01,"Northern Territory","46",2.5
2010-01-01,"Northern Territory","46",1.9
2011-01-01,"Northern Territory","46",2
2012-01-01,"Northern Territory","46",0
2013-01-01,"Northern Territory","46",1.9
2014-01-01,"Northern Territory","46",1.2
2015-01-01,"Northern Territory","46",1.2
2016-01-01,"Northern Territory","46",3
2017-01-01,"Northern Territory","46",2.3
2018-01-01,"Northern Territory","46",1.8
2019-01-01,"Northern Territory","46",1.3
2020-01-01,"Northern Territory","46",0
2021-01-01,"Northern Territory","46",2.6
2022-01-01,"Northern Territory","46",0.6
1975-01-01,"Queensland","46",0.8
1976-01-01,"Queensland","46",0.3
1977-01-01,"Queensland","46",0.6
1978-01-01,"Queensland","46",0.4
1979-01-01,"Queensland","46",0.6
1980-01-01,"Queensland","46",0.4
1981-01-01,"Queensland","46",0.4
1982-01-01,"Queensland","46",0.5
1983-01-01,"Queensland","46",0.3
1984-01-01,"Queensland","46",0.2
1985-01-01,"Queensland","46",0.3
1986-01-01,"Queensland","46",0.2
1987-01-01,"Queensland","46",0.6
1988-01-01,"Queensland","46",0.2
1989-01-01,"Queensland","46",0
1990-01-01,"Queensland","46",0.1
1991-01-01,"Queensland","46",0.1
1992-01-01,"Queensland","46",0.3
1993-01-01,"Queensland","46",0.4
1994-01-01,"Queensland","46",0.2
1995-01-01,"Queensland","46",0.3
1996-01-01,"Queensland","46",0.3
1997-01-01,"Queensland","46",0
1998-01-01,"Queensland","46",0.3
1999-01-01,"Queensland","46",0.4
2000-01-01,"Queensland","46",0.3
2001-01-01,"Queensland","46",0.7
2002-01-01,"Queensland","46",0.4
2003-01-01,"Queensland","46",0.3
2004-01-01,"Queensland","46",0.4
2005-01-01,"Queensland","46",0.4
2006-01-01,"Queensland","46",0.6
2007-01-01,"Queensland","46",1
2008-01-01,"Queensland","46",0.9
2009-01-01,"Queensland","46",1
2010-01-01,"Queensland","46",0.9
2011-01-01,"Queensland","46",0.7
2012-01-01,"Queensland","46",0.7
2013-01-01,"Queensland","46",0.7
2014-01-01,"Queensland","46",0.9
2015-01-01,"Queensland","46",1
2016-01-01,"Queensland","46",0.9
2017-01-01,"Queensland","46",1
2018-01-01,"Queensland","46",1.2
2019-01-01,"Queensland","46",0.7
2020-01-01,"Queensland","46",0.9
2021-01-01,"Queensland","46",1.1
2022-01-01,"Queensland","46",0.8
1975-01-01,"South Australia","46",0.4
1976-01-01,"South Australia","46",0.1
1977-01-01,"South Australia","46",0
1978-01-01,"South Australia","46",0.5
1979-01-01,"South Australia","46",1.1
1980-01-01,"South Australia","46",0.6
1981-01-01,"South Australia","46",0.5
1982-01-01,"South Australia","46",0.3
1983-01-01,"South Australia","46",0.1
1984-01-01,"South Australia","46",0.6
1985-01-01,"South Australia","46",0.1
1986-01-01,"South Australia","46",0.6
1987-01-01,"South Australia","46",0.3
1988-01-01,"South Australia","46",0.5
1989-01-01,"South Australia","46",0
1990-01-01,"South Australia","46",0.2
1991-01-01,"South Australia","46",0.2
1992-01-01,"South Australia","46",0.3
1993-01-01,"South Australia","46",0.1
1994-01-01,"South Australia","46",0
1995-01-01,"South Australia","46",0.4
1996-01-01,"South Australia","46",0.6
1997-01-01,"South Australia","46",0.7
1998-01-01,"South Australia","46",0.7
1999-01-01,"South Australia","46",0.5
2000-01-01,"South Australia","46",0.6
2001-01-01,"South Australia","46",0.6
2002-01-01,"South Australia","46",0.9
2003-01-01,"South Australia","46",0.6
2004-01-01,"South Australia","46",0.8
2005-01-01,"South Australia","46",0.3
2006-01-01,"South Australia","46",0.6
2007-01-01,"South Australia","46",0.4
2008-01-01,"South Australia","46",0.7
2009-01-01,"South Australia","46",0.9
2010-01-01,"South Australia","46",0.7
2011-01-01,"South Australia","46",0.9
2012-01-01,"South Australia","46",0.9
2013-01-01,"South Australia","46",0.9
2014-01-01,"South Australia","46",1.6
2015-01-01,"South Australia","46",1.6
2016-01-01,"South Australia","46",1
2017-01-01,"South Australia","46",1.2
2018-01-01,"South Australia","46",1.2
2019-01-01,"South Australia","46",1.6
2020-01-01,"South Australia","46",1.5
2021-01-01,"South Australia","46",1.3
2022-01-01,"South Australia","46",1.3
1975-01-01,"Tasmania","46",0
1976-01-01,"Tasmania","46",1.8
1977-01-01,"Tasmania","46",1.4
1978-01-01,"Tasmania","46",1.5
1979-01-01,"Tasmania","46",1.5
1980-01-01,"Tasmania","46",1
1981-01-01,"Tasmania","46",0
1982-01-01,"Tasmania","46",0
1983-01-01,"Tasmania","46",0
1984-01-01,"Tasmania","46",1.4
1985-01-01,"Tasmania","46",0.5
1986-01-01,"Tasmania","46",0
1987-01-01,"Tasmania","46",0.4
1988-01-01,"Tasmania","46",0
1989-01-01,"Tasmania","46",0
1990-01-01,"Tasmania","46",1.1
1991-01-01,"Tasmania","46",1.4
1992-01-01,"Tasmania","46",0
1993-01-01,"Tasmania","46",0.3
1994-01-01,"Tasmania","46",0.3
1995-01-01,"Tasmania","46",0
1996-01-01,"Tasmania","46",0.6
1997-01-01,"Tasmania","46",0.3
1998-01-01,"Tasmania","46",0.9
1999-01-01,"Tasmania","46",0
2000-01-01,"Tasmania","46",0
2001-01-01,"Tasmania","46",0
2002-01-01,"Tasmania","46",0.3
2003-01-01,"Tasmania","46",0.3
2004-01-01,"Tasmania","46",0.3
2005-01-01,"Tasmania","46",0.3
2006-01-01,"Tasmania","46",0.3
2007-01-01,"Tasmania","46",0.3
2008-01-01,"Tasmania","46",0
2009-01-01,"Tasmania","46",1.7
2010-01-01,"Tasmania","46",0.6
2011-01-01,"Tasmania","46",0.6
2012-01-01,"Tasmania","46",0.3
2013-01-01,"Tasmania","46",0.3
2014-01-01,"Tasmania","46",0.3
2015-01-01,"Tasmania","46",0.3
2016-01-01,"Tasmania","46",0.3
2017-01-01,"Tasmania","46",0.3
2018-01-01,"Tasmania","46",0.3
2019-01-01,"Tasmania","46",0.3
2020-01-01,"Tasmania","46",0.3
2021-01-01,"Tasmania","46",0.3
2022-01-01,"Tasmania","46",0.3
1975-01-01,"Victoria","46",0.4
1976-01-01,"Victoria","46",0.3
1977-01-01,"Victoria","46",0.6
1978-01-01,"Victoria","46",0.3
1979-01-01,"Victoria","46",0.5
1980-01-01,"Victoria","46",0.3
1981-01-01,"Victoria","46",0.4
1982-01-01,"Victoria","46",0.4
1983-01-01,"Victoria","46",0.3
1984-01-01,"Victoria","46",0.3
1985-01-01,"Victoria","46",0.1
1986-01-01,"Victoria","46",0.5
1987-01-01,"Victoria","46",0.5
1988-01-01,"Victoria","46",0.3
1989-01-01,"Victoria","46",0.3
1990-01-01,"Victoria","46",0.2
1991-01-01,"Victoria","46",0.3
1992-01-01,"Victoria","46",0.5
1993-01-01,"Victoria","46",0.2
1994-01-01,"Victoria","46",0.4
1995-01-01,"Victoria","46",0.3
1996-01-01,"Victoria","46",0.3
1997-01-01,"Victoria","46",0.4
1998-01-01,"Victoria","46",0.3
1999-01-01,"Victoria","46",0.6
2000-01-01,"Victoria","46",0.4
2001-01-01,"Victoria","46",0.5
2002-01-01,"Victoria","46",0.5
2003-01-01,"Victoria","46",0.5
2004-01-01,"Victoria","46",0.6
2005-01-01,"Victoria","46",0.7
2006-01-01,"Victoria","46",0.8
2007-01-01,"Victoria","46",1
2008-01-01,"Victoria","46",0.9
2009-01-01,"Victoria","46",0.9
2010-01-01,"Victoria","46",1.1
2011-01-01,"Victoria","46",1.2
2012-01-01,"Victoria","46",1.1
2013-01-01,"Victoria","46",1
2014-01-01,"Victoria","46",1.3
2015-01-01,"Victoria","46",1.6
2016-01-01,"Victoria","46",2
2017-01-01,"Victoria","46",1.7
2018-01-01,"Victoria","46",1.8
2019-01-01,"Victoria","46",2
2020-01-01,"Victoria","46",1.7
2021-01-01,"Victoria","46",0.9
2022-01-01,"Victoria","46",1.3
1975-01-01,"Western Australia","46",0.5
1976-01-01,"Western Australia","46",0.3
1977-01-01,"Western Australia","46",0.3
1978-01-01,"Western Australia","46",0.3
1979-01-01,"Western Australia","46",0.7
1980-01-01,"Western Australia","46",0.3
1981-01-01,"Western Australia","46",0.2
1982-01-01,"Western Australia","46",0.4
1983-01-01,"Western Australia","46",0.4
1984-01-01,"Western Australia","46",0.6
1985-01-01,"Western Australia","46",0.1
1986-01-01,"Western Australia","46",0.4
1987-01-01,"Western Australia","46",0.2
1988-01-01,"Western Australia","46",0.4
1989-01-01,"Western Australia","46",0.1
1990-01-01,"Western Australia","46",0.1
1991-01-01,"Western Australia","46",0.2
1992-01-01,"Western Australia","46",0.1
1993-01-01,"Western Australia","46",0.3
1994-01-01,"Western Australia","46",0.2
1995-01-01,"Western Australia","46",0.7
1996-01-01,"Western Australia","46",0.4
1997-01-01,"Western Australia","46",0.5
1998-01-01,"Western Australia","46",0.4
1999-01-01,"Western Australia","46",0.2
2000-01-01,"Western Australia","46",0.4
2001-01-01,"Western Australia","46",0.3
2002-01-01,"Western Australia","46",0.3
2003-01-01,"Western Australia","46",0.3
2004-01-01,"Western Australia","46",0.5
2005-01-01,"Western Australia","46",0.9
2006-01-01,"Western Australia","46",0.9
2007-01-01,"Western Australia","46",0.4
2008-01-01,"Western Australia","46",0.6
2009-01-01,"Western Australia","46",0.6
2010-01-01,"Western Australia","46",0.9
2011-01-01,"Western Australia","46",1
2012-01-01,"Western Australia","46",1.1
2013-01-01,"Western Australia","46",1.3
2014-01-01,"Western Australia","46",1.1
2015-01-01,"Western Australia","46",1.5
2016-01-01,"Western Australia","46",1.4
2017-01-01,"Western Australia","46",1.2
2018-01-01,"Western Australia","46",1.2
2019-01-01,"Western Australia","46",1.5
2020-01-01,"Western Australia","46",1.3
2021-01-01,"Western Australia","46",0.7
2022-01-01,"Western Australia","46",1.1
1975-01-01,"Australia","47",0.2
1976-01-01,"Australia","47",0.3
1977-01-01,"Australia","47",0.1
1978-01-01,"Australia","47",0.1
1979-01-01,"Australia","47",0.2
1980-01-01,"Australia","47",0.2
1981-01-01,"Australia","47",0.2
1982-01-01,"Australia","47",0.2
1983-01-01,"Australia","47",0.1
1984-01-01,"Australia","47",0.1
1985-01-01,"Australia","47",0.2
1986-01-01,"Australia","47",0.1
1987-01-01,"Australia","47",0.2
1988-01-01,"Australia","47",0.1
1989-01-01,"Australia","47",0.1
1990-01-01,"Australia","47",0.1
1991-01-01,"Australia","47",0.1
1992-01-01,"Australia","47",0.2
1993-01-01,"Australia","47",0.2
1994-01-01,"Australia","47",0.1
1995-01-01,"Australia","47",0.1
1996-01-01,"Australia","47",0.1
1997-01-01,"Australia","47",0.1
1998-01-01,"Australia","47",0.2
1999-01-01,"Australia","47",0.2
2000-01-01,"Australia","47",0.2
2001-01-01,"Australia","47",0.3
2002-01-01,"Australia","47",0.2
2003-01-01,"Australia","47",0.3
2004-01-01,"Australia","47",0.2
2005-01-01,"Australia","47",0.3
2006-01-01,"Australia","47",0.4
2007-01-01,"Australia","47",0.4
2008-01-01,"Australia","47",0.3
2009-01-01,"Australia","47",0.4
2010-01-01,"Australia","47",0.5
2011-01-01,"Australia","47",0.5
2012-01-01,"Australia","47",0.7
2013-01-01,"Australia","47",0.5
2014-01-01,"Australia","47",0.6
2015-01-01,"Australia","47",0.8
2016-01-01,"Australia","47",0.8
2017-01-01,"Australia","47",0.8
2018-01-01,"Australia","47",0.8
2019-01-01,"Australia","47",0.9
2020-01-01,"Australia","47",0.9
2021-01-01,"Australia","47",0.5
2022-01-01,"Australia","47",0.8
1975-01-01,"Australian Capital Territory","47",0
1976-01-01,"Australian Capital Territory","47",0
1977-01-01,"Australian Capital Territory","47",0
1978-01-01,"Australian Capital Territory","47",0
1979-01-01,"Australian Capital Territory","47",1
1980-01-01,"Australian Capital Territory","47",0
1981-01-01,"Australian Capital Territory","47",0
1982-01-01,"Australian Capital Territory","47",0
1983-01-01,"Australian Capital Territory","47",0
1984-01-01,"Australian Capital Territory","47",0
1985-01-01,"Australian Capital Territory","47",0
1986-01-01,"Australian Capital Territory","47",0
1987-01-01,"Australian Capital Territory","47",0
1988-01-01,"Australian Capital Territory","47",0
1989-01-01,"Australian Capital Territory","47",0
1990-01-01,"Australian Capital Territory","47",0
1991-01-01,"Australian Capital Territory","47",0
1992-01-01,"Australian Capital Territory","47",0
1993-01-01,"Australian Capital Territory","47",1
1994-01-01,"Australian Capital Territory","47",0
1995-01-01,"Australian Capital Territory","47",0
1996-01-01,"Australian Capital Territory","47",0
1997-01-01,"Australian Capital Territory","47",0
1998-01-01,"Australian Capital Territory","47",0.4
1999-01-01,"Australian Capital Territory","47",0
2000-01-01,"Australian Capital Territory","47",0
2001-01-01,"Australian Capital Territory","47",0
2002-01-01,"Australian Capital Territory","47",0
2003-01-01,"Australian Capital Territory","47",0
2004-01-01,"Australian Capital Territory","47",0.4
2005-01-01,"Australian Capital Territory","47",0.4
2006-01-01,"Australian Capital Territory","47",0
2007-01-01,"Australian Capital Territory","47",0
2008-01-01,"Australian Capital Territory","47",1.5
2009-01-01,"Australian Capital Territory","47",0.4
2010-01-01,"Australian Capital Territory","47",1.2
2011-01-01,"Australian Capital Territory","47",1.2
2012-01-01,"Australian Capital Territory","47",1.2
2013-01-01,"Australian Capital Territory","47",1.6
2014-01-01,"Australian Capital Territory","47",0.8
2015-01-01,"Australian Capital Territory","47",0.4
2016-01-01,"Australian Capital Territory","47",0.4
2017-01-01,"Australian Capital Territory","47",1.1
2018-01-01,"Australian Capital Territory","47",1.4
2019-01-01,"Australian Capital Territory","47",0.7
2020-01-01,"Australian Capital Territory","47",0.3
2021-01-01,"Australian Capital Territory","47",0.3
2022-01-01,"Australian Capital Territory","47",1
1975-01-01,"New South Wales","47",0.1
1976-01-01,"New South Wales","47",0.2
1977-01-01,"New South Wales","47",0.1
1978-01-01,"New South Wales","47",0.1
1979-01-01,"New South Wales","47",0.2
1980-01-01,"New South Wales","47",0.2
1981-01-01,"New South Wales","47",0.2
1982-01-01,"New South Wales","47",0.2
1983-01-01,"New South Wales","47",0.1
1984-01-01,"New South Wales","47",0.1
1985-01-01,"New South Wales","47",0.1
1986-01-01,"New South Wales","47",0.1
1987-01-01,"New South Wales","47",0.3
1988-01-01,"New South Wales","47",0.2
1989-01-01,"New South Wales","47",0.1
1990-01-01,"New South Wales","47",0.1
1991-01-01,"New South Wales","47",0.1
1992-01-01,"New South Wales","47",0.1
1993-01-01,"New South Wales","47",0.1
1994-01-01,"New South Wales","47",0.2
1995-01-01,"New South Wales","47",0.1
1996-01-01,"New South Wales","47",0.1
1997-01-01,"New South Wales","47",0.1
1998-01-01,"New South Wales","47",0.2
1999-01-01,"New South Wales","47",0.2
2000-01-01,"New South Wales","47",0.1
2001-01-01,"New South Wales","47",0.4
2002-01-01,"New South Wales","47",0.3
2003-01-01,"New South Wales","47",0.3
2004-01-01,"New South Wales","47",0.3
2005-01-01,"New South Wales","47",0.4
2006-01-01,"New South Wales","47",0.4
2007-01-01,"New South Wales","47",0.4
2008-01-01,"New South Wales","47",0.3
2009-01-01,"New South Wales","47",0.5
2010-01-01,"New South Wales","47",0.5
2011-01-01,"New South Wales","47",0.9
2012-01-01,"New South Wales","47",0.9
2013-01-01,"New South Wales","47",0.7
2014-01-01,"New South Wales","47",0.6
2015-01-01,"New South Wales","47",1.1
2016-01-01,"New South Wales","47",1
2017-01-01,"New South Wales","47",0.9
2018-01-01,"New South Wales","47",0.8
2019-01-01,"New South Wales","47",0.9
2020-01-01,"New South Wales","47",1
2021-01-01,"New South Wales","47",0.4
2022-01-01,"New South Wales","47",1
1975-01-01,"Northern Territory","47",6.2
1976-01-01,"Northern Territory","47",14.5
1977-01-01,"Northern Territory","47",12.1
1978-01-01,"Northern Territory","47",0
1979-01-01,"Northern Territory","47",2.9
1980-01-01,"Northern Territory","47",8.1
1981-01-01,"Northern Territory","47",7.5
1982-01-01,"Northern Territory","47",7.4
1983-01-01,"Northern Territory","47",0
1984-01-01,"Northern Territory","47",0
1985-01-01,"Northern Territory","47",0
1986-01-01,"Northern Territory","47",0
1987-01-01,"Northern Territory","47",0
1988-01-01,"Northern Territory","47",0
1989-01-01,"Northern Territory","47",0
1990-01-01,"Northern Territory","47",0
1991-01-01,"Northern Territory","47",0
1992-01-01,"Northern Territory","47",0
1993-01-01,"Northern Territory","47",1
1994-01-01,"Northern Territory","47",0
1995-01-01,"Northern Territory","47",0
1996-01-01,"Northern Territory","47",0
1997-01-01,"Northern Territory","47",0
1998-01-01,"Northern Territory","47",0
1999-01-01,"Northern Territory","47",0
2000-01-01,"Northern Territory","47",3.1
2001-01-01,"Northern Territory","47",0.8
2002-01-01,"Northern Territory","47",0
2003-01-01,"Northern Territory","47",2.1
2004-01-01,"Northern Territory","47",0
2005-01-01,"Northern Territory","47",0
2006-01-01,"Northern Territory","47",2.1
2007-01-01,"Northern Territory","47",2.1
2008-01-01,"Northern Territory","47",0
2009-01-01,"Northern Territory","47",0
2010-01-01,"Northern Territory","47",0
2011-01-01,"Northern Territory","47",0
2012-01-01,"Northern Territory","47",0
2013-01-01,"Northern Territory","47",0
2014-01-01,"Northern Territory","47",0
2015-01-01,"Northern Territory","47",0.6
2016-01-01,"Northern Territory","47",2.4
2017-01-01,"Northern Territory","47",0.6
2018-01-01,"Northern Territory","47",0
2019-01-01,"Northern Territory","47",1.8
2020-01-01,"Northern Territory","47",0.6
2021-01-01,"Northern Territory","47",0
2022-01-01,"Northern Territory","47",2
1975-01-01,"Queensland","47",0.3
1976-01-01,"Queensland","47",0.1
1977-01-01,"Queensland","47",0
1978-01-01,"Queensland","47",0.1
1979-01-01,"Queensland","47",0.3
1980-01-01,"Queensland","47",0.2
1981-01-01,"Queensland","47",0.1
1982-01-01,"Queensland","47",0.2
1983-01-01,"Queensland","47",0.1
1984-01-01,"Queensland","47",0.3
1985-01-01,"Queensland","47",0.1
1986-01-01,"Queensland","47",0.2
1987-01-01,"Queensland","47",0.3
1988-01-01,"Queensland","47",0
1989-01-01,"Queensland","47",0.2
1990-01-01,"Queensland","47",0.2
1991-01-01,"Queensland","47",0.2
1992-01-01,"Queensland","47",0.3
1993-01-01,"Queensland","47",0.3
1994-01-01,"Queensland","47",0.1
1995-01-01,"Queensland","47",0.1
1996-01-01,"Queensland","47",0.1
1997-01-01,"Queensland","47",0.2
1998-01-01,"Queensland","47",0.2
1999-01-01,"Queensland","47",0.1
2000-01-01,"Queensland","47",0
2001-01-01,"Queensland","47",0.2
2002-01-01,"Queensland","47",0
2003-01-01,"Queensland","47",0.2
2004-01-01,"Queensland","47",0.3
2005-01-01,"Queensland","47",0.1
2006-01-01,"Queensland","47",0.6
2007-01-01,"Queensland","47",0.2
2008-01-01,"Queensland","47",0.3
2009-01-01,"Queensland","47",0.2
2010-01-01,"Queensland","47",0.3
2011-01-01,"Queensland","47",0.3
2012-01-01,"Queensland","47",0.3
2013-01-01,"Queensland","47",0.3
2014-01-01,"Queensland","47",0.8
2015-01-01,"Queensland","47",0.6
2016-01-01,"Queensland","47",0.6
2017-01-01,"Queensland","47",0.7
2018-01-01,"Queensland","47",0.7
2019-01-01,"Queensland","47",0.6
2020-01-01,"Queensland","47",0.7
2021-01-01,"Queensland","47",0.4
2022-01-01,"Queensland","47",0.4
1975-01-01,"South Australia","47",0.3
1976-01-01,"South Australia","47",0.6
1977-01-01,"South Australia","47",0.4
1978-01-01,"South Australia","47",0
1979-01-01,"South Australia","47",0.6
1980-01-01,"South Australia","47",0.3
1981-01-01,"South Australia","47",0
1982-01-01,"South Australia","47",0
1983-01-01,"South Australia","47",0
1984-01-01,"South Australia","47",0
1985-01-01,"South Australia","47",0.3
1986-01-01,"South Australia","47",0
1987-01-01,"South Australia","47",0
1988-01-01,"South Australia","47",0.1
1989-01-01,"South Australia","47",0
1990-01-01,"South Australia","47",0
1991-01-01,"South Australia","47",0.5
1992-01-01,"South Australia","47",0.4
1993-01-01,"South Australia","47",0
1994-01-01,"South Australia","47",0
1995-01-01,"South Australia","47",0.2
1996-01-01,"South Australia","47",0.3
1997-01-01,"South Australia","47",0.4
1998-01-01,"South Australia","47",0.2
1999-01-01,"South Australia","47",0.1
2000-01-01,"South Australia","47",0.2
2001-01-01,"South Australia","47",0.4
2002-01-01,"South Australia","47",0.4
2003-01-01,"South Australia","47",0.3
2004-01-01,"South Australia","47",0.5
2005-01-01,"South Australia","47",0.2
2006-01-01,"South Australia","47",0
2007-01-01,"South Australia","47",0.5
2008-01-01,"South Australia","47",0
2009-01-01,"South Australia","47",0.6
2010-01-01,"South Australia","47",0.9
2011-01-01,"South Australia","47",0.4
2012-01-01,"South Australia","47",0.5
2013-01-01,"South Australia","47",0
2014-01-01,"South Australia","47",0.3
2015-01-01,"South Australia","47",0.4
2016-01-01,"South Australia","47",0.6
2017-01-01,"South Australia","47",0.4
2018-01-01,"South Australia","47",0.7
2019-01-01,"South Australia","47",0.8
2020-01-01,"South Australia","47",0.5
2021-01-01,"South Australia","47",0.8
2022-01-01,"South Australia","47",1.4
1975-01-01,"Tasmania","47",0
1976-01-01,"Tasmania","47",1.5
1977-01-01,"Tasmania","47",0
1978-01-01,"Tasmania","47",0
1979-01-01,"Tasmania","47",0
1980-01-01,"Tasmania","47",0
1981-01-01,"Tasmania","47",0
1982-01-01,"Tasmania","47",0
1983-01-01,"Tasmania","47",0
1984-01-01,"Tasmania","47",0
1985-01-01,"Tasmania","47",0
1986-01-01,"Tasmania","47",0
1987-01-01,"Tasmania","47",0
1988-01-01,"Tasmania","47",0
1989-01-01,"Tasmania","47",0
1990-01-01,"Tasmania","47",0
1991-01-01,"Tasmania","47",0
1992-01-01,"Tasmania","47",0
1993-01-01,"Tasmania","47",1.4
1994-01-01,"Tasmania","47",0
1995-01-01,"Tasmania","47",0
1996-01-01,"Tasmania","47",0
1997-01-01,"Tasmania","47",0.3
1998-01-01,"Tasmania","47",1.2
1999-01-01,"Tasmania","47",0.6
2000-01-01,"Tasmania","47",0.9
2001-01-01,"Tasmania","47",0
2002-01-01,"Tasmania","47",0.6
2003-01-01,"Tasmania","47",0.9
2004-01-01,"Tasmania","47",0
2005-01-01,"Tasmania","47",0
2006-01-01,"Tasmania","47",1.2
2007-01-01,"Tasmania","47",0
2008-01-01,"Tasmania","47",1
2009-01-01,"Tasmania","47",0
2010-01-01,"Tasmania","47",1.1
2011-01-01,"Tasmania","47",0.3
2012-01-01,"Tasmania","47",0.6
2013-01-01,"Tasmania","47",0.6
2014-01-01,"Tasmania","47",0
2015-01-01,"Tasmania","47",0.6
2016-01-01,"Tasmania","47",0.6
2017-01-01,"Tasmania","47",0.6
2018-01-01,"Tasmania","47",0.5
2019-01-01,"Tasmania","47",0.8
2020-01-01,"Tasmania","47",0.6
2021-01-01,"Tasmania","47",0
2022-01-01,"Tasmania","47",1.2
1975-01-01,"Victoria","47",0.2
1976-01-01,"Victoria","47",0.1
1977-01-01,"Victoria","47",0.2
1978-01-01,"Victoria","47",0.1
1979-01-01,"Victoria","47",0.1
1980-01-01,"Victoria","47",0.1
1981-01-01,"Victoria","47",0.3
1982-01-01,"Victoria","47",0.2
1983-01-01,"Victoria","47",0.1
1984-01-01,"Victoria","47",0
1985-01-01,"Victoria","47",0.1
1986-01-01,"Victoria","47",0.2
1987-01-01,"Victoria","47",0.1
1988-01-01,"Victoria","47",0.1
1989-01-01,"Victoria","47",0.1
1990-01-01,"Victoria","47",0.1
1991-01-01,"Victoria","47",0.1
1992-01-01,"Victoria","47",0.3
1993-01-01,"Victoria","47",0.1
1994-01-01,"Victoria","47",0.1
1995-01-01,"Victoria","47",0.2
1996-01-01,"Victoria","47",0.1
1997-01-01,"Victoria","47",0.3
1998-01-01,"Victoria","47",0.2
1999-01-01,"Victoria","47",0.2
2000-01-01,"Victoria","47",0.2
2001-01-01,"Victoria","47",0.2
2002-01-01,"Victoria","47",0.1
2003-01-01,"Victoria","47",0.2
2004-01-01,"Victoria","47",0.1
2005-01-01,"Victoria","47",0.3
2006-01-01,"Victoria","47",0.3
2007-01-01,"Victoria","47",0.5
2008-01-01,"Victoria","47",0.5
2009-01-01,"Victoria","47",0.5
2010-01-01,"Victoria","47",0.5
2011-01-01,"Victoria","47",0.5
2012-01-01,"Victoria","47",0.7
2013-01-01,"Victoria","47",0.8
2014-01-01,"Victoria","47",0.8
2015-01-01,"Victoria","47",0.8
2016-01-01,"Victoria","47",1
2017-01-01,"Victoria","47",0.8
2018-01-01,"Victoria","47",1.1
2019-01-01,"Victoria","47",1.4
2020-01-01,"Victoria","47",0.9
2021-01-01,"Victoria","47",0.6
2022-01-01,"Victoria","47",0.9
1975-01-01,"Western Australia","47",0.2
1976-01-01,"Western Australia","47",0.2
1977-01-01,"Western Australia","47",0
1978-01-01,"Western Australia","47",0
1979-01-01,"Western Australia","47",0
1980-01-01,"Western Australia","47",0.3
1981-01-01,"Western Australia","47",0
1982-01-01,"Western Australia","47",0.3
1983-01-01,"Western Australia","47",0.1
1984-01-01,"Western Australia","47",0.4
1985-01-01,"Western Australia","47",0.6
1986-01-01,"Western Australia","47",0.1
1987-01-01,"Western Australia","47",0.4
1988-01-01,"Western Australia","47",0.5
1989-01-01,"Western Australia","47",0.1
1990-01-01,"Western Australia","47",0.4
1991-01-01,"Western Australia","47",0.2
1992-01-01,"Western Australia","47",0.2
1993-01-01,"Western Australia","47",0.4
1994-01-01,"Western Australia","47",0.2
1995-01-01,"Western Australia","47",0
1996-01-01,"Western Australia","47",0.3
1997-01-01,"Western Australia","47",0.2
1998-01-01,"Western Australia","47",0.1
1999-01-01,"Western Australia","47",0.3
2000-01-01,"Western Australia","47",0.3
2001-01-01,"Western Australia","47",0.1
2002-01-01,"Western Australia","47",0.3
2003-01-01,"Western Australia","47",0.1
2004-01-01,"Western Australia","47",0.2
2005-01-01,"Western Australia","47",0.3
2006-01-01,"Western Australia","47",0.2
2007-01-01,"Western Australia","47",0.2
2008-01-01,"Western Australia","47",0.2
2009-01-01,"Western Australia","47",0.4
2010-01-01,"Western Australia","47",0.4
2011-01-01,"Western Australia","47",0.1
2012-01-01,"Western Australia","47",0.6
2013-01-01,"Western Australia","47",0.3
2014-01-01,"Western Australia","47",0.1
2015-01-01,"Western Australia","47",0.5
2016-01-01,"Western Australia","47",0.5
2017-01-01,"Western Australia","47",1
2018-01-01,"Western Australia","47",0.6
2019-01-01,"Western Australia","47",0.7
2020-01-01,"Western Australia","47",0.9
2021-01-01,"Western Australia","47",0.3
2022-01-01,"Western Australia","47",0.2
1975-01-01,"Australia","48",0.1
1976-01-01,"Australia","48",0.1
1977-01-01,"Australia","48",0.1
1978-01-01,"Australia","48",0.1
1979-01-01,"Australia","48",0.1
1980-01-01,"Australia","48",0
1981-01-01,"Australia","48",0
1982-01-01,"Australia","48",0
1983-01-01,"Australia","48",0
1984-01-01,"Australia","48",0.1
1985-01-01,"Australia","48",0.1
1986-01-01,"Australia","48",0
1987-01-01,"Australia","48",0.1
1988-01-01,"Australia","48",0.1
1989-01-01,"Australia","48",0
1990-01-01,"Australia","48",0
1991-01-01,"Australia","48",0
1992-01-01,"Australia","48",0.1
1993-01-01,"Australia","48",0.1
1994-01-01,"Australia","48",0.1
1995-01-01,"Australia","48",0
1996-01-01,"Australia","48",0.1
1997-01-01,"Australia","48",0.1
1998-01-01,"Australia","48",0.1
1999-01-01,"Australia","48",0.1
2000-01-01,"Australia","48",0.1
2001-01-01,"Australia","48",0.1
2002-01-01,"Australia","48",0.1
2003-01-01,"Australia","48",0.1
2004-01-01,"Australia","48",0.1
2005-01-01,"Australia","48",0.1
2006-01-01,"Australia","48",0.2
2007-01-01,"Australia","48",0.2
2008-01-01,"Australia","48",0.3
2009-01-01,"Australia","48",0.2
2010-01-01,"Australia","48",0.2
2011-01-01,"Australia","48",0.2
2012-01-01,"Australia","48",0.3
2013-01-01,"Australia","48",0.4
2014-01-01,"Australia","48",0.4
2015-01-01,"Australia","48",0.4
2016-01-01,"Australia","48",0.5
2017-01-01,"Australia","48",0.5
2018-01-01,"Australia","48",0.5
2019-01-01,"Australia","48",0.5
2020-01-01,"Australia","48",0.4
2021-01-01,"Australia","48",0.2
2022-01-01,"Australia","48",0.5
1975-01-01,"Australian Capital Territory","48",0
1976-01-01,"Australian Capital Territory","48",0
1977-01-01,"Australian Capital Territory","48",0
1978-01-01,"Australian Capital Territory","48",0
1979-01-01,"Australian Capital Territory","48",0
1980-01-01,"Australian Capital Territory","48",0
1981-01-01,"Australian Capital Territory","48",0
1982-01-01,"Australian Capital Territory","48",0
1983-01-01,"Australian Capital Territory","48",0
1984-01-01,"Australian Capital Territory","48",0
1985-01-01,"Australian Capital Territory","48",0.8
1986-01-01,"Australian Capital Territory","48",0
1987-01-01,"Australian Capital Territory","48",0
1988-01-01,"Australian Capital Territory","48",0
1989-01-01,"Australian Capital Territory","48",0
1990-01-01,"Australian Capital Territory","48",0
1991-01-01,"Australian Capital Territory","48",0
1992-01-01,"Australian Capital Territory","48",1.7
1993-01-01,"Australian Capital Territory","48",0
1994-01-01,"Australian Capital Territory","48",0
1995-01-01,"Australian Capital Territory","48",0
1996-01-01,"Australian Capital Territory","48",0
1997-01-01,"Australian Capital Territory","48",0
1998-01-01,"Australian Capital Territory","48",0
1999-01-01,"Australian Capital Territory","48",0
2000-01-01,"Australian Capital Territory","48",0
2001-01-01,"Australian Capital Territory","48",0
2002-01-01,"Australian Capital Territory","48",0
2003-01-01,"Australian Capital Territory","48",1.7
2004-01-01,"Australian Capital Territory","48",0.8
2005-01-01,"Australian Capital Territory","48",0
2006-01-01,"Australian Capital Territory","48",0
2007-01-01,"Australian Capital Territory","48",0.8
2008-01-01,"Australian Capital Territory","48",0.8
2009-01-01,"Australian Capital Territory","48",0
2010-01-01,"Australian Capital Territory","48",0.4
2011-01-01,"Australian Capital Territory","48",0
2012-01-01,"Australian Capital Territory","48",0.4
2013-01-01,"Australian Capital Territory","48",0.4
2014-01-01,"Australian Capital Territory","48",1.6
2015-01-01,"Australian Capital Territory","48",0.8
2016-01-01,"Australian Capital Territory","48",0
2017-01-01,"Australian Capital Territory","48",0.4
2018-01-01,"Australian Capital Territory","48",0
2019-01-01,"Australian Capital Territory","48",0
2020-01-01,"Australian Capital Territory","48",0.7
2021-01-01,"Australian Capital Territory","48",0
2022-01-01,"Australian Capital Territory","48",1.4
1975-01-01,"New South Wales","48",0.1
1976-01-01,"New South Wales","48",0.1
1977-01-01,"New South Wales","48",0.1
1978-01-01,"New South Wales","48",0.2
1979-01-01,"New South Wales","48",0
1980-01-01,"New South Wales","48",0.2
1981-01-01,"New South Wales","48",0.1
1982-01-01,"New South Wales","48",0
1983-01-01,"New South Wales","48",0
1984-01-01,"New South Wales","48",0.1
1985-01-01,"New South Wales","48",0
1986-01-01,"New South Wales","48",0.1
1987-01-01,"New South Wales","48",0.1
1988-01-01,"New South Wales","48",0
1989-01-01,"New South Wales","48",0.1
1990-01-01,"New South Wales","48",0.1
1991-01-01,"New South Wales","48",0
1992-01-01,"New South Wales","48",0.1
1993-01-01,"New South Wales","48",0.1
1994-01-01,"New South Wales","48",0.1
1995-01-01,"New South Wales","48",0
1996-01-01,"New South Wales","48",0
1997-01-01,"New South Wales","48",0
1998-01-01,"New South Wales","48",0
1999-01-01,"New South Wales","48",0.1
2000-01-01,"New South Wales","48",0.2
2001-01-01,"New South Wales","48",0
2002-01-01,"New South Wales","48",0
2003-01-01,"New South Wales","48",0.1
2004-01-01,"New South Wales","48",0
2005-01-01,"New South Wales","48",0.2
2006-01-01,"New South Wales","48",0.3
2007-01-01,"New South Wales","48",0.1
2008-01-01,"New South Wales","48",0.3
2009-01-01,"New South Wales","48",0.3
2010-01-01,"New South Wales","48",0.2
2011-01-01,"New South Wales","48",0.3
2012-01-01,"New South Wales","48",0.4
2013-01-01,"New South Wales","48",0.4
2014-01-01,"New South Wales","48",0.4
2015-01-01,"New South Wales","48",0.5
2016-01-01,"New South Wales","48",0.5
2017-01-01,"New South Wales","48",0.4
2018-01-01,"New South Wales","48",0.7
2019-01-01,"New South Wales","48",0.6
2020-01-01,"New South Wales","48",0.4
2021-01-01,"New South Wales","48",0.4
2022-01-01,"New South Wales","48",0.7
1975-01-01,"Northern Territory","48",6.8
1976-01-01,"Northern Territory","48",12.8
1977-01-01,"Northern Territory","48",10.9
1978-01-01,"Northern Territory","48",0
1979-01-01,"Northern Territory","48",8.8
1980-01-01,"Northern Territory","48",0
1981-01-01,"Northern Territory","48",0
1982-01-01,"Northern Territory","48",7.4
1983-01-01,"Northern Territory","48",0
1984-01-01,"Northern Territory","48",0
1985-01-01,"Northern Territory","48",0
1986-01-01,"Northern Territory","48",0
1987-01-01,"Northern Territory","48",1.8
1988-01-01,"Northern Territory","48",0
1989-01-01,"Northern Territory","48",0
1990-01-01,"Northern Territory","48",0
1991-01-01,"Northern Territory","48",0
1992-01-01,"Northern Territory","48",0
1993-01-01,"Northern Territory","48",0
1994-01-01,"Northern Territory","48",0
1995-01-01,"Northern Territory","48",0
1996-01-01,"Northern Territory","48",0
1997-01-01,"Northern Territory","48",0
1998-01-01,"Northern Territory","48",0
1999-01-01,"Northern Territory","48",0
2000-01-01,"Northern Territory","48",0
2001-01-01,"Northern Territory","48",0
2002-01-01,"Northern Territory","48",0
2003-01-01,"Northern Territory","48",0
2004-01-01,"Northern Territory","48",0
2005-01-01,"Northern Territory","48",0
2006-01-01,"Northern Territory","48",0
2007-01-01,"Northern Territory","48",0
2008-01-01,"Northern Territory","48",0
2009-01-01,"Northern Territory","48",0
2010-01-01,"Northern Territory","48",2
2011-01-01,"Northern Territory","48",0
2012-01-01,"Northern Territory","48",0
2013-01-01,"Northern Territory","48",0.7
2014-01-01,"Northern Territory","48",0
2015-01-01,"Northern Territory","48",0
2016-01-01,"Northern Territory","48",0
2017-01-01,"Northern Territory","48",0
2018-01-01,"Northern Territory","48",0
2019-01-01,"Northern Territory","48",0
2020-01-01,"Northern Territory","48",0
2021-01-01,"Northern Territory","48",0
2022-01-01,"Northern Territory","48",0.6
1975-01-01,"Queensland","48",0.2
1976-01-01,"Queensland","48",0.1
1977-01-01,"Queensland","48",0
1978-01-01,"Queensland","48",0
1979-01-01,"Queensland","48",0.3
1980-01-01,"Queensland","48",0.3
1981-01-01,"Queensland","48",0
1982-01-01,"Queensland","48",0
1983-01-01,"Queensland","48",0.3
1984-01-01,"Queensland","48",0
1985-01-01,"Queensland","48",0.3
1986-01-01,"Queensland","48",0
1987-01-01,"Queensland","48",0
1988-01-01,"Queensland","48",0
1989-01-01,"Queensland","48",0
1990-01-01,"Queensland","48",0
1991-01-01,"Queensland","48",0
1992-01-01,"Queensland","48",0.2
1993-01-01,"Queensland","48",0
1994-01-01,"Queensland","48",0.1
1995-01-01,"Queensland","48",0.2
1996-01-01,"Queensland","48",0.1
1997-01-01,"Queensland","48",0.1
1998-01-01,"Queensland","48",0.1
1999-01-01,"Queensland","48",0.2
2000-01-01,"Queensland","48",0.2
2001-01-01,"Queensland","48",0
2002-01-01,"Queensland","48",0.1
2003-01-01,"Queensland","48",0.2
2004-01-01,"Queensland","48",0.1
2005-01-01,"Queensland","48",0
2006-01-01,"Queensland","48",0.2
2007-01-01,"Queensland","48",0.3
2008-01-01,"Queensland","48",0.2
2009-01-01,"Queensland","48",0.3
2010-01-01,"Queensland","48",0.2
2011-01-01,"Queensland","48",0.1
2012-01-01,"Queensland","48",0.3
2013-01-01,"Queensland","48",0.2
2014-01-01,"Queensland","48",0.3
2015-01-01,"Queensland","48",0.4
2016-01-01,"Queensland","48",0.3
2017-01-01,"Queensland","48",0.4
2018-01-01,"Queensland","48",0.4
2019-01-01,"Queensland","48",0.4
2020-01-01,"Queensland","48",0.5
2021-01-01,"Queensland","48",0.2
2022-01-01,"Queensland","48",0.2
1975-01-01,"South Australia","48",0
1976-01-01,"South Australia","48",0
1977-01-01,"South Australia","48",0
1978-01-01,"South Australia","48",0
1979-01-01,"South Australia","48",0.6
1980-01-01,"South Australia","48",0
1981-01-01,"South Australia","48",0
1982-01-01,"South Australia","48",0
1983-01-01,"South Australia","48",0
1984-01-01,"South Australia","48",0
1985-01-01,"South Australia","48",0.6
1986-01-01,"South Australia","48",0
1987-01-01,"South Australia","48",0
1988-01-01,"South Australia","48",0.1
1989-01-01,"South Australia","48",0
1990-01-01,"South Australia","48",0
1991-01-01,"South Australia","48",0
1992-01-01,"South Australia","48",0
1993-01-01,"South Australia","48",0.2
1994-01-01,"South Australia","48",0.1
1995-01-01,"South Australia","48",0
1996-01-01,"South Australia","48",0.3
1997-01-01,"South Australia","48",0
1998-01-01,"South Australia","48",0.1
1999-01-01,"South Australia","48",0.3
2000-01-01,"South Australia","48",0
2001-01-01,"South Australia","48",0
2002-01-01,"South Australia","48",0.2
2003-01-01,"South Australia","48",0.4
2004-01-01,"South Australia","48",0.4
2005-01-01,"South Australia","48",0
2006-01-01,"South Australia","48",0.1
2007-01-01,"South Australia","48",0.3
2008-01-01,"South Australia","48",0.6
2009-01-01,"South Australia","48",0.3
2010-01-01,"South Australia","48",0.2
2011-01-01,"South Australia","48",0
2012-01-01,"South Australia","48",0.2
2013-01-01,"South Australia","48",0.2
2014-01-01,"South Australia","48",0.4
2015-01-01,"South Australia","48",0.4
2016-01-01,"South Australia","48",0.7
2017-01-01,"South Australia","48",0.5
2018-01-01,"South Australia","48",0.4
2019-01-01,"South Australia","48",0.6
2020-01-01,"South Australia","48",0.7
2021-01-01,"South Australia","48",0.2
2022-01-01,"South Australia","48",0.1
1975-01-01,"Tasmania","48",0
1976-01-01,"Tasmania","48",0
1977-01-01,"Tasmania","48",0
1978-01-01,"Tasmania","48",0
1979-01-01,"Tasmania","48",0
1980-01-01,"Tasmania","48",0
1981-01-01,"Tasmania","48",0
1982-01-01,"Tasmania","48",0
1983-01-01,"Tasmania","48",0
1984-01-01,"Tasmania","48",0
1985-01-01,"Tasmania","48",0.9
1986-01-01,"Tasmania","48",0
1987-01-01,"Tasmania","48",0
1988-01-01,"Tasmania","48",0
1989-01-01,"Tasmania","48",0
1990-01-01,"Tasmania","48",0
1991-01-01,"Tasmania","48",0
1992-01-01,"Tasmania","48",0
1993-01-01,"Tasmania","48",0.7
1994-01-01,"Tasmania","48",0
1995-01-01,"Tasmania","48",0
1996-01-01,"Tasmania","48",0
1997-01-01,"Tasmania","48",0
1998-01-01,"Tasmania","48",0
1999-01-01,"Tasmania","48",0
2000-01-01,"Tasmania","48",0
2001-01-01,"Tasmania","48",0
2002-01-01,"Tasmania","48",0
2003-01-01,"Tasmania","48",0
2004-01-01,"Tasmania","48",0
2005-01-01,"Tasmania","48",0
2006-01-01,"Tasmania","48",0
2007-01-01,"Tasmania","48",1.1
2008-01-01,"Tasmania","48",0.3
2009-01-01,"Tasmania","48",0
2010-01-01,"Tasmania","48",0
2011-01-01,"Tasmania","48",0.5
2012-01-01,"Tasmania","48",1.1
2013-01-01,"Tasmania","48",0
2014-01-01,"Tasmania","48",0
2015-01-01,"Tasmania","48",0
2016-01-01,"Tasmania","48",0
2017-01-01,"Tasmania","48",1.1
2018-01-01,"Tasmania","48",0.6
2019-01-01,"Tasmania","48",0.3
2020-01-01,"Tasmania","48",0
2021-01-01,"Tasmania","48",0
2022-01-01,"Tasmania","48",1.5
1975-01-01,"Victoria","48",0
1976-01-01,"Victoria","48",0.2
1977-01-01,"Victoria","48",0.1
1978-01-01,"Victoria","48",0.2
1979-01-01,"Victoria","48",0
1980-01-01,"Victoria","48",0
1981-01-01,"Victoria","48",0.2
1982-01-01,"Victoria","48",0.2
1983-01-01,"Victoria","48",0.1
1984-01-01,"Victoria","48",0.1
1985-01-01,"Victoria","48",0.1
1986-01-01,"Victoria","48",0.2
1987-01-01,"Victoria","48",0
1988-01-01,"Victoria","48",0.1
1989-01-01,"Victoria","48",0
1990-01-01,"Victoria","48",0.1
1991-01-01,"Victoria","48",0
1992-01-01,"Victoria","48",0
1993-01-01,"Victoria","48",0
1994-01-01,"Victoria","48",0
1995-01-01,"Victoria","48",0.1
1996-01-01,"Victoria","48",0
1997-01-01,"Victoria","48",0.1
1998-01-01,"Victoria","48",0.1
1999-01-01,"Victoria","48",0
2000-01-01,"Victoria","48",0.1
2001-01-01,"Victoria","48",0.1
2002-01-01,"Victoria","48",0.2
2003-01-01,"Victoria","48",0
2004-01-01,"Victoria","48",0.2
2005-01-01,"Victoria","48",0.1
2006-01-01,"Victoria","48",0.2
2007-01-01,"Victoria","48",0.3
2008-01-01,"Victoria","48",0.3
2009-01-01,"Victoria","48",0.2
2010-01-01,"Victoria","48",0.3
2011-01-01,"Victoria","48",0.3
2012-01-01,"Victoria","48",0.3
2013-01-01,"Victoria","48",0.5
2014-01-01,"Victoria","48",0.6
2015-01-01,"Victoria","48",0.6
2016-01-01,"Victoria","48",0.5
2017-01-01,"Victoria","48",0.8
2018-01-01,"Victoria","48",0.4
2019-01-01,"Victoria","48",0.7
2020-01-01,"Victoria","48",0.5
2021-01-01,"Victoria","48",0.2
2022-01-01,"Victoria","48",0.5
1975-01-01,"Western Australia","48",0
1976-01-01,"Western Australia","48",0.5
1977-01-01,"Western Australia","48",0
1978-01-01,"Western Australia","48",0
1979-01-01,"Western Australia","48",0
1980-01-01,"Western Australia","48",0
1981-01-01,"Western Australia","48",0
1982-01-01,"Western Australia","48",0.5
1983-01-01,"Western Australia","48",0
1984-01-01,"Western Australia","48",0
1985-01-01,"Western Australia","48",0
1986-01-01,"Western Australia","48",0
1987-01-01,"Western Australia","48",0.5
1988-01-01,"Western Australia","48",0
1989-01-01,"Western Australia","48",0.2
1990-01-01,"Western Australia","48",0
1991-01-01,"Western Australia","48",0
1992-01-01,"Western Australia","48",0.1
1993-01-01,"Western Australia","48",0.3
1994-01-01,"Western Australia","48",0.2
1995-01-01,"Western Australia","48",0.2
1996-01-01,"Western Australia","48",0.2
1997-01-01,"Western Australia","48",0.3
1998-01-01,"Western Australia","48",0
1999-01-01,"Western Australia","48",0
2000-01-01,"Western Australia","48",0.1
2001-01-01,"Western Australia","48",0.2
2002-01-01,"Western Australia","48",0
2003-01-01,"Western Australia","48",0.1
2004-01-01,"Western Australia","48",0.1
2005-01-01,"Western Australia","48",0
2006-01-01,"Western Australia","48",0.1
2007-01-01,"Western Australia","48",0.1
2008-01-01,"Western Australia","48",0.1
2009-01-01,"Western Australia","48",0.2
2010-01-01,"Western Australia","48",0.2
2011-01-01,"Western Australia","48",0.3
2012-01-01,"Western Australia","48",0.4
2013-01-01,"Western Australia","48",0.2
2014-01-01,"Western Australia","48",0.1
2015-01-01,"Western Australia","48",0.4
2016-01-01,"Western Australia","48",0.6
2017-01-01,"Western Australia","48",0.3
2018-01-01,"Western Australia","48",0.5
2019-01-01,"Western Australia","48",0.4
2020-01-01,"Western Australia","48",0.4
2021-01-01,"Western Australia","48",0.2
2022-01-01,"Western Australia","48",0.5
1975-01-01,"Australia","49",0.1
1976-01-01,"Australia","49",0.1
1977-01-01,"Australia","49",0.1
1978-01-01,"Australia","49",0.1
1979-01-01,"Australia","49",0.1
1980-01-01,"Australia","49",0.1
1981-01-01,"Australia","49",0
1982-01-01,"Australia","49",0
1983-01-01,"Australia","49",0.1
1984-01-01,"Australia","49",0.1
1985-01-01,"Australia","49",0
1986-01-01,"Australia","49",0.1
1987-01-01,"Australia","49",0.1
1988-01-01,"Australia","49",0
1989-01-01,"Australia","49",0
1990-01-01,"Australia","49",0
1991-01-01,"Australia","49",0
1992-01-01,"Australia","49",0.1
1993-01-01,"Australia","49",0
1994-01-01,"Australia","49",0.1
1995-01-01,"Australia","49",0.1
1996-01-01,"Australia","49",0.1
1997-01-01,"Australia","49",0.1
1998-01-01,"Australia","49",0.1
1999-01-01,"Australia","49",0.1
2000-01-01,"Australia","49",0.2
2001-01-01,"Australia","49",0.2
2002-01-01,"Australia","49",0.2
2003-01-01,"Australia","49",0.2
2004-01-01,"Australia","49",0.3
2005-01-01,"Australia","49",0.2
2006-01-01,"Australia","49",0.3
2007-01-01,"Australia","49",0.3
2008-01-01,"Australia","49",0.4
2009-01-01,"Australia","49",0.3
2010-01-01,"Australia","49",0.4
2011-01-01,"Australia","49",0.5
2012-01-01,"Australia","49",0.5
2013-01-01,"Australia","49",0.5
2014-01-01,"Australia","49",0.6
2015-01-01,"Australia","49",0.8
2016-01-01,"Australia","49",0.8
2017-01-01,"Australia","49",1.1
2018-01-01,"Australia","49",1.1
2019-01-01,"Australia","49",1
2020-01-01,"Australia","49",0.8
2021-01-01,"Australia","49",0.5
2022-01-01,"Australia","49",0.6
1975-01-01,"Australian Capital Territory","49",0
1976-01-01,"Australian Capital Territory","49",0
1977-01-01,"Australian Capital Territory","49",0
1978-01-01,"Australian Capital Territory","49",0
1979-01-01,"Australian Capital Territory","49",0
1980-01-01,"Australian Capital Territory","49",0
1981-01-01,"Australian Capital Territory","49",0
1982-01-01,"Australian Capital Territory","49",0
1983-01-01,"Australian Capital Territory","49",0
1984-01-01,"Australian Capital Territory","49",0
1985-01-01,"Australian Capital Territory","49",0
1986-01-01,"Australian Capital Territory","49",0
1987-01-01,"Australian Capital Territory","49",0
1988-01-01,"Australian Capital Territory","49",0
1989-01-01,"Australian Capital Territory","49",0
1990-01-01,"Australian Capital Territory","49",0
1991-01-01,"Australian Capital Territory","49",0
1992-01-01,"Australian Capital Territory","49",0
1993-01-01,"Australian Capital Territory","49",0.6
1994-01-01,"Australian Capital Territory","49",0
1995-01-01,"Australian Capital Territory","49",0
1996-01-01,"Australian Capital Territory","49",0
1997-01-01,"Australian Capital Territory","49",0
1998-01-01,"Australian Capital Territory","49",0
1999-01-01,"Australian Capital Territory","49",0
2000-01-01,"Australian Capital Territory","49",0
2001-01-01,"Australian Capital Territory","49",0.8
2002-01-01,"Australian Capital Territory","49",0
2003-01-01,"Australian Capital Territory","49",0.9
2004-01-01,"Australian Capital Territory","49",0
2005-01-01,"Australian Capital Territory","49",0.4
2006-01-01,"Australian Capital Territory","49",0
2007-01-01,"Australian Capital Territory","49",1.6
2008-01-01,"Australian Capital Territory","49",0
2009-01-01,"Australian Capital Territory","49",0.8
2010-01-01,"Australian Capital Territory","49",0
2011-01-01,"Australian Capital Territory","49",0.8
2012-01-01,"Australian Capital Territory","49",0.8
2013-01-01,"Australian Capital Territory","49",0
2014-01-01,"Australian Capital Territory","49",0.8
2015-01-01,"Australian Capital Territory","49",0.4
2016-01-01,"Australian Capital Territory","49",2.1
2017-01-01,"Australian Capital Territory","49",0.8
2018-01-01,"Australian Capital Territory","49",1.5
2019-01-01,"Australian Capital Territory","49",0.7
2020-01-01,"Australian Capital Territory","49",2
2021-01-01,"Australian Capital Territory","49",0
2022-01-01,"Australian Capital Territory","49",1.4
1975-01-01,"New South Wales","49",0
1976-01-01,"New South Wales","49",0.1
1977-01-01,"New South Wales","49",0.1
1978-01-01,"New South Wales","49",0.1
1979-01-01,"New South Wales","49",0
1980-01-01,"New South Wales","49",0
1981-01-01,"New South Wales","49",0.2
1982-01-01,"New South Wales","49",0
1983-01-01,"New South Wales","49",0.1
1984-01-01,"New South Wales","49",0.1
1985-01-01,"New South Wales","49",0
1986-01-01,"New South Wales","49",0
1987-01-01,"New South Wales","49",0
1988-01-01,"New South Wales","49",0.1
1989-01-01,"New South Wales","49",0.1
1990-01-01,"New South Wales","49",0.1
1991-01-01,"New South Wales","49",0.1
1992-01-01,"New South Wales","49",0.1
1993-01-01,"New South Wales","49",0.1
1994-01-01,"New South Wales","49",0.1
1995-01-01,"New South Wales","49",0.1
1996-01-01,"New South Wales","49",0.1
1997-01-01,"New South Wales","49",0
1998-01-01,"New South Wales","49",0.1
1999-01-01,"New South Wales","49",0.2
2000-01-01,"New South Wales","49",0.3
2001-01-01,"New South Wales","49",0.2
2002-01-01,"New South Wales","49",0.1
2003-01-01,"New South Wales","49",0.2
2004-01-01,"New South Wales","49",0.4
2005-01-01,"New South Wales","49",0.2
2006-01-01,"New South Wales","49",0.3
2007-01-01,"New South Wales","49",0.2
2008-01-01,"New South Wales","49",0.2
2009-01-01,"New South Wales","49",0.4
2010-01-01,"New South Wales","49",0.4
2011-01-01,"New South Wales","49",0.5
2012-01-01,"New South Wales","49",0.6
2013-01-01,"New South Wales","49",0.6
2014-01-01,"New South Wales","49",0.7
2015-01-01,"New South Wales","49",1.1
2016-01-01,"New South Wales","49",1.2
2017-01-01,"New South Wales","49",1.1
2018-01-01,"New South Wales","49",1.4
2019-01-01,"New South Wales","49",1.2
2020-01-01,"New South Wales","49",1.1
2021-01-01,"New South Wales","49",0.5
2022-01-01,"New South Wales","49",0.8
1975-01-01,"Northern Territory","49",13.4
1976-01-01,"Northern Territory","49",3.4
1977-01-01,"Northern Territory","49",0
1978-01-01,"Northern Territory","49",7.2
1979-01-01,"Northern Territory","49",12.9
1980-01-01,"Northern Territory","49",0
1981-01-01,"Northern Territory","49",0
1982-01-01,"Northern Territory","49",0
1983-01-01,"Northern Territory","49",0
1984-01-01,"Northern Territory","49",0
1985-01-01,"Northern Territory","49",0
1986-01-01,"Northern Territory","49",5.9
1987-01-01,"Northern Territory","49",0
1988-01-01,"Northern Territory","49",0
1989-01-01,"Northern Territory","49",0
1990-01-01,"Northern Territory","49",0
1991-01-01,"Northern Territory","49",0
1992-01-01,"Northern Territory","49",0
1993-01-01,"Northern Territory","49",0
1994-01-01,"Northern Territory","49",0
1995-01-01,"Northern Territory","49",0
1996-01-01,"Northern Territory","49",0
1997-01-01,"Northern Territory","49",0
1998-01-01,"Northern Territory","49",0
1999-01-01,"Northern Territory","49",0
2000-01-01,"Northern Territory","49",0
2001-01-01,"Northern Territory","49",0
2002-01-01,"Northern Territory","49",0
2003-01-01,"Northern Territory","49",0
2004-01-01,"Northern Territory","49",0
2005-01-01,"Northern Territory","49",2.2
2006-01-01,"Northern Territory","49",0
2007-01-01,"Northern Territory","49",0
2008-01-01,"Northern Territory","49",0
2009-01-01,"Northern Territory","49",0
2010-01-01,"Northern Territory","49",2.5
2011-01-01,"Northern Territory","49",0
2012-01-01,"Northern Territory","49",0
2013-01-01,"Northern Territory","49",0.7
2014-01-01,"Northern Territory","49",1.3
2015-01-01,"Northern Territory","49",0
2016-01-01,"Northern Territory","49",1.9
2017-01-01,"Northern Territory","49",1.3
2018-01-01,"Northern Territory","49",3.1
2019-01-01,"Northern Territory","49",1.2
2020-01-01,"Northern Territory","49",0
2021-01-01,"Northern Territory","49",0
2022-01-01,"Northern Territory","49",0
1975-01-01,"Queensland","49",0
1976-01-01,"Queensland","49",0
1977-01-01,"Queensland","49",0.3
1978-01-01,"Queensland","49",0.4
1979-01-01,"Queensland","49",0
1980-01-01,"Queensland","49",0.3
1981-01-01,"Queensland","49",0
1982-01-01,"Queensland","49",0
1983-01-01,"Queensland","49",0.1
1984-01-01,"Queensland","49",0.2
1985-01-01,"Queensland","49",0
1986-01-01,"Queensland","49",0
1987-01-01,"Queensland","49",0.2
1988-01-01,"Queensland","49",0
1989-01-01,"Queensland","49",0
1990-01-01,"Queensland","49",0
1991-01-01,"Queensland","49",0
1992-01-01,"Queensland","49",0.3
1993-01-01,"Queensland","49",0
1994-01-01,"Queensland","49",0.2
1995-01-01,"Queensland","49",0.2
1996-01-01,"Queensland","49",0
1997-01-01,"Queensland","49",0.1
1998-01-01,"Queensland","49",0.1
1999-01-01,"Queensland","49",0
2000-01-01,"Queensland","49",0
2001-01-01,"Queensland","49",0.1
2002-01-01,"Queensland","49",0.2
2003-01-01,"Queensland","49",0.2
2004-01-01,"Queensland","49",0.3
2005-01-01,"Queensland","49",0.2
2006-01-01,"Queensland","49",0.3
2007-01-01,"Queensland","49",0.3
2008-01-01,"Queensland","49",0.3
2009-01-01,"Queensland","49",0.3
2010-01-01,"Queensland","49",0.3
2011-01-01,"Queensland","49",0.6
2012-01-01,"Queensland","49",0.3
2013-01-01,"Queensland","49",0.3
2014-01-01,"Queensland","49",0.5
2015-01-01,"Queensland","49",0.5
2016-01-01,"Queensland","49",0.3
2017-01-01,"Queensland","49",0.6
2018-01-01,"Queensland","49",0.8
2019-01-01,"Queensland","49",0.6
2020-01-01,"Queensland","49",0.5
2021-01-01,"Queensland","49",0.3
2022-01-01,"Queensland","49",0.5
1975-01-01,"South Australia","49",0.4
1976-01-01,"South Australia","49",0.4
1977-01-01,"South Australia","49",0
1978-01-01,"South Australia","49",0.3
1979-01-01,"South Australia","49",0
1980-01-01,"South Australia","49",0.3
1981-01-01,"South Australia","49",0.6
1982-01-01,"South Australia","49",0.3
1983-01-01,"South Australia","49",0
1984-01-01,"South Australia","49",0.2
1985-01-01,"South Australia","49",0
1986-01-01,"South Australia","49",0
1987-01-01,"South Australia","49",0
1988-01-01,"South Australia","49",0
1989-01-01,"South Australia","49",0
1990-01-01,"South Australia","49",0
1991-01-01,"South Australia","49",0
1992-01-01,"South Australia","49",0
1993-01-01,"South Australia","49",0
1994-01-01,"South Australia","49",0.4
1995-01-01,"South Australia","49",0
1996-01-01,"South Australia","49",0.4
1997-01-01,"South Australia","49",0
1998-01-01,"South Australia","49",0.1
1999-01-01,"South Australia","49",0
2000-01-01,"South Australia","49",0
2001-01-01,"South Australia","49",0.2
2002-01-01,"South Australia","49",0.5
2003-01-01,"South Australia","49",0.4
2004-01-01,"South Australia","49",0.2
2005-01-01,"South Australia","49",0.1
2006-01-01,"South Australia","49",0.2
2007-01-01,"South Australia","49",0.5
2008-01-01,"South Australia","49",0.5
2009-01-01,"South Australia","49",0.5
2010-01-01,"South Australia","49",0.3
2011-01-01,"South Australia","49",0.2
2012-01-01,"South Australia","49",0.7
2013-01-01,"South Australia","49",0.3
2014-01-01,"South Australia","49",0.4
2015-01-01,"South Australia","49",0.8
2016-01-01,"South Australia","49",1
2017-01-01,"South Australia","49",0.9
2018-01-01,"South Australia","49",0.9
2019-01-01,"South Australia","49",0.7
2020-01-01,"South Australia","49",0.7
2021-01-01,"South Australia","49",0.7
2022-01-01,"South Australia","49",0.2
1975-01-01,"Tasmania","49",0
1976-01-01,"Tasmania","49",0
1977-01-01,"Tasmania","49",0
1978-01-01,"Tasmania","49",0
1979-01-01,"Tasmania","49",0
1980-01-01,"Tasmania","49",0
1981-01-01,"Tasmania","49",0
1982-01-01,"Tasmania","49",0
1983-01-01,"Tasmania","49",0
1984-01-01,"Tasmania","49",0
1985-01-01,"Tasmania","49",0
1986-01-01,"Tasmania","49",0
1987-01-01,"Tasmania","49",0.9
1988-01-01,"Tasmania","49",0
1989-01-01,"Tasmania","49",0
1990-01-01,"Tasmania","49",0
1991-01-01,"Tasmania","49",0
1992-01-01,"Tasmania","49",1.7
1993-01-01,"Tasmania","49",0
1994-01-01,"Tasmania","49",0
1995-01-01,"Tasmania","49",0
1996-01-01,"Tasmania","49",0.9
1997-01-01,"Tasmania","49",0
1998-01-01,"Tasmania","49",0
1999-01-01,"Tasmania","49",0
2000-01-01,"Tasmania","49",0
2001-01-01,"Tasmania","49",0
2002-01-01,"Tasmania","49",0
2003-01-01,"Tasmania","49",0
2004-01-01,"Tasmania","49",0
2005-01-01,"Tasmania","49",0
2006-01-01,"Tasmania","49",0
2007-01-01,"Tasmania","49",0.3
2008-01-01,"Tasmania","49",0
2009-01-01,"Tasmania","49",0.8
2010-01-01,"Tasmania","49",0.8
2011-01-01,"Tasmania","49",0
2012-01-01,"Tasmania","49",0
2013-01-01,"Tasmania","49",0.5
2014-01-01,"Tasmania","49",1.2
2015-01-01,"Tasmania","49",0.3
2016-01-01,"Tasmania","49",1.5
2017-01-01,"Tasmania","49",0.6
2018-01-01,"Tasmania","49",0
2019-01-01,"Tasmania","49",1.1
2020-01-01,"Tasmania","49",0.3
2021-01-01,"Tasmania","49",0.5
2022-01-01,"Tasmania","49",0.6
1975-01-01,"Victoria","49",0
1976-01-01,"Victoria","49",0.1
1977-01-01,"Victoria","49",0.2
1978-01-01,"Victoria","49",0
1979-01-01,"Victoria","49",0.2
1980-01-01,"Victoria","49",0.1
1981-01-01,"Victoria","49",0.1
1982-01-01,"Victoria","49",0
1983-01-01,"Victoria","49",0.2
1984-01-01,"Victoria","49",0.2
1985-01-01,"Victoria","49",0.1
1986-01-01,"Victoria","49",0
1987-01-01,"Victoria","49",0.1
1988-01-01,"Victoria","49",0.1
1989-01-01,"Victoria","49",0
1990-01-01,"Victoria","49",0
1991-01-01,"Victoria","49",0
1992-01-01,"Victoria","49",0.1
1993-01-01,"Victoria","49",0
1994-01-01,"Victoria","49",0.1
1995-01-01,"Victoria","49",0
1996-01-01,"Victoria","49",0.2
1997-01-01,"Victoria","49",0.1
1998-01-01,"Victoria","49",0.3
1999-01-01,"Victoria","49",0
2000-01-01,"Victoria","49",0.1
2001-01-01,"Victoria","49",0.2
2002-01-01,"Victoria","49",0.2
2003-01-01,"Victoria","49",0.1
2004-01-01,"Victoria","49",0.2
2005-01-01,"Victoria","49",0.2
2006-01-01,"Victoria","49",0.4
2007-01-01,"Victoria","49",0.4
2008-01-01,"Victoria","49",0.5
2009-01-01,"Victoria","49",0.4
2010-01-01,"Victoria","49",0.5
2011-01-01,"Victoria","49",0.6
2012-01-01,"Victoria","49",0.7
2013-01-01,"Victoria","49",0.7
2014-01-01,"Victoria","49",0.6
2015-01-01,"Victoria","49",0.8
2016-01-01,"Victoria","49",0.9
2017-01-01,"Victoria","49",1.6
2018-01-01,"Victoria","49",1.1
2019-01-01,"Victoria","49",1.4
2020-01-01,"Victoria","49",0.9
2021-01-01,"Victoria","49",0.6
2022-01-01,"Victoria","49",0.8
1975-01-01,"Western Australia","49",0
1976-01-01,"Western Australia","49",0
1977-01-01,"Western Australia","49",0
1978-01-01,"Western Australia","49",0.2
1979-01-01,"Western Australia","49",0.2
1980-01-01,"Western Australia","49",0.3
1981-01-01,"Western Australia","49",0
1982-01-01,"Western Australia","49",0
1983-01-01,"Western Australia","49",0.2
1984-01-01,"Western Australia","49",0
1985-01-01,"Western Australia","49",0
1986-01-01,"Western Australia","49",0
1987-01-01,"Western Australia","49",0
1988-01-01,"Western Australia","49",0
1989-01-01,"Western Australia","49",0
1990-01-01,"Western Australia","49",0.1
1991-01-01,"Western Australia","49",0.5
1992-01-01,"Western Australia","49",0
1993-01-01,"Western Australia","49",0
1994-01-01,"Western Australia","49",0.3
1995-01-01,"Western Australia","49",0
1996-01-01,"Western Australia","49",0.3
1997-01-01,"Western Australia","49",0
1998-01-01,"Western Australia","49",0
1999-01-01,"Western Australia","49",0.2
2000-01-01,"Western Australia","49",0.2
2001-01-01,"Western Australia","49",0.4
2002-01-01,"Western Australia","49",0.3
2003-01-01,"Western Australia","49",0.3
2004-01-01,"Western Australia","49",0.1
2005-01-01,"Western Australia","49",0.2
2006-01-01,"Western Australia","49",0.3
2007-01-01,"Western Australia","49",0.2
2008-01-01,"Western Australia","49",0.6
2009-01-01,"Western Australia","49",0
2010-01-01,"Western Australia","49",0.4
2011-01-01,"Western Australia","49",0.2
2012-01-01,"Western Australia","49",0.2
2013-01-01,"Western Australia","49",0.3
2014-01-01,"Western Australia","49",0.7
2015-01-01,"Western Australia","49",0.1
2016-01-01,"Western Australia","49",0.3
2017-01-01,"Western Australia","49",1
2018-01-01,"Western Australia","49",0.6
2019-01-01,"Western Australia","49",0.3
2020-01-01,"Western Australia","49",0.6
2021-01-01,"Western Australia","49",0.3
2022-01-01,"Western Australia","49",0.4
