"fecha","Sex","Age","Deaths","Mortality"
2014-12-29,"Both","0-14",31.1355608344194,0.00035956955498053
2015-01-05,"Both","0-14",28.9637887521526,0.00033448880807211
2015-01-12,"Both","0-14",27.5030625678044,0.00031761958683509
2015-01-19,"Both","0-14",27.8263093466749,0.0003213526077704
2015-01-26,"Both","0-14",25.9887531431413,0.00030013155863401
2015-02-02,"Both","0-14",28.539102581574,0.0003295843125927
2015-02-09,"Both","0-14",29.3590622971032,0.00033905363134314
2015-02-16,"Both","0-14",31.2352528891472,0.00036072085037374
2015-02-23,"Both","0-14",27.9000834497354,0.00032220458925702
2015-03-02,"Both","0-14",28.95456698927,0.00033438231038628
2015-03-09,"Both","0-14",26.7090208039427,0.00030844958199124
2015-03-16,"Both","0-14",28.5483243444566,0.00032969081027853
2015-03-23,"Both","0-14",24.5280269587933,0.00028326233739699
2015-03-30,"Both","0-14",27.3405655098791,0.00031574298679199
2015-04-06,"Both","0-14",26.4209137396222,0.00030512237264835
2015-04-13,"Both","0-14",26.9712099165959,0.00031147747742755
2015-04-20,"Both","0-14",27.5215060935696,0.00031783258220675
2015-04-27,"Both","0-14",28.2694390430185,0.00032647009862146
2015-05-04,"Both","0-14",23.2482413581357,0.00026848271157473
2015-05-11,"Both","0-14",27.2316516922688,0.00031448519371296
2015-05-18,"Both","0-14",26.2676384445794,0.00030335227029107
2015-05-25,"Both","0-14",27.0616802084411,0.00031252227513493
2015-06-01,"Both","0-14",26.6369940378625,0.00030761777965551
2015-06-08,"Both","0-14",25.6914243159382,0.00029669785160529
2015-06-15,"Both","0-14",32.2712929029168,0.00037268557613135
2015-06-22,"Both","0-14",26.348886973542,0.00030429057031262
2015-06-29,"Both","0-14",26.8087128586705,0.00030960087738444
2015-07-06,"Both","0-14",24.5556922474409,0.00028358183045447
2015-07-13,"Both","0-14",23.357155175746,0.00026974050465376
2015-07-20,"Both","0-14",29.4403108260658,0.00033999193136469
2015-07-27,"Both","0-14",28.0977202222107,0.00032448700089253
2015-08-03,"Both","0-14",26.105141386654,0.00030147567024797
2015-08-10,"Both","0-14",29.1429819988627,0.00033655822433597
2015-08-17,"Both","0-14",28.4319361009439,0.00032834669866456
2015-08-24,"Both","0-14",30.9361767249639,0.00035726696419412
2015-08-31,"Both","0-14",29.4771978775961,0.000340417922108
2015-09-07,"Both","0-14",24.8622428375265,0.00028712203516902
2015-09-14,"Both","0-14",25.9426443287286,0.00029959907020487
2015-09-21,"Both","0-14",27.8816399239702,0.00032199159388536
2015-09-28,"Both","0-14",28.2417737543709,0.00032615060556398
2015-10-05,"Both","0-14",27.9628884529329,0.00032292989390691
2015-10-12,"Both","0-14",26.1512502010667,0.00030200815867711
2015-10-19,"Both","0-14",27.4938408049219,0.00031751308914926
2015-10-26,"Both","0-14",26.1956116784992,0.00030252046795535
2015-11-02,"Both","0-14",29.0893987585477,0.0003359394173719
2015-11-09,"Both","0-14",28.1697469882907,0.00032531880322826
2015-11-16,"Both","0-14",30.8105667185686,0.00035581635489433
2015-11-23,"Both","0-14",28.5944331588693,0.00033022329870767
2015-11-30,"Both","0-14",28.485519341259,0.00032896550562863
2015-12-07,"Both","0-14",26.4393572653872,0.00030533536802
2015-12-14,"Both","0-14",26.52060579435,0.00030627366804155
2015-12-21,"Both","0-14",28.1789687511733,0.00032542530091408
2015-12-28,"Both","0-14",26.7551296183554,0.00030898207042038
2016-01-04,"Both","0-14",24.7225101829261,0.00028120368853433
2016-01-11,"Both","0-14",24.9814298885515,0.00028414874450629
2016-01-18,"Both","0-14",30.464866619704,0.00034651954032094
2016-01-25,"Both","0-14",26.547671684516,0.00030196380320798
2016-02-01,"Both","0-14",23.682060024595,0.00026936919357027
2016-02-08,"Both","0-14",26.2887519788906,0.00029901874723602
2016-02-15,"Both","0-14",29.0552490033359,0.00033048598748942
2016-02-22,"Both","0-14",32.2963899024,0.00036735201642954
2016-02-29,"Both","0-14",28.903396159569,0.00032875875269547
2016-03-07,"Both","0-14",27.5913027334003,0.00031383447888952
2016-03-14,"Both","0-14",25.1892018311625,0.00028651202542736
2016-03-21,"Both","0-14",23.2585639129905,0.00026455217993444
2016-03-28,"Both","0-14",24.4060809331802,0.00027760449607651
2016-04-04,"Both","0-14",25.8188794401013,0.00029367422962551
2016-04-11,"Both","0-14",29.4803355602168,0.00033532109148399
2016-04-18,"Both","0-14",27.7015504858118,0.00031508848078502
2016-04-25,"Both","0-14",25.7118125782428,0.0002924564084475
2016-05-02,"Both","0-14",22.7902818194777,0.00025922575268267
2016-05-09,"Both","0-14",24.9862012243811,0.00028420301558251
2016-05-16,"Both","0-14",23.57340271746,0.00026813328203351
2016-05-23,"Both","0-14",26.1896373434148,0.00029789137785171
2016-05-30,"Both","0-14",25.9786845102508,0.00029549191621316
2016-06-06,"Both","0-14",31.1504633274869,0.00035431779064621
2016-06-13,"Both","0-14",26.7538531818505,0.0003043089937703
2016-06-20,"Both","0-14",26.5572143561752,0.00030207234536042
2016-06-27,"Both","0-14",28.847477060725,0.00032812270656835
2016-07-04,"Both","0-14",24.1935376547397,0.00027518694407923
2016-07-11,"Both","0-14",26.1289469087412,0.00029720106064837
2016-07-18,"Both","0-14",29.008872576151,0.00032995848351474
2016-07-25,"Both","0-14",26.1864564528617,0.00029785519713423
2016-08-01,"Both","0-14",24.8807248077991,0.00028300328476324
2016-08-08,"Both","0-14",25.2930878024679,0.00028769366588789
2016-08-15,"Both","0-14",27.4410403349099,0.00031212533445432
2016-08-22,"Both","0-14",31.6730740745672,0.00036026217366635
2016-08-29,"Both","0-14",25.6574839246753,0.00029183845267912
2016-09-05,"Both","0-14",26.3989997313022,0.00030027274913151
2016-09-12,"Both","0-14",31.9863224337601,0.00036382518540669
2016-09-19,"Both","0-14",25.8684367578393,0.00029423791431767
2016-09-26,"Both","0-14",32.6703286962665,0.00037160534537322
2016-10-03,"Both","0-14",26.0282418279888,0.00029605560090532
2016-10-10,"Both","0-14",25.2419400394534,0.00028711189083699
2016-10-17,"Both","0-14",28.4862618290706,0.0003240141004946
2016-10-24,"Both","0-14",23.3097116760051,0.00026513395498533
2016-10-31,"Both","0-14",26.1816851170322,0.000297800926058
2016-11-07,"Both","0-14",25.085315859857,0.00028533038496682
2016-11-14,"Both","0-14",29.1575445293648,0.00033164953759121
2016-11-21,"Both","0-14",27.1789397387315,0.00030914409776487
2016-11-28,"Both","0-14",28.0627657174661,0.00031919708685877
2016-12-05,"Both","0-14",23.678879134042,0.00026933301285279
2016-12-12,"Both","0-14",28.4846713837941,0.00032399601013586
2016-12-19,"Both","0-14",24.6186242116207,0.0002800220480738
2016-12-26,"Both","0-14",28.0611752721896,0.00031917899650003
2017-01-02,"Both","0-14",30.0661238086548,0.00033738945909048
2017-01-09,"Both","0-14",29.0615226815212,0.00032611624565458
2017-01-16,"Both","0-14",25.054824452928,0.00028115475488553
2017-01-23,"Both","0-14",31.5256394446193,0.00035376753276855
2017-01-30,"Both","0-14",26.2785212059477,0.0002948865677464
2017-02-06,"Both","0-14",26.0577532543557,0.00029240920218221
2017-02-13,"Both","0-14",28.6813123736915,0.00032184968469329
2017-02-20,"Both","0-14",30.9112825795506,0.00034687347712928
2017-02-27,"Both","0-14",29.1462608367576,0.0003270671417708
2017-03-06,"Both","0-14",30.751840223313,0.00034508428173218
2017-03-13,"Both","0-14",27.831136625678,0.00031230936823681
2017-03-20,"Both","0-14",29.9880749562418,0.00033651362753115
2017-03-27,"Both","0-14",30.6057764727222,0.00034344521544887
2017-04-03,"Both","0-14",29.4450776407627,0.00033042033889431
2017-04-10,"Both","0-14",25.4400517378753,0.00028547761426449
2017-04-17,"Both","0-14",25.7489024961155,0.00028894340822335
2017-04-24,"Both","0-14",27.2201244120211,0.00030545284487599
2017-05-01,"Both","0-14",28.4488381421584,0.00031924095615453
2017-05-08,"Both","0-14",24.3624187354464,0.00027338486768693
2017-05-15,"Both","0-14",28.0502322515642,0.00031476796766177
2017-05-22,"Both","0-14",28.9054249766953,0.00032436458253592
2017-05-29,"Both","0-14",30.9129549052565,0.00034689224326851
2017-06-05,"Both","0-14",27.6767112465579,0.00031057647125738
2017-06-12,"Both","0-14",28.3691169640395,0.00031834635845598
2017-06-19,"Both","0-14",26.2088339820641,0.00029410456688319
2017-06-26,"Both","0-14",27.0523204272541,0.00030356981878277
2017-07-03,"Both","0-14",28.6779677222797,0.00032181215241484
2017-07-10,"Both","0-14",28.1366427325065,0.00031573762991722
2017-07-17,"Both","0-14",30.1475173124795,0.00033830282292826
2017-07-24,"Both","0-14",24.9003990738079,0.0002794218579061
2017-07-31,"Both","0-14",26.9029120252516,0.00030189322022101
2017-08-07,"Both","0-14",30.9112825795506,0.00034687347712928
2017-08-14,"Both","0-14",29.8319772514158,0.0003347619644125
2017-08-21,"Both","0-14",28.9020803252836,0.00032432705025747
2017-08-28,"Both","0-14",31.9905879076855,0.00035898498984606
2017-09-04,"Both","0-14",30.2172045363631,0.00033908482379146
2017-09-11,"Both","0-14",24.4421399135652,0.00027427946538548
2017-09-18,"Both","0-14",25.1245116768117,0.00028193675574873
2017-09-25,"Both","0-14",26.5176847403043,0.00029757036084205
2017-10-02,"Both","0-14",27.7547600989709,0.00031145230281671
2017-10-09,"Both","0-14",29.5231264931756,0.00033129617045364
2017-10-16,"Both","0-14",26.8298801499561,0.00030107368707936
2017-10-23,"Both","0-14",27.6053516969684,0.00030977570425495
2017-10-30,"Both","0-14",26.8332248013679,0.0003011112193578
2017-11-06,"Both","0-14",24.5915483155677,0.00027595606394724
2017-11-13,"Both","0-14",30.2952533887761,0.00033996065535079
2017-11-20,"Both","0-14",31.6036882970323,0.00035464336432788
2017-11-27,"Both","0-14",28.0502322515642,0.00031476796766177
2017-12-04,"Both","0-14",32.8491252842282,0.00036861913699866
2017-12-11,"Both","0-14",30.997693060493,0.00034784313938473
2017-12-18,"Both","0-14",29.2939969130543,0.00032872497419333
2017-12-25,"Both","0-14",28.7509995975752,0.00032263168555649
2018-01-01,"Both","0-14",25.6806329652836,0.00028489918827624
2018-01-08,"Both","0-14",23.0149195271065,0.00025532594544611
2018-01-15,"Both","0-14",23.537855180993,0.00026112735787681
2018-01-22,"Both","0-14",29.9665493519446,0.00033244685196624
2018-01-29,"Both","0-14",24.5438320141425,0.00027228759616129
2018-02-05,"Both","0-14",25.135055105075,0.00027884658475494
2018-02-12,"Both","0-14",25.9591726514883,0.00028798928853232
2018-02-19,"Both","0-14",23.4469255376249,0.00026011859062326
2018-02-26,"Both","0-14",25.8682430081203,0.00028698052127878
2018-03-05,"Both","0-14",31.9048256431769,0.00035394995676796
2018-03-12,"Both","0-14",28.3635986717621,0.00031466382659267
2018-03-19,"Both","0-14",25.7489204023296,0.00028565676443919
2018-03-26,"Both","0-14",24.6063686950881,0.00027298137382881
2018-04-02,"Both","0-14",21.2811447289323,0.00023609156624209
2018-04-09,"Both","0-14",23.2025295699431,0.00025740727844865
2018-04-16,"Both","0-14",23.8616792798418,0.0002647198403141
2018-04-23,"Both","0-14",26.9881525090397,0.00029940472079855
2018-04-30,"Both","0-14",22.9523828461609,0.0002546321677786
2018-05-07,"Both","0-14",24.4927968453979,0.00027172141548465
2018-05-14,"Both","0-14",26.2434630937936,0.00029114318728385
2018-05-21,"Both","0-14",26.2718560562161,0.00029145817686988
2018-05-28,"Both","0-14",20.7981035496693,0.0002307327403883
2018-06-04,"Both","0-14",25.6522400028611,0.0002845841986902
2018-06-11,"Both","0-14",24.4471516146738,0.00027121503041231
2018-06-18,"Both","0-14",22.8955969213159,0.00025400218860652
2018-06-25,"Both","0-14",26.6697183482115,0.00029587203396556
2018-07-02,"Both","0-14",26.7380057852575,0.0002966296101285
2018-07-09,"Both","0-14",28.6762820764899,0.00031813271493023
2018-07-16,"Both","0-14",26.8573283910482,0.00029795336696809
2018-07-23,"Both","0-14",24.1801134406701,0.00026825252714709
2018-07-30,"Both","0-14",24.7939787379247,0.00027506270683134
2018-08-06,"Both","0-14",25.9990671261118,0.00028843187510923
2018-08-13,"Both","0-14",26.3002490186387,0.00029177316645592
2018-08-20,"Both","0-14",29.1478217435519,0.00032336394379315
2018-08-27,"Both","0-14",24.6347616575106,0.00027329636341484
2018-09-03,"Both","0-14",29.1082880870083,0.00032292536010738
2018-09-10,"Both","0-14",27.3403695703112,0.00030331219282188
2018-09-17,"Both","0-14",26.5730379487429,0.00029479946821657
2018-09-24,"Both","0-14",27.3062258517882,0.00030293340474041
2018-10-01,"Both","0-14",28.306812746917,0.0003140338474206
2018-10-08,"Both","0-14",27.8180208115535,0.00030861122307137
2018-10-15,"Both","0-14",23.4979607063695,0.0002606847712999
2018-10-22,"Both","0-14",26.3969294181072,0.00029284573220491
2018-10-29,"Both","0-14",29.4094699795351,0.00032626665145407
2018-11-05,"Both","0-14",25.3510581103342,0.00028124290734351
2018-11-12,"Both","0-14",24.7997294940252,0.00027512650532678
2018-11-19,"Both","0-14",26.9482580344163,0.00029896213422164
2018-11-26,"Both","0-14",27.7838770930305,0.0003082324349899
2018-12-03,"Both","0-14",27.7155896559845,0.00030747485882695
2018-12-10,"Both","0-14",25.5102751907483,0.00028300925076001
2018-12-17,"Both","0-14",28.9774639690167,0.00032147400627692
2018-12-24,"Both","0-14",27.8690559802981,0.00030917740374801
2018-12-31,"Both","0-14",32.3940773720872,0.00035625179765158
2019-01-07,"Both","0-14",26.5921885013524,0.00029244589522588
2019-01-14,"Both","0-14",28.0912112625409,0.00030893130233471
2019-01-21,"Both","0-14",26.4525809582988,0.0002909105701846
2019-01-28,"Both","0-14",24.7128201754064,0.00027177766205235
2019-02-04,"Both","0-14",25.4481627373194,0.00027986454492795
2019-02-11,"Both","0-14",23.0509219473222,0.00025350104239535
2019-02-18,"Both","0-14",28.3683457048886,0.00031197907067037
2019-02-25,"Both","0-14",26.5173150163052,0.00029162247885448
2019-03-04,"Both","0-14",24.8736149985429,0.00027354599285361
2019-03-11,"Both","0-14",29.3778336393882,0.00032308084977778
2019-03-18,"Both","0-14",27.4235918283953,0.00030158920023285
2019-03-25,"Both","0-14",22.0050375921786,0.0002419989959757
2019-04-01,"Both","0-14",27.664329850099,0.00030423670125626
2019-04-08,"Both","0-14",22.6574478857632,0.00024917383652529
2019-04-15,"Both","0-14",27.9101375853232,0.00030693995613043
2019-04-22,"Both","0-14",28.433079762895,0.00031269097934026
2019-04-29,"Both","0-14",27.8090071066729,0.0003058277801483
2019-05-06,"Both","0-14",26.4525809582988,0.0002909105701846
2019-05-13,"Both","0-14",29.1916902486502,0.00032103374972274
2019-05-20,"Both","0-14",25.1659585814515,0.00027676102274153
2019-05-27,"Both","0-14",29.6964342159,0.00032658463927644
2019-06-03,"Both","0-14",28.4381494764153,0.00031274673319101
2019-06-10,"Both","0-14",31.6303971728117,0.00034785327341834
2019-06-17,"Both","0-14",27.0220589835551,0.00029717336840818
2019-06-24,"Both","0-14",24.9252205597477,0.00027411352171812
2019-07-01,"Both","0-14",27.0867930415615,0.00029788527707807
2019-07-08,"Both","0-14",24.0138740341373,0.00026409104648899
2019-07-15,"Both","0-14",24.8604865017413,0.00027340161304824
2019-07-22,"Both","0-14",26.2169126501153,0.00028831882301194
2019-07-29,"Both","0-14",26.2067732230747,0.00028820731531043
2019-08-05,"Both","0-14",29.2250975995331,0.00032140114493113
2019-08-12,"Both","0-14",27.4286615419156,0.00030164495408361
2019-08-19,"Both","0-14",28.8214841109336,0.00031696243135956
2019-08-26,"Both","0-14",28.7567500529271,0.00031625052268967
2019-09-02,"Both","0-14",29.5436981760449,0.00032490493442979
2019-09-09,"Both","0-14",25.5412344326885,0.00028088809495547
2019-09-16,"Both","0-14",27.6461316397771,0.00030403656760014
2019-09-23,"Both","0-14",25.4714306611617,0.00028012043243483
2019-09-30,"Both","0-14",27.1413876725273,0.00029848567804644
2019-10-07,"Both","0-14",24.0422116714999,0.00026440268784663
2019-10-14,"Both","0-14",25.3136249077863,0.00027838497373742
2019-10-21,"Both","0-14",29.0854900564796,0.00031986581988985
2019-10-28,"Both","0-14",26.2765769946015,0.00028897497783107
2019-11-04,"Both","0-14",22.8101839256183,0.00025085354137194
2019-11-11,"Both","0-14",26.6933189800027,0.00029355807120801
2019-11-18,"Both","0-14",29.1552938280064,0.00032063348241049
2019-11-25,"Both","0-14",25.7121686828655,0.00028276793345824
2019-12-02,"Both","0-14",26.2765769946015,0.00028897497783107
2019-12-09,"Both","0-14",30.2143066799515,0.00033227990863551
2019-12-16,"Both","0-14",27.2627970052589,0.00029982086943159
2019-12-23,"Both","0-14",25.7303668931874,0.00028296806711436
2019-12-30,"Both","0-14",28.2279834106142,0.00030886143855923
2020-01-06,"Both","0-14",21.5943212044906,0.00023627805836888
2020-01-13,"Both","0-14",24.73076380567,0.00027059599598658
2020-01-20,"Both","0-14",24.3044675795141,0.00026593160095178
2020-01-27,"Both","0-14",25.1594300955266,0.00027528632348965
2020-02-03,"Both","0-14",22.8803200740603,0.00025034904087809
2020-02-10,"Both","0-14",21.950358080854,0.00024017369838731
2020-02-17,"Both","0-14",23.5971339541886,0.00025819218585147
2020-02-24,"Both","0-14",27.4385401169928,0.0003002236061012
2020-03-02,"Both","0-14",26.07991183393,0.00028535793610735
2020-03-09,"Both","0-14",24.0210601166438,0.000262830648418
2020-03-16,"Both","0-14",23.447134999801,0.00025655094594564
2020-03-23,"Both","0-14",25.0141712685404,0.00027369694852035
2020-03-30,"Both","0-14",24.297357388412,0.00026585380354697
2020-04-06,"Both","0-14",22.6553216424789,0.00024788718101935
2020-04-13,"Both","0-14",23.9555408942528,0.00026211375833816
2020-04-20,"Both","0-14",21.9622083993576,0.00024030336072865
2020-04-27,"Both","0-14",20.8917277065665,0.00022859050820511
2020-05-04,"Both","0-14",25.8643936571514,0.00028299980612169
2020-05-11,"Both","0-14",28.6495395093687,0.00031347396865749
2020-05-18,"Both","0-14",25.016541332241,0.00027372288098862
2020-05-25,"Both","0-14",26.6562070144735,0.00029166357104798
2020-06-01,"Both","0-14",26.0751717065286,0.00028530607117082
2020-06-08,"Both","0-14",25.0915408094348,0.00027454350094154
2020-06-15,"Both","0-14",24.7212835508672,0.0002704922661135
2020-06-22,"Both","0-14",24.5926151697859,0.00026908441842209
2020-06-29,"Both","0-14",24.9439119187479,0.00027292819350398
2020-07-06,"Both","0-14",30.3523543502914,0.00033210561632842
2020-07-13,"Both","0-14",31.4323152978853,0.00034392219872503
2020-07-20,"Both","0-14",26.5109481874873,0.00029007419607869
2020-07-27,"Both","0-14",26.7896155229562,0.00029312328367593
2020-08-03,"Both","0-14",25.7965043710597,0.00028225698357358
2020-08-10,"Both","0-14",25.3023188588121,0.00027684976599067
2020-08-17,"Both","0-14",24.6628745195783,0.00026985317343847
2020-08-24,"Both","0-14",23.1566173458286,0.00025337219600706
2020-08-31,"Both","0-14",22.4469136568023,0.00024560684843848
2020-09-07,"Both","0-14",25.3630979538017,0.00027751479113397
2020-09-14,"Both","0-14",24.4331359605954,0.00026733944864319
2020-09-21,"Both","0-14",24.4473563427996,0.0002674950434528
2020-09-28,"Both","0-14",22.0182473669458,0.00024091652093542
2020-10-05,"Both","0-14",23.0184687099444,0.00025186061844257
2020-10-12,"Both","0-14",24.2342082297217,0.0002651628459354
2020-10-19,"Both","0-14",24.4331359605954,0.00026733944864319
2020-10-26,"Both","0-14",26.5180583785894,0.00029015199348349
2020-11-02,"Both","0-14",23.3745055863079,0.000255756258461
2020-11-09,"Both","0-14",21.1727651057362,0.00023166552827062
2020-11-16,"Both","0-14",24.73076380567,0.00027059599598658
2020-11-23,"Both","0-14",23.5995040178893,0.00025821811831974
2020-11-30,"Both","0-14",28.5161310008859,0.00031201425602954
2020-12-07,"Both","0-14",23.8079120035658,0.0002604984509006
2020-12-14,"Both","0-14",28.867427749848,0.00031585803111143
2020-12-21,"Both","0-14",26.3704294879024,0.00028853668604593
2020-12-28,"Both","0-14",24.1520985614258,0.00026426442857768
2021-01-04,"Both","0-14",24.7980929076196,0.00027151123508183
2021-01-11,"Both","0-14",24.6507139867355,0.00026989760160674
2021-01-18,"Both","0-14",25.4924618098411,0.0002791137938329
2021-01-25,"Both","0-14",25.6163976554647,0.00028047075199261
2021-02-01,"Both","0-14",24.2959886494795,0.00026601375800667
2021-02-08,"Both","0-14",24.6848783859645,0.00027027166336484
2021-02-15,"Both","0-14",24.2789064498651,0.00026582672712762
2021-02-22,"Both","0-14",21.8494357089147,0.00023922675414067
2021-03-01,"Both","0-14",20.9008342398,0.00022884063463385
2021-03-08,"Both","0-14",21.932846279663,0.00024014000610593
2021-03-15,"Both","0-14",26.5117520984119,0.00029027387643231
2021-03-22,"Both","0-14",21.1550668066932,0.0002316241953896
2021-03-29,"Both","0-14",20.9457199629973,0.00022933208283465
2021-04-05,"Both","0-14",20.8217841173738,0.00022797512467495
2021-04-12,"Both","0-14",26.2189946839676,0.00028706851191209
2021-04-19,"Both","0-14",22.6101329822701,0.00024755553397795
2021-04-26,"Both","0-14",25.2894758417914,0.00027689132571429
2021-05-03,"Both","0-14",23.246894410002,0.00025452735565553
2021-05-10,"Both","0-14",22.9477761199115,0.00025125234669897
2021-05-17,"Both","0-14",24.6229104631528,0.00026959318428498
2021-05-24,"Both","0-14",22.039699925672,0.00024130993338659
2021-05-31,"Both","0-14",23.281058809231,0.00025490141741363
2021-06-07,"Both","0-14",21.9499284792776,0.00024032703698498
2021-06-14,"Both","0-14",24.4028422954886,0.00026718368528733
2021-06-21,"Both","0-14",25.1699004444901,0.00027558210956095
2021-06-28,"Both","0-14",26.659131019296,0.0002918875099074
2021-07-05,"Both","0-14",27.2232032002479,0.00029806346606242
2021-07-12,"Both","0-14",20.5846337500951,0.00022537859479824
2021-07-19,"Both","0-14",27.2402853998624,0.00029825049694147
2021-07-26,"Both","0-14",24.2789064498651,0.00026582672712762
2021-08-02,"Both","0-14",23.033187117984,0.00025218750109422
2021-08-09,"Both","0-14",23.3259445324282,0.00025539286561443
2021-08-16,"Both","0-14",25.6100367798185,0.00028040110755627
2021-08-23,"Both","0-14",22.3495395397308,0.00024470232878586
2021-08-30,"Both","0-14",25.3621650885715,0.00027768719123685
2021-09-06,"Both","0-14",20.3260407348799,0.00022254729203612
2021-09-13,"Both","0-14",22.8858081970998,0.00025057386761912
2021-09-20,"Both","0-14",21.7298603116133,0.00023791753798733
2021-09-27,"Both","0-14",21.2960848519311,0.00023316818442836
2021-10-04,"Both","0-14",26.9006418348968,0.00029453178179047
2021-10-11,"Both","0-14",24.6848783859645,0.00027027166336484
2021-10-18,"Both","0-14",20.6080768253558,0.00022563527011363
2021-10-25,"Both","0-14",25.0352432748983,0.00027410776495854
2021-11-01,"Both","0-14",25.1250147212929,0.00027509066136015
2021-11-08,"Both","0-14",23.958345511838,0.00026231694528565
2021-11-15,"Both","0-14",23.8046057153077,0.00026063366737421
2021-11-22,"Both","0-14",22.5140006602294,0.00024650299314
2021-11-29,"Both","0-14",26.9348062341258,0.00029490584354857
2021-12-06,"Both","0-14",23.2298122103875,0.00025434032477648
2021-12-13,"Both","0-14",23.5460127000924,0.00025780236461209
2021-12-20,"Both","0-14",22.5930507826557,0.00024736850309891
2021-12-27,"Both","0-14",22.0802252005472,0.00024175363958103
2022-01-03,"Both","0-14",27.0758075929375,0.00029733200442975
2022-01-10,"Both","0-14",24.9188750300281,0.00027364572729292
2022-01-17,"Both","0-14",23.7354718511691,0.00026065022797084
2022-01-24,"Both","0-14",21.8939367378434,0.00024042747654992
2022-01-31,"Both","0-14",28.16524780567,0.00030929565282864
2022-02-07,"Both","0-14",21.8111432887847,0.00023951828327552
2022-02-14,"Both","0-14",23.2267592965885,0.0002550638194025
2022-02-21,"Both","0-14",22.6903185351281,0.00024917291453049
2022-02-28,"Both","0-14",23.7797587478606,0.00026113656292939
2022-03-07,"Both","0-14",24.9188750300281,0.00027364572729292
2022-03-14,"Both","0-14",24.2222365431943,0.00026599561687822
2022-03-21,"Both","0-14",26.6113819350483,0.00029223193081994
2022-03-28,"Both","0-14",27.4851680086478,0.00030182738106882
2022-04-04,"Both","0-14",22.7346054318195,0.00024965924948903
2022-04-11,"Both","0-14",27.8999175971019,0.00030638193871399
2022-04-18,"Both","0-14",21.3132090796916,0.00023405023671936
2022-04-25,"Both","0-14",22.7234359147515,0.00024953659184025
2022-05-02,"Both","0-14",25.7264263443807,0.00028251382292228
2022-05-09,"Both","0-14",25.1125813066056,0.00027577290578197
2022-05-16,"Both","0-14",21.6782825987105,0.00023805927839989
2022-05-23,"Both","0-14",22.9502595709524,0.00025202744763906
2022-05-30,"Both","0-14",27.0426902133141,0.00029696832711999
2022-06-06,"Both","0-14",26.1357867600911,0.00028700919956136
2022-06-13,"Both","0-14",24.7806251672101,0.0002721275414112
2022-06-20,"Both","0-14",24.941214064164,0.00027389104259049
2022-06-27,"Both","0-14",26.4619625551623,0.00029059108728944
2022-07-04,"Both","0-14",26.4454038653506,0.00029040924863456
2022-07-11,"Both","0-14",27.2140574557555,0.00029885019031147
2022-07-18,"Both","0-14",25.0517357201024,0.00027510473216855
2022-07-25,"Both","0-14",22.264399429606,0.00024449569923654
2022-08-01,"Both","0-14",25.6767502749457,0.00028196830695765
2022-08-08,"Both","0-14",24.0065824040614,0.0002636274187282
2022-08-15,"Both","0-14",24.2110670261263,0.00026587295922943
2022-08-22,"Both","0-14",22.6240837758812,0.00024844555991098
2022-08-29,"Both","0-14",22.5963555690015,0.00024814106360731
2022-09-05,"Both","0-14",24.6481556487163,0.00027067283217217
2022-09-12,"Both","0-14",22.9779877778321,0.00025233194394272
2022-09-19,"Both","0-14",25.8038306206957,0.00028336383519058
2022-09-26,"Both","0-14",24.4821775790186,0.00026885014998678
2022-10-03,"Both","0-14",27.3688660083853,0.00030055021484807
2022-10-10,"Both","0-14",23.3981265390299,0.00025694568259398
2022-10-17,"Both","0-14",24.8195228911578,0.00027255469536365
2022-10-24,"Both","0-14",23.608391505419,0.00025925469973791
2022-10-31,"Both","0-14",23.8848912310551,0.00026229107150135
2022-11-07,"Both","0-14",24.2499647500739,0.00026630011318188
2022-11-14,"Both","0-14",25.0848530997258,0.00027546840947831
2022-11-21,"Both","0-14",21.6062674951394,0.00023726844713768
2022-11-28,"Both","0-14",25.5716177917511,0.00028081379838568
2022-12-05,"Both","0-14",23.3372809525267,0.00025627750898056
2022-12-12,"Both","0-14",22.9283117083969,0.00025178642797808
2022-12-19,"Both","0-14",23.044222537079,0.00025305929856223
2022-12-26,"Both","0-14",27.1532118692524,0.00029818201669805
2023-01-02,"Both","0-14",24.8662350881167,0.0002741039648378
2023-01-09,"Both","0-14",20.9311550082159,0.0002307270302905
2023-01-16,"Both","0-14",21.7583080416692,0.00023984485312108
2023-01-23,"Both","0-14",24.1743318704454,0.00026647701952116
2023-01-30,"Both","0-14",27.0458862793892,0.00029813056280786
2023-02-06,"Both","0-14",19.9459000310677,0.0002198664277644
2023-02-13,"Both","0-14",24.375016957811,0.00026868919912679
2023-02-20,"Both","0-14",22.3434510045452,0.00024629496531349
2023-02-27,"Both","0-14",21.430829288132,0.00023623500931374
2023-03-06,"Both","0-14",22.0757700895182,0.00024334428138968
2023-03-13,"Both","0-14",22.9912105224682,0.00025343530849351
2023-03-20,"Both","0-14",21.0720422570715,0.0002322800500126
2014-12-29,"Both","15-64",557.864439165581,0.00183971870343845
2015-01-05,"Both","15-64",521.036211247847,0.00171826701202737
2015-01-12,"Both","15-64",503.496937432195,0.00166042620372698
2015-01-19,"Both","15-64",496.173690653325,0.00163627568771787
2015-01-26,"Both","15-64",506.011246856859,0.00166871786340277
2015-02-02,"Both","15-64",520.460897418426,0.00171636974893257
2015-02-09,"Both","15-64",524.640937702897,0.00173015463599935
2015-02-16,"Both","15-64",530.764747110852,0.00175034966173169
2015-02-23,"Both","15-64",511.099916550264,0.00168549921771275
2015-03-02,"Both","15-64",514.04543301073,0.00169521290681563
2015-03-09,"Both","15-64",512.290979196058,0.00168942708992076
2015-03-16,"Both","15-64",502.451675655544,0.00165697915188878
2015-03-23,"Both","15-64",495.471973041207,0.00163396157173393
2015-03-30,"Both","15-64",514.659434490121,0.00169723775358174
2015-04-06,"Both","15-64",517.579086260378,0.00170686614641729
2015-04-13,"Both","15-64",528.028790083404,0.00174132705523121
2015-04-20,"Both","15-64",535.47849390643,0.00176589459977446
2015-04-27,"Both","15-64",529.730560956981,0.00174693913495038
2015-05-04,"Both","15-64",516.751758641864,0.00170413779525024
2015-05-11,"Both","15-64",544.768348307732,0.00179653057097897
2015-05-18,"Both","15-64",514.73236155542,0.00169747825158914
2015-05-25,"Both","15-64",518.938319791559,0.00171134861056825
2015-06-01,"Both","15-64",560.363005962137,0.00184795844726275
2015-06-08,"Both","15-64",527.308575684062,0.00173895194076265
2015-06-15,"Both","15-64",548.728707097083,0.0018095909950275
2015-06-22,"Both","15-64",498.651113026458,0.00164444570171444
2015-06-29,"Both","15-64",547.191287141329,0.00180452090980774
2015-07-06,"Both","15-64",555.444307752559,0.00183173762288781
2015-07-13,"Both","15-64",575.642844824254,0.00189834811788275
2015-07-20,"Both","15-64",542.559689173934,0.00178924688119217
2015-07-27,"Both","15-64",547.902279777789,0.0018068656128565
2015-08-03,"Both","15-64",559.894858613346,0.00184641459651144
2015-08-10,"Both","15-64",550.857018001138,0.00181660971337918
2015-08-17,"Both","15-64",573.568063899056,0.00189150593005781
2015-08-24,"Both","15-64",558.063823275036,0.00184037622997999
2015-08-31,"Both","15-64",587.522802122403,0.00193752569957293
2015-09-07,"Both","15-64",532.137757162474,0.00175487755792768
2015-09-14,"Both","15-64",558.057355671272,0.00184035490119332
2015-09-21,"Both","15-64",535.118360076029,0.00176470695471768
2015-09-28,"Both","15-64",534.75822624563,0.00176351930966091
2015-10-05,"Both","15-64",519.037111547067,0.00171167440484298
2015-10-12,"Both","15-64",548.848749798933,0.00180998687041998
2015-10-19,"Both","15-64",539.506159195078,0.00177917698639477
2015-10-26,"Both","15-64",502.804388321501,0.00165814232351784
2015-11-02,"Both","15-64",524.910601241452,0.00173104392920516
2015-11-09,"Both","15-64",500.830253011709,0.00165163204360472
2015-11-16,"Both","15-64",524.189433281431,0.00172866567009555
2015-11-23,"Both","15-64",540.405566841131,0.00178214304221818
2015-11-30,"Both","15-64",552.514480658741,0.00182207567399141
2015-12-07,"Both","15-64",510.560642734613,0.00168372080694613
2015-12-14,"Both","15-64",529.47939420565,0.00174611084022918
2015-12-21,"Both","15-64",524.821031248826,0.00173074854635024
2015-12-28,"Both","15-64",515.244870381644,0.0016991683970924
2016-01-04,"Both","15-64",483.277489817073,0.00157477129831131
2016-01-11,"Both","15-64",513.018570111448,0.00167168332218
2016-01-18,"Both","15-64",534.535133380296,0.00174179555994821
2016-01-25,"Both","15-64",494.452328315484,0.00161118477773329
2016-02-01,"Both","15-64",487.317939975405,0.00158793720211537
2016-02-08,"Both","15-64",525.711248021109,0.00171304271774881
2016-02-15,"Both","15-64",543.944750996664,0.00177245702476411
2016-02-22,"Both","15-64",537.7036100976,0.00175212011736898
2016-02-29,"Both","15-64",498.096603840431,0.00162305973698703
2016-03-07,"Both","15-64",536.4086972666,0.00174790061283371
2016-03-14,"Both","15-64",460.810798168837,0.00150156304441758
2016-03-21,"Both","15-64",502.741436087009,0.00163819503432966
2016-03-28,"Both","15-64",494.59391906682,0.00161164615459443
2016-04-04,"Both","15-64",515.181120559898,0.00167873004471338
2016-04-11,"Both","15-64",525.519664439784,0.00171241843805142
2016-04-18,"Both","15-64",508.298449514188,0.00165630269593989
2016-04-25,"Both","15-64",511.288187421758,0.00166604482865974
2016-05-02,"Both","15-64",490.209718180523,0.00159736013079393
2016-05-09,"Both","15-64",496.013798775619,0.00161627286669997
2016-05-16,"Both","15-64",484.42659728254,0.00157851569256393
2016-05-23,"Both","15-64",548.810362656585,0.00178831173712341
2016-05-30,"Both","15-64",526.021315489749,0.0017140530800364
2016-06-06,"Both","15-64",588.849536672513,0.00191878034651848
2016-06-13,"Both","15-64",516.246146818149,0.0016822004583345
2016-06-20,"Both","15-64",503.442785643825,0.0016404803986916
2016-06-27,"Both","15-64",545.152522939275,0.00177639257862334
2016-07-04,"Both","15-64",542.80646234526,0.00176874788387674
2016-07-11,"Both","15-64",533.871053091259,0.00173963163838972
2016-07-18,"Both","15-64",561.991127423849,0.00183126157543087
2016-07-25,"Both","15-64",532.813543547139,0.00173618571816199
2016-08-01,"Both","15-64",514.119275192201,0.00167526999610047
2016-08-08,"Both","15-64",519.706912197533,0.00169347744537502
2016-08-15,"Both","15-64",535.55895966509,0.0017451317224671
2016-08-22,"Both","15-64",590.326925925433,0.00192359445485366
2016-08-29,"Both","15-64",563.342516075324,0.00183566510778247
2016-09-05,"Both","15-64",523.601000268697,0.00170616642480563
2016-09-12,"Both","15-64",568.01367756624,0.00185088619959962
2016-09-19,"Both","15-64",520.131563242161,0.00169486118099476
2016-09-26,"Both","15-64",523.329671303733,0.00170528229286192
2016-10-03,"Both","15-64",512.971758172011,0.00167153078435195
2016-10-10,"Both","15-64",535.758059960547,0.00174578049555788
2016-10-17,"Both","15-64",538.513738170929,0.00175475993913746
2016-10-24,"Both","15-64",521.690288323995,0.00169994032408036
2016-10-31,"Both","15-64",549.818314882968,0.00179159617364202
2016-11-07,"Both","15-64",524.914684140143,0.00171044709522666
2016-11-14,"Both","15-64",528.842455470636,0.00172324583236612
2016-11-21,"Both","15-64",520.821060261268,0.00169710792357814
2016-11-28,"Both","15-64",530.937234282534,0.00173007171939541
2016-12-05,"Both","15-64",499.321120865958,0.00162704985510079
2016-12-12,"Both","15-64",551.515328616206,0.00179712593361688
2016-12-19,"Both","15-64",549.381375788379,0.00179017239711659
2016-12-26,"Both","15-64",517.938824727811,0.00168771608992419
2017-01-02,"Both","15-64",523.933876191345,0.00168516330798776
2017-01-09,"Both","15-64",522.938477318479,0.00168196174051219
2017-01-16,"Both","15-64",488.945175547072,0.00157262682733775
2017-01-23,"Both","15-64",538.474360555381,0.00173193083313572
2017-01-30,"Both","15-64",499.721478794052,0.00160728736686913
2017-02-06,"Both","15-64",524.942246745645,0.00168840659714348
2017-02-13,"Both","15-64",505.318687626308,0.00162529004121389
2017-02-20,"Both","15-64",508.088717420449,0.00163419947193261
2017-02-27,"Both","15-64",526.853739163243,0.00169455465710297
2017-03-06,"Both","15-64",556.248159776687,0.00178909788350668
2017-03-13,"Both","15-64",507.168863374322,0.00163124088429842
2017-03-20,"Both","15-64",492.011925043758,0.00158249061733387
2017-03-27,"Both","15-64",537.394223527278,0.00172845671670601
2017-04-03,"Both","15-64",525.554922359237,0.00169037718639269
2017-04-10,"Both","15-64",515.559948262125,0.00165822968767553
2017-04-17,"Both","15-64",497.251097503885,0.00159934171552627
2017-04-24,"Both","15-64",536.779875587979,0.0017264807486446
2017-05-01,"Both","15-64",517.551161857842,0.00166463416015259
2017-05-08,"Both","15-64",513.637581264554,0.00165204665108255
2017-05-15,"Both","15-64",511.949767748436,0.00164661802442309
2017-05-22,"Both","15-64",560.094575023304,0.00180146936421338
2017-05-29,"Both","15-64",531.087045094743,0.00170817052000366
2017-06-05,"Both","15-64",530.323288753442,0.00170571399978023
2017-06-12,"Both","15-64",523.63088303596,0.00168418877098753
2017-06-19,"Both","15-64",523.791166017936,0.00168470429978304
2017-06-26,"Both","15-64",523.947679572746,0.00168520770471972
2017-07-03,"Both","15-64",559.32203227772,0.00179898458369456
2017-07-10,"Both","15-64",561.863357267493,0.00180715841596814
2017-07-17,"Both","15-64",606.852482687521,0.0019518599267149
2017-07-24,"Both","15-64",524.099600926192,0.00168569633945429
2017-07-31,"Both","15-64",587.097087974749,0.00188831933921408
2017-08-07,"Both","15-64",577.088717420449,0.00185612875258232
2017-08-14,"Both","15-64",572.168022748584,0.00184030199564284
2017-08-21,"Both","15-64",569.097919674716,0.0018304274193138
2017-08-28,"Both","15-64",620.009412092314,0.00199417743219844
2017-09-04,"Both","15-64",557.782795463637,0.0017940338341453
2017-09-11,"Both","15-64",577.557860086435,0.00185763768728354
2017-09-18,"Both","15-64",533.875488323188,0.00171713917507354
2017-09-25,"Both","15-64",542.482315259696,0.0017448218839242
2017-10-02,"Both","15-64",539.245239901029,0.0017344102635509
2017-10-09,"Both","15-64",548.476873506824,0.00176410257957054
2017-10-16,"Both","15-64",547.170119850044,0.0017598995810338
2017-10-23,"Both","15-64",536.394648303032,0.00172524171655424
2017-10-30,"Both","15-64",542.166775198633,0.00174380699147829
2017-11-06,"Both","15-64",509.408451684432,0.00163844422085804
2017-11-13,"Both","15-64",544.704746611224,0.00175197003741895
2017-11-20,"Both","15-64",545.396311702967,0.00175419436413392
2017-11-27,"Both","15-64",507.949767748436,0.00163375255887818
2017-12-04,"Both","15-64",538.150874715772,0.00173089038415478
2017-12-11,"Both","15-64",550.002306939507,0.00176900893238785
2017-12-18,"Both","15-64",552.706003086946,0.00177770500979505
2017-12-25,"Both","15-64",499.249000402425,0.00160576770325208
2018-01-01,"Both","15-64",519.319367034717,0.00164918778547656
2018-01-08,"Both","15-64",569.985080472893,0.00181008545471197
2018-01-15,"Both","15-64",482.462144819007,0.00153214135019374
2018-01-22,"Both","15-64",562.033450648055,0.00178483368939339
2018-01-29,"Both","15-64",530.456167985857,0.0016845546084063
2018-02-05,"Both","15-64",487.864944894925,0.00154929886916603
2018-02-12,"Both","15-64",546.040827348511,0.00173404636914779
2018-02-19,"Both","15-64",520.553074462375,0.0016531056351654
2018-02-26,"Both","15-64",535.13175699188,0.00169940274380836
2018-03-05,"Both","15-64",549.095174356823,0.00174374597231776
2018-03-12,"Both","15-64",509.636401328238,0.00161843786590107
2018-03-19,"Both","15-64",529.251079597671,0.00168072764338945
2018-03-26,"Both","15-64",494.393631304912,0.00157003183343816
2018-04-02,"Both","15-64",515.718855271068,0.00163775374238285
2018-04-09,"Both","15-64",494.797470430056,0.0015713142938946
2018-04-16,"Both","15-64",533.138320720158,0.0016930722447761
2018-04-23,"Both","15-64",539.011847490961,0.00171172463716305
2018-04-30,"Both","15-64",517.047617153839,0.00164197345380895
2018-05-07,"Both","15-64",533.507203154602,0.00169424369426129
2018-05-14,"Both","15-64",512.756536906206,0.00162834639196586
2018-05-21,"Both","15-64",545.728143943783,0.00173305338932741
2018-05-28,"Both","15-64",526.20189645033,0.00167104443894632
2018-06-04,"Both","15-64",548.347759997139,0.00174137242973313
2018-06-11,"Both","15-64",522.552848385326,0.00165945626049693
2018-06-18,"Both","15-64",482.104403078684,0.00153100527989491
2018-06-25,"Both","15-64",534.330281651789,0.00169685752130147
2018-07-02,"Both","15-64",581.261994214742,0.00184589722985743
2018-07-09,"Both","15-64",555.323717923511,0.00176352578147478
2018-07-16,"Both","15-64",538.142671608952,0.00170896441996525
2018-07-23,"Both","15-64",541.81988655933,0.00172064204719368
2018-07-30,"Both","15-64",513.206021262075,0.00162977380668697
2018-08-06,"Both","15-64",508.000932873888,0.00161324415511411
2018-08-13,"Both","15-64",546.699750981362,0.0017361388942409
2018-08-20,"Both","15-64",574.852178256448,0.00182554175910746
2018-08-27,"Both","15-64",553.365238342489,0.00175730629341376
2018-09-03,"Both","15-64",591.891711912992,0.00187965372288236
2018-09-10,"Both","15-64",510.659630429688,0.00162168730553874
2018-09-17,"Both","15-64",527.426962051257,0.0016749348450311
2018-09-24,"Both","15-64",582.693774148212,0.00185044409278545
2018-10-01,"Both","15-64",555.693187253083,0.00176469909474618
2018-10-08,"Both","15-64",521.181979188446,0.00165510283006762
2018-10-15,"Both","15-64",503.50203929363,0.00159895714636439
2018-10-22,"Both","15-64",528.603070581893,0.00167866977953623
2018-10-29,"Both","15-64",560.590530020465,0.00178025144727902
2018-11-05,"Both","15-64",506.648941889665,0.00160895067568932
2018-11-12,"Both","15-64",496.200270505975,0.00157576912631089
2018-11-19,"Both","15-64",504.051741965584,0.0016007028215496
2018-11-26,"Both","15-64",483.216122906969,0.00153453573702411
2018-12-03,"Both","15-64",517.284410344015,0.0016427254312273
2018-12-10,"Both","15-64",537.489724809251,0.00170689087533167
2018-12-17,"Both","15-64",554.022536030984,0.00175939365504149
2018-12-24,"Both","15-64",526.130944019702,0.00167081911732465
2018-12-31,"Both","15-64",553.605922627912,0.00173822319883891
2019-01-07,"Both","15-64",541.407811498647,0.00169992332002574
2019-01-14,"Both","15-64",568.908788737459,0.00178627145084112
2019-01-21,"Both","15-64",535.547419041701,0.00168152273992607
2019-01-28,"Both","15-64",490.287179824593,0.00153941371511881
2019-02-04,"Both","15-64",562.55183726268,0.00176631176458107
2019-02-11,"Both","15-64",511.949078052677,0.00160742818622889
2019-02-18,"Both","15-64",533.631654295112,0.00167550758259135
2019-02-25,"Both","15-64",575.482684983695,0.00180691230473178
2019-03-04,"Both","15-64",538.126385001457,0.00168962022999443
2019-03-11,"Both","15-64",546.622166360612,0.00171629545807119
2019-03-18,"Both","15-64",523.576408171605,0.00164393591515155
2019-03-25,"Both","15-64",509.994962407822,0.0016012926139594
2019-04-01,"Both","15-64",533.335670149901,0.00167457824551842
2019-04-08,"Both","15-64",515.342552114237,0.00161808308549453
2019-04-15,"Both","15-64",562.089862414677,0.00176486124650448
2019-04-22,"Both","15-64",546.566920237105,0.00171612199516265
2019-04-29,"Both","15-64",518.190992893328,0.00162702667811224
2019-05-06,"Both","15-64",514.547419041701,0.00161558651041042
2019-05-13,"Both","15-64",537.80830975135,0.00168862153081851
2019-05-20,"Both","15-64",536.834041418548,0.00168556250318034
2019-05-27,"Both","15-64",558.3035657841,0.0017529729549022
2019-06-03,"Both","15-64",548.561850523585,0.0017223857180787
2019-06-10,"Both","15-64",564.369602827188,0.0017720192220795
2019-06-17,"Both","15-64",552.977941016444,0.00173625144933103
2019-06-24,"Both","15-64",555.074779440253,0.00174283514550101
2019-07-01,"Both","15-64",554.913206958439,0.00174232783691795
2019-07-08,"Both","15-64",528.986125965863,0.0016609214577276
2019-07-15,"Both","15-64",513.139513498258,0.00161116593978905
2019-07-22,"Both","15-64",534.783087349885,0.00167912287564713
2019-07-29,"Both","15-64",507.793226776925,0.00159437955939313
2019-08-05,"Both","15-64",562.774902400467,0.00176701214906308
2019-08-12,"Both","15-64",522.571338458084,0.00164078017670822
2019-08-19,"Both","15-64",572.178515889067,0.00179653780702788
2019-08-26,"Both","15-64",562.243249947073,0.00176534285581596
2019-09-02,"Both","15-64",580.456301823955,0.00182252856861284
2019-09-09,"Both","15-64",524.458765567312,0.00164670635894956
2019-09-16,"Both","15-64",545.353868360223,0.00171231323006891
2019-09-23,"Both","15-64",532.528569338838,0.00167204409388411
2019-09-30,"Both","15-64",557.858612327473,0.00175157588093839
2019-10-07,"Both","15-64",525.957788328501,0.00165141302127484
2019-10-14,"Both","15-64",550.686375092214,0.00172905634377245
2019-10-21,"Both","15-64",570.91450994352,0.00179256905530718
2019-10-28,"Both","15-64",541.723423005399,0.00170091428348988
2019-11-04,"Both","15-64",499.189816074382,0.00156736639450264
2019-11-11,"Both","15-64",499.306681019997,0.00156773332944914
2019-11-18,"Both","15-64",517.844706171994,0.00162593939998195
2019-11-25,"Both","15-64",545.287831317135,0.00171210588561036
2019-12-02,"Both","15-64",530.723423005399,0.00166637625850549
2019-12-09,"Both","15-64",562.785693320049,0.00176704603061309
2019-12-16,"Both","15-64",522.737202994741,0.00164130096157286
2019-12-23,"Both","15-64",511.269633106812,0.00160529485109109
2019-12-30,"Both","15-64",536.772016589386,0.00167585827536453
2020-01-06,"Both","15-64",522.405678795509,0.00163100506891102
2020-01-13,"Both","15-64",508.26923619433,0.00158686961925042
2020-01-20,"Both","15-64",512.695532420485,0.00160068897817853
2020-01-27,"Both","15-64",493.840569904474,0.0015418218167253
2020-02-03,"Both","15-64",531.11967992594,0.00165821109019126
2020-02-10,"Both","15-64",522.049641919146,0.00162989348461239
2020-02-17,"Both","15-64",556.402866045811,0.00173714783684917
2020-02-24,"Both","15-64",550.561459883007,0.00171891035695984
2020-03-02,"Both","15-64",526.92008816607,0.00164509952627508
2020-03-09,"Both","15-64",532.978939883356,0.00166401589388704
2020-03-16,"Both","15-64",514.552865000199,0.00160648776439991
2020-03-23,"Both","15-64",543.98582873146,0.00169838055000179
2020-03-30,"Both","15-64",558.702642611588,0.00174432797938665
2020-04-06,"Both","15-64",525.344678357521,0.00164018093237832
2020-04-13,"Both","15-64",530.044459105747,0.00165485413853642
2020-04-20,"Both","15-64",507.037791600642,0.00158302492066479
2020-04-27,"Both","15-64",510.108272293433,0.00159261128194915
2020-05-04,"Both","15-64",526.135606342849,0.00164265029212224
2020-05-11,"Both","15-64",563.350460490631,0.00175883895204218
2020-05-18,"Both","15-64",505.983458667759,0.00157973318317485
2020-05-25,"Both","15-64",542.343792985527,0.0016932539429727
2020-06-01,"Both","15-64",509.924828293471,0.00159203855062952
2020-06-08,"Both","15-64",514.908459190565,0.00160759796658664
2020-06-15,"Both","15-64",513.278716449133,0.00160250973960101
2020-06-22,"Both","15-64",505.407384830214,0.00157793462051131
2020-06-29,"Both","15-64",539.056088081252,0.00168298938502164
2020-07-06,"Both","15-64",573.647645649709,0.00179098783914596
2020-07-13,"Both","15-64",546.567684702114,0.00170644137389069
2020-07-20,"Both","15-64",538.489051812513,0.00168121903859145
2020-07-27,"Both","15-64",529.210384477044,0.00165225007046732
2020-08-03,"Both","15-64",557.20349562894,0.00173964748599428
2020-08-10,"Both","15-64",536.697681141188,0.00167562619233456
2020-08-17,"Both","15-64",560.337125480421,0.00174943100554491
2020-08-24,"Both","15-64",491.843382654172,0.00153558638962137
2020-08-31,"Both","15-64",513.553086343197,0.00160336635105479
2020-09-07,"Both","15-64",509.636902046198,0.00159113961482573
2020-09-14,"Both","15-64",507.566864039404,0.00158467674005434
2020-09-21,"Both","15-64",509.5526436572,0.00159087655133861
2020-09-28,"Both","15-64",541.981752633054,0.00169212361519488
2020-10-05,"Both","15-64",547.981531290055,0.00171085555054534
2020-10-12,"Both","15-64",480.765791770278,0.00150100099436952
2020-10-19,"Both","15-64",504.566864039404,0.00157531042685113
2020-10-26,"Both","15-64",526.48194162141,0.00164373158701968
2020-11-02,"Both","15-64",508.625494413692,0.00158798189460501
2020-11-09,"Both","15-64",534.827234894264,0.00166978646387507
2020-11-16,"Both","15-64",546.26923619433,0.00170550958649105
2020-11-23,"Both","15-64",524.400495982111,0.00163723309642864
2020-11-30,"Both","15-64",551.483868999115,0.00172179021452083
2020-12-07,"Both","15-64",519.192087996434,0.00162097190293399
2020-12-14,"Both","15-64",564.132572250152,0.00176128078660871
2020-12-21,"Both","15-64",519.629570512098,0.00162233776902154
2020-12-28,"Both","15-64",518.847901438574,0.00161989731656691
2021-01-04,"Both","15-64",545.20190709238,0.00170036959156238
2021-01-11,"Both","15-64",546.349286013265,0.00170394802406912
2021-01-18,"Both","15-64",561.507538190159,0.00175122341090752
2021-01-25,"Both","15-64",500.383602344536,0.00156059076550318
2021-02-01,"Both","15-64",506.70401135052,0.00158030278620635
2021-02-08,"Both","15-64",497.315121614036,0.00155102082222426
2021-02-15,"Both","15-64",501.721093550135,0.00156476211807073
2021-02-22,"Both","15-64",518.150564291085,0.00161600216710571
2021-03-01,"Both","15-64",503.0991657602,0.00156906003421976
2021-03-08,"Both","15-64",513.067153720337,0.00160014808324525
2021-03-15,"Both","15-64",520.488247901588,0.00162329290852514
2021-03-22,"Both","15-64",493.844933193307,0.00154019803750755
2021-03-29,"Both","15-64",528.054280037002,0.00164688976467052
2021-04-05,"Both","15-64",459.178215882627,0.0014320798684631
2021-04-12,"Both","15-64",535.781005316032,0.00167098778878948
2021-04-19,"Both","15-64",538.38986701773,0.00167912427739756
2021-04-26,"Both","15-64",537.710524158209,0.00167700555050841
2021-05-03,"Both","15-64",560.753105589998,0.00174887049497764
2021-05-10,"Both","15-64",532.052223880089,0.00165935850707792
2021-05-17,"Both","15-64",491.377089536847,0.00153250135439697
2021-05-24,"Both","15-64",525.960300074328,0.00164035908345397
2021-05-31,"Both","15-64",540.718941190769,0.00168638816780002
2021-06-07,"Both","15-64",569.050071520723,0.00177474697924394
2021-06-14,"Both","15-64",524.597157704512,0.00163610773032323
2021-06-21,"Both","15-64",556.83009955551,0.00173663546776702
2021-06-28,"Both","15-64",497.340868980704,0.00155110112282258
2021-07-05,"Both","15-64",532.776796799753,0.00166161829697124
2021-07-12,"Both","15-64",507.415366249905,0.00158252135188631
2021-07-19,"Both","15-64",552.759714600138,0.00172394079683129
2021-07-26,"Both","15-64",544.721093550135,0.00169887003568078
2021-08-02,"Both","15-64",533.966812882016,0.00166532970577856
2021-08-09,"Both","15-64",526.674055467572,0.00164258513576725
2021-08-16,"Both","15-64",530.389963220181,0.00165417426717965
2021-08-23,"Both","15-64",508.650460460269,0.00158637334985385
2021-08-30,"Both","15-64",526.637834911428,0.00164247217150308
2021-09-06,"Both","15-64",527.67395926512,0.00164570362451375
2021-09-13,"Both","15-64",514.1141918029,0.00160341357387108
2021-09-20,"Both","15-64",528.270139688387,0.00164756298532966
2021-09-27,"Both","15-64",537.703915148069,0.00167698493840172
2021-10-04,"Both","15-64",578.099358165103,0.00180296979291218
2021-10-11,"Both","15-64",564.315121614036,0.00175997967059339
2021-10-18,"Both","15-64",516.391923174644,0.00161051733692084
2021-10-25,"Both","15-64",540.964756725101,0.00168715481453084
2021-11-01,"Both","15-64",491.874985278707,0.0015340541860511
2021-11-08,"Both","15-64",529.041654488161,0.00164996917703206
2021-11-15,"Both","15-64",522.195394284693,0.00162861713751337
2021-11-22,"Both","15-64",502.485999339771,0.00156714769766645
2021-11-29,"Both","15-64",559.065193765874,0.00174360625451618
2021-12-06,"Both","15-64",541.770187789613,0.00168966678389922
2021-12-13,"Both","15-64",548.453987299908,0.00171051214283058
2021-12-20,"Both","15-64",560.406949217344,0.00174779090636592
2021-12-27,"Both","15-64",467.919774799453,0.00145934294434685
2022-01-03,"Both","15-64",584.924192407063,0.00182276688881973
2022-01-10,"Both","15-64",618.081124969972,0.00192609200273199
2022-01-17,"Both","15-64",585.264528148831,0.00182382745825629
2022-01-24,"Both","15-64",543.106063262157,0.00169245136734327
2022-01-31,"Both","15-64",589.83475219433,0.00183806939451532
2022-02-07,"Both","15-64",542.188856711215,0.00168959312733034
2022-02-14,"Both","15-64",545.773240703412,0.00170076294479148
2022-02-21,"Both","15-64",546.309681464872,0.00170243462544771
2022-02-28,"Both","15-64",539.22024125214,0.00168034219526995
2022-03-07,"Both","15-64",554.081124969972,0.00172665234474076
2022-03-14,"Both","15-64",569.777763456806,0.00177556691054429
2022-03-21,"Both","15-64",548.388618064952,0.0017089131005181
2022-03-28,"Both","15-64",559.514831991352,0.00174358510520902
2022-04-04,"Both","15-64",531.26539456818,0.00165555294680086
2022-04-11,"Both","15-64",550.100082402898,0.00171424644211535
2022-04-18,"Both","15-64",504.686790920308,0.00157272751521623
2022-04-25,"Both","15-64",545.276564085249,0.00169921517893432
2022-05-02,"Both","15-64",591.273573655619,0.00184255311420516
2022-05-09,"Both","15-64",626.887418693395,0.00195353456848777
2022-05-16,"Both","15-64",521.321717401289,0.00162456601596742
2022-05-23,"Both","15-64",576.049740429048,0.0017951119252673
2022-05-30,"Both","15-64",595.957309786686,0.00185714878189424
2022-06-06,"Both","15-64",580.864213239909,0.00181011500043615
2022-06-13,"Both","15-64",579.21937483279,0.0018049892815398
2022-06-20,"Both","15-64",604.058785935836,0.00188239496365066
2022-06-27,"Both","15-64",586.538037444838,0.00182779602479449
2022-07-04,"Both","15-64",585.55459613465,0.00182473138106701
2022-07-11,"Both","15-64",607.785942544245,0.00189400969551411
2022-07-18,"Both","15-64",586.948264279898,0.00182907439197704
2022-07-25,"Both","15-64",597.735600570394,0.00186269037104599
2022-08-01,"Both","15-64",615.323249725054,0.00191749778873779
2022-08-08,"Both","15-64",616.993417595939,0.00192270244044024
2022-08-15,"Both","15-64",611.788932973874,0.00190648399304891
2022-08-22,"Both","15-64",579.375916224119,0.00180547710281399
2022-08-29,"Both","15-64",574.403644430998,0.00178998228740993
2022-09-05,"Both","15-64",570.351844351284,0.00177735588706389
2022-09-12,"Both","15-64",548.022012222168,0.00170777066701963
2022-09-19,"Both","15-64",557.196169379305,0.0017363595852349
2022-09-26,"Both","15-64",537.517822420981,0.00167503704168488
2022-10-03,"Both","15-64",554.631133991615,0.00172836630741527
2022-10-10,"Both","15-64",526.60187346097,0.00164102027407184
2022-10-17,"Both","15-64",547.180477108842,0.00170514823771979
2022-10-24,"Both","15-64",518.391608494581,0.00161543507974506
2022-10-31,"Both","15-64",536.115108768945,0.00167066584276267
2022-11-07,"Both","15-64",560.750035249926,0.00174743430076276
2022-11-14,"Both","15-64",526.915146900274,0.00164199651075298
2022-11-21,"Both","15-64",513.393732504861,0.00159986047540018
2022-11-28,"Both","15-64",503.428382208249,0.00156880600579207
2022-12-05,"Both","15-64",525.662719047473,0.00163809363914952
2022-12-12,"Both","15-64",542.071688291603,0.00168922800186886
2022-12-19,"Both","15-64",545.955777462921,0.00170133177399285
2022-12-26,"Both","15-64",535.846788130748,0.00166982969000776
2023-01-02,"Both","15-64",526.133764911883,0.00163827176989574
2023-01-09,"Both","15-64",493.068844991785,0.00153531444517807
2023-01-16,"Both","15-64",492.241691958331,0.00153273886163932
2023-01-23,"Both","15-64",547.825668129554,0.00170581587188427
2023-01-30,"Both","15-64",542.95411372061,0.00169064685861059
2023-02-06,"Both","15-64",474.054099968932,0.00147610646032669
2023-02-13,"Both","15-64",539.624983042189,0.00168028063394971
2023-02-20,"Both","15-64",537.656548995455,0.00167415133728652
2023-02-27,"Both","15-64",516.569170711868,0.00160848960096192
2023-03-06,"Both","15-64",504.924229910482,0.00157222966280681
2023-03-13,"Both","15-64",518.008789477532,0.00161297227616828
2023-03-20,"Both","15-64",509.927957742928,0.00158781023679546
2014-12-29,"Both","65-74",433,0.0112153541485794
2015-01-05,"Both","65-74",417,0.0108009299768074
2015-01-12,"Both","65-74",438,0.0113448617022581
2015-01-19,"Both","65-74",433,0.0112153541485794
2015-01-26,"Both","65-74",407,0.0105419148694499
2015-02-02,"Both","65-74",465,0.0120442024921233
2015-02-09,"Both","65-74",446,0.0115520737881441
2015-02-16,"Both","65-74",418,0.0108268314875431
2015-02-23,"Both","65-74",426,0.0110340435734291
2015-03-02,"Both","65-74",453,0.0117333843632943
2015-03-09,"Both","65-74",448,0.0116038768096156
2015-03-16,"Both","65-74",425,0.0110081420626934
2015-03-23,"Both","65-74",464,0.0120183009813876
2015-03-30,"Both","65-74",494,0.01279534630346
2015-04-06,"Both","65-74",458,0.0118628919169731
2015-04-13,"Both","65-74",471,0.0121996115565378
2015-04-20,"Both","65-74",430,0.0111376496163721
2015-04-27,"Both","65-74",455,0.0117851873847658
2015-05-04,"Both","65-74",484,0.0125363311961026
2015-05-11,"Both","65-74",460,0.0119146949384446
2015-05-18,"Both","65-74",420,0.0108786345090146
2015-05-25,"Both","65-74",460,0.0119146949384446
2015-06-01,"Both","65-74",495,0.0128212478141958
2015-06-08,"Both","65-74",502,0.013002558389346
2015-06-15,"Both","65-74",466,0.0120701040028591
2015-06-22,"Both","65-74",511,0.0132356719859678
2015-06-29,"Both","65-74",496,0.0128471493249315
2015-07-06,"Both","65-74",526,0.013624194647004
2015-07-13,"Both","65-74",464,0.0120183009813876
2015-07-20,"Both","65-74",499,0.0129248538571388
2015-07-27,"Both","65-74",511,0.0132356719859678
2015-08-03,"Both","65-74",509,0.0131838689644963
2015-08-10,"Both","65-74",502,0.013002558389346
2015-08-17,"Both","65-74",516,0.0133651795396465
2015-08-24,"Both","65-74",482,0.0124845281746311
2015-08-31,"Both","65-74",516,0.0133651795396465
2015-09-07,"Both","65-74",513,0.0132874750074393
2015-09-14,"Both","65-74",478,0.0123809221316881
2015-09-21,"Both","65-74",476,0.0123291191102166
2015-09-28,"Both","65-74",453,0.0117333843632943
2015-10-05,"Both","65-74",494,0.01279534630346
2015-10-12,"Both","65-74",476,0.0123291191102166
2015-10-19,"Both","65-74",460,0.0119146949384446
2015-10-26,"Both","65-74",472,0.0122255130672736
2015-11-02,"Both","65-74",437,0.0113189601915223
2015-11-09,"Both","65-74",434,0.0112412556593151
2015-11-16,"Both","65-74",468,0.0121219070243306
2015-11-23,"Both","65-74",417,0.0108009299768074
2015-11-30,"Both","65-74",450,0.0116556798310871
2015-12-07,"Both","65-74",451,0.0116815813418228
2015-12-14,"Both","65-74",396,0.0102569982513566
2015-12-21,"Both","65-74",442,0.0114484677452011
2015-12-28,"Both","65-74",430,0.0111376496163721
2016-01-04,"Both","65-74",479,0.0119646962777566
2016-01-11,"Both","65-74",447,0.0111653846266329
2016-01-18,"Both","65-74",418,0.0104410084428022
2016-01-25,"Both","65-74",434,0.010840664268364
2016-02-01,"Both","65-74",477,0.0119147392995613
2016-02-08,"Both","65-74",455,0.0113652125394138
2016-02-15,"Both","65-74",423,0.0105659008882902
2016-02-22,"Both","65-74",432,0.0107907072901688
2016-02-29,"Both","65-74",423,0.0105659008882902
2016-03-07,"Both","65-74",466,0.0116399759194876
2016-03-14,"Both","65-74",442,0.0110404921811449
2016-03-21,"Both","65-74",488,0.0121895026796351
2016-03-28,"Both","65-74",465,0.01161499743039
2016-04-04,"Both","65-74",449,0.0112153416048282
2016-04-11,"Both","65-74",481,0.0120146532559518
2016-04-18,"Both","65-74",457,0.0114151695176091
2016-04-25,"Both","65-74",432,0.0107907072901688
2016-05-02,"Both","65-74",431,0.0107657288010711
2016-05-09,"Both","65-74",465,0.01161499743039
2016-05-16,"Both","65-74",483,0.012064610234147
2016-05-23,"Both","65-74",473,0.0118148253431709
2016-05-30,"Both","65-74",485,0.0121145672123422
2016-06-06,"Both","65-74",509,0.0127140509506849
2016-06-13,"Both","65-74",467,0.0116649544085852
2016-06-20,"Both","65-74",515,0.0128639218852706
2016-06-27,"Both","65-74",444,0.0110904491593401
2016-07-04,"Both","65-74",544,0.0135882980691014
2016-07-11,"Both","65-74",529,0.0132136207326372
2016-07-18,"Both","65-74",525,0.0131137067762467
2016-07-25,"Both","65-74",500,0.0124892445488064
2016-08-01,"Both","65-74",467,0.0116649544085852
2016-08-08,"Both","65-74",517,0.0129138788634658
2016-08-15,"Both","65-74",507,0.0126640939724897
2016-08-22,"Both","65-74",511,0.0127640079288802
2016-08-29,"Both","65-74",524,0.0130887282871491
2016-09-05,"Both","65-74",510,0.0127390294397826
2016-09-12,"Both","65-74",487,0.0121645241905375
2016-09-19,"Both","65-74",463,0.0115650404521948
2016-09-26,"Both","65-74",484,0.0120895887232446
2016-10-03,"Both","65-74",513,0.0128139649070754
2016-10-10,"Both","65-74",479,0.0119646962777566
2016-10-17,"Both","65-74",480,0.0119896747668542
2016-10-24,"Both","65-74",458,0.0114401480067067
2016-10-31,"Both","65-74",460,0.0114901049849019
2016-11-07,"Both","65-74",483,0.012064610234147
2016-11-14,"Both","65-74",471,0.0117648683649757
2016-11-21,"Both","65-74",484,0.0120895887232446
2016-11-28,"Both","65-74",489,0.0122144811687327
2016-12-05,"Both","65-74",439,0.010965556713852
2016-12-12,"Both","65-74",465,0.01161499743039
2016-12-19,"Both","65-74",464,0.0115900189412924
2016-12-26,"Both","65-74",528,0.0131886422435396
2017-01-02,"Both","65-74",483,0.0116590810880571
2017-01-09,"Both","65-74",480,0.0115866644353363
2017-01-16,"Both","65-74",472,0.011393553361414
2017-01-23,"Both","65-74",454,0.0109590534450889
2017-01-30,"Both","65-74",431,0.0104038591075624
2017-02-06,"Both","65-74",491,0.0118521921619794
2017-02-13,"Both","65-74",481,0.0116108033195766
2017-02-20,"Both","65-74",521,0.0125763586891879
2017-02-27,"Both","65-74",478,0.0115383866668557
2017-03-06,"Both","65-74",502,0.0121177198886225
2017-03-13,"Both","65-74",455,0.0109831923293292
2017-03-20,"Both","65-74",504,0.0121659976571031
2017-03-27,"Both","65-74",467,0.0112728589402126
2017-04-03,"Both","65-74",528,0.0127453308788699
2017-04-10,"Both","65-74",435,0.0105004146445235
2017-04-17,"Both","65-74",483,0.0116590810880571
2017-04-24,"Both","65-74",466,0.0112487200559723
2017-05-01,"Both","65-74",459,0.0110797478662903
2017-05-08,"Both","65-74",481,0.0116108033195766
2017-05-15,"Both","65-74",496,0.0119728865831808
2017-05-22,"Both","65-74",523,0.0126246364576685
2017-05-29,"Both","65-74",462,0.0111521645190112
2017-06-05,"Both","65-74",472,0.011393553361414
2017-06-12,"Both","65-74",491,0.0118521921619794
2017-06-19,"Both","65-74",501,0.0120935810043822
2017-06-26,"Both","65-74",550,0.0132763863321562
2017-07-03,"Both","65-74",580,0.0140005528593647
2017-07-10,"Both","65-74",578,0.0139522750908841
2017-07-17,"Both","65-74",582,0.0140488306278452
2017-07-24,"Both","65-74",574,0.013855719553923
2017-07-31,"Both","65-74",535,0.0129143030685519
2017-08-07,"Both","65-74",541,0.0130591363739936
2017-08-14,"Both","65-74",511,0.0123349698467851
2017-08-21,"Both","65-74",548,0.0132281085636756
2017-08-28,"Both","65-74",588,0.0141936639332869
2017-09-04,"Both","65-74",574,0.013855719553923
2017-09-11,"Both","65-74",535,0.0129143030685519
2017-09-18,"Both","65-74",546,0.013179830795195
2017-09-25,"Both","65-74",512,0.0123591087310254
2017-10-02,"Both","65-74",509,0.0122866920783045
2017-10-09,"Both","65-74",516,0.0124556642679865
2017-10-16,"Both","65-74",492,0.0118763310462197
2017-10-23,"Both","65-74",492,0.0118763310462197
2017-10-30,"Both","65-74",499,0.0120453032359017
2017-11-06,"Both","65-74",469,0.0113211367086932
2017-11-13,"Both","65-74",481,0.0116108033195766
2017-11-20,"Both","65-74",468,0.0112969978244529
2017-11-27,"Both","65-74",482,0.0116349422038169
2017-12-04,"Both","65-74",516,0.0124556642679865
2017-12-11,"Both","65-74",496,0.0119728865831808
2017-12-18,"Both","65-74",485,0.0117073588565377
2017-12-25,"Both","65-74",438,0.0105728312972444
2018-01-01,"Both","65-74",484,0.0113120269618531
2018-01-08,"Both","65-74",415,0.00969936196109305
2018-01-15,"Both","65-74",463,0.0108212158746653
2018-01-22,"Both","65-74",485,0.0113353989183859
2018-01-29,"Both","65-74",446,0.0104238926136084
2018-02-05,"Both","65-74",473,0.0110549354399928
2018-02-12,"Both","65-74",449,0.0104940084832067
2018-02-19,"Both","65-74",503,0.0117560941359754
2018-02-26,"Both","65-74",445,0.0104005206570757
2018-03-05,"Both","65-74",470,0.0109848195703945
2018-03-12,"Both","65-74",499,0.0116626063098444
2018-03-19,"Both","65-74",466,0.0108913317442635
2018-03-26,"Both","65-74",465,0.0108679597877308
2018-04-02,"Both","65-74",441,0.0103070328309447
2018-04-09,"Both","65-74",485,0.0113353989183859
2018-04-16,"Both","65-74",518,0.0121066734839667
2018-04-23,"Both","65-74",429,0.0100265693525516
2018-04-30,"Both","65-74",489,0.0114288867445169
2018-05-07,"Both","65-74",502,0.0117327221794427
2018-05-14,"Both","65-74",496,0.0115924904402462
2018-05-21,"Both","65-74",500,0.0116859782663772
2018-05-28,"Both","65-74",507,0.0118495819621065
2018-06-04,"Both","65-74",536,0.0125273687015563
2018-06-11,"Both","65-74",490,0.0114522587010496
2018-06-18,"Both","65-74",529,0.012363765005827
2018-06-25,"Both","65-74",528,0.0123403930492943
2018-07-02,"Both","65-74",527,0.0123170210927615
2018-07-09,"Both","65-74",526,0.0122936491362288
2018-07-16,"Both","65-74",525,0.012270277179696
2018-07-23,"Both","65-74",500,0.0116859782663772
2018-07-30,"Both","65-74",486,0.0113587708749186
2018-08-06,"Both","65-74",523,0.0122235332666305
2018-08-13,"Both","65-74",535,0.0125039967450236
2018-08-20,"Both","65-74",503,0.0117560941359754
2018-08-27,"Both","65-74",544,0.0127143443538184
2018-09-03,"Both","65-74",537,0.0125507406580891
2018-09-10,"Both","65-74",506,0.0118262100055737
2018-09-17,"Both","65-74",519,0.0121300454404995
2018-09-24,"Both","65-74",525,0.012270277179696
2018-10-01,"Both","65-74",478,0.0111717952226566
2018-10-08,"Both","65-74",496,0.0115924904402462
2018-10-15,"Both","65-74",514,0.0120131856578357
2018-10-22,"Both","65-74",482,0.0112652830487876
2018-10-29,"Both","65-74",491,0.0114756306575824
2018-11-05,"Both","65-74",489,0.0114288867445169
2018-11-12,"Both","65-74",483,0.0112886550053203
2018-11-19,"Both","65-74",542,0.0126676004407529
2018-11-26,"Both","65-74",468,0.010938075657329
2018-12-03,"Both","65-74",485,0.0113353989183859
2018-12-10,"Both","65-74",466,0.0108913317442635
2018-12-17,"Both","65-74",491,0.0114756306575824
2018-12-24,"Both","65-74",459,0.0107277280485342
2018-12-31,"Both","65-74",488,0.0110519130902136
2019-01-07,"Both","65-74",487,0.0110292657273238
2019-01-14,"Both","65-74",469,0.0106216131953077
2019-01-21,"Both","65-74",502,0.0113689761706705
2019-01-28,"Both","65-74",497,0.0112557393562216
2019-02-04,"Both","65-74",471,0.0106669079210873
2019-02-11,"Both","65-74",439,0.00994219230861425
2019-02-18,"Both","65-74",503,0.0113916235335603
2019-02-25,"Both","65-74",438,0.00991954494572447
2019-03-04,"Both","65-74",480,0.0108707341870953
2019-03-11,"Both","65-74",530,0.0120031023315844
2019-03-18,"Both","65-74",492,0.0111425025417727
2019-03-25,"Both","65-74",502,0.0113689761706705
2019-04-01,"Both","65-74",443,0.0100327817601734
2019-04-08,"Both","65-74",514,0.0116407445253479
2019-04-15,"Both","65-74",464,0.0105083763808588
2019-04-22,"Both","65-74",494,0.0111877972675523
2019-04-29,"Both","65-74",486,0.011006618364434
2019-05-06,"Both","65-74",468,0.0105989658324179
2019-05-13,"Both","65-74",472,0.0106895552839771
2019-05-20,"Both","65-74",540,0.0122295759604822
2019-05-27,"Both","65-74",537,0.0121616338718129
2019-06-03,"Both","65-74",541,0.012252223323372
2019-06-10,"Both","65-74",535,0.0121163391460333
2019-06-17,"Both","65-74",545,0.0123428127749311
2019-06-24,"Both","65-74",560,0.0126825232182779
2019-07-01,"Both","65-74",576,0.0130448810245144
2019-07-08,"Both","65-74",523,0.0118445707913559
2019-07-15,"Both","65-74",536,0.0121389865089231
2019-07-22,"Both","65-74",525,0.0118898655171355
2019-07-29,"Both","65-74",531,0.0120257496944742
2019-08-05,"Both","65-74",504,0.0114142708964501
2019-08-12,"Both","65-74",566,0.0128184073956166
2019-08-19,"Both","65-74",546,0.0123654601378209
2019-08-26,"Both","65-74",577,0.0130675283874042
2019-09-02,"Both","65-74",570,0.0129089968471757
2019-09-09,"Both","65-74",536,0.0121389865089231
2019-09-16,"Both","65-74",547,0.0123881075007107
2019-09-23,"Both","65-74",489,0.0110745604531033
2019-09-30,"Both","65-74",485,0.0109839710015442
2019-10-07,"Both","65-74",499,0.0113010340820012
2019-10-14,"Both","65-74",526,0.0119125128800253
2019-10-21,"Both","65-74",484,0.0109613236386544
2019-10-28,"Both","65-74",490,0.0110972078159931
2019-11-04,"Both","65-74",468,0.0105989658324179
2019-11-11,"Both","65-74",509,0.011527507710899
2019-11-18,"Both","65-74",473,0.0107122026468668
2019-11-25,"Both","65-74",487,0.0110292657273238
2019-12-02,"Both","65-74",461,0.0104404342921895
2019-12-09,"Both","65-74",478,0.0108254394613157
2019-12-16,"Both","65-74",484,0.0109613236386544
2019-12-23,"Both","65-74",507,0.0114822129851194
2019-12-30,"Both","65-74",438,0.00962445315610268
2020-01-06,"Both","65-74",494,0.0108549768472939
2020-01-13,"Both","65-74",515,0.0113164232314906
2020-01-20,"Both","65-74",461,0.0101298468149848
2020-01-27,"Both","65-74",460,0.0101078731776421
2020-02-03,"Both","65-74",465,0.0102177413643556
2020-02-10,"Both","65-74",506,0.0111186604954063
2020-02-17,"Both","65-74",534,0.0117339223410019
2020-02-24,"Both","65-74",476,0.0104594513751253
2020-03-02,"Both","65-74",491,0.0107890559352658
2020-03-09,"Both","65-74",519,0.0114043177808614
2020-03-16,"Both","65-74",531,0.0116680014289738
2020-03-23,"Both","65-74",525,0.0115361596049176
2020-03-30,"Both","65-74",543,0.0119316850770862
2020-04-06,"Both","65-74",501,0.0110087923086928
2020-04-13,"Both","65-74",511,0.0112285286821198
2020-04-20,"Both","65-74",486,0.0106791877485523
2020-04-27,"Both","65-74",471,0.0103495831884118
2020-05-04,"Both","65-74",543,0.0119316850770862
2020-05-11,"Both","65-74",540,0.0118657641650581
2020-05-18,"Both","65-74",474,0.0104155041004399
2020-05-25,"Both","65-74",525,0.0115361596049176
2020-06-01,"Both","65-74",510,0.0112065550447771
2020-06-08,"Both","65-74",485,0.0106572141112096
2020-06-15,"Both","65-74",508,0.0111626077700917
2020-06-22,"Both","65-74",506,0.0111186604954063
2020-06-29,"Both","65-74",495,0.0108769504846366
2020-07-06,"Both","65-74",479,0.0105253722871534
2020-07-13,"Both","65-74",524,0.0115141859675749
2020-07-20,"Both","65-74",489,0.0107451086605804
2020-07-27,"Both","65-74",556,0.0122173423625413
2020-08-03,"Both","65-74",525,0.0115361596049176
2020-08-10,"Both","65-74",555,0.0121953687251986
2020-08-17,"Both","65-74",513,0.0112724759568052
2020-08-24,"Both","65-74",523,0.0114922123302322
2020-08-31,"Both","65-74",546,0.0119976059891143
2020-09-07,"Both","65-74",508,0.0111626077700917
2020-09-14,"Both","65-74",483,0.0106132668365242
2020-09-21,"Both","65-74",519,0.0114043177808614
2020-09-28,"Both","65-74",531,0.0116680014289738
2020-10-05,"Both","65-74",520,0.0114262914182041
2020-10-12,"Both","65-74",492,0.0108110295726085
2020-10-19,"Both","65-74",500,0.0109868186713501
2020-10-26,"Both","65-74",518,0.0113823441435187
2020-11-02,"Both","65-74",499,0.0109648450340074
2020-11-09,"Both","65-74",518,0.0113823441435187
2020-11-16,"Both","65-74",506,0.0111186604954063
2020-11-23,"Both","65-74",460,0.0101078731776421
2020-11-30,"Both","65-74",460,0.0101078731776421
2020-12-07,"Both","65-74",504,0.0110747132207209
2020-12-14,"Both","65-74",496,0.0108989241219793
2020-12-21,"Both","65-74",500,0.0109868186713501
2020-12-28,"Both","65-74",475,0.0104374777377826
2021-01-04,"Both","65-74",494,0.0106093800882098
2021-01-11,"Both","65-74",502,0.0107811919115007
2021-01-18,"Both","65-74",515,0.0110603861243483
2021-01-25,"Both","65-74",508,0.0109100507789688
2021-02-01,"Both","65-74",503,0.0108026683894121
2021-02-08,"Both","65-74",486,0.010437568264919
2021-02-15,"Both","65-74",496,0.0106523330440326
2021-02-22,"Both","65-74",494,0.0106093800882098
2021-03-01,"Both","65-74",505,0.0108456213452348
2021-03-08,"Both","65-74",519,0.0111462920359937
2021-03-15,"Both","65-74",513,0.0110174331685256
2021-03-22,"Both","65-74",522,0.0112107214697278
2021-03-29,"Both","65-74",493,0.0105879036102985
2021-04-05,"Both","65-74",521,0.0111892449918165
2021-04-12,"Both","65-74",535,0.0114899156825754
2021-04-19,"Both","65-74",503,0.0108026683894121
2021-04-26,"Both","65-74",528,0.011339580337196
2021-05-03,"Both","65-74",520,0.0111677685139051
2021-05-10,"Both","65-74",535,0.0114899156825754
2021-05-17,"Both","65-74",556,0.0119409217187139
2021-05-24,"Both","65-74",579,0.0124348807106751
2021-05-31,"Both","65-74",515,0.0110603861243483
2021-06-07,"Both","65-74",542,0.0116402510279549
2021-06-14,"Both","65-74",544,0.0116832039837776
2021-06-21,"Both","65-74",522,0.0112107214697278
2021-06-28,"Both","65-74",564,0.0121127335420048
2021-07-05,"Both","65-74",535,0.0114899156825754
2021-07-12,"Both","65-74",572,0.0122845453652956
2021-07-19,"Both","65-74",597,0.0128214573130795
2021-07-26,"Both","65-74",542,0.0116402510279549
2021-08-02,"Both","65-74",563,0.0120912570640934
2021-08-09,"Both","65-74",510,0.0109530037347915
2021-08-16,"Both","65-74",544,0.0116832039837776
2021-08-23,"Both","65-74",538,0.0115543451163095
2021-08-30,"Both","65-74",584,0.0125422631002319
2021-09-06,"Both","65-74",530,0.0113825332930187
2021-09-13,"Both","65-74",570,0.0122415924094729
2021-09-20,"Both","65-74",572,0.0122845453652956
2021-09-27,"Both","65-74",567,0.0121771629757388
2021-10-04,"Both","65-74",508,0.0109100507789688
2021-10-11,"Both","65-74",568,0.0121986394536502
2021-10-18,"Both","65-74",503,0.0108026683894121
2021-10-25,"Both","65-74",517,0.011103339080171
2021-11-01,"Both","65-74",534,0.0114684392046641
2021-11-08,"Both","65-74",497,0.0106738095219439
2021-11-15,"Both","65-74",531,0.01140400977093
2021-11-22,"Both","65-74",489,0.0105019976986531
2021-11-29,"Both","65-74",507,0.0108885743010575
2021-12-06,"Both","65-74",493,0.0105879036102985
2021-12-13,"Both","65-74",469,0.0100724681404259
2021-12-20,"Both","65-74",529,0.0113610568151073
2021-12-27,"Both","65-74",498,0.0106952859998553
2022-01-03,"Both","65-74",523,0.0110607305388167
2022-01-10,"Both","65-74",570,0.0120547158836052
2022-01-17,"Both","65-74",571,0.0120758645079624
2022-01-24,"Both","65-74",571,0.0120758645079624
2022-01-31,"Both","65-74",648,0.013704308583467
2022-02-07,"Both","65-74",552,0.0116740406451756
2022-02-14,"Both","65-74",546,0.0115471488990324
2022-02-21,"Both","65-74",531,0.0112299195336743
2022-02-28,"Both","65-74",562,0.0118855268887476
2022-03-07,"Both","65-74",499,0.0105531635542439
2022-03-14,"Both","65-74",541,0.0114414057772464
2022-03-21,"Both","65-74",535,0.0113145140311031
2022-03-28,"Both","65-74",537,0.0113568112798175
2022-04-04,"Both","65-74",534,0.0112933654067459
2022-04-11,"Both","65-74",507,0.0107223525491015
2022-04-18,"Both","65-74",492,0.0104051231837435
2022-04-25,"Both","65-74",528,0.0111664736606027
2022-05-02,"Both","65-74",587,0.0124142424976777
2022-05-09,"Both","65-74",609,0.0128795122335361
2022-05-16,"Both","65-74",555,0.0117374865182472
2022-05-23,"Both","65-74",561,0.0118643782643904
2022-05-30,"Both","65-74",616,0.0130275526040365
2022-06-06,"Both","65-74",576,0.0121816076297484
2022-06-13,"Both","65-74",638,0.013492822339895
2022-06-20,"Both","65-74",644,0.0136197140860382
2022-06-27,"Both","65-74",583,0.0123296480002488
2022-07-04,"Both","65-74",633,0.013387079218109
2022-07-11,"Both","65-74",639,0.0135139709642522
2022-07-18,"Both","65-74",605,0.0127949177361073
2022-07-25,"Both","65-74",606,0.0128160663604645
2022-08-01,"Both","65-74",656,0.0138734975783246
2022-08-08,"Both","65-74",613,0.0129641067309649
2022-08-15,"Both","65-74",622,0.0131544443501797
2022-08-22,"Both","65-74",582,0.0123084993758916
2022-08-29,"Both","65-74",558,0.0118009323913188
2022-09-05,"Both","65-74",569,0.012033567259248
2022-09-12,"Both","65-74",542,0.0114625544016036
2022-09-19,"Both","65-74",558,0.0118009323913188
2022-09-26,"Both","65-74",538,0.0113779599041747
2022-10-03,"Both","65-74",590,0.0124776883707493
2022-10-10,"Both","65-74",563,0.0119066755131048
2022-10-17,"Both","65-74",520,0.0109972846657451
2022-10-24,"Both","65-74",493,0.0104262718081007
2022-10-31,"Both","65-74",503,0.0106377580516727
2022-11-07,"Both","65-74",545,0.0115260002746752
2022-11-14,"Both","65-74",547,0.0115682975233896
2022-11-21,"Both","65-74",544,0.011504851650318
2022-11-28,"Both","65-74",547,0.0115682975233896
2022-12-05,"Both","65-74",572,0.0120970131323196
2022-12-12,"Both","65-74",520,0.0109972846657451
2022-12-19,"Both","65-74",541,0.0114414057772464
2022-12-26,"Both","65-74",509,0.0107646497978159
2023-01-02,"Both","65-74",557,0.0115999634207715
2023-01-09,"Both","65-74",508,0.0105794998523374
2023-01-16,"Both","65-74",528,0.0109960155945554
2023-01-23,"Both","65-74",514,0.0107044545750028
2023-01-30,"Both","65-74",496,0.0103295904070066
2023-02-06,"Both","65-74",480,0.00999637781323215
2023-02-13,"Both","65-74",524,0.0109127124461118
2023-02-20,"Both","65-74",490,0.0102046356843412
2023-02-27,"Both","65-74",501,0.0104337193425611
2023-03-06,"Both","65-74",512,0.010662803000781
2023-03-13,"Both","65-74",525,0.0109335382332227
2023-03-20,"Both","65-74",517,0.0107669319363355
2014-12-29,"Both","75-84",786,0.037832312999509
2015-01-05,"Both","75-84",708,0.034077961327802
2015-01-12,"Both","75-84",701,0.0337410323316232
2015-01-19,"Both","75-84",727,0.0349924828888588
2015-01-26,"Both","75-84",665,0.0320082546369892
2015-02-02,"Both","75-84",728,0.0350406156025987
2015-02-09,"Both","75-84",703,0.0338372977591028
2015-02-16,"Both","75-84",706,0.0339816959003223
2015-02-23,"Both","75-84",753,0.0362439334460945
2015-03-02,"Both","75-84",741,0.0356663408812165
2015-03-09,"Both","75-84",713,0.0343186248965012
2015-03-16,"Both","75-84",780,0.03754351671707
2015-03-23,"Both","75-84",735,0.0353775445987775
2015-03-30,"Both","75-84",748,0.0360032698773953
2015-04-06,"Both","75-84",776,0.0373509858621107
2015-04-13,"Both","75-84",725,0.0348962174613792
2015-04-20,"Both","75-84",765,0.0368215260109725
2015-04-27,"Both","75-84",810,0.038987498129265
2015-05-04,"Both","75-84",798,0.038409905564387
2015-05-11,"Both","75-84",787,0.0378804457132488
2015-05-18,"Both","75-84",787,0.0378804457132488
2015-05-25,"Both","75-84",814,0.0391800289842243
2015-06-01,"Both","75-84",774,0.037254720434631
2015-06-08,"Both","75-84",802,0.0386024364193463
2015-06-15,"Both","75-84",788,0.0379285784269887
2015-06-22,"Both","75-84",844,0.0406240103964193
2015-06-29,"Both","75-84",805,0.0387468345605658
2015-07-06,"Both","75-84",818,0.0393725598391837
2015-07-13,"Both","75-84",882,0.042453053518533
2015-07-20,"Both","75-84",855,0.0411534702475575
2015-07-27,"Both","75-84",849,0.0408646739651185
2015-08-03,"Both","75-84",905,0.0435601059345492
2015-08-10,"Both","75-84",883,0.0425011862322728
2015-08-17,"Both","75-84",937,0.0451003527742238
2015-08-24,"Both","75-84",860,0.0413941338162567
2015-08-31,"Both","75-84",877,0.0422123899498338
2015-09-07,"Both","75-84",837,0.0402870814002405
2015-09-14,"Both","75-84",835,0.0401908159727608
2015-09-21,"Both","75-84",782,0.0376397821445497
2015-09-28,"Both","75-84",817,0.0393244271254438
2015-10-05,"Both","75-84",766,0.0368696587247123
2015-10-12,"Both","75-84",754,0.0362920661598343
2015-10-19,"Both","75-84",721,0.0347036866064198
2015-10-26,"Both","75-84",742,0.0357144735949563
2015-11-02,"Both","75-84",783,0.0376879148582895
2015-11-09,"Both","75-84",707,0.0340298286140622
2015-11-16,"Both","75-84",728,0.0350406156025987
2015-11-23,"Both","75-84",719,0.0346074211789402
2015-11-30,"Both","75-84",738,0.035521942739997
2015-12-07,"Both","75-84",765,0.0368215260109725
2015-12-14,"Both","75-84",749,0.0360514025911352
2015-12-21,"Both","75-84",677,0.0325858472018672
2015-12-28,"Both","75-84",722,0.0347518193201597
2016-01-04,"Both","75-84",719,0.0337080029369635
2016-01-11,"Both","75-84",778,0.0364740282127366
2016-01-18,"Both","75-84",711,0.0333329486622824
2016-01-25,"Both","75-84",667,0.0312701501515363
2016-02-01,"Both","75-84",742,0.0347862839766716
2016-02-08,"Both","75-84",723,0.033895530074304
2016-02-15,"Both","75-84",660,0.0309419776611904
2016-02-22,"Both","75-84",712,0.0333798304466175
2016-02-29,"Both","75-84",695,0.0325828401129202
2016-03-07,"Both","75-84",724,0.0339424118586392
2016-03-14,"Both","75-84",696,0.0326297218972553
2016-03-21,"Both","75-84",738,0.0345987568393311
2016-03-28,"Both","75-84",739,0.0346456386236662
2016-04-04,"Both","75-84",772,0.0361927375067257
2016-04-11,"Both","75-84",719,0.0337080029369635
2016-04-18,"Both","75-84",720,0.0337548847212986
2016-04-25,"Both","75-84",747,0.0350206928983473
2016-05-02,"Both","75-84",745,0.034926929329677
2016-05-09,"Both","75-84",752,0.035255101820023
2016-05-16,"Both","75-84",744,0.0348800475453419
2016-05-23,"Both","75-84",822,0.0385368267234826
2016-05-30,"Both","75-84",807,0.0378335999584555
2016-06-06,"Both","75-84",808,0.0378804817427907
2016-06-13,"Both","75-84",824,0.0386305902921529
2016-06-20,"Both","75-84",813,0.0381148906644663
2016-06-27,"Both","75-84",864,0.0405058616655583
2016-07-04,"Both","75-84",815,0.0382086542331366
2016-07-11,"Both","75-84",879,0.0412090884305854
2016-07-18,"Both","75-84",796,0.037317900330769
2016-07-25,"Both","75-84",844,0.0395682259788556
2016-08-01,"Both","75-84",859,0.0402714527438826
2016-08-08,"Both","75-84",849,0.0398026349005313
2016-08-15,"Both","75-84",830,0.0389118809981637
2016-08-22,"Both","75-84",858,0.0402245709595475
2016-08-29,"Both","75-84",875,0.0410215612932448
2016-09-05,"Both","75-84",853,0.0399901620378718
2016-09-12,"Both","75-84",876,0.04106844307758
2016-09-19,"Both","75-84",827,0.0387712356451583
2016-09-26,"Both","75-84",858,0.0402245709595475
2016-10-03,"Both","75-84",805,0.0377398363897853
2016-10-10,"Both","75-84",836,0.0391931717041745
2016-10-17,"Both","75-84",803,0.037646072821115
2016-10-24,"Both","75-84",843,0.0395213441945205
2016-10-31,"Both","75-84",778,0.0364740282127366
2016-11-07,"Both","75-84",849,0.0398026349005313
2016-11-14,"Both","75-84",738,0.0345987568393311
2016-11-21,"Both","75-84",739,0.0346456386236662
2016-11-28,"Both","75-84",708,0.033192303309277
2016-12-05,"Both","75-84",711,0.0333329486622824
2016-12-12,"Both","75-84",754,0.0353488653886933
2016-12-19,"Both","75-84",743,0.0348331657610068
2016-12-26,"Both","75-84",723,0.033895530074304
2017-01-02,"Both","75-84",765,0.0347568630231431
2017-01-09,"Both","75-84",751,0.0341207897129157
2017-01-16,"Both","75-84",734,0.033348414979068
2017-01-23,"Both","75-84",745,0.0338481868656753
2017-01-30,"Both","75-84",704,0.0319854007428664
2017-02-06,"Both","75-84",749,0.0340299220971689
2017-02-13,"Both","75-84",694,0.0315310626641325
2017-02-20,"Both","75-84",746,0.0338936206735487
2017-02-27,"Both","75-84",740,0.0336210178263084
2017-03-06,"Both","75-84",718,0.0326214740530938
2017-03-13,"Both","75-84",725,0.0329395107082075
2017-03-20,"Both","75-84",735,0.0333938487869414
2017-03-27,"Both","75-84",737,0.0334847164026882
2017-04-03,"Both","75-84",755,0.0343025249444092
2017-04-10,"Both","75-84",770,0.0349840320625101
2017-04-17,"Both","75-84",762,0.034620561599523
2017-04-24,"Both","75-84",769,0.0349385982546367
2017-05-01,"Both","75-84",793,0.036029009643598
2017-05-08,"Both","75-84",831,0.0377554943427868
2017-05-15,"Both","75-84",765,0.0347568630231431
2017-05-22,"Both","75-84",775,0.035211201101877
2017-05-29,"Both","75-84",837,0.0380280971900272
2017-06-05,"Both","75-84",814,0.0369831196089392
2017-06-12,"Both","75-84",813,0.0369376858010658
2017-06-19,"Both","75-84",843,0.0383007000372675
2017-06-26,"Both","75-84",877,0.0398454495049628
2017-07-03,"Both","75-84",914,0.0415265003962782
2017-07-10,"Both","75-84",872,0.0396182804655958
2017-07-17,"Both","75-84",921,0.0418445370513919
2017-07-24,"Both","75-84",971,0.0441162274450614
2017-07-31,"Both","75-84",957,0.0434801541348339
2017-08-07,"Both","75-84",934,0.042435176553746
2017-08-14,"Both","75-84",930,0.0422534413222524
2017-08-21,"Both","75-84",885,0.0402089199679499
2017-08-28,"Both","75-84",1008,0.0457972783363768
2017-09-04,"Both","75-84",925,0.0420262722828855
2017-09-11,"Both","75-84",876,0.0398000156970894
2017-09-18,"Both","75-84",910,0.0413447651647846
2017-09-25,"Both","75-84",888,0.0403452213915701
2017-10-02,"Both","75-84",818,0.0371648548404328
2017-10-09,"Both","75-84",792,0.0359835758357246
2017-10-16,"Both","75-84",758,0.0344388263680294
2017-10-23,"Both","75-84",768,0.0348931644467633
2017-10-30,"Both","75-84",806,0.0366196491459521
2017-11-06,"Both","75-84",759,0.0344842601759028
2017-11-13,"Both","75-84",734,0.033348414979068
2017-11-20,"Both","75-84",732,0.0332575473633213
2017-11-27,"Both","75-84",743,0.0337573192499286
2017-12-04,"Both","75-84",727,0.0330303783239543
2017-12-11,"Both","75-84",744,0.0338027530578019
2017-12-18,"Both","75-84",748,0.0339844882892955
2017-12-25,"Both","75-84",713,0.0323943050137269
2018-01-01,"Both","75-84",721,0.0316283223218493
2018-01-08,"Both","75-84",709,0.0311019147381292
2018-01-15,"Both","75-84",687,0.0301368341679757
2018-01-22,"Both","75-84",703,0.0308387109462692
2018-01-29,"Both","75-84",774,0.0339532891499464
2018-02-05,"Both","75-84",654,0.0286892133127454
2018-02-12,"Both","75-84",694,0.0304439052584791
2018-02-19,"Both","75-84",745,0.0326811374892895
2018-02-26,"Both","75-84",801,0.0351377062133167
2018-03-05,"Both","75-84",703,0.0308387109462692
2018-03-12,"Both","75-84",726,0.031847658815066
2018-03-19,"Both","75-84",723,0.031716056919136
2018-03-26,"Both","75-84",799,0.03504997161603
2018-04-02,"Both","75-84",706,0.0309703128421992
2018-04-09,"Both","75-84",705,0.0309264455435559
2018-04-16,"Both","75-84",745,0.0326811374892895
2018-04-23,"Both","75-84",739,0.0324179336974295
2018-04-30,"Both","75-84",770,0.0337778199553731
2018-05-07,"Both","75-84",838,0.0367607962631203
2018-05-14,"Both","75-84",813,0.0356641137970368
2018-05-21,"Both","75-84",837,0.036716928964477
2018-05-28,"Both","75-84",786,0.0344796967336665
2018-06-04,"Both","75-84",828,0.0363221232766869
2018-06-11,"Both","75-84",814,0.0357079810956801
2018-06-18,"Both","75-84",856,0.0375504076387004
2018-06-25,"Both","75-84",848,0.0371994692495537
2018-07-02,"Both","75-84",823,0.0361027867834702
2018-07-09,"Both","75-84",791,0.0346990332268832
2018-07-16,"Both","75-84",857,0.0375942749373438
2018-07-23,"Both","75-84",934,0.0409720569328811
2018-07-30,"Both","75-84",869,0.0381206825210639
2018-08-06,"Both","75-84",820,0.0359711848875401
2018-08-13,"Both","75-84",873,0.0382961517156373
2018-08-20,"Both","75-84",846,0.037111734652267
2018-08-27,"Both","75-84",903,0.0396121706749375
2018-09-03,"Both","75-84",805,0.03531317540789
2018-09-10,"Both","75-84",779,0.0341726256431631
2018-09-17,"Both","75-84",809,0.0354886446024634
2018-09-24,"Both","75-84",766,0.0336023507607997
2018-10-01,"Both","75-84",827,0.0362782559780435
2018-10-08,"Both","75-84",817,0.0358395829916101
2018-10-15,"Both","75-84",781,0.0342603602404498
2018-10-22,"Both","75-84",760,0.0333391469689396
2018-10-29,"Both","75-84",713,0.0312773839327026
2018-11-05,"Both","75-84",745,0.0326811374892895
2018-11-12,"Both","75-84",753,0.0330320758784363
2018-11-19,"Both","75-84",770,0.0337778199553731
2018-11-26,"Both","75-84",779,0.0341726256431631
2018-12-03,"Both","75-84",722,0.0316721896204927
2018-12-10,"Both","75-84",777,0.0340848910458765
2018-12-17,"Both","75-84",693,0.0304000379598358
2018-12-24,"Both","75-84",751,0.0329443412811496
2018-12-31,"Both","75-84",732,0.0308105651060661
2019-01-07,"Both","75-84",760,0.0319891113123091
2019-01-14,"Both","75-84",804,0.033841112493548
2019-01-21,"Both","75-84",731,0.0307684741701289
2019-01-28,"Both","75-84",721,0.0303475648107564
2019-02-04,"Both","75-84",752,0.0316523838248111
2019-02-11,"Both","75-84",759,0.0319470203763718
2019-02-18,"Both","75-84",798,0.0335885668779245
2019-02-25,"Both","75-84",765,0.0321995659919953
2019-03-04,"Both","75-84",722,0.0303896557466936
2019-03-11,"Both","75-84",767,0.0322837478638698
2019-03-18,"Both","75-84",751,0.0316102928888738
2019-03-25,"Both","75-84",780,0.0328309300310541
2019-04-01,"Both","75-84",806,0.0339252943654225
2019-04-08,"Both","75-84",793,0.0333781121982383
2019-04-15,"Both","75-84",808,0.034009476237297
2019-04-22,"Both","75-84",778,0.0327467481591796
2019-04-29,"Both","75-84",743,0.0312735654013758
2019-05-06,"Both","75-84",857,0.0360719320982222
2019-05-13,"Both","75-84",841,0.0353984771232262
2019-05-20,"Both","75-84",864,0.036366568649783
2019-05-27,"Both","75-84",878,0.0369558417529044
2019-06-03,"Both","75-84",888,0.0373767511122769
2019-06-10,"Both","75-84",898,0.0377976604716494
2019-06-17,"Both","75-84",865,0.0364086595857202
2019-06-24,"Both","75-84",867,0.0364928414575947
2019-07-01,"Both","75-84",879,0.0369979326888417
2019-07-08,"Both","75-84",857,0.0360719320982222
2019-07-15,"Both","75-84",911,0.0383448426388336
2019-07-22,"Both","75-84",899,0.0378397514075867
2019-07-29,"Both","75-84",868,0.0365349323935319
2019-08-05,"Both","75-84",925,0.0389341157419551
2019-08-12,"Both","75-84",857,0.0360719320982222
2019-08-19,"Both","75-84",897,0.0377555695357122
2019-08-26,"Both","75-84",863,0.0363244777138457
2019-09-02,"Both","75-84",875,0.0368295689450927
2019-09-09,"Both","75-84",832,0.035019658699791
2019-09-16,"Both","75-84",840,0.035356386187289
2019-09-23,"Both","75-84",779,0.0327888390951168
2019-09-30,"Both","75-84",816,0.034346203724795
2019-10-07,"Both","75-84",813,0.0342199309169833
2019-10-14,"Both","75-84",814,0.0342620218529205
2019-10-21,"Both","75-84",788,0.033167657518552
2019-10-28,"Both","75-84",825,0.0347250221482302
2019-11-04,"Both","75-84",732,0.0308105651060661
2019-11-11,"Both","75-84",783,0.0329572028388658
2019-11-18,"Both","75-84",783,0.0329572028388658
2019-11-25,"Both","75-84",734,0.0308947469779406
2019-12-02,"Both","75-84",765,0.0321995659919953
2019-12-09,"Both","75-84",780,0.0328309300310541
2019-12-16,"Both","75-84",754,0.0317365656966856
2019-12-23,"Both","75-84",736,0.0309789288498151
2019-12-30,"Both","75-84",736,0.0295914927746904
2020-01-06,"Both","75-84",755,0.0303554035936022
2020-01-13,"Both","75-84",740,0.0297523161049876
2020-01-20,"Both","75-84",827,0.0332502235389524
2020-01-27,"Both","75-84",751,0.030194580263305
2020-02-03,"Both","75-84",755,0.0303554035936022
2020-02-10,"Both","75-84",801,0.0322048718920204
2020-02-17,"Both","75-84",783,0.0314811669056828
2020-02-24,"Both","75-84",823,0.0330894002086551
2020-03-02,"Both","75-84",765,0.0307574619193453
2020-03-09,"Both","75-84",766,0.0307976677519196
2020-03-16,"Both","75-84",808,0.0324863127200405
2020-03-23,"Both","75-84",880,0.0353811326653907
2020-03-30,"Both","75-84",805,0.0323656952223176
2020-04-06,"Both","75-84",824,0.0331296060412294
2020-04-13,"Both","75-84",781,0.0314007552405342
2020-04-20,"Both","75-84",813,0.0326873418829121
2020-04-27,"Both","75-84",787,0.03164199023598
2020-05-04,"Both","75-84",804,0.0323254893897433
2020-05-11,"Both","75-84",828,0.0332904293715267
2020-05-18,"Both","75-84",872,0.0350594860047962
2020-05-25,"Both","75-84",838,0.0336924876972697
2020-06-01,"Both","75-84",819,0.0329285768783579
2020-06-08,"Both","75-84",799,0.0321244602268717
2020-06-15,"Both","75-84",796,0.0320038427291488
2020-06-22,"Both","75-84",725,0.029149228616373
2020-06-29,"Both","75-84",843,0.0338935168601413
2020-07-06,"Both","75-84",816,0.032807959380635
2020-07-13,"Both","75-84",834,0.0335316643669725
2020-07-20,"Both","75-84",868,0.034898662674499
2020-07-27,"Both","75-84",860,0.0345770160139045
2020-08-03,"Both","75-84",890,0.0357831909911337
2020-08-10,"Both","75-84",897,0.0360646318191539
2020-08-17,"Both","75-84",787,0.03164199023598
2020-08-24,"Both","75-84",860,0.0345770160139045
2020-08-31,"Both","75-84",914,0.0367481309729171
2020-09-07,"Both","75-84",811,0.0326069302177634
2020-09-14,"Both","75-84",776,0.0311997260776627
2020-09-21,"Both","75-84",835,0.0335718701995468
2020-09-28,"Both","75-84",842,0.033853311027567
2020-10-05,"Both","75-84",767,0.0308378735844939
2020-10-12,"Both","75-84",787,0.03164199023598
2020-10-19,"Both","75-84",782,0.0314409610731085
2020-10-26,"Both","75-84",783,0.0314811669056828
2020-11-02,"Both","75-84",801,0.0322048718920204
2020-11-09,"Both","75-84",839,0.033732693529844
2020-11-16,"Both","75-84",776,0.0311997260776627
2020-11-23,"Both","75-84",754,0.0303151977610279
2020-11-30,"Both","75-84",822,0.0330491943760808
2020-12-07,"Both","75-84",830,0.0333708410366753
2020-12-14,"Both","75-84",752,0.0302347860958793
2020-12-21,"Both","75-84",787,0.03164199023598
2020-12-28,"Both","75-84",770,0.0309584910822168
2021-01-04,"Both","75-84",778,0.0297063386320382
2021-01-11,"Both","75-84",789,0.030126351131977
2021-01-18,"Both","75-84",836,0.0319209499953521
2021-01-25,"Both","75-84",778,0.0297063386320382
2021-02-01,"Both","75-84",818,0.031233656813634
2021-02-08,"Both","75-84",764,0.0291717772684796
2021-02-15,"Both","75-84",777,0.0296681556774983
2021-02-22,"Both","75-84",805,0.0307372784046153
2021-03-01,"Both","75-84",795,0.0303554488592164
2021-03-08,"Both","75-84",828,0.0316154863590329
2021-03-15,"Both","75-84",800,0.0305463636319158
2021-03-22,"Both","75-84",811,0.0309663761318547
2021-03-29,"Both","75-84",818,0.031233656813634
2021-04-05,"Both","75-84",768,0.0293245090866392
2021-04-12,"Both","75-84",862,0.0329137068133893
2021-04-19,"Both","75-84",840,0.0320736818135116
2021-04-26,"Both","75-84",818,0.031233656813634
2021-05-03,"Both","75-84",855,0.0326464261316101
2021-05-10,"Both","75-84",916,0.0349755863585436
2021-05-17,"Both","75-84",886,0.0338300977223468
2021-05-24,"Both","75-84",919,0.0350901352221633
2021-05-31,"Both","75-84",862,0.0329137068133893
2021-06-07,"Both","75-84",960,0.036655636358299
2021-06-14,"Both","75-84",934,0.0356628795402617
2021-06-21,"Both","75-84",874,0.0333719022678681
2021-06-28,"Both","75-84",914,0.0348992204494638
2021-07-05,"Both","75-84",912,0.0348228545403841
2021-07-12,"Both","75-84",971,0.0370756488582379
2021-07-19,"Both","75-84",947,0.0361592579492804
2021-07-26,"Both","75-84",981,0.0374574784036368
2021-08-02,"Both","75-84",818,0.031233656813634
2021-08-09,"Both","75-84",946,0.0361210749947405
2021-08-16,"Both","75-84",956,0.0365029045401394
2021-08-23,"Both","75-84",890,0.0339828295405064
2021-08-30,"Both","75-84",904,0.0345173909040649
2021-09-06,"Both","75-84",928,0.0354337818130224
2021-09-13,"Both","75-84",944,0.0360447090856607
2021-09-20,"Both","75-84",851,0.0324936943134505
2021-09-27,"Both","75-84",944,0.0360447090856607
2021-10-04,"Both","75-84",900,0.0343646590859053
2021-10-11,"Both","75-84",861,0.0328755238588494
2021-10-18,"Both","75-84",892,0.0340591954495862
2021-10-25,"Both","75-84",887,0.0338682806768867
2021-11-01,"Both","75-84",847,0.0323409624952909
2021-11-08,"Both","75-84",828,0.0316154863590329
2021-11-15,"Both","75-84",907,0.0346319397676846
2021-11-22,"Both","75-84",907,0.0346319397676846
2021-11-29,"Both","75-84",861,0.0328755238588494
2021-12-06,"Both","75-84",828,0.0316154863590329
2021-12-13,"Both","75-84",843,0.0321882306771313
2021-12-20,"Both","75-84",864,0.0329900727224691
2021-12-27,"Both","75-84",886,0.0338300977223468
2022-01-03,"Both","75-84",885,0.0318803548185467
2022-01-10,"Both","75-84",983,0.0354106087984535
2022-01-17,"Both","75-84",1082,0.0389768857781554
2022-01-24,"Both","75-84",1040,0.0374639197867667
2022-01-31,"Both","75-84",946,0.0340777578060397
2022-02-07,"Both","75-84",941,0.0338976428070649
2022-02-14,"Both","75-84",996,0.0358789077957881
2022-02-21,"Both","75-84",908,0.0327088838138309
2022-02-28,"Both","75-84",944,0.0340057118064498
2022-03-07,"Both","75-84",820,0.0295388598318737
2022-03-14,"Both","75-84",879,0.0316642168197769
2022-03-21,"Both","75-84",919,0.0331051368115756
2022-03-28,"Both","75-84",972,0.0350143558007089
2022-04-04,"Both","75-84",937,0.033753550807885
2022-04-11,"Both","75-84",895,0.0322405848164963
2022-04-18,"Both","75-84",1000,0.036022999794968
2022-04-25,"Both","75-84",938,0.03378957380768
2022-05-02,"Both","75-84",966,0.0347982178019391
2022-05-09,"Both","75-84",998,0.035950953795378
2022-05-16,"Both","75-84",989,0.0356267467972233
2022-05-23,"Both","75-84",1081,0.0389408627783604
2022-05-30,"Both","75-84",1022,0.0368155057904573
2022-06-06,"Both","75-84",1078,0.0388327937789755
2022-06-13,"Both","75-84",1124,0.040489851769544
2022-06-20,"Both","75-84",1081,0.0389408627783604
2022-06-27,"Both","75-84",1044,0.0376080117859466
2022-07-04,"Both","75-84",1132,0.0407780357679038
2022-07-11,"Both","75-84",1097,0.0395172307750799
2022-07-18,"Both","75-84",1100,0.0396252997744648
2022-07-25,"Both","75-84",1083,0.0390129087779503
2022-08-01,"Both","75-84",1083,0.0390129087779503
2022-08-08,"Both","75-84",1105,0.0398054147734396
2022-08-15,"Both","75-84",961,0.0346181028029642
2022-08-22,"Both","75-84",1062,0.038256425782256
2022-08-29,"Both","75-84",1036,0.0373198277875868
2022-09-05,"Both","75-84",1013,0.0364912987923026
2022-09-12,"Both","75-84",982,0.0353745857986586
2022-09-19,"Both","75-84",1000,0.036022999794968
2022-09-26,"Both","75-84",901,0.0324567228152662
2022-10-03,"Both","75-84",948,0.0341498038056296
2022-10-10,"Both","75-84",908,0.0327088838138309
2022-10-17,"Both","75-84",960,0.0345820798031693
2022-10-24,"Both","75-84",940,0.0338616198072699
2022-10-31,"Both","75-84",926,0.0333572978101404
2022-11-07,"Both","75-84",951,0.0342578728050145
2022-11-14,"Both","75-84",952,0.0342938958048095
2022-11-21,"Both","75-84",922,0.0332132058109605
2022-11-28,"Both","75-84",939,0.0338255968074749
2022-12-05,"Both","75-84",991,0.0356987927968133
2022-12-12,"Both","75-84",887,0.0319524008181366
2022-12-19,"Both","75-84",959,0.0345460568033743
2022-12-26,"Both","75-84",911,0.0328169528132158
2023-01-02,"Both","75-84",944,0.0321868717706359
2023-01-09,"Both","75-84",904,0.0308230212718801
2023-01-16,"Both","75-84",923,0.0314708502587891
2023-01-23,"Both","75-84",842,0.0287090529988087
2023-01-30,"Both","75-84",915,0.0311980801590379
2023-02-06,"Both","75-84",909,0.0309935025842246
2023-02-13,"Both","75-84",902,0.0307548287469423
2023-02-20,"Both","75-84",900,0.0306866362220045
2023-02-27,"Both","75-84",932,0.0317777166210091
2023-03-06,"Both","75-84",953,0.0324937381328559
2023-03-13,"Both","75-84",922,0.0314367539963202
2023-03-20,"Both","75-84",927,0.0316072353086647
2014-12-29,"Both","85+",1117,0.126633232461401
2015-01-05,"Both","85+",1097,0.124365851396739
2015-01-12,"Both","85+",1100,0.124705958556438
2015-01-19,"Both","85+",1084,0.122892053704708
2015-01-26,"Both","85+",1076,0.121985101278843
2015-02-02,"Both","85+",1136,0.128787244472831
2015-02-09,"Both","85+",1046,0.11858402968185
2015-02-16,"Both","85+",1054,0.119490982107715
2015-02-23,"Both","85+",1070,0.121304886959445
2015-03-02,"Both","85+",1109,0.125726280035536
2015-03-09,"Both","85+",1038,0.117677077255985
2015-03-16,"Both","85+",1092,0.123799006130573
2015-03-23,"Both","85+",1093,0.123912375183806
2015-03-30,"Both","85+",1065,0.120738041693279
2015-04-06,"Both","85+",1184,0.134228959028021
2015-04-13,"Both","85+",1126,0.1276535539405
2015-04-20,"Both","85+",1238,0.14035088790261
2015-04-27,"Both","85+",1218,0.138083506837947
2015-05-04,"Both","85+",1260,0.142845007073738
2015-05-11,"Both","85+",1255,0.142278161807573
2015-05-18,"Both","85+",1241,0.140690995062309
2015-05-25,"Both","85+",1213,0.137516661571782
2015-06-01,"Both","85+",1254,0.14216479275434
2015-06-08,"Both","85+",1282,0.145339126244867
2015-06-15,"Both","85+",1255,0.142278161807573
2015-06-22,"Both","85+",1275,0.144545542872235
2015-06-29,"Both","85+",1345,0.152481376598554
2015-07-06,"Both","85+",1427,0.16177763896367
2015-07-13,"Both","85+",1399,0.158603305473143
2015-07-20,"Both","85+",1433,0.162457853283069
2015-07-27,"Both","85+",1460,0.165518817720364
2015-08-03,"Both","85+",1399,0.158603305473143
2015-08-10,"Both","85+",1501,0.170166948902922
2015-08-17,"Both","85+",1475,0.16721935351886
2015-08-24,"Both","85+",1427,0.16177763896367
2015-08-31,"Both","85+",1464,0.165972293933296
2015-09-07,"Both","85+",1444,0.163704912868634
2015-09-14,"Both","85+",1406,0.159396888845775
2015-09-21,"Both","85+",1322,0.149873888374192
2015-09-28,"Both","85+",1267,0.14363859044637
2015-10-05,"Both","85+",1258,0.142618268967272
2015-10-12,"Both","85+",1181,0.133888851868322
2015-10-19,"Both","85+",1165,0.132074947016591
2015-10-26,"Both","85+",1152,0.130601149324561
2015-11-02,"Both","85+",1115,0.126406494354935
2015-11-09,"Both","85+",1104,0.125159434769371
2015-11-16,"Both","85+",1124,0.127426815834033
2015-11-23,"Both","85+",1153,0.130714518377794
2015-11-30,"Both","85+",1041,0.118017184415684
2015-12-07,"Both","85+",1126,0.1276535539405
2015-12-14,"Both","85+",1097,0.124365851396739
2015-12-21,"Both","85+",1043,0.11824392252215
2015-12-28,"Both","85+",1125,0.127540184887266
2016-01-04,"Both","85+",1083,0.119189607601403
2016-01-11,"Both","85+",1107,0.121830928545478
2016-01-18,"Both","85+",1131,0.124472249489554
2016-01-25,"Both","85+",1046,0.115117571145953
2016-02-01,"Both","85+",1087,0.119629827758749
2016-02-08,"Both","85+",1000,0.110055039336475
2016-02-15,"Both","85+",1078,0.11863933240472
2016-02-22,"Both","85+",1039,0.114347185870598
2016-02-29,"Both","85+",1083,0.119189607601403
2016-03-07,"Both","85+",1063,0.116988506814673
2016-03-14,"Both","85+",1132,0.12458230452889
2016-03-21,"Both","85+",1072,0.117979002168702
2016-03-28,"Both","85+",1087,0.119629827758749
2016-04-04,"Both","85+",1168,0.128544285945003
2016-04-11,"Both","85+",1164,0.128104065787657
2016-04-18,"Both","85+",1139,0.125352689804245
2016-04-25,"Both","85+",1137,0.125132579725572
2016-05-02,"Both","85+",1148,0.126343185158274
2016-05-09,"Both","85+",1215,0.133716872793818
2016-05-16,"Both","85+",1235,0.135917973580547
2016-05-23,"Both","85+",1291,0.14208105578339
2016-05-30,"Both","85+",1308,0.14395199145211
2016-06-06,"Both","85+",1328,0.146153092238839
2016-06-13,"Both","85+",1210,0.133166597597135
2016-06-20,"Both","85+",1333,0.146703367435522
2016-06-27,"Both","85+",1363,0.150005018615616
2016-07-04,"Both","85+",1393,0.15330666979571
2016-07-11,"Both","85+",1356,0.149234633340261
2016-07-18,"Both","85+",1379,0.151765899245
2016-07-25,"Both","85+",1424,0.156718376015141
2016-08-01,"Both","85+",1418,0.156058045779122
2016-08-08,"Both","85+",1437,0.158149091526515
2016-08-15,"Both","85+",1539,0.169374705538836
2016-08-22,"Both","85+",1447,0.15924964191988
2016-08-29,"Both","85+",1473,0.162111072942628
2016-09-05,"Both","85+",1406,0.154737385307084
2016-09-12,"Both","85+",1314,0.144612321688129
2016-09-19,"Both","85+",1322,0.14549276200282
2016-09-26,"Both","85+",1321,0.145382706963484
2016-10-03,"Both","85+",1334,0.146813422474858
2016-10-10,"Both","85+",1287,0.141640835626044
2016-10-17,"Both","85+",1304,0.143511771294764
2016-10-24,"Both","85+",1270,0.139769899957324
2016-10-31,"Both","85+",1252,0.137788909249267
2016-11-07,"Both","85+",1233,0.135697863501874
2016-11-14,"Both","85+",1181,0.129975001456377
2016-11-21,"Both","85+",1244,0.136908468934575
2016-11-28,"Both","85+",1132,0.12458230452889
2016-12-05,"Both","85+",1068,0.117538782011356
2016-12-12,"Both","85+",1102,0.121280653348796
2016-12-19,"Both","85+",1151,0.126673350276283
2016-12-26,"Both","85+",1122,0.123481754135525
2017-01-02,"Both","85+",1093,0.117631700662962
2017-01-09,"Both","85+",1114,0.11989177908375
2017-01-16,"Both","85+",1086,0.116878341189365
2017-01-23,"Both","85+",1118,0.12032227021152
2017-01-30,"Both","85+",1083,0.116555472843538
2017-02-06,"Both","85+",1120,0.120537515775404
2017-02-13,"Both","85+",1140,0.122689971414251
2017-02-20,"Both","85+",1152,0.123981444797559
2017-02-27,"Both","85+",1134,0.122044234722597
2017-03-06,"Both","85+",1210,0.130223566150214
2017-03-13,"Both","85+",1070,0.115156376678288
2017-03-20,"Both","85+",1124,0.120968006903174
2017-03-27,"Both","85+",1086,0.116878341189365
2017-04-03,"Both","85+",1150,0.123766199233674
2017-04-10,"Both","85+",1220,0.131299793969637
2017-04-17,"Both","85+",1243,0.13377511795431
2017-04-24,"Both","85+",1211,0.130331188932156
2017-05-01,"Both","85+",1165,0.125380540962809
2017-05-08,"Both","85+",1257,0.135281836901503
2017-05-15,"Both","85+",1290,0.1388333887056
2017-05-22,"Both","85+",1286,0.13840289757783
2017-05-29,"Both","85+",1342,0.144429773366601
2017-06-05,"Both","85+",1419,0.15271672757616
2017-06-12,"Both","85+",1410,0.151748122538679
2017-06-19,"Both","85+",1338,0.143999282238831
2017-06-26,"Both","85+",1335,0.143676413893004
2017-07-03,"Both","85+",1386,0.149165175772063
2017-07-10,"Both","85+",1464,0.157559752763564
2017-07-17,"Both","85+",1560,0.167891539830027
2017-07-24,"Both","85+",1540,0.165739084191181
2017-07-31,"Both","85+",1643,0.176824230731241
2017-08-07,"Both","85+",1651,0.177685212986779
2017-08-14,"Both","85+",1630,0.17542513456599
2017-08-21,"Both","85+",1637,0.176178494039587
2017-08-28,"Both","85+",1595,0.171658337198009
2017-09-04,"Both","85+",1532,0.164878101935642
2017-09-11,"Both","85+",1684,0.181236764790876
2017-09-18,"Both","85+",1588,0.170904977724413
2017-09-25,"Both","85+",1369,0.147335588479043
2017-10-02,"Both","85+",1389,0.14948804411789
2017-10-09,"Both","85+",1298,0.139694370961138
2017-10-16,"Both","85+",1251,0.134636100209849
2017-10-23,"Both","85+",1147,0.123443330887847
2017-10-30,"Both","85+",1140,0.122689971414251
2017-11-06,"Both","85+",1108,0.119246042392096
2017-11-13,"Both","85+",1156,0.124411935925328
2017-11-20,"Both","85+",1117,0.120214647429577
2017-11-27,"Both","85+",1121,0.120645138557347
2017-12-04,"Both","85+",1107,0.119138419610154
2017-12-11,"Both","85+",1153,0.124089067579501
2017-12-18,"Both","85+",1099,0.118277437354616
2017-12-25,"Both","85+",1096,0.117954569008789
2018-01-01,"Both","85+",1068,0.11250184937981
2018-01-08,"Both","85+",1111,0.117031418221881
2018-01-15,"Both","85+",1107,0.116610062980758
2018-01-22,"Both","85+",1102,0.116083368929354
2018-01-29,"Both","85+",1110,0.1169260794116
2018-02-05,"Both","85+",1084,0.114187270344301
2018-02-12,"Both","85+",1110,0.1169260794116
2018-02-19,"Both","85+",1065,0.112185832948968
2018-02-26,"Both","85+",1051,0.110711089605038
2018-03-05,"Both","85+",1128,0.118822177996653
2018-03-12,"Both","85+",1116,0.117558112273284
2018-03-19,"Both","85+",1126,0.118611500376092
2018-03-26,"Both","85+",1156,0.121771664684513
2018-04-02,"Both","85+",1100,0.115872691308793
2018-04-09,"Both","85+",1120,0.117979467514407
2018-04-16,"Both","85+",1145,0.120612937771425
2018-04-23,"Both","85+",1106,0.116504724170477
2018-04-30,"Both","85+",1222,0.128724026163041
2018-05-07,"Both","85+",1250,0.131673512850901
2018-05-14,"Both","85+",1285,0.135360371210726
2018-05-21,"Both","85+",1343,0.141470022207008
2018-05-28,"Both","85+",1359,0.1431554431715
2018-06-04,"Both","85+",1363,0.143576798412622
2018-06-11,"Both","85+",1278,0.134622999538761
2018-06-18,"Both","85+",1364,0.143682137222903
2018-06-25,"Both","85+",1372,0.144524847705149
2018-07-02,"Both","85+",1417,0.149265094167781
2018-07-09,"Both","85+",1313,0.138309857898586
2018-07-16,"Both","85+",1429,0.15052915989115
2018-07-23,"Both","85+",1467,0.154532034681817
2018-07-30,"Both","85+",1393,0.146736962721044
2018-08-06,"Both","85+",1332,0.14031129529392
2018-08-13,"Both","85+",1394,0.146842301531325
2018-08-20,"Both","85+",1401,0.14757967320329
2018-08-27,"Both","85+",1424,0.150002465839746
2018-09-03,"Both","85+",1350,0.142207393878973
2018-09-10,"Both","85+",1288,0.135676387641568
2018-09-17,"Both","85+",1269,0.133674950246235
2018-09-24,"Both","85+",1242,0.130830802368655
2018-10-01,"Both","85+",1248,0.13146283523034
2018-10-08,"Both","85+",1293,0.136203081692972
2018-10-15,"Both","85+",1268,0.133569611435954
2018-10-22,"Both","85+",1183,0.124615812562093
2018-10-29,"Both","85+",1238,0.130409447127532
2018-11-05,"Both","85+",1233,0.129882753076129
2018-11-12,"Both","85+",1146,0.120718276581706
2018-11-19,"Both","85+",1147,0.120823615391987
2018-11-26,"Both","85+",1199,0.126301233526584
2018-12-03,"Both","85+",1212,0.127670638060234
2018-12-10,"Both","85+",1183,0.124615812562093
2018-12-17,"Both","85+",1167,0.122930391597601
2018-12-24,"Both","85+",1181,0.124405134941531
2018-12-31,"Both","85+",1160,0.119367830187705
2019-01-07,"Both","85+",1182,0.121631702829196
2019-01-14,"Both","85+",1171,0.12049976650845
2019-01-21,"Both","85+",1162,0.119573636791477
2019-01-28,"Both","85+",1157,0.119059120282047
2019-02-04,"Both","85+",1146,0.117927183961301
2019-02-11,"Both","85+",1225,0.126056544810292
2019-02-18,"Both","85+",1231,0.126673964621607
2019-02-25,"Both","85+",1203,0.123792672168801
2019-03-04,"Both","85+",1161,0.119470733489591
2019-03-11,"Both","85+",1136,0.116898150942442
2019-03-18,"Both","85+",1126,0.115869117923582
2019-03-25,"Both","85+",1191,0.122557832546169
2019-04-01,"Both","85+",1152,0.118544603772617
2019-04-08,"Both","85+",1220,0.125542028300862
2019-04-15,"Both","85+",1189,0.122352025942397
2019-04-22,"Both","85+",1169,0.120293959904678
2019-04-29,"Both","85+",1244,0.128011707546125
2019-05-06,"Both","85+",1336,0.137478811319632
2019-05-13,"Both","85+",1339,0.13778752122529
2019-05-20,"Both","85+",1319,0.135729455187571
2019-05-27,"Both","85+",1354,0.139331070753579
2019-06-03,"Both","85+",1351,0.139022360847922
2019-06-10,"Both","85+",1431,0.147254624998798
2019-06-17,"Both","85+",1425,0.146637205187482
2019-06-24,"Both","85+",1420,0.146122688678052
2019-07-01,"Both","85+",1414,0.145505268866737
2019-07-08,"Both","85+",1416,0.145711075470508
2019-07-15,"Both","85+",1472,0.151473660376122
2019-07-22,"Both","85+",1506,0.154972372640244
2019-07-29,"Both","85+",1407,0.144784945753535
2019-08-05,"Both","85+",1455,0.149724304244061
2019-08-12,"Both","85+",1468,0.151062047168578
2019-08-19,"Both","85+",1480,0.152296886791209
2019-08-26,"Both","85+",1412,0.145299462262965
2019-09-02,"Both","85+",1444,0.148592367923315
2019-09-09,"Both","85+",1449,0.149106884432745
2019-09-16,"Both","85+",1373,0.141286233489413
2019-09-23,"Both","85+",1274,0.131098806602703
2019-09-30,"Both","85+",1360,0.139948490564895
2019-10-07,"Both","85+",1300,0.133774292451738
2019-10-14,"Both","85+",1231,0.126673964621607
2019-10-21,"Both","85+",1277,0.131407516508361
2019-10-28,"Both","85+",1199,0.123381058961257
2019-11-04,"Both","85+",1247,0.128320417451783
2019-11-11,"Both","85+",1215,0.125027511791432
2019-11-18,"Both","85+",1177,0.121117186319766
2019-11-25,"Both","85+",1194,0.122866542451827
2019-12-02,"Both","85+",1174,0.120808476414108
2019-12-09,"Both","85+",1143,0.117618474055643
2019-12-16,"Both","85+",1162,0.119573636791477
2019-12-23,"Both","85+",1101,0.113296535376433
2019-12-30,"Both","85+",1187,0.118918808320409
2020-01-06,"Both","85+",1109,0.111104430014603
2020-01-13,"Both","85+",1126,0.11280756374792
2020-01-20,"Both","85+",1182,0.11841788663414
2020-01-27,"Both","85+",1180,0.118217517959632
2020-02-03,"Both","85+",1143,0.114510697481237
2020-02-10,"Both","85+",1179,0.118117333622378
2020-02-17,"Both","85+",1162,0.116414199889061
2020-02-24,"Both","85+",1213,0.121523601089011
2020-03-02,"Both","85+",1187,0.118918808320409
2020-03-09,"Both","85+",1134,0.113609038445951
2020-03-16,"Both","85+",1218,0.122024522775281
2020-03-23,"Both","85+",1169,0.117115490249839
2020-03-30,"Both","85+",1286,0.128837057708548
2020-04-06,"Both","85+",1267,0.126933555300723
2020-04-13,"Both","85+",1238,0.12402820952036
2020-04-20,"Both","85+",1216,0.121824154100773
2020-04-27,"Both","85+",1242,0.124428946869375
2020-05-04,"Both","85+",1262,0.126432633614454
2020-05-11,"Both","85+",1190,0.119219361332171
2020-05-18,"Both","85+",1337,0.133946458908498
2020-05-25,"Both","85+",1246,0.124829684218391
2020-06-01,"Both","85+",1248,0.125030052892899
2020-06-08,"Both","85+",1304,0.130640375779119
2020-06-15,"Both","85+",1222,0.122425260124297
2020-06-22,"Both","85+",1297,0.129939085418341
2020-06-29,"Both","85+",1316,0.131842587826166
2020-07-06,"Both","85+",1298,0.130039269755595
2020-07-13,"Both","85+",1268,0.127033739637977
2020-07-20,"Both","85+",1410,0.141259915528035
2020-07-27,"Both","85+",1381,0.138354569747671
2020-08-03,"Both","85+",1400,0.140258072155496
2020-08-10,"Both","85+",1464,0.146669869739747
2020-08-17,"Both","85+",1425,0.142762680586844
2020-08-24,"Both","85+",1385,0.138755307096687
2020-08-31,"Both","85+",1294,0.129638532406579
2020-09-07,"Both","85+",1385,0.138755307096687
2020-09-14,"Both","85+",1309,0.131141297465388
2020-09-21,"Both","85+",1257,0.125931711928184
2020-09-28,"Both","85+",1246,0.124829684218391
2020-10-05,"Both","85+",1184,0.118618255308648
2020-10-12,"Both","85+",1218,0.122024522775281
2020-10-19,"Both","85+",1153,0.115512540853776
2020-10-26,"Both","85+",1182,0.11841788663414
2020-11-02,"Both","85+",1201,0.120321389041964
2020-11-09,"Both","85+",1219,0.122124707112535
2020-11-16,"Both","85+",1190,0.119219361332171
2020-11-23,"Both","85+",1195,0.119720283018441
2020-11-30,"Both","85+",1244,0.124629315543883
2020-12-07,"Both","85+",1130,0.113208301096936
2020-12-14,"Both","85+",1206,0.120822310728234
2020-12-21,"Both","85+",1234,0.123627472171344
2020-12-28,"Both","85+",1199,0.120121020367457
2021-01-04,"Both","85+",1187,0.115294219124375
2021-01-11,"Both","85+",1088,0.105678273300185
2021-01-18,"Both","85+",1210,0.117528226740096
2021-01-25,"Both","85+",1132,0.109952026999825
2021-02-01,"Both","85+",1216,0.118111011335501
2021-02-08,"Both","85+",1190,0.115585611422078
2021-02-15,"Both","85+",1135,0.110243419297528
2021-02-22,"Both","85+",1209,0.117431095974195
2021-03-01,"Both","85+",1245,0.120927803546628
2021-03-08,"Both","85+",1235,0.119956495887619
2021-03-15,"Both","85+",1224,0.118888057462709
2021-03-22,"Both","85+",1189,0.115488480656177
2021-03-29,"Both","85+",1234,0.119859365121718
2021-04-05,"Both","85+",1185,0.115099957592573
2021-04-12,"Both","85+",1292,0.12549294954397
2021-04-19,"Both","85+",1338,0.129960964775412
2021-04-26,"Both","85+",1363,0.132389233922935
2021-05-03,"Both","85+",1403,0.136274464558971
2021-05-10,"Both","85+",1356,0.131709318561628
2021-05-17,"Both","85+",1400,0.135983072261268
2021-05-24,"Both","85+",1461,0.141908048981223
2021-05-31,"Both","85+",1430,0.138896995238295
2021-06-07,"Both","85+",1463,0.142102310513025
2021-06-14,"Both","85+",1460,0.141810918215322
2021-06-21,"Both","85+",1473,0.143073618172034
2021-06-28,"Both","85+",1461,0.141908048981223
2021-07-05,"Both","85+",1532,0.148804333360188
2021-07-12,"Both","85+",1514,0.147055979573971
2021-07-19,"Both","85+",1488,0.144530579660548
2021-07-26,"Both","85+",1572,0.152689563996224
2021-08-02,"Both","85+",1526,0.148221548764782
2021-08-09,"Both","85+",1420,0.137925687579286
2021-08-16,"Both","85+",1438,0.139674041365502
2021-08-23,"Both","85+",1450,0.140839610556313
2021-08-30,"Both","85+",1441,0.139965433663205
2021-09-06,"Both","85+",1396,0.135594549197664
2021-09-13,"Both","85+",1427,0.138605602940592
2021-09-20,"Both","85+",1380,0.13404045694325
2021-09-27,"Both","85+",1443,0.140159695195007
2021-10-04,"Both","85+",1368,0.132874887752439
2021-10-11,"Both","85+",1320,0.128212610989196
2021-10-18,"Both","85+",1407,0.136662987622574
2021-10-25,"Both","85+",1333,0.129475310945907
2021-11-01,"Both","85+",1387,0.134720372304556
2021-11-08,"Both","85+",1274,0.123744595757754
2021-11-15,"Both","85+",1319,0.128115480223295
2021-11-22,"Both","85+",1311,0.127338434096087
2021-11-29,"Both","85+",1279,0.124230249587258
2021-12-06,"Both","85+",1257,0.122093372737439
2021-12-13,"Both","85+",1337,0.129863834009511
2021-12-20,"Both","85+",1348,0.130932272434421
2021-12-27,"Both","85+",1291,0.125395818778069
2022-01-03,"Both","85+",1311,0.123012631212707
2022-01-10,"Both","85+",1543,0.144781456873537
2022-01-17,"Both","85+",1629,0.152850935351259
2022-01-24,"Both","85+",1610,0.151068143594553
2022-01-31,"Both","85+",1531,0.14365548313246
2022-02-07,"Both","85+",1509,0.141591197940485
2022-02-14,"Both","85+",1302,0.122168150906899
2022-02-21,"Both","85+",1401,0.131457434270788
2022-02-28,"Both","85+",1312,0.123106462357797
2022-03-07,"Both","85+",1315,0.123387955793066
2022-03-14,"Both","85+",1335,0.125264578694862
2022-03-21,"Both","85+",1316,0.123481786938156
2022-03-28,"Both","85+",1321,0.123950942663605
2022-04-04,"Both","85+",1424,0.133615550607853
2022-04-11,"Both","85+",1398,0.131175940835518
2022-04-18,"Both","85+",1465,0.137462627556534
2022-04-25,"Both","85+",1457,0.136711978395816
2022-05-02,"Both","85+",1507,0.141403535650305
2022-05-09,"Both","85+",1538,0.144312301148088
2022-05-16,"Both","85+",1568,0.147127235500782
2022-05-23,"Both","85+",1532,0.14374931427755
2022-05-30,"Both","85+",1654,0.155196713978503
2022-06-06,"Both","85+",1772,0.166268789099098
2022-06-13,"Both","85+",1767,0.165799633373649
2022-06-20,"Both","85+",1648,0.154633727107965
2022-06-27,"Both","85+",1671,0.15679184344503
2022-07-04,"Both","85+",1730,0.162327881005327
2022-07-11,"Both","85+",1749,0.164110672762033
2022-07-18,"Both","85+",1829,0.171617164369216
2022-07-25,"Both","85+",1852,0.173775280706281
2022-08-01,"Both","85+",1823,0.171054177498677
2022-08-08,"Both","85+",1758,0.164955153067841
2022-08-15,"Both","85+",1706,0.160075933523172
2022-08-22,"Both","85+",1629,0.152850935351259
2022-08-29,"Both","85+",1528,0.14337398969719
2022-09-05,"Both","85+",1592,0.149379182982937
2022-09-12,"Both","85+",1593,0.149473014128026
2022-09-19,"Both","85+",1529,0.14346782084228
2022-09-26,"Both","85+",1403,0.131645096560967
2022-10-03,"Both","85+",1370,0.128548668773004
2022-10-10,"Both","85+",1426,0.133803212898032
2022-10-17,"Both","85+",1458,0.136805809540906
2022-10-24,"Both","85+",1320,0.123857111518515
2022-10-31,"Both","85+",1383,0.129768473659172
2022-11-07,"Both","85+",1391,0.13051912281989
2022-11-14,"Both","85+",1367,0.128267175337735
2022-11-21,"Both","85+",1453,0.136336653815457
2022-11-28,"Both","85+",1378,0.129299317933723
2022-12-05,"Both","85+",1438,0.13492918663911
2022-12-12,"Both","85+",1499,0.140652886489587
2022-12-19,"Both","85+",1447,0.135773666944918
2022-12-26,"Both","85+",1381,0.129580811368992
2023-01-02,"Both","85+",1423,0.128632947865817
2023-01-09,"Both","85+",1346,0.121672486175256
2023-01-16,"Both","85+",1339,0.121039716930659
2023-01-23,"Both","85+",1266,0.114440837665582
2023-01-30,"Both","85+",1357,0.122666837845336
2023-02-06,"Both","85+",1286,0.116248749793001
2023-02-13,"Both","85+",1270,0.114802420091066
2023-02-20,"Both","85+",1242,0.11227134311268
2023-02-27,"Both","85+",1287,0.116339145399372
2023-03-06,"Both","85+",1326,0.119864574047838
2023-03-13,"Both","85+",1352,0.122214859813481
2023-03-20,"Both","85+",1286,0.116248749793001
2014-12-29,"Both","Total",2925,0.00638605595668868
2015-01-05,"Both","Total",2772,0.0060520161066465
2015-01-12,"Both","Total",2770,0.00604764957265902
2015-01-19,"Both","Total",2768,0.00604328303867154
2015-01-26,"Both","Total",2680,0.00585115554322245
2015-02-02,"Both","Total",2878,0.00628344240798291
2015-02-09,"Both","Total",2749,0.00600180096579049
2015-02-16,"Both","Total",2740,0.00598215156284683
2015-02-23,"Both","Total",2788,0.00608694837854634
2015-03-02,"Both","Total",2846,0.00621357786418324
2015-03-09,"Both","Total",2738,0.00597778502885935
2015-03-16,"Both","Total",2828,0.00617427905829593
2015-03-23,"Both","Total",2812,0.00613934678639609
2015-03-30,"Both","Total",2849,0.00622012766516446
2015-04-06,"Both","Total",2962,0.00646683683545705
2015-04-13,"Both","Total",2877,0.00628125914098917
2015-04-20,"Both","Total",2996,0.0065410679132442
2015-04-27,"Both","Total",3041,0.00663931492796249
2015-05-04,"Both","Total",3082,0.00672882887470581
2015-05-11,"Both","Total",3074,0.0067113627387559
2015-05-18,"Both","Total",2989,0.00652578504428802
2015-05-25,"Both","Total",3033,0.00662184879201257
2015-06-01,"Both","Total",3110,0.00678996035053053
2015-06-08,"Both","Total",3139,0.00685327509334898
2015-06-15,"Both","Total",3090,0.00674629501065573
2015-06-22,"Both","Total",3155,0.00688820736524881
2015-06-29,"Both","Total",3220,0.0070301197198419
2015-07-06,"Both","Total",3351,0.0073161276960218
2015-07-13,"Both","Total",3344,0.00730084482706562
2015-07-20,"Both","Total",3359,0.00733359383197172
2015-07-27,"Both","Total",3396,0.00741437471074009
2015-08-03,"Both","Total",3399,0.00742092451172131
2015-08-10,"Both","Total",3466,0.00756720340030187
2015-08-17,"Both","Total",3530,0.00770693248790121
2015-08-24,"Both","Total",3358,0.00733141056497798
2015-08-31,"Both","Total",3474,0.00758466953625178
2015-09-07,"Both","Total",3351,0.0073161276960218
2015-09-14,"Both","Total",3303,0.00721133088032229
2015-09-21,"Both","Total",3143,0.00686200816132394
2015-09-28,"Both","Total",3100,0.00676812768059313
2015-10-05,"Both","Total",3065,0.00669171333581224
2015-10-12,"Both","Total",2986,0.0065192352433068
2015-10-19,"Both","Total",2913,0.0063598567527638
2015-10-26,"Both","Total",2895,0.00632055794687649
2015-11-02,"Both","Total",2889,0.00630745834491405
2015-11-09,"Both","Total",2774,0.00605638264063398
2015-11-16,"Both","Total",2875,0.00627689260700169
2015-11-23,"Both","Total",2858,0.00623977706810812
2015-11-30,"Both","Total",2810,0.00613498025240861
2015-12-07,"Both","Total",2879,0.00628562567497665
2015-12-14,"Both","Total",2798,0.00610878104848373
2015-12-21,"Both","Total",2715,0.00592756988800334
2015-12-28,"Both","Total",2819,0.00615462965535227
2016-01-04,"Both","Total",2789,0.00599455949386302
2016-01-11,"Both","Total",2870,0.00616865749278841
2016-01-18,"Both","Total",2825,0.00607193638227431
2016-01-25,"Both","Total",2668,0.00573448717448066
2016-02-01,"Both","Total",2817,0.00605474151818291
2016-02-08,"Both","Total",2730,0.00586774737118898
2016-02-15,"Both","Total",2734,0.00587634480323467
2016-02-22,"Both","Total",2753,0.00591718260545174
2016-02-29,"Both","Total",2728,0.00586344865516613
2016-03-07,"Both","Total",2817,0.00605474151818291
2016-03-14,"Both","Total",2756,0.00592363067948601
2016-03-21,"Both","Total",2824,0.00606978702426288
2016-03-28,"Both","Total",2810,0.00603969601210294
2016-04-04,"Both","Total",2930,0.00629761897347388
2016-04-11,"Both","Total",2919,0.00627397603534821
2016-04-18,"Both","Total",2852,0.00612996904858277
2016-04-25,"Both","Total",2853,0.00613211840659419
2016-05-02,"Both","Total",2837,0.0060977286784114
2016-05-09,"Both","Total",2953,0.00634705420773665
2016-05-16,"Both","Total",2970,0.00638359329393086
2016-05-23,"Both","Total",3161,0.00679412067411295
2016-05-30,"Both","Total",3152,0.00677477645201013
2016-06-06,"Both","Total",3265,0.0070176539073011
2016-06-13,"Both","Total",3044,0.00654264578677628
2016-06-20,"Both","Total",3191,0.00685860141445569
2016-06-27,"Both","Total",3245,0.00697466674707261
2016-07-04,"Both","Total",3319,0.00713371923991803
2016-07-11,"Both","Total",3324,0.00714446602997515
2016-07-18,"Both","Total",3291,0.00707353721559814
2016-07-25,"Both","Total",3327,0.00715091410400942
2016-08-01,"Both","Total",3283,0.00705634235150674
2016-08-08,"Both","Total",3348,0.00719605062224934
2016-08-15,"Both","Total",3439,0.00739164220128897
2016-08-22,"Both","Total",3438,0.00738949284327755
2016-08-29,"Both","Total",3461,0.00743892807754031
2016-09-05,"Both","Total",3319,0.00713371923991803
2016-09-12,"Both","Total",3277,0.0070434462034382
2016-09-19,"Both","Total",3158,0.00678767260007868
2016-09-26,"Both","Total",3219,0.00691878343877557
2016-10-03,"Both","Total",3191,0.00685860141445569
2016-10-10,"Both","Total",3163,0.0067984193901358
2016-10-17,"Both","Total",3154,0.00677907516803298
2016-10-24,"Both","Total",3116,0.00669739956359885
2016-10-31,"Both","Total",3066,0.00658993166302762
2016-11-07,"Both","Total",3115,0.00669525020558742
2016-11-14,"Both","Total",2948,0.00633630741767952
2016-11-21,"Both","Total",3015,0.00648031440444497
2016-11-28,"Both","Total",2888,0.00620734593699405
2016-12-05,"Both","Total",2741,0.00589139030931465
2016-12-12,"Both","Total",2901,0.00623528759114257
2016-12-19,"Both","Total",2932,0.00630191768949673
2016-12-26,"Both","Total",2919,0.00627397603534821
2017-01-02,"Both","Total",2895,0.0061237111284844
2017-01-09,"Both","Total",2897,0.00612794167157835
2017-01-16,"Both","Total",2806,0.00593545196080388
2017-01-23,"Both","Total",2887,0.00610678895610863
2017-01-30,"Both","Total",2744,0.00580430512489161
2017-02-06,"Both","Total",2911,0.00615755547323596
2017-02-13,"Both","Total",2849,0.00602640863732368
2017-02-20,"Both","Total",2958,0.00625697323594365
2017-02-27,"Both","Total",2908,0.00615120965859504
2017-03-06,"Both","Total",3017,0.00638177425721501
2017-03-13,"Both","Total",2785,0.00589103125831747
2017-03-20,"Both","Total",2885,0.00610255841301468
2017-03-27,"Both","Total",2858,0.00604544608124643
2017-04-03,"Both","Total",2988,0.00632043138235282
2017-04-10,"Both","Total",2966,0.00627389540831943
2017-04-17,"Both","Total",3011,0.00636908262793317
2017-04-24,"Both","Total",3010,0.0063669673563862
2017-05-01,"Both","Total",2963,0.00626754959367851
2017-05-08,"Both","Total",3107,0.0065721486964425
2017-05-15,"Both","Total",3091,0.00653830435169095
2017-05-22,"Both","Total",3173,0.00671175661854267
2017-05-29,"Both","Total",3203,0.00677521476495183
2017-06-05,"Both","Total",3263,0.00690213105777016
2017-06-12,"Both","Total",3266,0.00690847687241108
2017-06-19,"Both","Total",3232,0.00683655763981402
2017-06-26,"Both","Total",3313,0.00700789463511877
2017-07-03,"Both","Total",3468,0.00733576172489945
2017-07-10,"Both","Total",3504,0.00741191150059045
2017-07-17,"Both","Total",3700,0.00782650472379699
2017-07-24,"Both","Total",3634,0.00768689680169683
2017-07-31,"Both","Total",3749,0.00793015302959863
2017-08-07,"Both","Total",3734,0.00789842395639405
2017-08-14,"Both","Total",3673,0.00776939239202875
2017-08-21,"Both","Total",3668,0.00775881603429388
2017-08-28,"Both","Total",3843,0.00812898855501401
2017-09-04,"Both","Total",3619,0.00765516772849225
2017-09-11,"Both","Total",3697,0.00782015890915608
2017-09-18,"Both","Total",3603,0.00762132338374069
2017-09-25,"Both","Total",3338,0.00706077642379307
2017-10-02,"Both","Total",3283,0.0069444364887096
2017-10-09,"Both","Total",3184,0.00673502460555936
2017-10-16,"Both","Total",3075,0.00650446000693939
2017-10-23,"Both","Total",2971,0.00628447176605429
2017-10-30,"Both","Total",3014,0.00637542844257409
2017-11-06,"Both","Total",2870,0.0060708293398101
2017-11-13,"Both","Total",2946,0.00623158997737998
2017-11-20,"Both","Total",2894,0.00612159585693743
2017-11-27,"Both","Total",2882,0.00609621259837377
2017-12-04,"Both","Total",2921,0.00617870818870568
2017-12-11,"Both","Total",2974,0.00629081758069521
2017-12-18,"Both","Total",2914,0.00616390128787688
2017-12-25,"Both","Total",2775,0.00586987854284775
2018-01-01,"Both","Total",2818,0.00586950160553897
2018-01-08,"Both","Total",2828,0.0058903302130817
2018-01-15,"Both","Total",2763,0.00575494426405401
2018-01-22,"Both","Total",2882,0.00600280469381239
2018-01-29,"Both","Total",2885,0.00600905327607521
2018-02-05,"Both","Total",2724,0.00567371269463739
2018-02-12,"Both","Total",2825,0.00588408163081888
2018-02-19,"Both","Total",2857,0.00595073317495559
2018-02-26,"Both","Total",2858,0.00595281603570986
2018-03-05,"Both","Total",2882,0.00600280469381239
2018-03-12,"Both","Total",2879,0.00599655611154958
2018-03-19,"Both","Total",2870,0.00597781036476113
2018-03-26,"Both","Total",2939,0.00612152775680591
2018-04-02,"Both","Total",2784,0.00579868433989372
2018-04-09,"Both","Total",2828,0.0058903302130817
2018-04-16,"Both","Total",2965,0.00617568213641698
2018-04-23,"Both","Total",2840,0.00591532454213296
2018-04-30,"Both","Total",3021,0.00629232233865623
2018-05-07,"Both","Total",3148,0.00655684565444879
2018-05-14,"Both","Total",3133,0.00652560274313471
2018-05-21,"Both","Total",3252,0.0067734631728931
2018-05-28,"Both","Total",3199,0.00666307155291667
2018-06-04,"Both","Total",3301,0.00687552334985243
2018-06-11,"Both","Total",3129,0.00651727130011762
2018-06-18,"Both","Total",3254,0.00677762889440164
2018-06-25,"Both","Total",3309,0.00689218623588661
2018-07-02,"Both","Total",3375,0.00702965504566857
2018-07-09,"Both","Total",3214,0.00669431446423075
2018-07-16,"Both","Total",3376,0.00703173790642285
2018-07-23,"Both","Total",3467,0.00722127823506161
2018-07-30,"Both","Total",3286,0.00684428043853835
2018-08-06,"Both","Total",3209,0.00668390016045939
2018-08-13,"Both","Total",3375,0.00702965504566857
2018-08-20,"Both","Total",3354,0.00698591496982886
2018-08-27,"Both","Total",3449,0.00718378674148471
2018-09-03,"Both","Total",3313,0.0069005176789037
2018-09-10,"Both","Total",3111,0.00647977980654072
2018-09-17,"Both","Total",3151,0.00656309423671161
2018-09-24,"Both","Total",3143,0.00654643135067743
2018-10-01,"Both","Total",3137,0.0065339341861518
2018-10-08,"Both","Total",3155,0.0065714256797287
2018-10-15,"Both","Total",3090,0.00643603973070101
2018-10-22,"Both","Total",2980,0.00620692504773107
2018-10-29,"Both","Total",3032,0.00631523380695322
2018-11-05,"Both","Total",2999,0.00624649940206224
2018-11-12,"Both","Total",2903,0.00604654476965211
2018-11-19,"Both","Total",2990,0.00622775365527379
2018-11-26,"Both","Total",2957,0.00615901925038281
2018-12-03,"Both","Total",2964,0.00617359927566271
2018-12-10,"Both","Total",2989,0.00622567079451952
2018-12-17,"Both","Total",2934,0.00611111345303455
2018-12-24,"Both","Total",2945,0.00613402492133154
2018-12-31,"Both","Total",2966,0.00608971096540858
2019-01-07,"Both","Total",2997,0.00615335932681373
2019-01-14,"Both","Total",3041,0.00624369893655007
2019-01-21,"Both","Total",2957,0.00607123240887161
2019-01-28,"Both","Total",2890,0.00593366982131855
2019-02-04,"Both","Total",2957,0.00607123240887161
2019-02-11,"Both","Total",2958,0.00607328558182016
2019-02-18,"Both","Total",3094,0.00635251710282338
2019-02-25,"Both","Total",3008,0.00617594422924782
2019-03-04,"Both","Total",2926,0.00600758404746646
2019-03-11,"Both","Total",3009,0.00617799740219637
2019-03-18,"Both","Total",2920,0.00599526500977514
2019-03-25,"Both","Total",3005,0.00616978471040216
2019-04-01,"Both","Total",2962,0.00608149827361437
2019-04-08,"Both","Total",3065,0.00629297508731534
2019-04-15,"Both","Total",3051,0.0062642306660356
2019-04-22,"Both","Total",3016,0.00619236961283624
2019-04-29,"Both","Total",3019,0.0061985291316819
2019-05-06,"Both","Total",3202,0.00657425978126712
2019-05-13,"Both","Total",3219,0.00660916372139253
2019-05-20,"Both","Total",3285,0.00674467313599703
2019-05-27,"Both","Total",3357,0.00689250158829286
2019-06-03,"Both","Total",3357,0.00689250158829286
2019-06-10,"Both","Total",3460,0.00710397840199383
2019-06-17,"Both","Total",3415,0.00701158561930894
2019-06-24,"Both","Total",3427,0.00703622369469158
2019-07-01,"Both","Total",3451,0.00708549984545685
2019-07-08,"Both","Total",3349,0.00687607620470443
2019-07-15,"Both","Total",3457,0.00709781888314817
2019-07-22,"Both","Total",3491,0.00716762676339898
2019-07-29,"Both","Total",3340,0.00685759764816745
2019-08-05,"Both","Total",3476,0.00713682916917068
2019-08-12,"Both","Total",3441,0.00706496811597132
2019-08-19,"Both","Total",3524,0.00723538147070123
2019-08-26,"Both","Total",3443,0.00706907446186843
2019-09-02,"Both","Total",3499,0.0071840521469874
2019-09-09,"Both","Total",3367,0.00691303331777839
2019-09-16,"Both","Total",3333,0.00684322543752758
2019-09-23,"Both","Total",3100,0.0063648361405147
2019-09-30,"Both","Total",3246,0.00666459939100346
2019-10-07,"Both","Total",3162,0.006492132863325
2019-10-14,"Both","Total",3147,0.0064613352690967
2019-10-21,"Both","Total",3149,0.00646544161499381
2019-10-28,"Both","Total",3082,0.00632787902744075
2019-11-04,"Both","Total",2969,0.00609587048425424
2019-11-11,"Both","Total",3033,0.00622727355296164
2019-11-18,"Both","Total",2980,0.00611845538668833
2019-11-25,"Both","Total",2986,0.00613077442437965
2019-12-02,"Both","Total",2957,0.00607123240887161
2019-12-09,"Both","Total",2994,0.00614719980796807
2019-12-16,"Both","Total",2950,0.00605686019823173
2019-12-23,"Both","Total",2881,0.00591519126478157
2019-12-30,"Both","Total",2926,0.00594651199883712
2020-01-06,"Both","Total",2902,0.00589773678080155
2020-01-13,"Both","Total",2914,0.00592212438981933
2020-01-20,"Both","Total",3007,0.00611112835970718
2020-01-27,"Both","Total",2910,0.0059139951868134
2020-02-03,"Both","Total",2917,0.00592822129207378
2020-02-10,"Both","Total",3030,0.00615787127699128
2020-02-17,"Both","Total",3059,0.00621680799878426
2020-02-24,"Both","Total",3090,0.00627980932208021
2020-03-02,"Both","Total",2996,0.00608877305144088
2020-03-09,"Both","Total",2976,0.00604812703641123
2020-03-16,"Both","Total",3095,0.00628997082583762
2020-03-23,"Both","Total",3143,0.00638752126190877
2020-03-30,"Both","Total",3217,0.00653791151751846
2020-04-06,"Both","Total",3140,0.00638142435965433
2020-04-13,"Both","Total",3084,0.00626761551757132
2020-04-20,"Both","Total",3044,0.00618632348751203
2020-04-27,"Both","Total",3031,0.00615990357774276
2020-05-04,"Both","Total",3161,0.00642410267543545
2020-05-11,"Both","Total",3150,0.00640174736716915
2020-05-18,"Both","Total",3214,0.00653181461526401
2020-05-25,"Both","Total",3178,0.00645865178821065
2020-06-01,"Both","Total",3113,0.0063265522393643
2020-06-08,"Both","Total",3128,0.00635703675063654
2020-06-15,"Both","Total",3064,0.00622696950254167
2020-06-22,"Both","Total",3058,0.00621477569803278
2020-06-29,"Both","Total",3218,0.00653994381826994
2020-07-06,"Both","Total",3197,0.00649726550248881
2020-07-13,"Both","Total",3204,0.00651149160774919
2020-07-20,"Both","Total",3332,0.00677162610393892
2020-07-27,"Both","Total",3353,0.00681430441972005
2020-08-03,"Both","Total",3398,0.00690575795353675
2020-08-10,"Both","Total",3478,0.00706834201365533
2020-08-17,"Both","Total",3310,0.00672691548740631
2020-08-24,"Both","Total",3283,0.00667204336711629
2020-08-31,"Both","Total",3290,0.00668626947237667
2020-09-07,"Both","Total",3239,0.00658262213405107
2020-09-14,"Both","Total",3100,0.00630013232959503
2020-09-21,"Both","Total",3145,0.00639158586341174
2020-09-28,"Both","Total",3183,0.00646881329196806
2020-10-05,"Both","Total",3042,0.00618225888600906
2020-10-12,"Both","Total",3002,0.00610096685594977
2020-10-19,"Both","Total",2964,0.00602373942739345
2020-10-26,"Both","Total",3036,0.00617006508150017
2020-11-02,"Both","Total",3033,0.00616396817924572
2020-11-09,"Both","Total",3132,0.00636516595364247
2020-11-16,"Both","Total",3043,0.00618429118676055
2020-11-23,"Both","Total",2957,0.00600951332213307
2020-11-30,"Both","Total",3106,0.00631232613410393
2020-12-07,"Both","Total",3007,0.00611112835970718
2020-12-14,"Both","Total",3047,0.00619242038976647
2020-12-21,"Both","Total",3067,0.00623306640479612
2020-12-28,"Both","Total",2987,0.00607048234467754
2021-01-04,"Both","Total",3029,0.00611896273309044
2021-01-11,"Both","Total",2950,0.00595937275094645
2021-01-18,"Both","Total",3148,0.00635935776948455
2021-01-25,"Both","Total",2944,0.00594725199280894
2021-02-01,"Both","Total",3068,0.00619774766098431
2021-02-08,"Both","Total",2962,0.00598361426722149
2021-02-15,"Both","Total",2934,0.00592705072924641
2021-02-22,"Both","Total",3048,0.00615734513385925
2021-03-01,"Both","Total",3069,0.00619976778734056
2021-03-08,"Both","Total",3117,0.00629673385244071
2021-03-15,"Both","Total",3084,0.00623006968268436
2021-03-22,"Both","Total",3037,0.00613512374394047
2021-03-29,"Both","Total",3094,0.00625027094624689
2021-04-05,"Both","Total",2954,0.00596745325637147
2021-04-12,"Both","Total",3251,0.00656743078417862
2021-04-19,"Both","Total",3242,0.00654924964697234
2021-04-26,"Both","Total",3272,0.00660985343765993
2021-05-03,"Both","Total",3362,0.0067916648097227
2021-05-10,"Both","Total",3362,0.0067916648097227
2021-05-17,"Both","Total",3358,0.00678358430429769
2021-05-24,"Both","Total",3507,0.00708458313137939
2021-05-31,"Both","Total",3371,0.00680984594692898
2021-06-07,"Both","Total",3556,0.00718356932283579
2021-06-14,"Both","Total",3487,0.00704418060425433
2021-06-21,"Both","Total",3451,0.00697145605542922
2021-06-28,"Both","Total",3463,0.00699569757170426
2021-07-05,"Both","Total",3539,0.00714922717477949
2021-07-12,"Both","Total",3585,0.00724215298716713
2021-07-19,"Both","Total",3612,0.00729669639878596
2021-07-26,"Both","Total",3664,0.00740174296931112
2021-08-02,"Both","Total",3464,0.00699771769806051
2021-08-09,"Both","Total",3426,0.0069209528965229
2021-08-16,"Both","Total",3494,0.0070583214887481
2021-08-23,"Both","Total",3409,0.0068866107484666
2021-08-30,"Both","Total",3481,0.00703205984611681
2021-09-06,"Both","Total",3402,0.00687246986397283
2021-09-13,"Both","Total",3478,0.00702599946704806
2021-09-20,"Both","Total",3353,0.00677348367251643
2021-09-27,"Both","Total",3513,0.00709670388951691
2021-10-04,"Both","Total",3381,0.00683004721049151
2021-10-11,"Both","Total",3338,0.00674318177717263
2021-10-18,"Both","Total",3339,0.00674520190352888
2021-10-25,"Both","Total",3303,0.00667247735470377
2021-11-01,"Both","Total",3285,0.00663611508029122
2021-11-08,"Both","Total",3152,0.00636743827490957
2021-11-15,"Both","Total",3303,0.00667247735470377
2021-11-22,"Both","Total",3232,0.00652904838340981
2021-11-29,"Both","Total",3233,0.00653106850976606
2021-12-06,"Both","Total",3143,0.00634925713770329
2021-12-13,"Both","Total",3221,0.00650682699349103
2021-12-20,"Both","Total",3324,0.00671490000818509
2021-12-27,"Both","Total",3165,0.00639369991754086
2022-01-03,"Both","Total",3331,0.00669327781913971
2022-01-10,"Both","Total",3739,0.00751310890596318
2022-01-17,"Both","Total",3891,0.0078185361736033
2022-01-24,"Both","Total",3786,0.00760755023214138
2022-01-31,"Both","Total",3743,0.00752114646563792
2022-02-07,"Both","Total",3566,0.00716548445003068
2022-02-14,"Both","Total",3413,0.00685804779247187
2022-02-21,"Both","Total",3409,0.00685001023279713
2022-02-28,"Both","Total",3381,0.00679374731507395
2022-03-07,"Both","Total",3213,0.00645616980873488
2022-03-14,"Both","Total",3349,0.00672944683767604
2022-03-21,"Both","Total",3345,0.00672140927800129
2022-03-28,"Both","Total",3417,0.00686608535214661
2022-04-04,"Both","Total",3449,0.00693038582954453
2022-04-11,"Both","Total",3378,0.0067877191453179
2022-04-18,"Both","Total",3483,0.00699870508677982
2022-04-25,"Both","Total",3491,0.0070147802061293
2022-05-02,"Both","Total",3677,0.00738852673100471
2022-05-09,"Both","Total",3797,0.00762965352124691
2022-05-16,"Both","Total",3655,0.00734432015279364
2022-05-23,"Both","Total",3773,0.00758142816319847
2022-05-30,"Both","Total",3915,0.00786676153165174
2022-06-06,"Both","Total",4033,0.00810386954205657
2022-06-13,"Both","Total",4133,0.00830480853392507
2022-06-20,"Both","Total",4002,0.00804157845457733
2022-06-27,"Both","Total",3911,0.007858723971977
2022-07-04,"Both","Total",4107,0.00825256439603926
2022-07-11,"Both","Total",4120,0.00827868646498216
2022-07-18,"Both","Total",4146,0.00833093060286797
2022-07-25,"Both","Total",4161,0.00836107145164825
2022-08-01,"Both","Total",4203,0.00844546582823302
2022-08-08,"Both","Total",4117,0.00827265829522611
2022-08-15,"Both","Total",3925,0.00788685543083859
2022-08-22,"Both","Total",3875,0.00778638593490434
2022-08-29,"Both","Total",3719,0.00747292110758948
2022-09-05,"Both","Total",3769,0.00757339060352373
2022-09-12,"Both","Total",3688,0.00741063002011025
2022-09-19,"Both","Total",3670,0.00737446100157392
2022-09-26,"Both","Total",3404,0.00683996328320371
2022-10-03,"Both","Total",3490,0.00701277081621062
2022-10-10,"Both","Total",3447,0.00692636704970716
2022-10-17,"Both","Total",3510,0.00705295861458432
2022-10-24,"Both","Total",3295,0.00662093978206705
2022-10-31,"Both","Total",3372,0.00677566280580579
2022-11-07,"Both","Total",3472,0.00697660179767429
2022-11-14,"Both","Total",3418,0.0068680947420653
2022-11-21,"Both","Total",3454,0.00694043277913796
2022-11-28,"Both","Total",3393,0.00681785999409818
2022-12-05,"Both","Total",3550,0.00713333421133172
2022-12-12,"Both","Total",3471,0.0069745924077556
2022-12-19,"Both","Total",3516,0.00706501495409643
2022-12-26,"Both","Total",3364,0.00675958768645631
2023-01-02,"Both","Total",3475,0.00694613007551241
2023-01-09,"Both","Total",3272,0.00654035614592133
2023-01-16,"Both","Total",3304,0.00660432050920662
2023-01-23,"Both","Total",3194,0.00638444301041342
2023-01-30,"Both","Total",3338,0.00667228264519724
2023-02-06,"Both","Total",3169,0.00633447085159679
2023-02-13,"Both","Total",3260,0.00651636950968934
2023-02-20,"Both","Total",3192,0.00638044523770809
2023-02-27,"Both","Total",3258,0.00651237173698401
2023-03-06,"Both","Total",3318,0.00663230491814394
2023-03-13,"Both","Total",3340,0.00667628041790258
2023-03-20,"Both","Total",3261,0.00651836839604201
2014-12-29,"Female","0-14",13.9687277896233,0.00033153308213806
2015-01-05,"Female","0-14",11.4904051172708,0.00027271269659743
2015-01-12,"Female","0-14",11.7157071783937,0.00027806000437385
2015-01-19,"Female","0-14",14.6446339729922,0.00034757500546732
2015-01-26,"Female","0-14",10.8144989339019,0.00025667077326817
2015-02-02,"Female","0-14",13.5181236673774,0.00032083846658522
2015-02-09,"Female","0-14",14.6446339729922,0.00034757500546732
2015-02-16,"Female","0-14",12.8422174840085,0.00030479654325596
2015-02-23,"Female","0-14",11.0398009950249,0.00026201808104459
2015-03-02,"Female","0-14",11.9410092395167,0.00028340731215027
2015-03-09,"Female","0-14",13.0675195451315,0.00031014385103238
2015-03-16,"Female","0-14",13.0675195451315,0.00031014385103238
2015-03-23,"Female","0-14",11.0398009950249,0.00026201808104459
2015-03-30,"Female","0-14",12.1663113006397,0.0002887546199267
2015-04-06,"Female","0-14",12.1663113006397,0.0002887546199267
2015-04-13,"Female","0-14",11.4904051172708,0.00027271269659743
2015-04-20,"Female","0-14",10.8144989339019,0.00025667077326817
2015-04-27,"Female","0-14",11.7157071783937,0.00027806000437385
2015-05-04,"Female","0-14",9.91329068941009,0.00023528154216249
2015-05-11,"Female","0-14",13.7434257285004,0.00032618577436164
2015-05-18,"Female","0-14",12.1663113006397,0.0002887546199267
2015-05-25,"Female","0-14",10.8144989339019,0.00025667077326817
2015-06-01,"Female","0-14",12.8422174840085,0.00030479654325596
2015-06-08,"Female","0-14",10.363894811656,0.00024597615771533
2015-06-15,"Female","0-14",14.6446339729922,0.00034757500546732
2015-06-22,"Female","0-14",11.9410092395167,0.00028340731215027
2015-06-29,"Female","0-14",11.9410092395167,0.00028340731215027
2015-07-06,"Female","0-14",9.68798862828714,0.00022993423438607
2015-07-13,"Female","0-14",8.3361762615494,0.00019785038772755
2015-07-20,"Female","0-14",14.4193319118692,0.0003422276976909
2015-07-27,"Female","0-14",12.6169154228856,0.00029944923547954
2015-08-03,"Female","0-14",12.6169154228856,0.00029944923547954
2015-08-10,"Female","0-14",13.9687277896233,0.00033153308213806
2015-08-17,"Female","0-14",11.2651030561478,0.00026736538882101
2015-08-24,"Female","0-14",16.2217484008529,0.00038500615990226
2015-08-31,"Female","0-14",12.6169154228856,0.00029944923547954
2015-09-07,"Female","0-14",9.68798862828714,0.00022993423438607
2015-09-14,"Female","0-14",13.0675195451315,0.00031014385103238
2015-09-21,"Female","0-14",11.9410092395167,0.00028340731215027
2015-09-28,"Female","0-14",13.0675195451315,0.00031014385103238
2015-10-05,"Female","0-14",11.7157071783937,0.00027806000437385
2015-10-12,"Female","0-14",10.363894811656,0.00024597615771533
2015-10-19,"Female","0-14",12.1663113006397,0.0002887546199267
2015-10-26,"Female","0-14",11.9410092395167,0.00028340731215027
2015-11-02,"Female","0-14",12.8422174840085,0.00030479654325596
2015-11-09,"Female","0-14",12.8422174840085,0.00030479654325596
2015-11-16,"Female","0-14",14.8699360341151,0.00035292231324374
2015-11-23,"Female","0-14",10.8144989339019,0.00025667077326817
2015-11-30,"Female","0-14",12.3916133617626,0.00029410192770312
2015-12-07,"Female","0-14",11.2651030561478,0.00026736538882101
2015-12-14,"Female","0-14",11.0398009950249,0.00026201808104459
2015-12-21,"Female","0-14",12.3916133617626,0.00029410192770312
2015-12-28,"Female","0-14",10.8144989339019,0.00025667077326817
2016-01-04,"Female","0-14",11.0962065580346,0.00025943316803403
2016-01-11,"Female","0-14",10.2587570064848,0.00023985330629562
2016-01-18,"Female","0-14",10.8868441701472,0.00025453820259943
2016-01-25,"Female","0-14",10.2587570064848,0.00023985330629562
2016-02-01,"Female","0-14",12.5617432732468,0.00029369792607627
2016-02-08,"Female","0-14",11.0962065580346,0.00025943316803403
2016-02-15,"Female","0-14",10.8868441701472,0.00025453820259943
2016-02-22,"Female","0-14",12.5617432732468,0.00029369792607627
2016-02-29,"Female","0-14",12.7711056611342,0.00029859289151087
2016-03-07,"Female","0-14",10.0493946185974,0.00023495834086101
2016-03-14,"Female","0-14",9.84003223070996,0.00023006337542641
2016-03-21,"Female","0-14",10.2587570064848,0.00023985330629562
2016-03-28,"Female","0-14",9.84003223070996,0.00023006337542641
2016-04-04,"Female","0-14",11.0962065580346,0.00025943316803403
2016-04-11,"Female","0-14",13.8179176005714,0.00032306771868389
2016-04-18,"Female","0-14",12.3523808853593,0.00028880296064166
2016-04-25,"Female","0-14",10.0493946185974,0.00023495834086101
2016-05-02,"Female","0-14",10.8868441701472,0.00025453820259943
2016-05-09,"Female","0-14",12.1430184974719,0.00028390799520706
2016-05-16,"Female","0-14",10.8868441701472,0.00025453820259943
2016-05-23,"Female","0-14",13.1898304369091,0.00030838282238008
2016-05-30,"Female","0-14",12.3523808853593,0.00028880296064166
2016-06-06,"Female","0-14",13.608555212684,0.00031817275324929
2016-06-13,"Female","0-14",9.21194506704762,0.00021537847912259
2016-06-20,"Female","0-14",14.0272799884589,0.0003279626841185
2016-06-27,"Female","0-14",11.3055689459221,0.00026432813346864
2016-07-04,"Female","0-14",8.37449551549783,0.00019579861738418
2016-07-11,"Female","0-14",9.84003223070996,0.00023006337542641
2016-07-18,"Female","0-14",13.1898304369091,0.00030838282238008
2016-07-25,"Female","0-14",11.9336561095844,0.00027901302977245
2016-08-01,"Female","0-14",11.724293721697,0.00027411806433785
2016-08-08,"Female","0-14",9.63066984282251,0.0002251684099918
2016-08-15,"Female","0-14",12.5617432732468,0.00029369792607627
2016-08-22,"Female","0-14",13.8179176005714,0.00032306771868389
2016-08-29,"Female","0-14",9.21194506704762,0.00021537847912259
2016-09-05,"Female","0-14",13.3991928247965,0.00031327778781468
2016-09-12,"Female","0-14",13.8179176005714,0.00032306771868389
2016-09-19,"Female","0-14",10.0493946185974,0.00023495834086101
2016-09-26,"Female","0-14",15.9115414794459,0.00037201737302994
2016-10-03,"Female","0-14",11.3055689459221,0.00026432813346864
2016-10-10,"Female","0-14",10.0493946185974,0.00023495834086101
2016-10-17,"Female","0-14",12.9804680490216,0.00030348785694548
2016-10-24,"Female","0-14",9.84003223070996,0.00023006337542641
2016-10-31,"Female","0-14",10.0493946185974,0.00023495834086101
2016-11-07,"Female","0-14",10.0493946185974,0.00023495834086101
2016-11-14,"Female","0-14",10.0493946185974,0.00023495834086101
2016-11-21,"Female","0-14",12.1430184974719,0.00028390799520706
2016-11-28,"Female","0-14",10.6774817822597,0.00024964323716483
2016-12-05,"Female","0-14",11.3055689459221,0.00026432813346864
2016-12-12,"Female","0-14",12.3523808853593,0.00028880296064166
2016-12-19,"Female","0-14",11.3055689459221,0.00026432813346864
2016-12-26,"Female","0-14",10.0493946185974,0.00023495834086101
2017-01-02,"Female","0-14",12.9249067263241,0.00029828787798434
2017-01-09,"Female","0-14",13.1557086321513,0.00030361444723406
2017-01-16,"Female","0-14",10.8476895738791,0.00025034875473686
2017-01-23,"Female","0-14",15.002123878769,0.00034622700123182
2017-01-30,"Female","0-14",14.0789162554601,0.00032492072423294
2017-02-06,"Female","0-14",11.0784914797063,0.00025567532398658
2017-02-13,"Female","0-14",11.5400952913608,0.00026632846248602
2017-02-20,"Female","0-14",14.0789162554601,0.00032492072423294
2017-02-27,"Female","0-14",11.0784914797063,0.00025567532398658
2017-03-06,"Female","0-14",15.4637276904234,0.00035688013973126
2017-03-13,"Female","0-14",11.770897197188,0.00027165503173574
2017-03-20,"Female","0-14",13.1557086321513,0.00030361444723406
2017-03-27,"Female","0-14",13.1557086321513,0.00030361444723406
2017-04-03,"Female","0-14",13.8481143496329,0.00031959415498322
2017-04-10,"Female","0-14",11.0784914797063,0.00025567532398658
2017-04-17,"Female","0-14",11.0784914797063,0.00025567532398658
2017-04-24,"Female","0-14",9.92448195057026,0.00022904247773797
2017-05-01,"Female","0-14",11.770897197188,0.00027165503173574
2017-05-08,"Female","0-14",10.1552838563975,0.00023436904698769
2017-05-15,"Female","0-14",15.2329257845962,0.00035155357048154
2017-05-22,"Female","0-14",13.6173124438057,0.0003142675857335
2017-05-29,"Female","0-14",13.6173124438057,0.0003142675857335
2017-06-05,"Female","0-14",11.770897197188,0.00027165503173574
2017-06-12,"Female","0-14",12.4633029146696,0.0002876347394849
2017-06-19,"Female","0-14",12.0016991030152,0.00027698160098546
2017-06-26,"Female","0-14",13.6173124438057,0.0003142675857335
2017-07-03,"Female","0-14",12.4633029146696,0.0002876347394849
2017-07-10,"Female","0-14",12.6941048204968,0.00029296130873462
2017-07-17,"Female","0-14",11.770897197188,0.00027165503173574
2017-07-24,"Female","0-14",10.8476895738791,0.00025034875473686
2017-07-31,"Female","0-14",12.2325010088424,0.00028230817023518
2017-08-07,"Female","0-14",14.0789162554601,0.00032492072423294
2017-08-14,"Female","0-14",13.6173124438057,0.0003142675857335
2017-08-21,"Female","0-14",14.5405200671146,0.00033557386273238
2017-08-28,"Female","0-14",14.5405200671146,0.00033557386273238
2017-09-04,"Female","0-14",13.8481143496329,0.00031959415498322
2017-09-11,"Female","0-14",9.46287813891583,0.00021838933923853
2017-09-18,"Female","0-14",12.9249067263241,0.00029828787798434
2017-09-25,"Female","0-14",12.0016991030152,0.00027698160098546
2017-10-02,"Female","0-14",11.5400952913608,0.00026632846248602
2017-10-09,"Female","0-14",13.6173124438057,0.0003142675857335
2017-10-16,"Female","0-14",11.0784914797063,0.00025567532398658
2017-10-23,"Female","0-14",10.1552838563975,0.00023436904698769
2017-10-30,"Female","0-14",10.1552838563975,0.00023436904698769
2017-11-06,"Female","0-14",10.8476895738791,0.00025034875473686
2017-11-13,"Female","0-14",13.6173124438057,0.0003142675857335
2017-11-20,"Female","0-14",14.7713219729418,0.0003409004319821
2017-11-27,"Female","0-14",15.2329257845962,0.00035155357048154
2017-12-04,"Female","0-14",12.0016991030152,0.00027698160098546
2017-12-11,"Female","0-14",11.5400952913608,0.00026632846248602
2017-12-18,"Female","0-14",12.9249067263241,0.00029828787798434
2017-12-25,"Female","0-14",13.6173124438057,0.0003142675857335
2018-01-01,"Female","0-14",9.72013523666416,0.0002219106721259
2018-01-08,"Female","0-14",10.584147257701,0.00024163606520376
2018-01-15,"Female","0-14",10.8001502629602,0.00024656741347322
2018-01-22,"Female","0-14",13.3921863260706,0.0003057435927068
2018-01-29,"Female","0-14",9.50413223140496,0.00021697932385644
2018-02-05,"Female","0-14",11.0161532682194,0.00025149876174269
2018-02-12,"Female","0-14",10.1521412471826,0.00023177336866483
2018-02-19,"Female","0-14",11.0161532682194,0.00025149876174269
2018-02-26,"Female","0-14",10.3681442524418,0.00023670471693429
2018-03-05,"Female","0-14",14.2561983471074,0.00032546898578466
2018-03-12,"Female","0-14",12.0961682945154,0.00027615550309001
2018-03-19,"Female","0-14",11.0161532682194,0.00025149876174269
2018-03-26,"Female","0-14",9.72013523666416,0.0002219106721259
2018-04-02,"Female","0-14",7.77610818933133,0.00017752853770072
2018-04-09,"Female","0-14",11.2321562734786,0.00025643011001215
2018-04-16,"Female","0-14",8.20811419984974,0.00018739123423965
2018-04-23,"Female","0-14",13.1761833208114,0.00030081224443733
2018-04-30,"Female","0-14",10.3681442524418,0.00023670471693429
2018-05-07,"Female","0-14",11.4481592787378,0.00026136145828162
2018-05-14,"Female","0-14",11.664162283997,0.00026629280655108
2018-05-21,"Female","0-14",11.2321562734786,0.00025643011001215
2018-05-28,"Female","0-14",9.28812922614575,0.00021204797558697
2018-06-04,"Female","0-14",10.1521412471826,0.00023177336866483
2018-06-11,"Female","0-14",8.64012021036814,0.00019725393077858
2018-06-18,"Female","0-14",11.2321562734786,0.00025643011001215
2018-06-25,"Female","0-14",11.0161532682194,0.00025149876174269
2018-07-02,"Female","0-14",12.3121712997746,0.00028108685135948
2018-07-09,"Female","0-14",13.1761833208114,0.00030081224443733
2018-07-16,"Female","0-14",11.664162283997,0.00026629280655108
2018-07-23,"Female","0-14",10.3681442524418,0.00023670471693429
2018-07-30,"Female","0-14",10.3681442524418,0.00023670471693429
2018-08-06,"Female","0-14",11.8801652892562,0.00027122415482055
2018-08-13,"Female","0-14",10.8001502629602,0.00024656741347322
2018-08-20,"Female","0-14",9.50413223140496,0.00021697932385644
2018-08-27,"Female","0-14",9.28812922614575,0.00021204797558697
2018-09-03,"Female","0-14",13.6081893313298,0.00031067494097626
2018-09-10,"Female","0-14",10.1521412471826,0.00023177336866483
2018-09-17,"Female","0-14",10.1521412471826,0.00023177336866483
2018-09-24,"Female","0-14",9.50413223140496,0.00021697932385644
2018-10-01,"Female","0-14",12.9601803155522,0.00029588089616787
2018-10-08,"Female","0-14",13.3921863260706,0.0003057435927068
2018-10-15,"Female","0-14",9.07212622088655,0.00020711662731751
2018-10-22,"Female","0-14",11.664162283997,0.00026629280655108
2018-10-29,"Female","0-14",12.5281743050338,0.00028601819962894
2018-11-05,"Female","0-14",11.2321562734786,0.00025643011001215
2018-11-12,"Female","0-14",11.4481592787378,0.00026136145828162
2018-11-19,"Female","0-14",11.4481592787378,0.00026136145828162
2018-11-26,"Female","0-14",12.744177310293,0.00029094954789841
2018-12-03,"Female","0-14",11.4481592787378,0.00026136145828162
2018-12-10,"Female","0-14",12.3121712997746,0.00028108685135948
2018-12-17,"Female","0-14",12.0961682945154,0.00027615550309001
2018-12-24,"Female","0-14",11.4481592787378,0.00026136145828162
2018-12-31,"Female","0-14",15.4403769481696,0.00034954180712891
2019-01-07,"Female","0-14",8.26386371873867,0.00018707871367462
2019-01-14,"Female","0-14",10.2210945994926,0.00023138683007125
2019-01-21,"Female","0-14",10.8735048930772,0.00024615620220345
2019-01-28,"Female","0-14",9.13374411018485,0.0002067712098509
2019-02-04,"Female","0-14",11.0909749909387,0.00025107932624752
2019-02-11,"Female","0-14",10.2210945994926,0.00023138683007125
2019-02-18,"Female","0-14",12.1783254802465,0.00027569494646787
2019-02-25,"Female","0-14",11.0909749909387,0.00025107932624752
2019-03-04,"Female","0-14",13.2656759695542,0.00030031056668822
2019-03-11,"Female","0-14",10.4385646973541,0.00023630995411532
2019-03-18,"Female","0-14",14.1355563610004,0.00032000306286449
2019-03-25,"Female","0-14",9.78615440376948,0.00022154058198311
2019-04-01,"Female","0-14",13.9180862631388,0.00031507993882042
2019-04-08,"Female","0-14",10.4385646973541,0.00023630995411532
2019-04-15,"Female","0-14",12.1783254802465,0.00027569494646787
2019-04-22,"Female","0-14",12.395795578108,0.00028061807051194
2019-04-29,"Female","0-14",9.78615440376948,0.00022154058198311
2019-05-06,"Female","0-14",10.8735048930772,0.00024615620220345
2019-05-13,"Female","0-14",13.9180862631388,0.00031507993882042
2019-05-20,"Female","0-14",10.6560347952157,0.00024123307815939
2019-05-27,"Female","0-14",13.0482058716926,0.00029538744264415
2019-06-03,"Female","0-14",10.8735048930772,0.00024615620220345
2019-06-10,"Female","0-14",15.4403769481696,0.00034954180712891
2019-06-17,"Female","0-14",10.2210945994926,0.00023138683007125
2019-06-24,"Female","0-14",10.8735048930772,0.00024615620220345
2019-07-01,"Female","0-14",10.4385646973541,0.00023630995411532
2019-07-08,"Female","0-14",9.35121420804639,0.00021169433389497
2019-07-15,"Female","0-14",10.6560347952157,0.00024123307815939
2019-07-22,"Female","0-14",9.56868430590794,0.00021661745793904
2019-07-29,"Female","0-14",12.6132656759696,0.00028554119455601
2019-08-05,"Female","0-14",10.4385646973541,0.00023630995411532
2019-08-12,"Female","0-14",12.6132656759696,0.00028554119455601
2019-08-19,"Female","0-14",13.7006161652773,0.00031015681477635
2019-08-26,"Female","0-14",13.4831460674157,0.00030523369073228
2019-09-02,"Female","0-14",13.0482058716926,0.00029538744264415
2019-09-09,"Female","0-14",9.35121420804639,0.00021169433389497
2019-09-16,"Female","0-14",12.8307357738311,0.00029046431860008
2019-09-23,"Female","0-14",10.6560347952157,0.00024123307815939
2019-09-30,"Female","0-14",13.7006161652773,0.00031015681477635
2019-10-07,"Female","0-14",7.3939833272925,0.00016738621749835
2019-10-14,"Female","0-14",12.1783254802465,0.00027569494646787
2019-10-21,"Female","0-14",13.0482058716926,0.00029538744264415
2019-10-28,"Female","0-14",11.3084450888003,0.00025600245029159
2019-11-04,"Female","0-14",10.4385646973541,0.00023630995411532
2019-11-11,"Female","0-14",10.6560347952157,0.00024123307815939
2019-11-18,"Female","0-14",11.7433852845234,0.00026584869837973
2019-11-25,"Female","0-14",10.4385646973541,0.00023630995411532
2019-12-02,"Female","0-14",11.3084450888003,0.00025600245029159
2019-12-09,"Female","0-14",14.787966654585,0.0003347724349967
2019-12-16,"Female","0-14",10.003624501631,0.00022646370602718
2019-12-23,"Female","0-14",11.5259151866618,0.00026092557433566
2019-12-30,"Female","0-14",11.5099981062083,0.00025927088612869
2020-01-06,"Female","0-14",9.59166508850691,0.00021605907177391
2020-01-13,"Female","0-14",10.8705537669745,0.00024486694801043
2020-01-20,"Female","0-14",10.4442575408186,0.00023526432259826
2020-01-27,"Female","0-14",10.8705537669745,0.00024486694801043
2020-02-03,"Female","0-14",9.59166508850691,0.00021605907177391
2020-02-10,"Female","0-14",9.80481320158484,0.00022086038447999
2020-02-17,"Female","0-14",9.16536886235105,0.00020645644636173
2020-02-24,"Female","0-14",12.1494424454421,0.00027367482424695
2020-03-02,"Female","0-14",12.36259055852,0.00027847613695304
2020-03-09,"Female","0-14",10.0179613146628,0.00022566169718608
2020-03-16,"Female","0-14",10.4442575408186,0.00023526432259826
2020-03-23,"Female","0-14",11.2968499931304,0.0002544695734226
2020-03-30,"Female","0-14",11.7231462192862,0.00026407219883478
2020-04-06,"Female","0-14",11.5099981062083,0.00025927088612869
2020-04-13,"Female","0-14",8.95222074927312,0.00020165513365565
2020-04-20,"Female","0-14",7.67333207080553,0.00017284725741913
2020-04-27,"Female","0-14",7.4601839577276,0.00016804594471304
2020-05-04,"Female","0-14",12.575738671598,0.00028327744965913
2020-05-11,"Female","0-14",12.7888867846759,0.00028807876236521
2020-05-18,"Female","0-14",10.8705537669745,0.00024486694801043
2020-05-25,"Female","0-14",11.5099981062083,0.00025927088612869
2020-06-01,"Female","0-14",13.2151830108317,0.00029768138777739
2020-06-08,"Female","0-14",10.2311094277407,0.00023046300989217
2020-06-15,"Female","0-14",12.575738671598,0.00028327744965913
2020-06-22,"Female","0-14",10.0179613146628,0.00022566169718608
2020-06-29,"Female","0-14",11.0837018800524,0.00024966826071652
2020-07-06,"Female","0-14",14.9203679154552,0.00033609188942608
2020-07-13,"Female","0-14",13.4283311239097,0.00030248270048347
2020-07-20,"Female","0-14",11.9362943323642,0.00026887351154086
2020-07-27,"Female","0-14",13.2151830108317,0.00029768138777739
2020-08-03,"Female","0-14",11.9362943323642,0.00026887351154086
2020-08-10,"Female","0-14",10.8705537669745,0.00024486694801043
2020-08-17,"Female","0-14",10.2311094277407,0.00023046300989217
2020-08-24,"Female","0-14",11.2968499931304,0.0002544695734226
2020-08-31,"Female","0-14",10.4442575408186,0.00023526432259826
2020-09-07,"Female","0-14",12.7888867846759,0.00028807876236521
2020-09-14,"Female","0-14",13.0020348977538,0.0002928800750713
2020-09-21,"Female","0-14",10.4442575408186,0.00023526432259826
2020-09-28,"Female","0-14",10.4442575408186,0.00023526432259826
2020-10-05,"Female","0-14",10.4442575408186,0.00023526432259826
2020-10-12,"Female","0-14",10.2311094277407,0.00023046300989217
2020-10-19,"Female","0-14",13.0020348977538,0.0002928800750713
2020-10-26,"Female","0-14",10.6574056538966,0.00024006563530434
2020-11-02,"Female","0-14",10.6574056538966,0.00024006563530434
2020-11-09,"Female","0-14",8.31277641003932,0.00018725119553739
2020-11-16,"Female","0-14",10.8705537669745,0.00024486694801043
2020-11-23,"Female","0-14",8.73907263619519,0.00019685382094956
2020-11-30,"Female","0-14",11.0837018800524,0.00024966826071652
2020-12-07,"Female","0-14",9.80481320158484,0.00022086038447999
2020-12-14,"Female","0-14",12.1494424454421,0.00027367482424695
2020-12-21,"Female","0-14",11.5099981062083,0.00025927088612869
2020-12-28,"Female","0-14",12.1494424454421,0.00027367482424695
2021-01-04,"Female","0-14",10.5552703385849,0.00023790909310527
2021-01-11,"Female","0-14",12.3821440510323,0.00027908566691195
2021-01-18,"Female","0-14",9.13436856223695,0.00020588286903341
2021-01-25,"Female","0-14",9.54034049833637,0.00021503321876822
2021-02-01,"Female","0-14",10.7582563066346,0.00024248426797268
2021-02-08,"Female","0-14",11.5702001788335,0.00026078496744231
2021-02-15,"Female","0-14",11.1642282427341,0.0002516346177075
2021-02-22,"Female","0-14",6.90152291369014,0.00015555594549191
2021-03-01,"Female","0-14",9.33735453028666,0.00021045804390081
2021-03-08,"Female","0-14",9.94631243443579,0.00022418356850304
2021-03-15,"Female","0-14",13.3970738912809,0.000301961541249
2021-03-22,"Female","0-14",8.32242469003811,0.00018758216956377
2021-03-29,"Female","0-14",9.94631243443579,0.00022418356850304
2021-04-05,"Female","0-14",9.54034049833637,0.00021503321876822
2021-04-12,"Female","0-14",11.9761721149329,0.00026993531717713
2021-04-19,"Female","0-14",8.93138259418724,0.000201307694166
2021-04-26,"Female","0-14",8.93138259418724,0.000201307694166
2021-05-03,"Female","0-14",10.5552703385849,0.00023790909310527
2021-05-10,"Female","0-14",10.9612422746843,0.00024705944284009
2021-05-17,"Female","0-14",11.3672142107838,0.00025620979257491
2021-05-24,"Female","0-14",10.7582563066346,0.00024248426797268
2021-05-31,"Female","0-14",9.74332646638608,0.00021960839363563
2021-06-07,"Female","0-14",9.54034049833637,0.00021503321876822
2021-06-14,"Female","0-14",11.5702001788335,0.00026078496744231
2021-06-21,"Female","0-14",11.7731861468832,0.00026536014230972
2021-06-28,"Female","0-14",11.5702001788335,0.00026078496744231
2021-07-05,"Female","0-14",11.5702001788335,0.00026078496744231
2021-07-12,"Female","0-14",10.1492984024855,0.00022875874337045
2021-07-19,"Female","0-14",11.1642282427341,0.0002516346177075
2021-07-26,"Female","0-14",11.1642282427341,0.0002516346177075
2021-08-02,"Female","0-14",8.93138259418724,0.000201307694166
2021-08-09,"Female","0-14",10.3522843705352,0.00023333391823786
2021-08-16,"Female","0-14",11.3672142107838,0.00025620979257491
2021-08-23,"Female","0-14",11.7731861468832,0.00026536014230972
2021-08-30,"Female","0-14",10.5552703385849,0.00023790909310527
2021-09-06,"Female","0-14",7.91645275393869,0.00017843181982895
2021-09-13,"Female","0-14",10.7582563066346,0.00024248426797268
2021-09-20,"Female","0-14",9.74332646638608,0.00021960839363563
2021-09-27,"Female","0-14",8.32242469003811,0.00018758216956377
2021-10-04,"Female","0-14",14.2090177634797,0.00032026224071863
2021-10-11,"Female","0-14",11.5702001788335,0.00026078496744231
2021-10-18,"Female","0-14",7.91645275393869,0.00017843181982895
2021-10-25,"Female","0-14",9.94631243443579,0.00022418356850304
2021-11-01,"Female","0-14",11.1642282427341,0.0002516346177075
2021-11-08,"Female","0-14",8.72839662613753,0.00019673251929859
2021-11-15,"Female","0-14",12.3821440510323,0.00027908566691195
2021-11-22,"Female","0-14",9.54034049833637,0.00021503321876822
2021-11-29,"Female","0-14",13.3970738912809,0.000301961541249
2021-12-06,"Female","0-14",10.9612422746843,0.00024705944284009
2021-12-13,"Female","0-14",10.1492984024855,0.00022875874337045
2021-12-20,"Female","0-14",9.33735453028666,0.00021045804390081
2021-12-27,"Female","0-14",8.1194387219884,0.00018300699469636
2022-01-03,"Female","0-14",12.1448224085913,0.00027451197906397
2022-01-10,"Female","0-14",9.15839066877378,0.0002070090333925
2022-01-17,"Female","0-14",9.35748611809495,0.0002115092297706
2022-01-24,"Female","0-14",8.76019977013144,0.0001980086406363
2022-01-31,"Female","0-14",12.5430133072337,0.00028351237182017
2022-02-07,"Female","0-14",10.7511542633431,0.00024301060441728
2022-02-14,"Female","0-14",9.95477246605845,0.00022500981890489
2022-02-21,"Female","0-14",9.55658156741612,0.0002160094261487
2022-02-28,"Female","0-14",9.95477246605845,0.00022500981890489
2022-03-07,"Female","0-14",9.15839066877378,0.0002070090333925
2022-03-14,"Female","0-14",10.9502497126643,0.00024751080079538
2022-03-21,"Female","0-14",13.3393951045183,0.00030151315733256
2022-03-28,"Female","0-14",13.9366814524818,0.00031501374646685
2022-04-04,"Female","0-14",10.1538679153796,0.00022951001528299
2022-04-11,"Female","0-14",13.9366814524818,0.00031501374646685
2022-04-18,"Female","0-14",7.76472252352559,0.00017550765874582
2022-04-25,"Female","0-14",8.76019977013144,0.0001980086406363
2022-05-02,"Female","0-14",11.3484406113066,0.00025651119355158
2022-05-09,"Female","0-14",11.1493451619855,0.00025201099717348
2022-05-16,"Female","0-14",8.95929521945261,0.0002025088370144
2022-05-23,"Female","0-14",9.95477246605845,0.00022500981890489
2022-05-30,"Female","0-14",12.941204205876,0.00029251276457636
2022-06-06,"Female","0-14",13.1402996551972,0.00029701296095446
2022-06-13,"Female","0-14",9.15839066877378,0.0002070090333925
2022-06-20,"Female","0-14",11.9457269592701,0.00027001178268587
2022-06-27,"Female","0-14",11.9457269592701,0.00027001178268587
2022-07-04,"Female","0-14",12.3439178579125,0.00027901217544207
2022-07-11,"Female","0-14",12.1448224085913,0.00027451197906397
2022-07-18,"Female","0-14",10.9502497126643,0.00024751080079538
2022-07-25,"Female","0-14",8.16291342216793,0.00018450805150201
2022-08-01,"Female","0-14",12.5430133072337,0.00028351237182017
2022-08-08,"Female","0-14",11.1493451619855,0.00025201099717348
2022-08-15,"Female","0-14",9.55658156741612,0.0002160094261487
2022-08-22,"Female","0-14",11.1493451619855,0.00025201099717348
2022-08-29,"Female","0-14",10.1538679153796,0.00022951001528299
2022-09-05,"Female","0-14",12.3439178579125,0.00027901217544207
2022-09-12,"Female","0-14",10.9502497126643,0.00024751080079538
2022-09-19,"Female","0-14",11.1493451619855,0.00025201099717348
2022-09-26,"Female","0-14",11.3484406113066,0.00025651119355158
2022-10-03,"Female","0-14",11.746631509949,0.00026551158630777
2022-10-10,"Female","0-14",9.15839066877378,0.0002070090333925
2022-10-17,"Female","0-14",11.5475360606278,0.00026101138992968
2022-10-24,"Female","0-14",10.7511542633431,0.00024301060441728
2022-10-31,"Female","0-14",10.7511542633431,0.00024301060441728
2022-11-07,"Female","0-14",11.9457269592701,0.00027001178268587
2022-11-14,"Female","0-14",10.1538679153796,0.00022951001528299
2022-11-21,"Female","0-14",7.36653162488326,0.00016650726598962
2022-11-28,"Female","0-14",11.746631509949,0.00026551158630777
2022-12-05,"Female","0-14",8.95929521945261,0.0002025088370144
2022-12-12,"Female","0-14",12.1448224085913,0.00027451197906397
2022-12-19,"Female","0-14",9.35748611809495,0.0002115092297706
2022-12-26,"Female","0-14",11.9457269592701,0.00027001178268587
2023-01-02,"Female","0-14",12.2880022203976,0.0002787863247688
2023-01-09,"Female","0-14",10.9226686403534,0.00024781006646115
2023-01-16,"Female","0-14",10.5325733317694,0.00023895970694468
2023-01-23,"Female","0-14",12.6780975289817,0.00028763668428527
2023-01-30,"Female","0-14",11.8979069118135,0.00026993596525233
2023-02-06,"Female","0-14",6.82666790022089,0.00015488129153822
2023-02-13,"Female","0-14",9.36228740601722,0.00021240862839527
2023-02-20,"Female","0-14",11.1177162946454,0.00025223524621939
2023-02-27,"Female","0-14",8.58209678884912,0.00019470790936233
2023-03-06,"Female","0-14",9.36228740601722,0.00021240862839527
2023-03-13,"Female","0-14",10.1424780231853,0.00023010934742821
2023-03-20,"Female","0-14",7.41181086309697,0.00016815683081292
2014-12-29,"Female","15-64",199.031272210377,0.00130921169289809
2015-01-05,"Female","15-64",186.509594882729,0.00122684510703451
2015-01-12,"Female","15-64",185.284292821606,0.00121878516867438
2015-01-19,"Female","15-64",191.355366027008,0.00125872019969077
2015-01-26,"Female","15-64",168.185501066098,0.00110631069241681
2015-02-02,"Female","15-64",195.481876332623,0.00128586405242796
2015-02-09,"Female","15-64",197.355366027008,0.00129818771688116
2015-02-16,"Female","15-64",191.157782515991,0.0012574205112545
2015-02-23,"Female","15-64",171.960199004975,0.00113114035171533
2015-03-02,"Female","15-64",188.058990760483,0.00123703690844118
2015-03-09,"Female","15-64",186.932480454869,0.00122962681429918
2015-03-16,"Female","15-64",172.932480454869,0.00113753594085493
2015-03-23,"Female","15-64",174.960199004975,0.00115087411031053
2015-03-30,"Female","15-64",186.83368869936,0.00122897697008104
2015-04-06,"Female","15-64",171.83368869936,0.00113030817710507
2015-04-13,"Female","15-64",212.509594882729,0.00139787101485954
2015-04-20,"Female","15-64",197.185501066098,0.00129707035883703
2015-04-27,"Female","15-64",195.284292821606,0.0012845643639917
2015-05-04,"Female","15-64",189.08670931059,0.00124379715836505
2015-05-11,"Female","15-64",210.2565742715,0.00138305082657554
2015-05-18,"Female","15-64",208.83368869936,0.00137369119977915
2015-05-25,"Female","15-64",178.185501066098,0.00117208988773413
2015-06-01,"Female","15-64",197.157782515991,0.0012968880284449
2015-06-08,"Female","15-64",179.636105188344,0.00118163184492266
2015-06-15,"Female","15-64",211.355366027008,0.00139027859032541
2015-06-22,"Female","15-64",189.058990760483,0.00124361482797291
2015-06-29,"Female","15-64",208.058990760483,0.00136859529907582
2015-07-06,"Female","15-64",206.312011371713,0.00135710380923289
2015-07-13,"Female","15-64",218.663823738451,0.00143835303705234
2015-07-20,"Female","15-64",195.580668088131,0.00128651389664609
2015-07-27,"Female","15-64",191.383084577114,0.0012589025300829
2015-08-03,"Female","15-64",192.383084577114,0.00126548044961464
2015-08-10,"Female","15-64",235.031272210377,0.00154601679604044
2015-08-17,"Female","15-64",206.734896943852,0.00135988551649755
2015-08-24,"Female","15-64",224.778251599147,0.00147857325150258
2015-08-31,"Female","15-64",211.383084577114,0.00139046092071754
2015-09-07,"Female","15-64",182.312011371713,0.00119923374047132
2015-09-14,"Female","15-64",198.932480454869,0.00130856184867996
2015-09-21,"Female","15-64",209.058990760483,0.00137517321860755
2015-09-28,"Female","15-64",194.932480454869,0.00128225017055303
2015-10-05,"Female","15-64",195.284292821606,0.0012845643639917
2015-10-12,"Female","15-64",213.636105188344,0.00140528110900154
2015-10-19,"Female","15-64",196.83368869936,0.00129475616539836
2015-10-26,"Female","15-64",188.058990760483,0.00123703690844118
2015-11-02,"Female","15-64",186.157782515991,0.00122453091359584
2015-11-09,"Female","15-64",202.157782515991,0.00132977762610356
2015-11-16,"Female","15-64",196.130063965885,0.00129012777852103
2015-11-23,"Female","15-64",201.185501066098,0.00132338203696396
2015-11-30,"Female","15-64",216.608386638237,0.0014248325372046
2015-12-07,"Female","15-64",190.734896943852,0.00125463880398984
2015-12-14,"Female","15-64",200.960199004975,0.00132190001813556
2015-12-21,"Female","15-64",184.608386638237,0.00121433911218918
2015-12-28,"Female","15-64",186.185501066098,0.00122471324398798
2016-01-04,"Female","15-64",169.903793441965,0.00110303480577542
2016-01-11,"Female","15-64",187.741242993515,0.00121883756275355
2016-01-18,"Female","15-64",180.113155829853,0.00116931515084882
2016-01-25,"Female","15-64",173.741242993515,0.00112794796595281
2016-02-01,"Female","15-64",188.438256726753,0.00122336265540916
2016-02-08,"Female","15-64",176.903793441965,0.00114847960417578
2016-02-15,"Female","15-64",186.113155829853,0.00120826783519199
2016-02-22,"Female","15-64",196.438256726753,0.00127529956786672
2016-02-29,"Female","15-64",193.228894338866,0.00125446402119369
2016-03-07,"Female","15-64",185.950605381403,0.00120721253914061
2016-03-14,"Female","15-64",169.15996776929,0.00109820580466974
2016-03-21,"Female","15-64",203.741242993515,0.00132271138766867
2016-03-28,"Female","15-64",198.15996776929,0.00128647711232841
2016-04-04,"Female","15-64",178.903793441965,0.00116146383229017
2016-04-11,"Female","15-64",191.182082399429,0.00124117588462923
2016-04-18,"Female","15-64",183.647619114641,0.00119226128962463
2016-04-25,"Female","15-64",194.950605381403,0.00126564156565537
2016-05-02,"Female","15-64",196.113155829853,0.00127318897576395
2016-05-09,"Female","15-64",192.856981502528,0.00125204952064085
2016-05-16,"Female","15-64",205.113155829853,0.00133161800227871
2016-05-23,"Female","15-64",209.810169563091,0.0013621115511631
2016-05-30,"Female","15-64",214.647619114641,0.00139351682539769
2016-06-06,"Female","15-64",226.391444787316,0.00146975908113252
2016-06-13,"Female","15-64",195.788054932952,0.00127107838366118
2016-06-20,"Female","15-64",194.972720011541,0.00126578513635656
2016-06-27,"Female","15-64",204.694431054078,0.0013288995932758
2016-07-04,"Female","15-64",183.625504484502,0.00119211771892344
2016-07-11,"Female","15-64",202.15996776929,0.00131244556855719
2016-07-18,"Female","15-64",208.810169563091,0.00135561943710591
2016-07-25,"Female","15-64",211.066343890416,0.00137026677817182
2016-08-01,"Female","15-64",207.275706278303,0.00134565752644449
2016-08-08,"Female","15-64",193.369330157178,0.00125537574654388
2016-08-15,"Female","15-64",199.438256726753,0.00129477591003831
2016-08-22,"Female","15-64",207.182082399429,0.00134504970954436
2016-08-29,"Female","15-64",202.788054932952,0.00131652318206154
2016-09-05,"Female","15-64",210.600807175203,0.00136724446071885
2016-09-12,"Female","15-64",209.182082399429,0.00135803393765875
2016-09-19,"Female","15-64",190.950605381403,0.00123967310942659
2016-09-26,"Female","15-64",193.088458520554,0.00125355229584349
2016-10-03,"Female","15-64",189.694431054078,0.00123151788241787
2016-10-10,"Female","15-64",194.950605381403,0.00126564156565537
2016-10-17,"Female","15-64",212.019531950978,0.00137645498377895
2016-10-24,"Female","15-64",206.15996776929,0.00133841402478597
2016-10-31,"Female","15-64",205.950605381403,0.00133705482028452
2016-11-07,"Female","15-64",194.950605381403,0.00126564156565537
2016-11-14,"Female","15-64",184.950605381403,0.00120072042508341
2016-11-21,"Female","15-64",199.856981502528,0.00129749431904121
2016-11-28,"Female","15-64",192.32251821774,0.00124857972403662
2016-12-05,"Female","15-64",184.694431054078,0.0011990573121319
2016-12-12,"Female","15-64",199.647619114641,0.00129613511453976
2016-12-19,"Female","15-64",210.694431054078,0.00136785227761898
2016-12-26,"Female","15-64",179.950605381403,0.00116825985479744
2017-01-02,"Female","15-64",192.075093273676,0.00123041233960485
2017-01-09,"Female","15-64",219.844291367849,0.00140829882875688
2017-01-16,"Female","15-64",170.152310426121,0.00108997735621179
2017-01-23,"Female","15-64",206.997876121231,0.0013260060776785
2017-01-30,"Female","15-64",187.92108374454,0.00120380220241126
2017-02-06,"Female","15-64",193.921508520294,0.00124224027660987
2017-02-13,"Female","15-64",188.459904708639,0.00120725383141618
2017-02-20,"Female","15-64",215.92108374454,0.00138316718368891
2017-02-27,"Female","15-64",194.921508520294,0.00124864616879835
2017-03-06,"Female","15-64",192.536272309577,0.00123336660278842
2017-03-13,"Female","15-64",179.229102802812,0.00114812230959416
2017-03-20,"Female","15-64",193.844291367849,0.0012417456318562
2017-03-27,"Female","15-64",191.844291367849,0.00122893384747923
2017-04-03,"Female","15-64",213.151885650367,0.00136542799924907
2017-04-10,"Female","15-64",177.921508520294,0.00113974600159407
2017-04-17,"Female","15-64",199.921508520294,0.00128067562974079
2017-04-24,"Female","15-64",198.07551804943,0.00126885041380346
2017-05-01,"Female","15-64",194.229102802812,0.00124421069242147
2017-05-08,"Female","15-64",181.844716143603,0.00116487764666204
2017-05-15,"Female","15-64",200.767074215404,0.00128609223242195
2017-05-22,"Female","15-64",226.382687556194,0.00145018308982504
2017-05-29,"Female","15-64",194.382687556194,0.00124519453979344
2017-06-05,"Female","15-64",202.229102802812,0.00129545782992937
2017-06-12,"Female","15-64",185.53669708533,0.00118852807853669
2017-06-19,"Female","15-64",197.998300896985,0.0012683557690498
2017-06-26,"Female","15-64",195.382687556194,0.00125160043198192
2017-07-03,"Female","15-64",211.53669708533,0.00135508127543737
2017-07-10,"Female","15-64",197.305895179503,0.00126392029267292
2017-07-17,"Female","15-64",217.229102802812,0.00139154621275669
2017-07-24,"Female","15-64",192.152310426121,0.00123090698435852
2017-07-31,"Female","15-64",207.767498991158,0.00133093619880905
2017-08-07,"Female","15-64",215.92108374454,0.00138316718368891
2017-08-14,"Female","15-64",207.382687556194,0.00132847113824377
2017-08-21,"Female","15-64",215.459479932885,0.00138021019943766
2017-08-28,"Female","15-64",235.459479932885,0.00150832804320741
2017-09-04,"Female","15-64",212.151885650367,0.00135902210706059
2017-09-11,"Female","15-64",203.537121861084,0.00130383685899715
2017-09-18,"Female","15-64",190.075093273676,0.00121760055522788
2017-09-25,"Female","15-64",195.998300896985,0.00125554398467282
2017-10-02,"Female","15-64",205.459904708639,0.00131615399862046
2017-10-09,"Female","15-64",221.382687556194,0.0014181536288826
2017-10-16,"Female","15-64",190.921508520294,0.0012230226000444
2017-10-23,"Female","15-64",193.844716143603,0.00124174835292389
2017-10-30,"Female","15-64",185.844716143603,0.00119050121541599
2017-11-06,"Female","15-64",189.152310426121,0.00121168930779306
2017-11-13,"Female","15-64",199.382687556194,0.00127722400073587
2017-11-20,"Female","15-64",188.228678027058,0.00120577261822287
2017-11-27,"Female","15-64",197.767074215404,0.00126687455585649
2017-12-04,"Female","15-64",175.998300896985,0.00112742614090307
2017-12-11,"Female","15-64",181.459904708639,0.00116241258609676
2017-12-18,"Female","15-64",210.075093273676,0.00134571839899763
2017-12-25,"Female","15-64",179.382687556194,0.00114910615696612
2018-01-01,"Female","15-64",178.279864763336,0.00112787430584926
2018-01-08,"Female","15-64",197.415852742299,0.00124893671066522
2018-01-15,"Female","15-64",181.19984973704,0.00114634737362772
2018-01-22,"Female","15-64",193.607813673929,0.00122484543470096
2018-01-29,"Female","15-64",206.495867768595,0.00130638075045333
2018-02-05,"Female","15-64",178.983846731781,0.00113232799541787
2018-02-12,"Female","15-64",203.847858752817,0.001289628318346
2018-02-19,"Female","15-64",192.983846731781,0.00122089795424554
2018-02-26,"Female","15-64",192.631855747558,0.00121867110946123
2018-03-05,"Female","15-64",217.743801652893,0.00137753996766965
2018-03-12,"Female","15-64",196.903831705485,0.00124569744765454
2018-03-19,"Female","15-64",208.983846731781,0.00132212076433429
2018-03-26,"Female","15-64",190.279864763336,0.00120379141341583
2018-04-02,"Female","15-64",188.223891810669,0.00119078445343236
2018-04-09,"Female","15-64",202.767843726521,0.00128279568360226
2018-04-16,"Female","15-64",199.79188580015,0.00126396850710144
2018-04-23,"Female","15-64",203.823816679189,0.00128947621795518
2018-04-30,"Female","15-64",190.631855747558,0.00120601825820014
2018-05-07,"Female","15-64",207.551840721262,0.00131306128480625
2018-05-14,"Female","15-64",194.335837716003,0.00122945122466039
2018-05-21,"Female","15-64",202.767843726521,0.00128279568360226
2018-05-28,"Female","15-64",200.711870773854,0.0012697887236188
2018-06-04,"Female","15-64",183.847858752817,0.00116309980573505
2018-06-11,"Female","15-64",194.359879789632,0.00122960332505121
2018-06-18,"Female","15-64",175.767843726521,0.00111198219157749
2018-06-25,"Female","15-64",202.983846731781,0.00128416221055101
2018-07-02,"Female","15-64",225.687828700225,0.00142779726399166
2018-07-09,"Female","15-64",196.823816679189,0.00124519123854135
2018-07-16,"Female","15-64",204.335837716003,0.00129271548096586
2018-07-23,"Female","15-64",181.631855747558,0.00114908042752521
2018-07-30,"Female","15-64",205.631855747558,0.00130091464265834
2018-08-06,"Female","15-64",193.119834710744,0.0012217582720811
2018-08-13,"Female","15-64",202.19984973704,0.00127920231186921
2018-08-20,"Female","15-64",190.495867768595,0.00120515794036458
2018-08-27,"Female","15-64",198.711870773854,0.0012571358723577
2018-09-03,"Female","15-64",219.39181066867,0.00138796597414644
2018-09-10,"Female","15-64",180.847858752817,0.00114412052884341
2018-09-17,"Female","15-64",207.847858752817,0.00131493402086819
2018-09-24,"Female","15-64",218.495867768595,0.0013822978580199
2018-10-01,"Female","15-64",212.039819684448,0.0013414541499483
2018-10-08,"Female","15-64",211.607813673929,0.00133872109605081
2018-10-15,"Female","15-64",178.927873779113,0.0011319738866955
2018-10-22,"Female","15-64",189.335837716003,0.00119781909650765
2018-10-29,"Female","15-64",212.471825694966,0.0013441872038458
2018-11-05,"Female","15-64",192.767843726521,0.00121953142729679
2018-11-12,"Female","15-64",199.551840721262,0.00126244987976187
2018-11-19,"Female","15-64",195.551840721262,0.00123714417723968
2018-11-26,"Female","15-64",192.255822689707,0.00121629216428611
2018-12-03,"Female","15-64",190.551840721262,0.00120551204908695
2018-12-10,"Female","15-64",208.687828700225,0.00132024802827236
2018-12-17,"Female","15-64",210.903831705485,0.0013342674064822
2018-12-24,"Female","15-64",179.551840721262,0.00113592136715093
2018-12-31,"Female","15-64",223.55962305183,0.00139881763023796
2019-01-07,"Female","15-64",187.736136281261,0.00117466926128294
2019-01-14,"Female","15-64",216.778905400507,0.00135639052615335
2019-01-21,"Female","15-64",194.126495106923,0.00121465388134471
2019-01-28,"Female","15-64",174.866255889815,0.00109414212787282
2019-02-04,"Female","15-64",215.909025009061,0.00135094766482114
2019-02-11,"Female","15-64",211.778905400507,0.00132510541278756
2019-02-18,"Female","15-64",172.821674519754,0.00108134913588323
2019-02-25,"Female","15-64",187.909025009061,0.00117575102997271
2019-03-04,"Female","15-64",206.734324030446,0.0012935413527785
2019-03-11,"Female","15-64",197.561435302646,0.0012361463800303
2019-03-18,"Female","15-64",199.864443639,0.00125055635540733
2019-03-25,"Female","15-64",193.213845596231,0.00120894341266367
2019-04-01,"Female","15-64",210.081913736861,0.00131448729747197
2019-04-08,"Female","15-64",177.561435302646,0.00111100592656714
2019-04-15,"Female","15-64",217.821674519754,0.00136291515617534
2019-04-22,"Female","15-64",225.604204421892,0.00141161062222755
2019-04-29,"Female","15-64",194.213845596231,0.00121520043533682
2019-05-06,"Female","15-64",173.126495106923,0.0010832564052084
2019-05-13,"Female","15-64",190.081913736861,0.00118934684400881
2019-05-20,"Female","15-64",200.343965204784,0.00125355673271672
2019-05-27,"Female","15-64",216.951794128307,0.00135747229484313
2019-06-03,"Female","15-64",188.126495106923,0.00117711174530577
2019-06-10,"Female","15-64",212.55962305183,0.00132999038083322
2019-06-17,"Female","15-64",188.778905400507,0.00118119389130493
2019-06-24,"Female","15-64",202.126495106923,0.00126471006272998
2019-07-01,"Female","15-64",196.561435302646,0.00122988935735714
2019-07-08,"Female","15-64",184.648785791954,0.00115535163927135
2019-07-15,"Female","15-64",186.343965204784,0.0011659584152925
2019-07-22,"Female","15-64",179.431315694092,0.00112270581057251
2019-07-29,"Female","15-64",202.38673432403,0.00126633838541187
2019-08-05,"Female","15-64",191.561435302646,0.00119860424399135
2019-08-12,"Female","15-64",210.38673432403,0.00131639456679713
2019-08-19,"Female","15-64",213.299383834723,0.00133461908082449
2019-08-26,"Female","15-64",198.516853932584,0.00124212445606018
2019-09-02,"Female","15-64",219.951794128307,0.0013762433628626
2019-09-09,"Female","15-64",187.648785791954,0.00117412270729083
2019-09-16,"Female","15-64",195.169264226169,0.00122117851136671
2019-09-23,"Female","15-64",204.343965204784,0.00127858482340935
2019-09-30,"Female","15-64",222.299383834723,0.00139093228488292
2019-10-07,"Female","15-64",184.606016672708,0.00115508403192252
2019-10-14,"Female","15-64",207.821674519754,0.00130034492944376
2019-10-21,"Female","15-64",217.951794128307,0.00136372931751629
2019-10-28,"Female","15-64",207.6915549112,0.00129953076810282
2019-11-04,"Female","15-64",172.561435302646,0.00107972081320135
2019-11-11,"Female","15-64",168.343965204784,0.00105333200717566
2019-11-18,"Female","15-64",164.256614715477,0.00102775736249092
2019-11-25,"Female","15-64",211.561435302646,0.00132374469745451
2019-12-02,"Female","15-64",183.6915549112,0.00114936222394703
2019-12-09,"Female","15-64",197.212033345415,0.00123396016406186
2019-12-16,"Female","15-64",180.996375498369,0.00113249842525272
2019-12-23,"Female","15-64",182.474084813338,0.00114174448594082
2019-12-30,"Female","15-64",182.490001893792,0.00113564952916456
2020-01-06,"Female","15-64",188.408334911493,0.00117247977759046
2020-01-13,"Female","15-64",196.129446233026,0.00122052885614781
2020-01-20,"Female","15-64",176.555742459181,0.00109872016940282
2020-01-27,"Female","15-64",179.129446233026,0.00111473652892194
2020-02-03,"Female","15-64",190.408334911493,0.00118492593373468
2020-02-10,"Female","15-64",204.195186798415,0.00127072258939561
2020-02-17,"Female","15-64",205.834631137649,0.00128092497951354
2020-02-24,"Female","15-64",205.850557554558,0.00128102409084938
2020-03-02,"Female","15-64",196.63740944148,0.00122368995085178
2020-03-09,"Female","15-64",194.982038685337,0.00121338844939802
2020-03-16,"Female","15-64",197.555742459181,0.00122940480891713
2020-03-23,"Female","15-64",201.70315000687,0.00125521444988325
2020-03-30,"Female","15-64",215.276853780714,0.00133968466819558
2020-04-06,"Female","15-64",202.490001893792,0.00126011109060676
2020-04-13,"Female","15-64",197.047779250727,0.00122624371421316
2020-04-20,"Female","15-64",201.326667929194,0.00125287157252113
2020-04-27,"Female","15-64",170.539816042272,0.00106128258963433
2020-05-04,"Female","15-64",230.424261328402,0.00143394816795491
2020-05-11,"Female","15-64",192.211113215324,0.00119614476386613
2020-05-18,"Female","15-64",176.129446233026,0.00109606729470561
2020-05-25,"Female","15-64",191.490001893792,0.00119165723181355
2020-06-01,"Female","15-64",181.784816989168,0.00113126110844781
2020-06-08,"Female","15-64",195.768890572259,0.00121828509012152
2020-06-15,"Female","15-64",194.424261328402,0.00120991735735895
2020-06-22,"Female","15-64",199.982038685337,0.00124450383975857
2020-06-29,"Female","15-64",194.916298119948,0.00121297934072709
2020-07-06,"Female","15-64",207.079632084545,0.00128867271760593
2020-07-13,"Female","15-64",199.57166887609,0.00124195007639718
2020-07-20,"Female","15-64",205.063705667636,0.00127612745012587
2020-07-27,"Female","15-64",200.784816989168,0.0012494995918179
2020-08-03,"Female","15-64",207.063705667636,0.00128857360627009
2020-08-10,"Female","15-64",197.129446233026,0.00122675193421992
2020-08-17,"Female","15-64",195.768890572259,0.00121828509012152
2020-08-24,"Female","15-64",176.70315000687,0.00109963749808051
2020-08-31,"Female","15-64",194.555742459181,0.0012107355747008
2020-09-07,"Female","15-64",203.211113215324,0.00126459862265934
2020-09-14,"Female","15-64",197.997965102246,0.00123215679495018
2020-09-21,"Female","15-64",182.555742459181,0.00113605863783548
2020-09-28,"Female","15-64",198.555742459181,0.00123562788698924
2020-10-05,"Female","15-64",221.555742459181,0.00137875868264777
2020-10-12,"Female","15-64",178.768890572259,0.00111249276289565
2020-10-19,"Female","15-64",203.997965102246,0.00126949526338284
2020-10-26,"Female","15-64",191.342594346103,0.00119073990313587
2020-11-02,"Female","15-64",188.342594346103,0.00117207066891954
2020-11-09,"Female","15-64",204.687223589961,0.00127378457276375
2020-11-16,"Female","15-64",188.129446233026,0.00117074423157093
2020-11-23,"Female","15-64",181.260927363805,0.00112800090240801
2020-11-30,"Female","15-64",191.916298119948,0.00119431010651076
2020-12-07,"Female","15-64",190.195186798415,0.00118359949638607
2020-12-14,"Female","15-64",194.850557554558,0.00121257023205617
2020-12-21,"Female","15-64",198.490001893792,0.00123521877831832
2020-12-28,"Female","15-64",213.850557554558,0.00133080871542626
2021-01-04,"Female","15-64",180.444729661415,0.00112226589790805
2021-01-11,"Female","15-64",208.617855948968,0.00129748708020195
2021-01-18,"Female","15-64",177.865631437763,0.00110622534084001
2021-01-25,"Female","15-64",176.459659501664,0.00109748097706579
2021-02-01,"Female","15-64",189.241743693365,0.00117697843437282
2021-02-08,"Female","15-64",184.429799821167,0.0011470508187503
2021-02-15,"Female","15-64",182.835771757266,0.0011371368504134
2021-02-22,"Female","15-64",178.09847708631,0.00110767351132042
2021-03-01,"Female","15-64",195.662645469713,0.00121691287363815
2021-03-08,"Female","15-64",190.053687565564,0.00118202827384718
2021-03-15,"Female","15-64",206.602926108719,0.00128495533682196
2021-03-22,"Female","15-64",178.677575309962,0.00111127518031437
2021-03-29,"Female","15-64",207.053687565564,0.00128775882247686
2021-04-05,"Female","15-64",173.459659501664,0.00107882264495467
2021-04-12,"Female","15-64",201.023827885067,0.00125025644764281
2021-04-19,"Female","15-64",197.068617405813,0.00122565723741237
2021-04-26,"Female","15-64",201.068617405813,0.00125053501356053
2021-05-03,"Female","15-64",207.444729661415,0.00129019088690813
2021-05-10,"Female","15-64",224.038757725316,0.00139339651580064
2021-05-17,"Female","15-64",181.632785789216,0.00112965494650777
2021-05-24,"Female","15-64",197.241743693365,0.00122673398666914
2021-05-31,"Female","15-64",205.256673533614,0.00127658239427137
2021-06-07,"Female","15-64",208.459659501664,0.00129650318625108
2021-06-14,"Female","15-64",214.429799821167,0.00133363413986151
2021-06-21,"Female","15-64",218.226813853117,0.00135724945614108
2021-06-28,"Female","15-64",186.429799821167,0.00115948970682438
2021-07-05,"Female","15-64",203.429799821167,0.00126522025545407
2021-07-12,"Female","15-64",186.850701597515,0.00116210748186747
2021-07-19,"Female","15-64",199.835771757266,0.00124286739904308
2021-07-26,"Female","15-64",194.835771757266,0.00121177017885788
2021-08-02,"Female","15-64",198.068617405813,0.00123187668144941
2021-08-09,"Female","15-64",184.647715629465,0.0011484061339248
2021-08-16,"Female","15-64",210.632785789216,0.00131001882358194
2021-08-23,"Female","15-64",197.226813853117,0.00122664113136323
2021-08-30,"Female","15-64",186.444729661415,0.00115958256213029
2021-09-06,"Female","15-64",198.083547246061,0.00123196953675532
2021-09-13,"Female","15-64",208.241743693365,0.00129514787107659
2021-09-20,"Female","15-64",199.256673533614,0.00123926573004913
2021-09-27,"Female","15-64",194.677575309962,0.00121078628490702
2021-10-04,"Female","15-64",213.79098223652,0.00132966104964392
2021-10-11,"Female","15-64",211.429799821167,0.00131497580775039
2021-10-18,"Female","15-64",177.083547246061,0.00110136121197747
2021-10-25,"Female","15-64",183.053687565564,0.00113849216558789
2021-11-01,"Female","15-64",192.835771757266,0.0011993312907838
2021-11-08,"Female","15-64",196.271603373862,0.00122070025324392
2021-11-15,"Female","15-64",198.617855948968,0.00123529263983155
2021-11-22,"Female","15-64",180.459659501664,0.00112235875321395
2021-11-29,"Female","15-64",193.602926108719,0.00120410256434044
2021-12-06,"Female","15-64",215.038757725316,0.00133742151946728
2021-12-13,"Female","15-64",215.850701597515,0.00134247135894164
2021-12-20,"Female","15-64",194.662645469713,0.00121069342960111
2021-12-27,"Female","15-64",146.880561278012,0.00091351543099766
2022-01-03,"Female","15-64",229.855177591409,0.00142943737706404
2022-01-10,"Female","15-64",212.841609331226,0.00132363236260591
2022-01-17,"Female","15-64",217.642513881905,0.00135348852021075
2022-01-24,"Female","15-64",200.239800229869,0.00124526346468999
2022-01-31,"Female","15-64",223.456986692766,0.00138964791784042
2022-02-07,"Female","15-64",203.248845736657,0.00126397630014474
2022-02-14,"Female","15-64",192.045227533942,0.00119430255694203
2022-02-21,"Female","15-64",223.443418432584,0.00138956353871766
2022-02-28,"Female","15-64",204.045227533942,0.001268928887767
2022-03-07,"Female","15-64",197.841609331226,0.0012303494490747
2022-03-14,"Female","15-64",217.049750287336,0.0013498022058683
2022-03-21,"Female","15-64",208.660604895482,0.00129763127758903
2022-03-28,"Female","15-64",211.063318547518,0.00131257341957857
2022-04-04,"Female","15-64",203.84613208462,0.00126769074086143
2022-04-11,"Female","15-64",209.063318547518,0.00130013569777441
2022-04-18,"Female","15-64",180.235277476474,0.00112085812027412
2022-04-25,"Female","15-64",200.239800229869,0.00124526346468999
2022-05-02,"Female","15-64",217.651559388693,0.00135354477295925
2022-05-09,"Female","15-64",250.850654838015,0.00156000532963348
2022-05-16,"Female","15-64",188.040704780547,0.00116939898695945
2022-05-23,"Female","15-64",197.045227533942,0.00122539686145243
2022-05-30,"Female","15-64",244.058795794124,0.00151776770297299
2022-06-06,"Female","15-64",252.859700344803,0.00157249930418615
2022-06-13,"Female","15-64",204.841609331226,0.00127388147538926
2022-06-20,"Female","15-64",223.05427304073,0.00138714349765504
2022-06-27,"Female","15-64",237.05427304073,0.00147420755028417
2022-07-04,"Female","15-64",214.656082142088,0.00133491631662726
2022-07-11,"Female","15-64",225.855177591409,0.00140456193345571
2022-07-18,"Female","15-64",219.049750287336,0.00136223992767246
2022-07-25,"Female","15-64",216.837086577832,0.00134847967983998
2022-08-01,"Female","15-64",241.456986692766,0.00150158741407788
2022-08-08,"Female","15-64",241.850654838015,0.00150403558151475
2022-08-15,"Female","15-64",240.443418432584,0.00149528417405304
2022-08-22,"Female","15-64",231.850654838015,0.00144184697249395
2022-08-29,"Female","15-64",198.84613208462,0.00123659643635103
2022-09-05,"Female","15-64",215.656082142088,0.00134113517752934
2022-09-12,"Female","15-64",201.049750287336,0.00125030043143501
2022-09-19,"Female","15-64",193.850654838015,0.00120553025821488
2022-09-26,"Female","15-64",179.651559388693,0.00111722805868018
2022-10-03,"Female","15-64",204.253368490051,0.00127022328742107
2022-10-10,"Female","15-64",180.841609331226,0.00112462881373932
2022-10-17,"Female","15-64",201.452463939372,0.00125280485162039
2022-10-24,"Female","15-64",210.248845736657,0.0013075083264593
2022-10-31,"Female","15-64",201.248845736657,0.00125153857834057
2022-11-07,"Female","15-64",226.05427304073,0.00140580008036128
2022-11-14,"Female","15-64",201.84613208462,0.00125525301905727
2022-11-21,"Female","15-64",178.633468375117,0.00111089669228109
2022-11-28,"Female","15-64",204.253368490051,0.00127022328742107
2022-12-05,"Female","15-64",199.040704780547,0.00123780645688234
2022-12-12,"Female","15-64",221.855177591409,0.00137968648984739
2022-12-19,"Female","15-64",183.642513881905,0.00114204724954
2022-12-26,"Female","15-64",192.05427304073,0.00119435880969054
2023-01-02,"Female","15-64",185.711997779602,0.00115486277600523
2023-01-09,"Female","15-64",189.077331359647,0.0011757903333354
2023-01-16,"Female","15-64",185.467426668231,0.0011533418938006
2023-01-23,"Female","15-64",211.321902471018,0.00131411972213026
2023-01-30,"Female","15-64",188.102093088186,0.00116972574735867
2023-02-06,"Female","15-64",153.173332099779,0.00095251885518271
2023-02-13,"Female","15-64",201.637712593983,0.00125389792419329
2023-02-20,"Female","15-64",207.882283705355,0.00129273021728616
2023-02-27,"Female","15-64",173.417903211151,0.00107841110701483
2023-03-06,"Female","15-64",183.637712593983,0.00114196369152856
2023-03-13,"Female","15-64",181.857521976815,0.0011308934542658
2023-03-20,"Female","15-64",197.588189136903,0.00122871568525851
2014-12-29,"Female","65-74",183,0.00935046801028124
2015-01-05,"Female","65-74",162,0.00827746348451126
2015-01-12,"Female","65-74",178,0.00909499074224077
2015-01-19,"Female","65-74",172,0.0087884180205922
2015-01-26,"Female","65-74",160,0.00817527257729507
2015-02-02,"Female","65-74",190,0.0097081361855379
2015-02-09,"Female","65-74",173,0.0088395134742003
2015-02-16,"Female","65-74",140,0.00715336350513319
2015-02-23,"Female","65-74",158,0.00807308167007888
2015-03-02,"Female","65-74",169,0.00863513165976792
2015-03-09,"Female","65-74",189,0.0096570407319298
2015-03-16,"Female","65-74",153,0.00781760440203841
2015-03-23,"Female","65-74",177,0.00904389528863267
2015-03-30,"Female","65-74",195,0.00996361345357837
2015-04-06,"Female","65-74",174,0.00889060892780839
2015-04-13,"Female","65-74",185,0.00945265891749742
2015-04-20,"Female","65-74",149,0.00761322258760603
2015-04-27,"Female","65-74",156,0.00797089076286269
2015-05-04,"Female","65-74",187,0.00955484982471361
2015-05-11,"Female","65-74",159,0.00812417712368698
2015-05-18,"Female","65-74",178,0.00909499074224077
2015-05-25,"Female","65-74",169,0.00863513165976792
2015-06-01,"Female","65-74",211,0.0107811407113079
2015-06-08,"Female","65-74",206,0.0105256634432674
2015-06-15,"Female","65-74",174,0.00889060892780839
2015-06-22,"Female","65-74",212,0.010832236164916
2015-06-29,"Female","65-74",200,0.0102190907216188
2015-07-06,"Female","65-74",192,0.00981032709275408
2015-07-13,"Female","65-74",197,0.0100658043607946
2015-07-20,"Female","65-74",189,0.0096570407319298
2015-07-27,"Female","65-74",194,0.00991251799997027
2015-08-03,"Female","65-74",187,0.00955484982471361
2015-08-10,"Female","65-74",178,0.00909499074224077
2015-08-17,"Female","65-74",191,0.00975923163914599
2015-08-24,"Female","65-74",192,0.00981032709275408
2015-08-31,"Female","65-74",206,0.0105256634432674
2015-09-07,"Female","65-74",200,0.0102190907216188
2015-09-14,"Female","65-74",186,0.00950375437110552
2015-09-21,"Female","65-74",191,0.00975923163914599
2015-09-28,"Female","65-74",187,0.00955484982471361
2015-10-05,"Female","65-74",188,0.00960594527832171
2015-10-12,"Female","65-74",194,0.00991251799997027
2015-10-19,"Female","65-74",182,0.00929937255667314
2015-10-26,"Female","65-74",191,0.00975923163914599
2015-11-02,"Female","65-74",172,0.0087884180205922
2015-11-09,"Female","65-74",172,0.0087884180205922
2015-11-16,"Female","65-74",183,0.00935046801028124
2015-11-23,"Female","65-74",164,0.00837965439172745
2015-11-30,"Female","65-74",185,0.00945265891749742
2015-12-07,"Female","65-74",169,0.00863513165976792
2015-12-14,"Female","65-74",146,0.00745993622678175
2015-12-21,"Female","65-74",191,0.00975923163914599
2015-12-28,"Female","65-74",157,0.00802198621647079
2016-01-04,"Female","65-74",190,0.00934614213073121
2016-01-11,"Female","65-74",170,0.0083623376959174
2016-01-18,"Female","65-74",155,0.00762448436980704
2016-01-25,"Female","65-74",162,0.00796881592199188
2016-02-01,"Female","65-74",166,0.00816557680895464
2016-02-08,"Female","65-74",181,0.008903430135065
2016-02-15,"Female","65-74",141,0.00693582126543737
2016-02-22,"Female","65-74",155,0.00762448436980704
2016-02-29,"Female","65-74",162,0.00796881592199188
2016-03-07,"Female","65-74",191,0.0093953323524719
2016-03-14,"Female","65-74",187,0.00919857146550914
2016-03-21,"Female","65-74",196,0.00964128346117536
2016-03-28,"Female","65-74",180,0.00885423991332431
2016-04-04,"Female","65-74",180,0.00885423991332431
2016-04-11,"Female","65-74",189,0.00929695190899052
2016-04-18,"Female","65-74",168,0.00826395725243602
2016-04-25,"Female","65-74",161,0.00791962570025118
2016-05-02,"Female","65-74",166,0.00816557680895464
2016-05-09,"Female","65-74",174,0.00855909858288016
2016-05-16,"Female","65-74",185,0.00910019102202776
2016-05-23,"Female","65-74",189,0.00929695190899052
2016-05-30,"Female","65-74",186,0.00914938124376845
2016-06-06,"Female","65-74",206,0.0101331856785823
2016-06-13,"Female","65-74",181,0.008903430135065
2016-06-20,"Female","65-74",209,0.0102807563438043
2016-06-27,"Female","65-74",156,0.00767367459154773
2016-07-04,"Female","65-74",215,0.0105758976742485
2016-07-11,"Female","65-74",206,0.0101331856785823
2016-07-18,"Female","65-74",227,0.0111661803351368
2016-07-25,"Female","65-74",220,0.0108218487829519
2016-08-01,"Female","65-74",180,0.00885423991332431
2016-08-08,"Female","65-74",185,0.00910019102202776
2016-08-15,"Female","65-74",194,0.00954290301769397
2016-08-22,"Female","65-74",183,0.00900181057854638
2016-08-29,"Female","65-74",201,0.00988723456987881
2016-09-05,"Female","65-74",204,0.0100348052351009
2016-09-12,"Female","65-74",195,0.00959209323943467
2016-09-19,"Female","65-74",173,0.00850990836113947
2016-09-26,"Female","65-74",193,0.00949371279595328
2016-10-03,"Female","65-74",187,0.00919857146550914
2016-10-10,"Female","65-74",194,0.00954290301769397
2016-10-17,"Female","65-74",194,0.00954290301769397
2016-10-24,"Female","65-74",164,0.00806719636547326
2016-10-31,"Female","65-74",175,0.00860828880462085
2016-11-07,"Female","65-74",188,0.00924776168724983
2016-11-14,"Female","65-74",178,0.00875585946984293
2016-11-21,"Female","65-74",195,0.00959209323943467
2016-11-28,"Female","65-74",176,0.00865747902636154
2016-12-05,"Female","65-74",169,0.00831314747417671
2016-12-12,"Female","65-74",185,0.00910019102202776
2016-12-19,"Female","65-74",174,0.00855909858288016
2016-12-26,"Female","65-74",197,0.00969047368291605
2017-01-02,"Female","65-74",196,0.00929050753923274
2017-01-09,"Female","65-74",202,0.00957491083125007
2017-01-16,"Female","65-74",173,0.00820029491983298
2017-01-23,"Female","65-74",166,0.0078684910791461
2017-01-30,"Female","65-74",194,0.00919570644189363
2017-02-06,"Female","65-74",202,0.00957491083125007
2017-02-13,"Female","65-74",196,0.00929050753923274
2017-02-20,"Female","65-74",198,0.00938530863657185
2017-02-27,"Female","65-74",193,0.00914830589322408
2017-03-06,"Female","65-74",214,0.0101437174152847
2017-03-13,"Female","65-74",177,0.0083898971145112
2017-03-20,"Female","65-74",191,0.00905350479588497
2017-03-27,"Female","65-74",191,0.00905350479588497
2017-04-03,"Female","65-74",186,0.00881650205253719
2017-04-10,"Female","65-74",181,0.00857949930918942
2017-04-17,"Female","65-74",171,0.00810549382249387
2017-04-24,"Female","65-74",176,0.00834249656584165
2017-05-01,"Female","65-74",183,0.00867430040652853
2017-05-08,"Female","65-74",185,0.00876910150386764
2017-05-15,"Female","65-74",205,0.00971711247725873
2017-05-22,"Female","65-74",199,0.00943270918524141
2017-05-29,"Female","65-74",167,0.00791589162781565
2017-06-05,"Female","65-74",186,0.00881650205253719
2017-06-12,"Female","65-74",203,0.00962231137991962
2017-06-19,"Female","65-74",192,0.00910090534455452
2017-06-26,"Female","65-74",226,0.0107125239993194
2017-07-03,"Female","65-74",230,0.0109021261939976
2017-07-10,"Female","65-74",235,0.0111391289373454
2017-07-17,"Female","65-74",244,0.0115657338753714
2017-07-24,"Female","65-74",212,0.0100489163179456
2017-07-31,"Female","65-74",216,0.0102385185126238
2017-08-07,"Female","65-74",219,0.0103807201586325
2017-08-14,"Female","65-74",183,0.00867430040652853
2017-08-21,"Female","65-74",222,0.0105229218046412
2017-08-28,"Female","65-74",220,0.0104281207073021
2017-09-04,"Female","65-74",235,0.0111391289373454
2017-09-11,"Female","65-74",203,0.00962231137991962
2017-09-18,"Female","65-74",227,0.0107599245479889
2017-09-25,"Female","65-74",196,0.00929050753923274
2017-10-02,"Female","65-74",180,0.00853209876051986
2017-10-09,"Female","65-74",208,0.0098593141232674
2017-10-16,"Female","65-74",179,0.00848469821185031
2017-10-23,"Female","65-74",178,0.00843729766318075
2017-10-30,"Female","65-74",175,0.00829509601717209
2017-11-06,"Female","65-74",179,0.00848469821185031
2017-11-13,"Female","65-74",181,0.00857949930918942
2017-11-20,"Female","65-74",196,0.00929050753923274
2017-11-27,"Female","65-74",187,0.00886390260120675
2017-12-04,"Female","65-74",184,0.00872170095519808
2017-12-11,"Female","65-74",194,0.00919570644189363
2017-12-18,"Female","65-74",188,0.0089113031498763
2017-12-25,"Female","65-74",172,0.00815289437116343
2018-01-01,"Female","65-74",186,0.00850424729135394
2018-01-08,"Female","65-74",158,0.00722403802168775
2018-01-15,"Female","65-74",192,0.00877857784913955
2018-01-22,"Female","65-74",195,0.00891574312803235
2018-01-29,"Female","65-74",179,0.00818419497393739
2018-02-05,"Female","65-74",196,0.00896146488766329
2018-02-12,"Female","65-74",183,0.00836708201246113
2018-02-19,"Female","65-74",194,0.00887002136840142
2018-02-26,"Female","65-74",182,0.00832136025283019
2018-03-05,"Female","65-74",197,0.00900718664729422
2018-03-12,"Female","65-74",199,0.00909863016655609
2018-03-19,"Female","65-74",180,0.00822991673356832
2018-03-26,"Female","65-74",183,0.00836708201246113
2018-04-02,"Female","65-74",159,0.00726975978131869
2018-04-09,"Female","65-74",184,0.00841280377209207
2018-04-16,"Female","65-74",186,0.00850424729135394
2018-04-23,"Female","65-74",166,0.00758981209873523
2018-04-30,"Female","65-74",186,0.00850424729135394
2018-05-07,"Female","65-74",182,0.00832136025283019
2018-05-14,"Female","65-74",215,0.00983017832065105
2018-05-21,"Female","65-74",198,0.00905290840692516
2018-05-28,"Female","65-74",179,0.00818419497393739
2018-06-04,"Female","65-74",191,0.00873285608950861
2018-06-11,"Female","65-74",188,0.0085956908106158
2018-06-18,"Female","65-74",216,0.00987590008028199
2018-06-25,"Female","65-74",206,0.00941868248397264
2018-07-02,"Female","65-74",199,0.00909863016655609
2018-07-09,"Female","65-74",198,0.00905290840692516
2018-07-16,"Female","65-74",220,0.0100587871188057
2018-07-23,"Female","65-74",179,0.00818419497393739
2018-07-30,"Female","65-74",194,0.00887002136840142
2018-08-06,"Female","65-74",199,0.00909863016655609
2018-08-13,"Female","65-74",203,0.00928151720507983
2018-08-20,"Female","65-74",194,0.00887002136840142
2018-08-27,"Female","65-74",221,0.0101045088784367
2018-09-03,"Female","65-74",218,0.00996734359954386
2018-09-10,"Female","65-74",192,0.00877857784913955
2018-09-17,"Female","65-74",193,0.00882429960877048
2018-09-24,"Female","65-74",199,0.00909863016655609
2018-10-01,"Female","65-74",192,0.00877857784913955
2018-10-08,"Female","65-74",187,0.00854996905098487
2018-10-15,"Female","65-74",210,0.00960156952249638
2018-10-22,"Female","65-74",188,0.0085956908106158
2018-10-29,"Female","65-74",186,0.00850424729135394
2018-11-05,"Female","65-74",196,0.00896146488766329
2018-11-12,"Female","65-74",176,0.00804702969504458
2018-11-19,"Female","65-74",233,0.0106531699940079
2018-11-26,"Female","65-74",175,0.00800130793541365
2018-12-03,"Female","65-74",184,0.00841280377209207
2018-12-10,"Female","65-74",215,0.00983017832065105
2018-12-17,"Female","65-74",177,0.00809275145467552
2018-12-24,"Female","65-74",177,0.00809275145467552
2018-12-31,"Female","65-74",200,0.00882470653427814
2019-01-07,"Female","65-74",189,0.00833934767489284
2019-01-14,"Female","65-74",187,0.00825110060955006
2019-01-21,"Female","65-74",193,0.0085158418055784
2019-01-28,"Female","65-74",203,0.00895707713229231
2019-02-04,"Female","65-74",184,0.00811873001153588
2019-02-11,"Female","65-74",173,0.00763337115215059
2019-02-18,"Female","65-74",216,0.00953068305702039
2019-02-25,"Female","65-74",178,0.00785398881550754
2019-03-04,"Female","65-74",183,0.00807460647886449
2019-03-11,"Female","65-74",220,0.00970717718770595
2019-03-18,"Female","65-74",201,0.00886883006694953
2019-03-25,"Female","65-74",173,0.00763337115215059
2019-04-01,"Female","65-74",176,0.00776574175016476
2019-04-08,"Female","65-74",207,0.00913357126297787
2019-04-15,"Female","65-74",173,0.00763337115215059
2019-04-22,"Female","65-74",179,0.00789811234817893
2019-04-29,"Female","65-74",176,0.00776574175016476
2019-05-06,"Female","65-74",165,0.00728038289077946
2019-05-13,"Female","65-74",166,0.00732450642345085
2019-05-20,"Female","65-74",193,0.0085158418055784
2019-05-27,"Female","65-74",225,0.0099277948510629
2019-06-03,"Female","65-74",225,0.0099277948510629
2019-06-10,"Female","65-74",202,0.00891295359962092
2019-06-17,"Female","65-74",225,0.0099277948510629
2019-06-24,"Female","65-74",225,0.0099277948510629
2019-07-01,"Female","65-74",202,0.00891295359962092
2019-07-08,"Female","65-74",209,0.00922181832832065
2019-07-15,"Female","65-74",213,0.00939831245900621
2019-07-22,"Female","65-74",199,0.00878058300160674
2019-07-29,"Female","65-74",206,0.00908944773030648
2019-08-05,"Female","65-74",179,0.00789811234817893
2019-08-12,"Female","65-74",230,0.0101484125144199
2019-08-19,"Female","65-74",248,0.0109426361025049
2019-08-26,"Female","65-74",231,0.0101925360470912
2019-09-02,"Female","65-74",219,0.00966305365503456
2019-09-09,"Female","65-74",214,0.00944243599167761
2019-09-16,"Female","65-74",200,0.00882470653427814
2019-09-23,"Female","65-74",218,0.00961893012236317
2019-09-30,"Female","65-74",202,0.00891295359962092
2019-10-07,"Female","65-74",212,0.00935418892633482
2019-10-14,"Female","65-74",208,0.00917769479564926
2019-10-21,"Female","65-74",195,0.00860408887092118
2019-10-28,"Female","65-74",192,0.00847171827290701
2019-11-04,"Female","65-74",197,0.00869233593626396
2019-11-11,"Female","65-74",209,0.00922181832832065
2019-11-18,"Female","65-74",191,0.00842759474023562
2019-11-25,"Female","65-74",188,0.00829522414222145
2019-12-02,"Female","65-74",190,0.00838347120756423
2019-12-09,"Female","65-74",203,0.00895707713229231
2019-12-16,"Female","65-74",199,0.00878058300160674
2019-12-23,"Female","65-74",203,0.00895707713229231
2019-12-30,"Female","65-74",168,0.00716445252561836
2020-01-06,"Female","65-74",206,0.00878498345403204
2020-01-13,"Female","65-74",185,0.00788942688832974
2020-01-20,"Female","65-74",182,0.00776149023608656
2020-01-27,"Female","65-74",181,0.00771884468533883
2020-02-03,"Female","65-74",186,0.00793207243907747
2020-02-10,"Female","65-74",186,0.00793207243907747
2020-02-17,"Female","65-74",199,0.00848646459879794
2020-02-24,"Female","65-74",186,0.00793207243907747
2020-03-02,"Female","65-74",188,0.00801736354057293
2020-03-09,"Female","65-74",196,0.00835852794655475
2020-03-16,"Female","65-74",230,0.00980847667197752
2020-03-23,"Female","65-74",204,0.00869969235253658
2020-03-30,"Female","65-74",215,0.00916879341076159
2020-04-06,"Female","65-74",198,0.00844381904805021
2020-04-13,"Female","65-74",227,0.00968054001973433
2020-04-20,"Female","65-74",180,0.0076761991345911
2020-04-27,"Female","65-74",196,0.00835852794655475
2020-05-04,"Female","65-74",209,0.00891292010627522
2020-05-11,"Female","65-74",201,0.00857175570029339
2020-05-18,"Female","65-74",181,0.00771884468533883
2020-05-25,"Female","65-74",215,0.00916879341076159
2020-06-01,"Female","65-74",210,0.00895556565702295
2020-06-08,"Female","65-74",184,0.00784678133758201
2020-06-15,"Female","65-74",209,0.00891292010627522
2020-06-22,"Female","65-74",195,0.00831588239580702
2020-06-29,"Female","65-74",205,0.00874233790328431
2020-07-06,"Female","65-74",193,0.00823059129431157
2020-07-13,"Female","65-74",210,0.00895556565702295
2020-07-20,"Female","65-74",184,0.00784678133758201
2020-07-27,"Female","65-74",193,0.00823059129431157
2020-08-03,"Female","65-74",213,0.00908350230926614
2020-08-10,"Female","65-74",203,0.00865704680178885
2020-08-17,"Female","65-74",170,0.00724974362711382
2020-08-24,"Female","65-74",205,0.00874233790328431
2020-08-31,"Female","65-74",212,0.00904085675851841
2020-09-07,"Female","65-74",199,0.00848646459879794
2020-09-14,"Female","65-74",197,0.00840117349730248
2020-09-21,"Female","65-74",199,0.00848646459879794
2020-09-28,"Female","65-74",195,0.00831588239580702
2020-10-05,"Female","65-74",205,0.00874233790328431
2020-10-12,"Female","65-74",167,0.00712180697487063
2020-10-19,"Female","65-74",177,0.00754826248234792
2020-10-26,"Female","65-74",208,0.00887027455552749
2020-11-02,"Female","65-74",198,0.00844381904805021
2020-11-09,"Female","65-74",199,0.00848646459879794
2020-11-16,"Female","65-74",199,0.00848646459879794
2020-11-23,"Female","65-74",180,0.0076761991345911
2020-11-30,"Female","65-74",194,0.0082732368450593
2020-12-07,"Female","65-74",211,0.00899821120777068
2020-12-14,"Female","65-74",211,0.00899821120777068
2020-12-21,"Female","65-74",202,0.00861440125104112
2020-12-28,"Female","65-74",178,0.00759090803309564
2021-01-04,"Female","65-74",194,0.00806042275872324
2021-01-11,"Female","65-74",211,0.00876674846438456
2021-01-18,"Female","65-74",190,0.00789422847503823
2021-01-25,"Female","65-74",203,0.00843435989701453
2021-02-01,"Female","65-74",203,0.00843435989701453
2021-02-08,"Female","65-74",192,0.00797732561688073
2021-02-15,"Female","65-74",183,0.00760338847858945
2021-02-22,"Female","65-74",204,0.00847590846793578
2021-03-01,"Female","65-74",183,0.00760338847858945
2021-03-08,"Female","65-74",202,0.00839281132609327
2021-03-15,"Female","65-74",175,0.00727099991121942
2021-03-22,"Female","65-74",205,0.00851745703885703
2021-03-29,"Female","65-74",199,0.00826816561332951
2021-04-05,"Female","65-74",229,0.00951462274096712
2021-04-12,"Female","65-74",204,0.00847590846793578
2021-04-19,"Female","65-74",184,0.0076449370495107
2021-04-26,"Female","65-74",202,0.00839281132609327
2021-05-03,"Female","65-74",202,0.00839281132609327
2021-05-10,"Female","65-74",225,0.00934842845728211
2021-05-17,"Female","65-74",213,0.00884984560622706
2021-05-24,"Female","65-74",240,0.00997165702110092
2021-05-31,"Female","65-74",212,0.00880829703530581
2021-06-07,"Female","65-74",225,0.00934842845728211
2021-06-14,"Female","65-74",231,0.00959771988280963
2021-06-21,"Female","65-74",219,0.00909913703175459
2021-06-28,"Female","65-74",218,0.00905758846083333
2021-07-05,"Female","65-74",196,0.00814351990056575
2021-07-12,"Female","65-74",213,0.00884984560622706
2021-07-19,"Female","65-74",238,0.00988855987925841
2021-07-26,"Female","65-74",225,0.00934842845728211
2021-08-02,"Female","65-74",225,0.00934842845728211
2021-08-09,"Female","65-74",202,0.00839281132609327
2021-08-16,"Female","65-74",212,0.00880829703530581
2021-08-23,"Female","65-74",241,0.0100132055920222
2021-08-30,"Female","65-74",262,0.0108857255813685
2021-09-06,"Female","65-74",218,0.00905758846083333
2021-09-13,"Female","65-74",229,0.00951462274096712
2021-09-20,"Female","65-74",237,0.00984701130833716
2021-09-27,"Female","65-74",246,0.0102209484466284
2021-10-04,"Female","65-74",206,0.00855900560977829
2021-10-11,"Female","65-74",218,0.00905758846083333
2021-10-18,"Female","65-74",187,0.00776958276227446
2021-10-25,"Female","65-74",202,0.00839281132609327
2021-11-01,"Female","65-74",222,0.00922378274451835
2021-11-08,"Female","65-74",189,0.00785267990411697
2021-11-15,"Female","65-74",208,0.0086421027516208
2021-11-22,"Female","65-74",189,0.00785267990411697
2021-11-29,"Female","65-74",183,0.00760338847858945
2021-12-06,"Female","65-74",217,0.00901603988991208
2021-12-13,"Female","65-74",208,0.0086421027516208
2021-12-20,"Female","65-74",214,0.00889139417714832
2021-12-27,"Female","65-74",193,0.00801887418780199
2022-01-03,"Female","65-74",196,0.00799710812184522
2022-01-10,"Female","65-74",223,0.00909875056720144
2022-01-17,"Female","65-74",216,0.00881313956284983
2022-01-24,"Female","65-74",232,0.00946596471565352
2022-01-31,"Female","65-74",254,0.0103635993007586
2022-02-07,"Female","65-74",195,0.00795630654979499
2022-02-14,"Female","65-74",201,0.00820111598209637
2022-02-21,"Female","65-74",218,0.00889474270695029
2022-02-28,"Female","65-74",215,0.0087723379907996
2022-03-07,"Female","65-74",191,0.00779310026159406
2022-03-14,"Female","65-74",220,0.00897634585105075
2022-03-21,"Female","65-74",212,0.00864993327464891
2022-03-28,"Female","65-74",212,0.00864993327464891
2022-04-04,"Female","65-74",223,0.00909875056720144
2022-04-11,"Female","65-74",205,0.00836432227029729
2022-04-18,"Female","65-74",188,0.00767069554544337
2022-04-25,"Female","65-74",209,0.00852752855849822
2022-05-02,"Female","65-74",231,0.00942516314360329
2022-05-09,"Female","65-74",233,0.00950676628770375
2022-05-16,"Female","65-74",204,0.00832352069824706
2022-05-23,"Female","65-74",227,0.00926195685540237
2022-05-30,"Female","65-74",244,0.00995558358025629
2022-06-06,"Female","65-74",246,0.0100371867243568
2022-06-13,"Female","65-74",262,0.0106900118771604
2022-06-20,"Female","65-74",247,0.010077988296407
2022-06-27,"Female","65-74",243,0.00991478200820606
2022-07-04,"Female","65-74",267,0.0108940197374116
2022-07-11,"Female","65-74",242,0.00987398043615583
2022-07-18,"Female","65-74",243,0.00991478200820606
2022-07-25,"Female","65-74",232,0.00946596471565352
2022-08-01,"Female","65-74",256,0.0104452024448591
2022-08-08,"Female","65-74",262,0.0106900118771604
2022-08-15,"Female","65-74",265,0.0108124165933111
2022-08-22,"Female","65-74",225,0.00918035371130191
2022-08-29,"Female","65-74",224,0.00913955213925168
2022-09-05,"Female","65-74",214,0.00873153641874937
2022-09-12,"Female","65-74",215,0.0087723379907996
2022-09-19,"Female","65-74",232,0.00946596471565352
2022-09-26,"Female","65-74",221,0.00901714742310098
2022-10-03,"Female","65-74",209,0.00852752855849822
2022-10-10,"Female","65-74",207,0.00844592541439775
2022-10-17,"Female","65-74",193,0.00787470340569453
2022-10-24,"Female","65-74",210,0.00856833013054845
2022-10-31,"Female","65-74",199,0.00811951283799591
2022-11-07,"Female","65-74",226,0.00922115528335214
2022-11-14,"Female","65-74",213,0.00869073484669914
2022-11-21,"Female","65-74",221,0.00901714742310098
2022-11-28,"Female","65-74",216,0.00881313956284983
2022-12-05,"Female","65-74",212,0.00864993327464891
2022-12-12,"Female","65-74",191,0.00779310026159406
2022-12-19,"Female","65-74",211,0.00860913170259868
2022-12-26,"Female","65-74",194,0.00791550497774476
2023-01-02,"Female","65-74",228,0.00913938443183647
2023-01-09,"Female","65-74",191,0.00765623871263494
2023-01-16,"Female","65-74",218,0.00873853423745768
2023-01-23,"Female","65-74",214,0.00857819415970617
2023-01-30,"Female","65-74",203,0.00813725894588949
2023-02-06,"Female","65-74",193,0.0077364087515107
2023-02-13,"Female","65-74",217,0.0086984492180198
2023-02-20,"Female","65-74",200,0.00801700388757585
2023-02-27,"Female","65-74",209,0.00837776906251677
2023-03-06,"Female","65-74",210,0.00841785408195465
2023-03-13,"Female","65-74",194,0.00777649377094858
2023-03-20,"Female","65-74",220,0.00881870427633344
2014-12-29,"Female","75-84",350,0.0311847156580625
2015-01-05,"Female","75-84",322,0.0286899384054175
2015-01-12,"Female","75-84",314,0.0279771449046618
2015-01-19,"Female","75-84",324,0.0288681367806064
2015-01-26,"Female","75-84",314,0.0279771449046618
2015-02-02,"Female","75-84",335,0.0298482278441455
2015-02-09,"Female","75-84",305,0.0271752522163116
2015-02-16,"Female","75-84",304,0.0270861530287171
2015-02-23,"Female","75-84",334,0.0297591286565511
2015-03-02,"Female","75-84",307,0.0273534505915005
2015-03-09,"Female","75-84",295,0.0262842603403669
2015-03-16,"Female","75-84",357,0.0318084099712237
2015-03-23,"Female","75-84",336,0.02993732703174
2015-03-30,"Female","75-84",337,0.0300264262193344
2015-04-06,"Female","75-84",353,0.0314520132208459
2015-04-13,"Female","75-84",345,0.0307392197200902
2015-04-20,"Female","75-84",367,0.0326994018471684
2015-04-27,"Female","75-84",397,0.0353723774750023
2015-05-04,"Female","75-84",365,0.0325212034719794
2015-05-11,"Female","75-84",350,0.0311847156580625
2015-05-18,"Female","75-84",375,0.0334121953479241
2015-05-25,"Female","75-84",371,0.0330557985975462
2015-06-01,"Female","75-84",320,0.0285117400302286
2015-06-08,"Female","75-84",364,0.032432104284385
2015-06-15,"Female","75-84",331,0.0294918310937677
2015-06-22,"Female","75-84",376,0.0335012945355185
2015-06-29,"Female","75-84",368,0.0327885010347628
2015-07-06,"Female","75-84",363,0.0323430050967905
2015-07-13,"Female","75-84",377,0.033590393723113
2015-07-20,"Female","75-84",379,0.0337685920983019
2015-07-27,"Female","75-84",388,0.0345704847866521
2015-08-03,"Female","75-84",416,0.0370652620392971
2015-08-10,"Female","75-84",402,0.0358178734129746
2015-08-17,"Female","75-84",450,0.0400946344175089
2015-08-24,"Female","75-84",400,0.0356396750377857
2015-08-31,"Female","75-84",378,0.0336794929107075
2015-09-07,"Female","75-84",392,0.03492688153703
2015-09-14,"Female","75-84",386,0.0343922864114632
2015-09-21,"Female","75-84",370,0.0329666994099518
2015-09-28,"Female","75-84",364,0.032432104284385
2015-10-05,"Female","75-84",327,0.0291354343433898
2015-10-12,"Female","75-84",338,0.0301155254069289
2015-10-19,"Female","75-84",304,0.0270861530287171
2015-10-26,"Female","75-84",347,0.0309174180952791
2015-11-02,"Female","75-84",339,0.0302046245945234
2015-11-09,"Female","75-84",303,0.0269970538411227
2015-11-16,"Female","75-84",320,0.0285117400302286
2015-11-23,"Female","75-84",314,0.0279771449046618
2015-11-30,"Female","75-84",340,0.0302937237821178
2015-12-07,"Female","75-84",351,0.0312738148456569
2015-12-14,"Female","75-84",322,0.0286899384054175
2015-12-21,"Female","75-84",301,0.0268188554659337
2015-12-28,"Female","75-84",350,0.0311847156580625
2016-01-04,"Female","75-84",347,0.0302281447615198
2016-01-11,"Female","75-84",364,0.0317090625164069
2016-01-18,"Female","75-84",285,0.0248271505966373
2016-01-25,"Female","75-84",314,0.0273534220608565
2016-02-01,"Female","75-84",301,0.0262209555424134
2016-02-08,"Female","75-84",331,0.0288343398157437
2016-02-15,"Female","75-84",295,0.0256982786877474
2016-02-22,"Female","75-84",317,0.0276147604881896
2016-02-29,"Female","75-84",284,0.0247400377875263
2016-03-07,"Female","75-84",340,0.0296183550977427
2016-03-14,"Female","75-84",295,0.0256982786877474
2016-03-21,"Female","75-84",318,0.0277018732973006
2016-03-28,"Female","75-84",355,0.0309250472344079
2016-04-04,"Female","75-84",317,0.0276147604881896
2016-04-11,"Female","75-84",324,0.0282245501519666
2016-04-18,"Female","75-84",291,0.0253498274513033
2016-04-25,"Female","75-84",326,0.0283987757701886
2016-05-02,"Female","75-84",340,0.0296183550977427
2016-05-09,"Female","75-84",318,0.0277018732973006
2016-05-16,"Female","75-84",349,0.0304023703797418
2016-05-23,"Female","75-84",375,0.032667303416628
2016-05-30,"Female","75-84",350,0.0304894831888528
2016-06-06,"Female","75-84",331,0.0288343398157437
2016-06-13,"Female","75-84",356,0.0310121600435189
2016-06-20,"Female","75-84",361,0.0314477240890739
2016-06-27,"Female","75-84",379,0.0330157546530721
2016-07-04,"Female","75-84",371,0.032318852180184
2016-07-11,"Female","75-84",386,0.0336255443168491
2016-07-18,"Female","75-84",339,0.0295312422886317
2016-07-25,"Female","75-84",349,0.0304023703797418
2016-08-01,"Female","75-84",379,0.0330157546530721
2016-08-08,"Female","75-84",383,0.0333642058895161
2016-08-15,"Female","75-84",376,0.032754416225739
2016-08-22,"Female","75-84",416,0.0362389285901794
2016-08-29,"Female","75-84",403,0.0351064620717363
2016-09-05,"Female","75-84",384,0.0334513186986271
2016-09-12,"Female","75-84",403,0.0351064620717363
2016-09-19,"Female","75-84",360,0.0313606112799629
2016-09-26,"Female","75-84",382,0.0332770930804051
2016-10-03,"Female","75-84",338,0.0294441294795207
2016-10-10,"Female","75-84",365,0.0317961753255179
2016-10-17,"Female","75-84",356,0.0310121600435189
2016-10-24,"Female","75-84",357,0.0310992728526299
2016-10-31,"Female","75-84",322,0.0280503245337446
2016-11-07,"Female","75-84",381,0.0331899802712941
2016-11-14,"Female","75-84",314,0.0273534220608565
2016-11-21,"Female","75-84",330,0.0287472270066327
2016-11-28,"Female","75-84",311,0.0270920836335235
2016-12-05,"Female","75-84",315,0.0274405348699675
2016-12-12,"Female","75-84",350,0.0304894831888528
2016-12-19,"Female","75-84",328,0.0285730013884106
2016-12-26,"Female","75-84",324,0.0282245501519666
2017-01-02,"Female","75-84",332,0.0281443395539359
2017-01-09,"Female","75-84",339,0.0287377443035671
2017-01-16,"Female","75-84",323,0.0273813905901244
2017-01-23,"Female","75-84",338,0.0286529721964769
2017-01-30,"Female","75-84",322,0.0272966184830342
2017-02-06,"Female","75-84",348,0.0295006932673786
2017-02-13,"Female","75-84",322,0.0272966184830342
2017-02-20,"Female","75-84",323,0.0273813905901244
2017-02-27,"Female","75-84",338,0.0286529721964769
2017-03-06,"Female","75-84",322,0.0272966184830342
2017-03-13,"Female","75-84",281,0.0238209620923373
2017-03-20,"Female","75-84",352,0.0298397816957393
2017-03-27,"Female","75-84",318,0.0269575300546736
2017-04-03,"Female","75-84",319,0.0270423021617637
2017-04-10,"Female","75-84",352,0.0298397816957393
2017-04-17,"Female","75-84",320,0.0271270742688539
2017-04-24,"Female","75-84",332,0.0281443395539359
2017-05-01,"Female","75-84",366,0.0310265911950016
2017-05-08,"Female","75-84",370,0.0313656796233623
2017-05-15,"Female","75-84",329,0.0278900232326654
2017-05-22,"Female","75-84",337,0.0285682000893868
2017-05-29,"Female","75-84",365,0.0309418190879115
2017-06-05,"Female","75-84",332,0.0281443395539359
2017-06-12,"Female","75-84",362,0.030687502766641
2017-06-19,"Female","75-84",407,0.0345022475856985
2017-06-26,"Female","75-84",409,0.0346717917998789
2017-07-03,"Female","75-84",400,0.0339088428360674
2017-07-10,"Female","75-84",388,0.0328915775509853
2017-07-17,"Female","75-84",408,0.0345870196927887
2017-07-24,"Female","75-84",403,0.0341631591573379
2017-07-31,"Female","75-84",402,0.0340783870502477
2017-08-07,"Female","75-84",394,0.0334002101935264
2017-08-14,"Female","75-84",423,0.0358586012991412
2017-08-21,"Female","75-84",402,0.0340783870502477
2017-08-28,"Female","75-84",457,0.038740852940207
2017-09-04,"Female","75-84",430,0.0364520060487724
2017-09-11,"Female","75-84",397,0.0336545265147969
2017-09-18,"Female","75-84",404,0.034247931264428
2017-09-25,"Female","75-84",385,0.0326372612297148
2017-10-02,"Female","75-84",368,0.031196135409182
2017-10-09,"Female","75-84",370,0.0313656796233623
2017-10-16,"Female","75-84",343,0.0290768327319278
2017-10-23,"Female","75-84",344,0.0291616048390179
2017-10-30,"Female","75-84",371,0.0314504517304525
2017-11-06,"Female","75-84",340,0.0288225164106573
2017-11-13,"Female","75-84",331,0.0280595674468457
2017-11-20,"Female","75-84",304,0.0257707205554112
2017-11-27,"Female","75-84",352,0.0298397816957393
2017-12-04,"Female","75-84",324,0.0274661626972146
2017-12-11,"Female","75-84",335,0.0283986558752064
2017-12-18,"Female","75-84",338,0.0286529721964769
2017-12-25,"Female","75-84",308,0.0261098089837719
2018-01-01,"Female","75-84",319,0.0262145908050347
2018-01-08,"Female","75-84",314,0.025803703801821
2018-01-15,"Female","75-84",301,0.0247353975934654
2018-01-22,"Female","75-84",325,0.0267076552088912
2018-01-29,"Female","75-84",341,0.0280224936191751
2018-02-05,"Female","75-84",281,0.0230918495806105
2018-02-12,"Female","75-84",311,0.0255571715998928
2018-02-19,"Female","75-84",327,0.0268720100101767
2018-02-26,"Female","75-84",371,0.0304878156384573
2018-03-05,"Female","75-84",314,0.025803703801821
2018-03-12,"Female","75-84",309,0.0253928167986073
2018-03-19,"Female","75-84",308,0.0253106393979646
2018-03-26,"Female","75-84",345,0.028351203221746
2018-04-02,"Female","75-84",319,0.0262145908050347
2018-04-09,"Female","75-84",310,0.0254749941992501
2018-04-16,"Female","75-84",342,0.0281046710198178
2018-04-23,"Female","75-84",350,0.0287620902249597
2018-04-30,"Female","75-84",351,0.0288442676256025
2018-05-07,"Female","75-84",374,0.0307343478403855
2018-05-14,"Female","75-84",386,0.0317204766480985
2018-05-21,"Female","75-84",370,0.0304056382378146
2018-05-28,"Female","75-84",350,0.0287620902249597
2018-06-04,"Female","75-84",362,0.0297482190326726
2018-06-11,"Female","75-84",369,0.0303234608371718
2018-06-18,"Female","75-84",370,0.0304056382378146
2018-06-25,"Female","75-84",387,0.0318026540487412
2018-07-02,"Female","75-84",340,0.0279403162185323
2018-07-09,"Female","75-84",347,0.0285155580230315
2018-07-16,"Female","75-84",394,0.0323778958532404
2018-07-23,"Female","75-84",403,0.0331174924590251
2018-07-30,"Female","75-84",374,0.0307343478403855
2018-08-06,"Female","75-84",381,0.0313095896448847
2018-08-13,"Female","75-84",393,0.0322957184525976
2018-08-20,"Female","75-84",347,0.0285155580230315
2018-08-27,"Female","75-84",400,0.0328709602570968
2018-09-03,"Female","75-84",353,0.029008622426888
2018-09-10,"Female","75-84",356,0.0292551546288162
2018-09-17,"Female","75-84",348,0.0285977354236743
2018-09-24,"Female","75-84",319,0.0262145908050347
2018-10-01,"Female","75-84",326,0.0267898326095339
2018-10-08,"Female","75-84",349,0.028679912824317
2018-10-15,"Female","75-84",343,0.0281868484204605
2018-10-22,"Female","75-84",325,0.0267076552088912
2018-10-29,"Female","75-84",315,0.0258858812024638
2018-11-05,"Female","75-84",338,0.0277759614172468
2018-11-12,"Female","75-84",322,0.026461123006963
2018-11-19,"Female","75-84",351,0.0288442676256025
2018-11-26,"Female","75-84",343,0.0281868484204605
2018-12-03,"Female","75-84",303,0.0248997523947509
2018-12-10,"Female","75-84",345,0.028351203221746
2018-12-17,"Female","75-84",302,0.0248175749941081
2018-12-24,"Female","75-84",332,0.0272828970133904
2018-12-31,"Female","75-84",311,0.0246077364702743
2019-01-07,"Female","75-84",339,0.0268232239981447
2019-01-14,"Female","75-84",342,0.0270605976618451
2019-01-21,"Female","75-84",294,0.0232626190426387
2019-01-28,"Female","75-84",316,0.0250033592431083
2019-02-04,"Female","75-84",342,0.0270605976618451
2019-02-11,"Female","75-84",328,0.0259528538979099
2019-02-18,"Female","75-84",347,0.0274562204346791
2019-02-25,"Female","75-84",362,0.028643088753181
2019-03-04,"Female","75-84",323,0.0255572311250759
2019-03-11,"Female","75-84",340,0.0269023485527115
2019-03-18,"Female","75-84",337,0.0266649748890111
2019-03-25,"Female","75-84",332,0.0262693521161771
2019-04-01,"Female","75-84",348,0.0275353449892459
2019-04-08,"Female","75-84",345,0.0272979713255455
2019-04-15,"Female","75-84",366,0.0289595869714482
2019-04-22,"Female","75-84",348,0.0275353449892459
2019-04-29,"Female","75-84",348,0.0275353449892459
2019-05-06,"Female","75-84",377,0.029829957071683
2019-05-13,"Female","75-84",376,0.0297508325171162
2019-05-20,"Female","75-84",384,0.0303838289536506
2019-05-27,"Female","75-84",381,0.0301464552899502
2019-06-03,"Female","75-84",373,0.0295134588534158
2019-06-10,"Female","75-84",371,0.0293552097442822
2019-06-17,"Female","75-84",382,0.030225579844517
2019-06-24,"Female","75-84",400,0.0316498218267194
2019-07-01,"Female","75-84",412,0.032599316481521
2019-07-08,"Female","75-84",372,0.029434334298849
2019-07-15,"Female","75-84",409,0.0323619428178206
2019-07-22,"Female","75-84",390,0.0308585762810514
2019-07-29,"Female","75-84",400,0.0316498218267194
2019-08-05,"Female","75-84",418,0.0330740638089217
2019-08-12,"Female","75-84",388,0.0307003271719178
2019-08-19,"Female","75-84",388,0.0307003271719178
2019-08-26,"Female","75-84",380,0.0300673307353834
2019-09-02,"Female","75-84",415,0.0328366901452214
2019-09-09,"Female","75-84",376,0.0297508325171162
2019-09-16,"Female","75-84",341,0.0269814731072783
2019-09-23,"Female","75-84",319,0.0252407329068087
2019-09-30,"Female","75-84",356,0.0281683414257802
2019-10-07,"Female","75-84",348,0.0275353449892459
2019-10-14,"Female","75-84",364,0.0288013378623146
2019-10-21,"Female","75-84",317,0.0250824837976751
2019-10-28,"Female","75-84",362,0.028643088753181
2019-11-04,"Female","75-84",338,0.0267440994435779
2019-11-11,"Female","75-84",347,0.0274562204346791
2019-11-18,"Female","75-84",352,0.027851843207513
2019-11-25,"Female","75-84",324,0.0256363556796427
2019-12-02,"Female","75-84",313,0.0247659855794079
2019-12-09,"Female","75-84",342,0.0270605976618451
2019-12-16,"Female","75-84",315,0.0249242346885415
2019-12-23,"Female","75-84",331,0.0261902275616103
2019-12-30,"Female","75-84",318,0.0241148645129782
2020-01-06,"Female","75-84",330,0.0250248594002604
2020-01-13,"Female","75-84",325,0.0246456948638928
2020-01-20,"Female","75-84",359,0.0272240137111924
2020-01-27,"Female","75-84",337,0.025555689751175
2020-02-03,"Female","75-84",333,0.025252358122081
2020-02-10,"Female","75-84",353,0.0267690162675513
2020-02-17,"Female","75-84",315,0.0238873657911577
2020-02-24,"Female","75-84",348,0.0263898517311837
2020-03-02,"Female","75-84",345,0.0261623530093632
2020-03-09,"Female","75-84",307,0.0232807025329695
2020-03-16,"Female","75-84",387,0.0293473351148509
2020-03-23,"Female","75-84",364,0.02760317824756
2020-03-30,"Female","75-84",371,0.0281340085984746
2020-04-06,"Female","75-84",366,0.027754844062107
2020-04-13,"Female","75-84",339,0.0257073555657221
2020-04-20,"Female","75-84",358,0.0271481808039189
2020-04-27,"Female","75-84",364,0.02760317824756
2020-05-04,"Female","75-84",339,0.0257073555657221
2020-05-11,"Female","75-84",354,0.0268448491748248
2020-05-18,"Female","75-84",388,0.0294231680221244
2020-05-25,"Female","75-84",375,0.0284373402275687
2020-06-01,"Female","75-84",379,0.0287406718566627
2020-06-08,"Female","75-84",338,0.0256315226584486
2020-06-15,"Female","75-84",352,0.0266931833602778
2020-06-22,"Female","75-84",323,0.0244940290493458
2020-06-29,"Female","75-84",357,0.0270723478966454
2020-07-06,"Female","75-84",370,0.0280581756912011
2020-07-13,"Female","75-84",370,0.0280581756912011
2020-07-20,"Female","75-84",353,0.0267690162675513
2020-07-27,"Female","75-84",372,0.0282098415057481
2020-08-03,"Female","75-84",410,0.0310914919821417
2020-08-10,"Female","75-84",365,0.0276790111548335
2020-08-17,"Female","75-84",343,0.0260106871948161
2020-08-24,"Female","75-84",382,0.0289681705784833
2020-08-31,"Female","75-84",405,0.0307123274457742
2020-09-07,"Female","75-84",353,0.0267690162675513
2020-09-14,"Female","75-84",325,0.0246456948638928
2020-09-21,"Female","75-84",376,0.0285131731348422
2020-09-28,"Female","75-84",374,0.0283615073202951
2020-10-05,"Female","75-84",347,0.0263140188239102
2020-10-12,"Female","75-84",347,0.0263140188239102
2020-10-19,"Female","75-84",354,0.0268448491748248
2020-10-26,"Female","75-84",336,0.0254798568439015
2020-11-02,"Female","75-84",359,0.0272240137111924
2020-11-09,"Female","75-84",363,0.0275273453402865
2020-11-16,"Female","75-84",344,0.0260865201020897
2020-11-23,"Female","75-84",335,0.025404023936628
2020-11-30,"Female","75-84",352,0.0266931833602778
2020-12-07,"Female","75-84",378,0.0286648389493892
2020-12-14,"Female","75-84",333,0.025252358122081
2020-12-21,"Female","75-84",333,0.025252358122081
2020-12-28,"Female","75-84",365,0.0276790111548335
2021-01-04,"Female","75-84",332,0.0239767764807036
2021-01-11,"Female","75-84",327,0.0236156804493677
2021-01-18,"Female","75-84",350,0.0252767221935128
2021-01-25,"Female","75-84",331,0.0239045572744364
2021-02-01,"Female","75-84",354,0.0255655990185816
2021-02-08,"Female","75-84",351,0.02534894139978
2021-02-15,"Female","75-84",320,0.0231101460054975
2021-02-22,"Female","75-84",375,0.0270822023501923
2021-03-01,"Female","75-84",331,0.0239045572744364
2021-03-08,"Female","75-84",384,0.0277321752065969
2021-03-15,"Female","75-84",341,0.0246267493371082
2021-03-22,"Female","75-84",377,0.0272266407627267
2021-03-29,"Female","75-84",337,0.0243378725120395
2021-04-05,"Female","75-84",347,0.0250600645747113
2021-04-12,"Female","75-84",379,0.027371079175261
2021-04-19,"Female","75-84",348,0.0251322837809785
2021-04-26,"Female","75-84",357,0.0257822566373831
2021-05-03,"Female","75-84",379,0.027371079175261
2021-05-10,"Female","75-84",401,0.028959901713139
2021-05-17,"Female","75-84",399,0.0288154633006046
2021-05-24,"Female","75-84",404,0.0291765593319405
2021-05-31,"Female","75-84",386,0.0278766136191313
2021-06-07,"Female","75-84",424,0.0306209434572841
2021-06-14,"Female","75-84",408,0.0294654361570093
2021-06-21,"Female","75-84",375,0.0270822023501923
2021-06-28,"Female","75-84",402,0.0290321209194062
2021-07-05,"Female","75-84",397,0.0286710248880703
2021-07-12,"Female","75-84",423,0.0305487242510169
2021-07-19,"Female","75-84",426,0.0307653818698185
2021-07-26,"Female","75-84",448,0.0323542044076964
2021-08-02,"Female","75-84",339,0.0244823109245739
2021-08-09,"Female","75-84",412,0.029754312982078
2021-08-16,"Female","75-84",426,0.0307653818698185
2021-08-23,"Female","75-84",420,0.0303320666322154
2021-08-30,"Female","75-84",421,0.0304042858384826
2021-09-06,"Female","75-84",404,0.0291765593319405
2021-09-13,"Female","75-84",426,0.0307653818698185
2021-09-20,"Female","75-84",381,0.0275155175877954
2021-09-27,"Female","75-84",389,0.0280932712379328
2021-10-04,"Female","75-84",389,0.0280932712379328
2021-10-11,"Female","75-84",371,0.0267933255251236
2021-10-18,"Female","75-84",394,0.0284543672692687
2021-10-25,"Female","75-84",390,0.0281654904442
2021-11-01,"Female","75-84",350,0.0252767221935128
2021-11-08,"Female","75-84",359,0.0259266950499175
2021-11-15,"Female","75-84",375,0.0270822023501923
2021-11-22,"Female","75-84",394,0.0284543672692687
2021-11-29,"Female","75-84",389,0.0280932712379328
2021-12-06,"Female","75-84",344,0.0248434069559098
2021-12-13,"Female","75-84",361,0.0260711334624518
2021-12-20,"Female","75-84",369,0.0266488871125892
2021-12-27,"Female","75-84",364,0.0262877910812533
2022-01-03,"Female","75-84",367,0.0250521334644446
2022-01-10,"Female","75-84",413,0.0281921828905057
2022-01-17,"Female","75-84",434,0.0296256837154467
2022-01-24,"Female","75-84",445,0.0303765650999396
2022-01-31,"Female","75-84",408,0.0278508731702817
2022-02-07,"Female","75-84",401,0.0273730395619681
2022-02-14,"Female","75-84",396,0.027031729841744
2022-02-21,"Female","75-84",384,0.0262125865132063
2022-02-28,"Female","75-84",396,0.027031729841744
2022-03-07,"Female","75-84",369,0.0251886573525342
2022-03-14,"Female","75-84",382,0.0260760626251167
2022-03-21,"Female","75-84",389,0.0265538962334304
2022-03-28,"Female","75-84",423,0.0288748023309538
2022-04-04,"Female","75-84",417,0.028465230666685
2022-04-11,"Female","75-84",382,0.0260760626251167
2022-04-18,"Female","75-84",446,0.0304448270439844
2022-04-25,"Female","75-84",413,0.0281921828905057
2022-05-02,"Female","75-84",407,0.0277826112262369
2022-05-09,"Female","75-84",445,0.0303765650999396
2022-05-16,"Female","75-84",437,0.0298304695475811
2022-05-23,"Female","75-84",469,0.032014851757015
2022-05-30,"Female","75-84",442,0.0301717792678052
2022-06-06,"Female","75-84",440,0.0300352553797156
2022-06-13,"Female","75-84",508,0.0346770675747625
2022-06-20,"Female","75-84",500,0.0341309720224041
2022-06-27,"Female","75-84",455,0.0310591845403877
2022-07-04,"Female","75-84",460,0.0314004942606117
2022-07-11,"Female","75-84",447,0.0305130889880292
2022-07-18,"Female","75-84",493,0.0336531384140904
2022-07-25,"Female","75-84",463,0.0316052800927462
2022-08-01,"Female","75-84",479,0.0326974711974631
2022-08-08,"Female","75-84",484,0.0330387809176871
2022-08-15,"Female","75-84",430,0.0293526359392675
2022-08-22,"Female","75-84",463,0.0316052800927462
2022-08-29,"Female","75-84",450,0.0307178748201637
2022-09-05,"Female","75-84",444,0.0303083031558948
2022-09-12,"Female","75-84",405,0.0276460873381473
2022-09-19,"Female","75-84",432,0.0294891598273571
2022-09-26,"Female","75-84",422,0.028806540386909
2022-10-03,"Female","75-84",410,0.0279873970583713
2022-10-10,"Female","75-84",408,0.0278508731702817
2022-10-17,"Female","75-84",433,0.0295574217714019
2022-10-24,"Female","75-84",399,0.0272365156738784
2022-10-31,"Female","75-84",395,0.0269634678976992
2022-11-07,"Female","75-84",419,0.0286017545547746
2022-11-14,"Female","75-84",401,0.0273730395619681
2022-11-21,"Female","75-84",422,0.028806540386909
2022-11-28,"Female","75-84",428,0.0292161120511779
2022-12-05,"Female","75-84",404,0.0275778253941025
2022-12-12,"Female","75-84",394,0.0268952059536544
2022-12-19,"Female","75-84",403,0.0275095634500577
2022-12-26,"Female","75-84",395,0.0269634678976992
2023-01-02,"Female","75-84",407,0.0263221789666475
2023-01-09,"Female","75-84",385,0.0248993584819638
2023-01-16,"Female","75-84",418,0.0270335892089893
2023-01-23,"Female","75-84",389,0.0251580531155426
2023-01-30,"Female","75-84",419,0.027098262867384
2023-02-06,"Female","75-84",387,0.0250287057987532
2023-02-13,"Female","75-84",377,0.0243819692148061
2023-02-20,"Female","75-84",370,0.0239292536060431
2023-02-27,"Female","75-84",405,0.026192831649858
2023-03-06,"Female","75-84",408,0.0263868526250422
2023-03-13,"Female","75-84",406,0.0262575053082527
2023-03-20,"Female","75-84",408,0.0263868526250422
2014-12-29,"Female","85+",704,0.125849310095993
2015-01-05,"Female","85+",675,0.120665176583516
2015-01-12,"Female","85+",642,0.114765990172767
2015-01-19,"Female","85+",677,0.121022703032653
2015-01-26,"Female","85+",658,0.117626201765858
2015-02-02,"Female","85+",706,0.12620683654513
2015-02-09,"Female","85+",621,0.111011962456835
2015-02-16,"Female","85+",628,0.112263305028812
2015-02-23,"Female","85+",645,0.115302279846471
2015-03-02,"Female","85+",679,0.121380229481789
2015-03-09,"Female","85+",670,0.119771360460676
2015-03-16,"Female","85+",623,0.111369488905972
2015-03-23,"Female","85+",646,0.115481043071039
2015-03-30,"Female","85+",647,0.115659806295608
2015-04-06,"Female","85+",731,0.130675917159334
2015-04-13,"Female","85+",673,0.12030765013438
2015-04-20,"Female","85+",762,0.136217577120948
2015-04-27,"Female","85+",766,0.13693263001922
2015-05-04,"Female","85+",732,0.130854680383902
2015-05-11,"Female","85+",749,0.133893655201561
2015-05-18,"Female","85+",712,0.127279415892539
2015-05-25,"Female","85+",731,0.130675917159334
2015-06-01,"Female","85+",756,0.135144997773538
2015-06-08,"Female","85+",739,0.13210602295588
2015-06-15,"Female","85+",761,0.136038813896379
2015-06-22,"Female","85+",759,0.135681287447243
2015-06-29,"Female","85+",808,0.144440685451083
2015-07-06,"Female","85+",815,0.145692028023061
2015-07-13,"Female","85+",856,0.153021320230356
2015-07-20,"Female","85+",842,0.150518635086401
2015-07-27,"Female","85+",909,0.162495771132469
2015-08-03,"Female","85+",846,0.151233687984674
2015-08-10,"Female","85+",906,0.161959481458764
2015-08-17,"Female","85+",899,0.160708138886787
2015-08-24,"Female","85+",885,0.158205453742833
2015-08-31,"Female","85+",878,0.156954111170856
2015-09-07,"Female","85+",914,0.16338958725531
2015-09-14,"Female","85+",798,0.142653053205402
2015-09-21,"Female","85+",820,0.146585844145902
2015-09-28,"Female","85+",793,0.141759237082561
2015-10-05,"Female","85+",755,0.13496623454897
2015-10-12,"Female","85+",724,0.129424574587357
2015-10-19,"Female","85+",723,0.129245811362789
2015-10-26,"Female","85+",716,0.127994468790812
2015-11-02,"Female","85+",667,0.119235070786971
2015-11-09,"Female","85+",664,0.118698781113267
2015-11-16,"Female","85+",678,0.121201466257221
2015-11-23,"Female","85+",704,0.125849310095993
2015-11-30,"Female","85+",621,0.111011962456835
2015-12-07,"Female","85+",672,0.120128886909812
2015-12-14,"Female","85+",653,0.116732385643017
2015-12-21,"Female","85+",604,0.107972987639176
2015-12-28,"Female","85+",663,0.118520017888698
2016-01-04,"Female","85+",657,0.114901527562401
2016-01-11,"Female","85+",667,0.116650409260459
2016-01-18,"Female","85+",696,0.121722166184826
2016-01-25,"Female","85+",649,0.113502422203955
2016-02-01,"Female","85+",655,0.114551751222789
2016-02-08,"Female","85+",596,0.104233349204248
2016-02-15,"Female","85+",654,0.114376863052983
2016-02-22,"Female","85+",642,0.112278205015314
2016-02-29,"Female","85+",629,0.110004658807839
2016-03-07,"Female","85+",596,0.104233349204248
2016-03-14,"Female","85+",698,0.122071942524438
2016-03-21,"Female","85+",620,0.108430665279587
2016-03-28,"Female","85+",637,0.111403764166285
2016-04-04,"Female","85+",683,0.119448619977351
2016-04-11,"Female","85+",659,0.115251303902012
2016-04-18,"Female","85+",709,0.123995712392302
2016-04-25,"Female","85+",665,0.116300632920847
2016-05-02,"Female","85+",672,0.117524850109488
2016-05-09,"Female","85+",715,0.125045041411136
2016-05-16,"Female","85+",745,0.13029168650531
2016-05-23,"Female","85+",765,0.133789449901426
2016-05-30,"Female","85+",812,0.142009193882298
2016-06-06,"Female","85+",804,0.140610088523851
2016-06-13,"Female","85+",706,0.123471047882884
2016-06-20,"Female","85+",779,0.136237884278707
2016-06-27,"Female","85+",802,0.14026031218424
2016-07-04,"Female","85+",849,0.148480056165112
2016-07-11,"Female","85+",789,0.137986765976764
2016-07-18,"Female","85+",819,0.143233411070938
2016-07-25,"Female","85+",861,0.150578714202781
2016-08-01,"Female","85+",827,0.144632516429384
2016-08-08,"Female","85+",816,0.142708746561521
2016-08-15,"Female","85+",914,0.159847787202488
2016-08-22,"Female","85+",850,0.148654944334917
2016-08-29,"Female","85+",876,0.153202036749868
2016-09-05,"Female","85+",835,0.146031621787831
2016-09-12,"Female","85+",786,0.137462101467347
2016-09-19,"Female","85+",809,0.14148452937288
2016-09-26,"Female","85+",808,0.141309641203074
2016-10-03,"Female","85+",800,0.139910535844628
2016-10-10,"Female","85+",750,0.131166127354339
2016-10-17,"Female","85+",813,0.142184082052103
2016-10-24,"Female","85+",778,0.136062996108901
2016-10-31,"Female","85+",726,0.126968811279
2016-11-07,"Female","85+",701,0.122596607033855
2016-11-14,"Female","85+",737,0.128892581146864
2016-11-21,"Female","85+",742,0.129767021995893
2016-11-28,"Female","85+",669,0.11700018560007
2016-12-05,"Female","85+",631,0.11035443514745
2016-12-12,"Female","85+",664,0.116125744751041
2016-12-19,"Female","85+",685,0.119798396316963
2016-12-26,"Female","85+",685,0.119798396316963
2017-01-02,"Female","85+",633,0.108989242869451
2017-01-09,"Female","85+",658,0.113293715336649
2017-01-16,"Female","85+",628,0.108128348376011
2017-01-23,"Female","85+",661,0.113810252032713
2017-01-30,"Female","85+",640,0.110194495160266
2017-02-06,"Female","85+",686,0.118114724499911
2017-02-13,"Female","85+",690,0.118803440094662
2017-02-20,"Female","85+",679,0.116909472209095
2017-02-27,"Female","85+",669,0.115187683222216
2017-03-06,"Female","85+",722,0.124313164852676
2017-03-13,"Female","85+",636,0.109505779565515
2017-03-20,"Female","85+",674,0.116048577715656
2017-03-27,"Female","85+",646,0.111227568552394
2017-04-03,"Female","85+",681,0.117253830006471
2017-04-10,"Female","85+",720,0.1239688070553
2017-04-17,"Female","85+",725,0.124829701548739
2017-04-24,"Female","85+",725,0.124829701548739
2017-05-01,"Female","85+",690,0.118803440094662
2017-05-08,"Female","85+",737,0.126895848332994
2017-05-15,"Female","85+",797,0.137226582254269
2017-05-22,"Female","85+",779,0.134127362077887
2017-05-29,"Female","85+",810,0.139464907937212
2017-06-05,"Female","85+",832,0.143252843708346
2017-06-12,"Female","85+",797,0.137226582254269
2017-06-19,"Female","85+",787,0.13550479326739
2017-06-26,"Female","85+",782,0.134643898773951
2017-07-03,"Female","85+",849,0.146179884986041
2017-07-10,"Female","85+",874,0.150484357453239
2017-07-17,"Female","85+",895,0.154100114325685
2017-07-24,"Female","85+",909,0.156510618907316
2017-07-31,"Female","85+",998,0.17183454089054
2017-08-07,"Female","85+",974,0.16770224732203
2017-08-14,"Female","85+",939,0.161675985867953
2017-08-21,"Female","85+",932,0.160470733577138
2017-08-28,"Female","85+",972,0.167357889524655
2017-09-04,"Female","85+",887,0.152722683136182
2017-09-11,"Female","85+",1008,0.17355632987742
2017-09-18,"Female","85+",932,0.160470733577138
2017-09-25,"Female","85+",833,0.143425022607034
2017-10-02,"Female","85+",855,0.147212958378168
2017-10-09,"Female","85+",801,0.137915297849021
2017-10-16,"Female","85+",719,0.123796628156612
2017-10-23,"Female","85+",717,0.123452270359236
2017-10-30,"Female","85+",675,0.116220756614344
2017-11-06,"Female","85+",664,0.114326788728776
2017-11-13,"Female","85+",663,0.114154609830089
2017-11-20,"Female","85+",681,0.117253830006471
2017-11-27,"Female","85+",682,0.117426008905159
2017-12-04,"Female","85+",654,0.112604999741897
2017-12-11,"Female","85+",666,0.114671146526152
2017-12-18,"Female","85+",664,0.114326788728776
2017-12-25,"Female","85+",642,0.110538852957642
2018-01-01,"Female","85+",638,0.108184481345506
2018-01-08,"Female","85+",646,0.109541026566139
2018-01-15,"Female","85+",631,0.106997504277452
2018-01-22,"Female","85+",660,0.111914980702247
2018-01-29,"Female","85+",651,0.110388867329035
2018-02-05,"Female","85+",625,0.105980095361977
2018-02-12,"Female","85+",678,0.114967207448672
2018-02-19,"Female","85+",642,0.108862753955823
2018-02-26,"Female","85+",635,0.107675776887768
2018-03-05,"Female","85+",676,0.114628071143514
2018-03-12,"Female","85+",645,0.10937145841356
2018-03-19,"Female","85+",642,0.108862753955823
2018-03-26,"Female","85+",671,0.113780230380618
2018-04-02,"Female","85+",653,0.110728003634193
2018-04-09,"Female","85+",650,0.110219299176456
2018-04-16,"Female","85+",674,0.114288934838356
2018-04-23,"Female","85+",664,0.112593253312564
2018-04-30,"Female","85+",747,0.126667409976635
2018-05-07,"Female","85+",744,0.126158705518897
2018-05-14,"Female","85+",763,0.129380500417901
2018-05-21,"Female","85+",802,0.135993658368489
2018-05-28,"Female","85+",803,0.136163226521068
2018-06-04,"Female","85+",777,0.13175445455401
2018-06-11,"Female","85+",734,0.124463023993106
2018-06-18,"Female","85+",816,0.138367612504597
2018-06-25,"Female","85+",770,0.130567477485955
2018-07-02,"Female","85+",829,0.140571998488126
2018-07-09,"Female","85+",769,0.130397909333376
2018-07-16,"Female","85+",879,0.149050406117084
2018-07-23,"Female","85+",856,0.145150338607763
2018-07-30,"Female","85+",810,0.137350203589122
2018-08-06,"Female","85+",757,0.128363091502426
2018-08-13,"Female","85+",804,0.136332794673647
2018-08-20,"Female","85+",822,0.139385021420072
2018-08-27,"Female","85+",848,0.14379379338713
2018-09-03,"Female","85+",826,0.140063294030389
2018-09-10,"Female","85+",756,0.128193523349847
2018-09-17,"Female","85+",719,0.121919501704418
2018-09-24,"Female","85+",738,0.125141296603422
2018-10-01,"Female","85+",737,0.124971728450843
2018-10-08,"Female","85+",733,0.124293455840526
2018-10-15,"Female","85+",718,0.121749933551839
2018-10-22,"Female","85+",717,0.12158036539926
2018-10-29,"Female","85+",715,0.121241229094101
2018-11-05,"Female","85+",724,0.122767342467314
2018-11-12,"Female","85+",645,0.10937145841356
2018-11-19,"Female","85+",643,0.109032322108402
2018-11-26,"Female","85+",711,0.120562956483785
2018-12-03,"Female","85+",725,0.122936910619893
2018-12-10,"Female","85+",708,0.120054252026047
2018-12-17,"Female","85+",675,0.114458502990935
2018-12-24,"Female","85+",672,0.113949798533197
2018-12-31,"Female","85+",680,0.113333857018089
2019-01-07,"Female","85+",724,0.120667224236907
2019-01-14,"Female","85+",703,0.117167208064289
2019-01-21,"Female","85+",712,0.118667214995411
2019-01-28,"Female","85+",660,0.110000508282263
2019-02-04,"Female","85+",652,0.108667168787933
2019-02-11,"Female","85+",726,0.121000559110489
2019-02-18,"Female","85+",740,0.123333903225568
2019-02-25,"Female","85+",711,0.11850054755862
2019-03-04,"Female","85+",701,0.116833873190707
2019-03-11,"Female","85+",690,0.115000531386002
2019-03-18,"Female","85+",661,0.110167175719054
2019-03-25,"Female","85+",674,0.112333852397341
2019-04-01,"Female","85+",648,0.108000499040767
2019-04-08,"Female","85+",703,0.117167208064289
2019-04-15,"Female","85+",668,0.111333847776594
2019-04-22,"Female","85+",683,0.113833859328463
2019-04-29,"Female","85+",766,0.127667256582142
2019-05-06,"Female","85+",761,0.126833919398185
2019-05-13,"Female","85+",778,0.129667265823637
2019-05-20,"Female","85+",769,0.128167258892516
2019-05-27,"Female","85+",796,0.132667279685881
2019-06-03,"Female","85+",803,0.13383395174342
2019-06-10,"Female","85+",826,0.13766730278962
2019-06-17,"Female","85+",810,0.135000623800959
2019-06-24,"Female","85+",856,0.142667325893359
2019-07-01,"Female","85+",846,0.141000651525446
2019-07-08,"Female","85+",824,0.137333967916038
2019-07-15,"Female","85+",868,0.144667335134855
2019-07-22,"Female","85+",870,0.145000670008438
2019-07-29,"Female","85+",851,0.141833988709403
2019-08-05,"Female","85+",870,0.145000670008438
2019-08-12,"Female","85+",836,0.139333977157533
2019-08-19,"Female","85+",851,0.141833988709403
2019-08-26,"Female","85+",844,0.140667316651864
2019-09-02,"Female","85+",883,0.147167346686725
2019-09-09,"Female","85+",839,0.139833979467907
2019-09-16,"Female","85+",836,0.139333977157533
2019-09-23,"Female","85+",730,0.121667228857655
2019-09-30,"Female","85+",805,0.134167286617003
2019-10-07,"Female","85+",779,0.129833933260429
2019-10-14,"Female","85+",728,0.121333893984072
2019-10-21,"Female","85+",762,0.127000586834977
2019-10-28,"Female","85+",713,0.118833882432202
2019-11-04,"Female","85+",699,0.116500538317124
2019-11-11,"Female","85+",709,0.118167212685037
2019-11-18,"Female","85+",672,0.112000517523759
2019-11-25,"Female","85+",696,0.11600053600675
2019-12-02,"Female","85+",680,0.113333857018089
2019-12-09,"Female","85+",665,0.11083384546622
2019-12-16,"Female","85+",732,0.122000563731237
2019-12-23,"Female","85+",638,0.106333824672854
2019-12-30,"Female","85+",706,0.115307780536867
2020-01-06,"Female","85+",640,0.10452829963682
2020-01-13,"Female","85+",639,0.104364974168638
2020-01-20,"Female","85+",710,0.115961082409597
2020-01-27,"Female","85+",693,0.113184549450494
2020-02-03,"Female","85+",682,0.111387969300487
2020-02-10,"Female","85+",695,0.113511200386859
2020-02-17,"Female","85+",682,0.111387969300487
2020-02-24,"Female","85+",739,0.120697520986891
2020-03-02,"Female","85+",667,0.108938087277749
2020-03-09,"Female","85+",688,0.112367922109582
2020-03-16,"Female","85+",722,0.117920988027788
2020-03-23,"Female","85+",670,0.109428063682296
2020-03-30,"Female","85+",745,0.121677473795986
2020-04-06,"Female","85+",741,0.121024171923256
2020-04-13,"Female","85+",710,0.115961082409597
2020-04-20,"Female","85+",710,0.115961082409597
2020-04-27,"Female","85+",711,0.11612440787778
2020-05-04,"Female","85+",704,0.114981129600502
2020-05-11,"Female","85+",695,0.113511200386859
2020-05-18,"Female","85+",740,0.120860846455073
2020-05-25,"Female","85+",743,0.121350822859621
2020-06-01,"Female","85+",722,0.117920988027788
2020-06-08,"Female","85+",744,0.121514148327803
2020-06-15,"Female","85+",709,0.115797756941415
2020-06-22,"Female","85+",745,0.121677473795986
2020-06-29,"Female","85+",745,0.121677473795986
2020-07-06,"Female","85+",734,0.119880893645978
2020-07-13,"Female","85+",724,0.118247638964153
2020-07-20,"Female","85+",801,0.130823700014208
2020-07-27,"Female","85+",792,0.129353770800565
2020-08-03,"Female","85+",806,0.13164032735512
2020-08-10,"Female","85+",830,0.135560138591501
2020-08-17,"Female","85+",844,0.137846695146057
2020-08-24,"Female","85+",796,0.130007072673295
2020-08-31,"Female","85+",752,0.122820752073264
2020-09-07,"Female","85+",808,0.131966978291486
2020-09-14,"Female","85+",803,0.131150350950573
2020-09-21,"Female","85+",722,0.117920988027788
2020-09-28,"Female","85+",702,0.114654478664137
2020-10-05,"Female","85+",700,0.114327827727772
2020-10-12,"Female","85+",710,0.115961082409597
2020-10-19,"Female","85+",659,0.107631483532288
2020-10-26,"Female","85+",672,0.109754714618661
2020-11-02,"Female","85+",690,0.112694573045947
2020-11-09,"Female","85+",727,0.1187376153687
2020-11-16,"Female","85+",693,0.113184549450494
2020-11-23,"Female","85+",698,0.114001176791407
2020-11-30,"Female","85+",751,0.122657426605081
2020-12-07,"Female","85+",667,0.108938087277749
2020-12-14,"Female","85+",688,0.112367922109582
2020-12-21,"Female","85+",703,0.11481780413232
2020-12-28,"Female","85+",676,0.110408016491391
2021-01-04,"Female","85+",687,0.109458815013447
2021-01-11,"Female","85+",637,0.101492380150751
2021-01-18,"Female","85+",715,0.113920018536557
2021-01-25,"Female","85+",654,0.104200968004067
2021-02-01,"Female","85+",680,0.108343514132669
2021-02-08,"Female","85+",685,0.109140157618939
2021-02-15,"Female","85+",664,0.105794254976607
2021-02-22,"Female","85+",729,0.116150620298112
2021-03-01,"Female","85+",724,0.115353976811842
2021-03-08,"Female","85+",722,0.115035319417334
2021-03-15,"Female","85+",705,0.112326731564017
2021-03-22,"Female","85+",662,0.105475597582099
2021-03-29,"Female","85+",707,0.112645388958525
2021-04-05,"Female","85+",722,0.115035319417334
2021-04-12,"Female","85+",744,0.118540550756921
2021-04-19,"Female","85+",807,0.128578258683918
2021-04-26,"Female","85+",821,0.130808860445473
2021-05-03,"Female","85+",859,0.136863350941122
2021-05-10,"Female","85+",778,0.123957726463554
2021-05-17,"Female","85+",784,0.124913698647078
2021-05-24,"Female","85+",849,0.135270063968583
2021-05-31,"Female","85+",827,0.131764832628996
2021-06-07,"Female","85+",849,0.135270063968583
2021-06-14,"Female","85+",863,0.137500665730138
2021-06-21,"Female","85+",855,0.136226036152106
2021-06-28,"Female","85+",867,0.138137980519153
2021-07-05,"Female","85+",871,0.138775295308169
2021-07-12,"Female","85+",851,0.135588721363091
2021-07-19,"Female","85+",837,0.133358119601536
2021-07-26,"Female","85+",909,0.144829785803818
2021-08-02,"Female","85+",869,0.138456637913661
2021-08-09,"Female","85+",837,0.133358119601536
2021-08-16,"Female","85+",823,0.131127517839981
2021-08-23,"Female","85+",855,0.136226036152106
2021-08-30,"Female","85+",816,0.130012216959203
2021-09-06,"Female","85+",813,0.129534230867441
2021-09-13,"Female","85+",830,0.132242818720758
2021-09-20,"Female","85+",799,0.127303629105886
2021-09-27,"Female","85+",823,0.131127517839981
2021-10-04,"Female","85+",788,0.125551013436093
2021-10-11,"Female","85+",748,0.119177865545936
2021-10-18,"Female","85+",834,0.132880133509774
2021-10-25,"Female","85+",773,0.123161082977284
2021-11-01,"Female","85+",801,0.127622286500394
2021-11-08,"Female","85+",763,0.121567796004745
2021-11-15,"Female","85+",741,0.118062564665159
2021-11-22,"Female","85+",778,0.123957726463554
2021-11-29,"Female","85+",695,0.110733444591478
2021-12-06,"Female","85+",716,0.114079347233811
2021-12-13,"Female","85+",771,0.122842425582777
2021-12-20,"Female","85+",771,0.122842425582777
2021-12-27,"Female","85+",775,0.123479740371792
2022-01-03,"Female","85+",762,0.118016189456332
2022-01-10,"Female","85+",891,0.137995308143822
2022-01-17,"Female","85+",917,0.14202210725913
2022-01-24,"Female","85+",884,0.13691116992047
2022-01-31,"Female","85+",833,0.129012448578904
2022-02-07,"Female","85+",868,0.134433139695665
2022-02-14,"Female","85+",734,0.113679636562924
2022-02-21,"Female","85+",805,0.124675895685496
2022-02-28,"Female","85+",789,0.122197865460691
2022-03-07,"Female","85+",757,0.117241805011081
2022-03-14,"Female","85+",788,0.12204298857164
2022-03-21,"Female","85+",778,0.120494219681137
2022-03-28,"Female","85+",772,0.119564958346835
2022-04-04,"Female","85+",817,0.126534418354099
2022-04-11,"Female","85+",817,0.126534418354099
2022-04-18,"Female","85+",830,0.128547817911753
2022-04-25,"Female","85+",851,0.13180023258181
2022-05-02,"Female","85+",848,0.131335601914659
2022-05-09,"Female","85+",866,0.134123385917564
2022-05-16,"Female","85+",879,0.136136785475218
2022-05-23,"Female","85+",886,0.13722092369857
2022-05-30,"Female","85+",960,0.148681813488293
2022-06-06,"Female","85+",1028,0.159213441943714
2022-06-13,"Female","85+",999,0.154722012161255
2022-06-20,"Female","85+",941,0.145739152596337
2022-06-27,"Female","85+",950,0.14713304459779
2022-07-04,"Female","85+",1009,0.156270781051758
2022-07-11,"Female","85+",1000,0.154876889050305
2022-07-18,"Female","85+",1017,0.15750979616416
2022-07-25,"Female","85+",1063,0.164634133060474
2022-08-01,"Female","85+",1049,0.16246585661377
2022-08-08,"Female","85+",1040,0.161071964612317
2022-08-15,"Female","85+",980,0.151779351269299
2022-08-22,"Female","85+",933,0.144500137483935
2022-08-29,"Female","85+",892,0.138150185032872
2022-09-05,"Female","85+",901,0.139544077034325
2022-09-12,"Female","85+",947,0.146668413930639
2022-09-19,"Female","85+",852,0.13195510947086
2022-09-26,"Female","85+",818,0.12668929524315
2022-10-03,"Female","85+",834,0.129167325467954
2022-10-10,"Female","85+",862,0.133503878361363
2022-10-17,"Female","85+",858,0.132884370805162
2022-10-24,"Female","85+",780,0.120803973459238
2022-10-31,"Female","85+",768,0.118945450790634
2022-11-07,"Female","85+",790,0.122352742349741
2022-11-14,"Female","85+",799,0.123746634351194
2022-11-21,"Female","85+",871,0.134897770362816
2022-11-28,"Female","85+",775,0.120029589013986
2022-12-05,"Female","85+",829,0.128392941022703
2022-12-12,"Female","85+",860,0.133194124583262
2022-12-19,"Female","85+",790,0.122352742349741
2022-12-26,"Female","85+",789,0.122197865460691
2023-01-02,"Female","85+",795,0.119326978450282
2023-01-09,"Female","85+",774,0.116174945057256
2023-01-16,"Female","85+",762,0.114373783118383
2023-01-23,"Female","85+",714,0.107169135362895
2023-01-30,"Female","85+",790,0.118576494309085
2023-02-06,"Female","85+",727,0.109120394130006
2023-02-13,"Female","85+",727,0.109120394130006
2023-02-20,"Female","85+",721,0.10821981316057
2023-02-27,"Female","85+",734,0.110171071927682
2023-03-06,"Female","85+",779,0.116925429198452
2023-03-13,"Female","85+",778,0.116775332370213
2023-03-20,"Female","85+",728,0.109270490958246
2014-12-29,"Female","Total",1450,0.00628941348640056
2015-01-05,"Female","Total",1357,0.00588602351796246
2015-01-12,"Female","Total",1331,0.00577324782786148
2015-01-19,"Female","Total",1379,0.00598144910189405
2015-01-26,"Female","Total",1311,0.00568649729701458
2015-02-02,"Female","Total",1440,0.00624603822097711
2015-02-09,"Female","Total",1311,0.00568649729701458
2015-02-16,"Female","Total",1276,0.00553468386803249
2015-02-23,"Female","Total",1320,0.00572553503589568
2015-03-02,"Female","Total",1355,0.00587734846487776
2015-03-09,"Female","Total",1354,0.00587301093833542
2015-03-16,"Female","Total",1319,0.00572119750935334
2015-03-23,"Female","Total",1345,0.00583397319945431
2015-03-30,"Female","Total",1378,0.0059771115753517
2015-04-06,"Female","Total",1442,0.0062547132740618
2015-04-13,"Female","Total",1427,0.00618965037592662
2015-04-20,"Female","Total",1486,0.00644556444192499
2015-04-27,"Female","Total",1526,0.0066190655036188
2015-05-04,"Female","Total",1483,0.00643255186229795
2015-05-11,"Female","Total",1482,0.00642821433575561
2015-05-18,"Female","Total",1486,0.00644556444192499
2015-05-25,"Female","Total",1460,0.00633278875182401
2015-06-01,"Female","Total",1497,0.00649327723389079
2015-06-08,"Female","Total",1499,0.00650195228697548
2015-06-15,"Female","Total",1492,0.00647158960117906
2015-06-22,"Female","Total",1548,0.00671449108755039
2015-06-29,"Female","Total",1596,0.00692269236158296
2015-07-06,"Female","Total",1586,0.00687931709615951
2015-07-13,"Female","Total",1657,0.00718728148066602
2015-07-20,"Female","Total",1620,0.00702679299859925
2015-07-27,"Female","Total",1695,0.00735210748927514
2015-08-03,"Female","Total",1654,0.00717426890103898
2015-08-10,"Female","Total",1735,0.00752560855096895
2015-08-17,"Female","Total",1758,0.00762537166144289
2015-08-24,"Female","Total",1718,0.00745187059974908
2015-08-31,"Female","Total",1686,0.00731306975039403
2015-09-07,"Female","Total",1698,0.00736512006890217
2015-09-14,"Female","Total",1582,0.00686196698999013
2015-09-21,"Female","Total",1602,0.00694871752083703
2015-09-28,"Female","Total",1552,0.00673184119371977
2015-10-05,"Female","Total",1477,0.00640652670304388
2015-10-12,"Female","Total",1480,0.00641953928267092
2015-10-19,"Female","Total",1418,0.00615061263704551
2015-10-26,"Female","Total",1454,0.00630676359256994
2015-11-02,"Female","Total",1377,0.00597277404880936
2015-11-09,"Female","Total",1354,0.00587301093833542
2015-11-16,"Female","Total",1392,0.00603783694694454
2015-11-23,"Female","Total",1394,0.00604651200002923
2015-11-30,"Female","Total",1375,0.00596409899572467
2015-12-07,"Female","Total",1394,0.00604651200002923
2015-12-14,"Female","Total",1333,0.00578192288094617
2015-12-21,"Female","Total",1293,0.00560842181925236
2015-12-28,"Female","Total",1367,0.00592939878338591
2016-01-04,"Female","Total",1375,0.00586777963815945
2016-01-11,"Female","Total",1399,0.00597019906457096
2016-01-18,"Female","Total",1327,0.00566294078533643
2016-01-25,"Female","Total",1309,0.00558612621552779
2016-02-01,"Female","Total",1323,0.00564587088093451
2016-02-08,"Female","Total",1296,0.00553064902622156
2016-02-15,"Female","Total",1287,0.00549224174131724
2016-02-22,"Female","Total",1323,0.00564587088093451
2016-02-29,"Female","Total",1281,0.00546663688471437
2016-03-07,"Female","Total",1323,0.00564587088093451
2016-03-14,"Female","Total",1359,0.00579950002055177
2016-03-21,"Female","Total",1348,0.0057525577834465
2016-03-28,"Female","Total",1380,0.00588911701866185
2016-04-04,"Female","Total",1370,0.00584644225765705
2016-04-11,"Female","Total",1377,0.00587631459036041
2016-04-18,"Female","Total",1364,0.00582083740105417
2016-04-25,"Female","Total",1357,0.00579096506835081
2016-05-02,"Female","Total",1385,0.00591045439916424
2016-05-09,"Female","Total",1412,0.00602567625387719
2016-05-16,"Female","Total",1495,0.006379876770217
2016-05-23,"Female","Total",1552,0.00662312290794434
2016-05-30,"Female","Total",1575,0.00672127485825537
2016-06-06,"Female","Total",1581,0.00674687971485825
2016-06-13,"Female","Total",1448,0.00617930539349446
2016-06-20,"Female","Total",1558,0.00664872776454721
2016-06-27,"Female","Total",1553,0.00662739038404482
2016-07-04,"Female","Total",1627,0.00694318361548031
2016-07-11,"Female","Total",1593,0.006798089428064
2016-07-18,"Female","Total",1607,0.00685783409347071
2016-07-25,"Female","Total",1653,0.00705413799409278
2016-08-01,"Female","Total",1605,0.00684929914126976
2016-08-08,"Female","Total",1587,0.00677248457146112
2016-08-15,"Female","Total",1696,0.0072376394664134
2016-08-22,"Female","Total",1670,0.00712668508780093
2016-08-29,"Female","Total",1692,0.00722056956201148
2016-09-05,"Female","Total",1647,0.0070285331374899
2016-09-12,"Female","Total",1607,0.00685783409347071
2016-09-19,"Female","Total",1543,0.00658471562304002
2016-09-26,"Female","Total",1592,0.00679382195196352
2016-10-03,"Female","Total",1526,0.00651216852933187
2016-10-10,"Female","Total",1514,0.00646095881612611
2016-10-17,"Female","Total",1588,0.0067767520475616
2016-10-24,"Female","Total",1515,0.00646522629222659
2016-10-31,"Female","Total",1439,0.00614089810859014
2016-11-07,"Female","Total",1475,0.00629452724820741
2016-11-14,"Female","Total",1424,0.00607688596708295
2016-11-21,"Female","Total",1479,0.00631159715260933
2016-11-28,"Female","Total",1359,0.00579950002055177
2016-12-05,"Female","Total",1311,0.00559466116772875
2016-12-12,"Female","Total",1411,0.00602140877777671
2016-12-19,"Female","Total",1409,0.00601287382557575
2016-12-26,"Female","Total",1396,0.00595739663626952
2017-01-02,"Female","Total",1366,0.00573617846661393
2017-01-09,"Female","Total",1432,0.0060133291099496
2017-01-16,"Female","Total",1305,0.00548002408413703
2017-01-23,"Female","Total",1387,0.00582436276222073
2017-01-30,"Female","Total",1358,0.00570258444923991
2017-02-06,"Female","Total",1441,0.00605112237949537
2017-02-13,"Female","Total",1408,0.00591254705782754
2017-02-20,"Female","Total",1430,0.00600493060560609
2017-02-27,"Female","Total",1406,0.00590414855348403
2017-03-06,"Female","Total",1466,0.00615610368378918
2017-03-13,"Female","Total",1285,0.00539603904070198
2017-03-20,"Female","Total",1424,0.00597973509257558
2017-03-27,"Female","Total",1360,0.00571098295358342
2017-04-03,"Female","Total",1413,0.0059335433186863
2017-04-10,"Female","Total",1442,0.00605532163166712
2017-04-17,"Female","Total",1427,0.00599233284909083
2017-04-24,"Female","Total",1441,0.00605112237949537
2017-05-01,"Female","Total",1445,0.00606791938818238
2017-05-08,"Female","Total",1484,0.00623169022288073
2017-05-15,"Female","Total",1547,0.00649624310970113
2017-05-22,"Female","Total",1555,0.00652983712707516
2017-05-29,"Female","Total",1550,0.00650884086621639
2017-06-05,"Female","Total",1564,0.00656763039662093
2017-06-12,"Female","Total",1560,0.00655083338793392
2017-06-19,"Female","Total",1596,0.00670200646611701
2017-06-26,"Female","Total",1626,0.00682798403126958
2017-07-03,"Female","Total",1703,0.00715132644849453
2017-07-10,"Female","Total",1707,0.00716812345718154
2017-07-17,"Female","Total",1776,0.00745787185703246
2017-07-24,"Female","Total",1727,0.00725210850061659
2017-07-31,"Female","Total",1836,0.00770982698733761
2017-08-07,"Female","Total",1817,0.00763004119607431
2017-08-14,"Female","Total",1766,0.00741587933531493
2017-08-21,"Female","Total",1786,0.00749986437874999
2017-08-28,"Female","Total",1899,0.00797437987415802
2017-09-04,"Female","Total",1778,0.00746627036137597
2017-09-11,"Female","Total",1821,0.00764683820476132
2017-09-18,"Female","Total",1766,0.00741587933531493
2017-09-25,"Female","Total",1622,0.00681118702258257
2017-10-02,"Female","Total",1620,0.00680278851823907
2017-10-09,"Female","Total",1614,0.00677759300520855
2017-10-16,"Female","Total",1443,0.00605952088383887
2017-10-23,"Female","Total",1443,0.00605952088383887
2017-10-30,"Female","Total",1417,0.00595034032737331
2017-11-06,"Female","Total",1383,0.00580756575353372
2017-11-13,"Female","Total",1388,0.00582856201439249
2017-11-20,"Female","Total",1384,0.00581176500570548
2017-11-27,"Female","Total",1434,0.0060217276142931
2017-12-04,"Female","Total",1350,0.00566899043186589
2017-12-11,"Female","Total",1388,0.00582856201439249
2017-12-18,"Female","Total",1413,0.0059335433186863
2017-12-25,"Female","Total",1315,0.00552201660585455
2018-01-01,"Female","Total",1331,0.0055043964498706
2018-01-08,"Female","Total",1326,0.00548371877725651
2018-01-15,"Female","Total",1316,0.00544236343202834
2018-01-22,"Female","Total",1387,0.00573598638314841
2018-01-29,"Female","Total",1387,0.00573598638314841
2018-02-05,"Female","Total",1292,0.00534311060348071
2018-02-12,"Female","Total",1386,0.00573185084862559
2018-02-19,"Female","Total",1367,0.00565327569269205
2018-02-26,"Female","Total",1391,0.00575252852123968
2018-03-05,"Female","Total",1419,0.00586832348787858
2018-03-12,"Female","Total",1362,0.00563259802007796
2018-03-19,"Female","Total",1350,0.00558297160580414
2018-03-26,"Female","Total",1399,0.00578561279742222
2018-04-02,"Female","Total",1327,0.00548785431177933
2018-04-09,"Female","Total",1358,0.00561605588198669
2018-04-16,"Female","Total",1410,0.00583110367717322
2018-04-23,"Female","Total",1397,0.00577734172837658
2018-04-30,"Female","Total",1485,0.00614126876638456
2018-05-07,"Female","Total",1519,0.00628187694016037
2018-05-14,"Female","Total",1570,0.00649278920082408
2018-05-21,"Female","Total",1584,0.00655068668414353
2018-05-28,"Female","Total",1542,0.00637699423418518
2018-06-04,"Female","Total",1524,0.00630255461277446
2018-06-11,"Female","Total",1494,0.00617848857708992
2018-06-18,"Female","Total",1589,0.00657136435675762
2018-06-25,"Female","Total",1577,0.0065217379424838
2018-07-02,"Female","Total",1606,0.00664166844364552
2018-07-09,"Female","Total",1524,0.00630255461277446
2018-07-16,"Female","Total",1709,0.00706762849949576
2018-07-23,"Female","Total",1630,0.00674092127219315
2018-07-30,"Female","Total",1594,0.00659204202937171
2018-08-06,"Female","Total",1542,0.00637699423418518
2018-08-13,"Female","Total",1613,0.00667061718530525
2018-08-20,"Female","Total",1563,0.00646384045916435
2018-08-27,"Female","Total",1677,0.00693529139476559
2018-09-03,"Female","Total",1630,0.00674092127219315
2018-09-10,"Female","Total",1495,0.00618262411161274
2018-09-17,"Female","Total",1478,0.00611232002472483
2018-09-24,"Female","Total",1484,0.00613713323186174
2018-10-01,"Female","Total",1480,0.00612059109377047
2018-10-08,"Female","Total",1494,0.00617848857708992
2018-10-15,"Female","Total",1459,0.00603374486879129
2018-10-22,"Female","Total",1431,0.00591794990215239
2018-10-29,"Female","Total",1441,0.00595930524738057
2018-11-05,"Female","Total",1462,0.00604615147235975
2018-11-12,"Female","Total",1354,0.00559951374389542
2018-11-19,"Female","Total",1434,0.00593035650572085
2018-11-26,"Female","Total",1434,0.00593035650572085
2018-12-03,"Female","Total",1414,0.00584764581526449
2018-12-10,"Female","Total",1489,0.00615781090447583
2018-12-17,"Female","Total",1377,0.00569463103792023
2018-12-24,"Female","Total",1372,0.00567395336530614
2018-12-31,"Female","Total",1430,0.00582970265866444
2019-01-07,"Female","Total",1448,0.00590308353129099
2019-01-14,"Female","Total",1459,0.0059479273978961
2019-01-21,"Female","Total",1404,0.00572370806487055
2019-01-28,"Female","Total",1363,0.00555656274388786
2019-02-04,"Female","Total",1405,0.00572778478001646
2019-02-11,"Female","Total",1449,0.00590716024643691
2019-02-18,"Female","Total",1488,0.00606615213712776
2019-02-25,"Female","Total",1450,0.00591123696158283
2019-03-04,"Female","Total",1427,0.00581747251322669
2019-03-11,"Female","Total",1458,0.00594385068275018
2019-03-18,"Female","Total",1413,0.00576039850118382
2019-03-25,"Female","Total",1382,0.00563402033166032
2019-04-01,"Female","Total",1396,0.00569109434370319
2019-04-08,"Female","Total",1443,0.00588269995556139
2019-04-15,"Female","Total",1437,0.00585823966468588
2019-04-22,"Female","Total",1448,0.00590308353129099
2019-04-29,"Female","Total",1494,0.00609061242800327
2019-05-06,"Female","Total",1487,0.00606207542198184
2019-05-13,"Female","Total",1524,0.00621291388238085
2019-05-20,"Female","Total",1557,0.00634744548219618
2019-05-27,"Female","Total",1632,0.00665319911814012
2019-06-03,"Female","Total",1600,0.00652274423347071
2019-06-10,"Female","Total",1627,0.00663281554241053
2019-06-17,"Female","Total",1616,0.00658797167580541
2019-06-24,"Female","Total",1694,0.00690595545718711
2019-07-01,"Female","Total",1667,0.00679588414824729
2019-07-08,"Female","Total",1599,0.00651866751832479
2019-07-15,"Female","Total",1687,0.00687741845116568
2019-07-22,"Female","Total",1648,0.00671842656047483
2019-07-29,"Female","Total",1672,0.00681626772397689
2019-08-05,"Female","Total",1669,0.00680403757853913
2019-08-12,"Female","Total",1677,0.00683665129970648
2019-08-19,"Female","Total",1714,0.0069874897601055
2019-08-26,"Female","Total",1667,0.00679588414824729
2019-09-02,"Female","Total",1750,0.00713425150535859
2019-09-09,"Female","Total",1626,0.00662873882726461
2019-09-16,"Female","Total",1585,0.00646159350628192
2019-09-23,"Female","Total",1482,0.00604169184625224
2019-09-30,"Female","Total",1599,0.00651866751832479
2019-10-07,"Female","Total",1531,0.00624145088840228
2019-10-14,"Female","Total",1520,0.00619660702179717
2019-10-21,"Female","Total",1505,0.00613545629460838
2019-10-28,"Female","Total",1486,0.00605799870683592
2019-11-04,"Female","Total",1417,0.0057767053617675
2019-11-11,"Female","Total",1444,0.00588677667070731
2019-11-18,"Female","Total",1391,0.0056707107679736
2019-11-25,"Female","Total",1430,0.00582970265866444
2019-12-02,"Female","Total",1378,0.00561771347107665
2019-12-09,"Female","Total",1422,0.00579708893749709
2019-12-16,"Female","Total",1437,0.00585823966468588
2019-12-23,"Female","Total",1366,0.00556879288932562
2019-12-30,"Female","Total",1386,0.00559221303720558
2020-01-06,"Female","Total",1374,0.00554379560831202
2020-01-13,"Female","Total",1356,0.00547116946497169
2020-01-20,"Female","Total",1438,0.00580202189574431
2020-01-27,"Female","Total",1401,0.00565273482332252
2020-02-03,"Female","Total",1401,0.00565273482332252
2020-02-10,"Female","Total",1448,0.00584236975315561
2020-02-17,"Female","Total",1411,0.00569308268073382
2020-02-24,"Female","Total",1491,0.00601586554002418
2020-03-02,"Female","Total",1409,0.00568501310925156
2020-03-09,"Female","Total",1396,0.00563256089461687
2020-03-16,"Female","Total",1547,0.00624181354152744
2020-03-23,"Female","Total",1451,0.005854474110379
2020-03-30,"Female","Total",1558,0.00628619618467986
2020-04-06,"Female","Total",1519,0.00612883954077581
2020-04-13,"Female","Total",1482,0.00597955246835401
2020-04-20,"Female","Total",1457,0.00587868282482578
2020-04-27,"Female","Total",1449,0.00584640453889674
2020-05-04,"Female","Total",1495,0.0060320046829887
2020-05-11,"Female","Total",1455,0.00587061325334352
2020-05-18,"Female","Total",1496,0.00603603946872983
2020-05-25,"Female","Total",1536,0.00619743089837501
2020-06-01,"Female","Total",1506,0.00607638732614112
2020-06-08,"Female","Total",1472,0.00593920461094272
2020-06-15,"Female","Total",1477,0.00595937853964837
2020-06-22,"Female","Total",1473,0.00594323939668385
2020-06-29,"Female","Total",1513,0.00610463082632903
2020-07-06,"Female","Total",1519,0.00612883954077581
2020-07-13,"Female","Total",1517,0.00612076996929355
2020-07-20,"Female","Total",1555,0.00627409182745647
2020-07-27,"Female","Total",1571,0.00633864839931455
2020-08-03,"Female","Total",1648,0.00664932690138152
2020-08-10,"Female","Total",1606,0.00647986590025408
2020-08-17,"Female","Total",1563,0.00630637011338551
2020-08-24,"Female","Total",1571,0.00633864839931455
2020-08-31,"Female","Total",1574,0.00635075275653793
2020-09-07,"Female","Total",1576,0.00635882232802019
2020-09-14,"Female","Total",1536,0.00619743089837501
2020-09-21,"Female","Total",1490,0.00601183075428305
2020-09-28,"Female","Total",1480,0.00597148289687175
2020-10-05,"Female","Total",1484,0.00598762203983627
2020-10-12,"Female","Total",1413,0.00570115225221607
2020-10-19,"Female","Total",1407,0.0056769435377693
2020-10-26,"Female","Total",1418,0.00572132618092172
2020-11-02,"Female","Total",1446,0.00583430018167335
2020-11-09,"Female","Total",1502,0.00606024818317661
2020-11-16,"Female","Total",1435,0.00578991753852093
2020-11-23,"Female","Total",1403,0.00566080439480478
2020-11-30,"Female","Total",1500,0.00605217861169435
2020-12-07,"Female","Total",1456,0.00587464803908465
2020-12-14,"Female","Total",1439,0.00580605668148544
2020-12-21,"Female","Total",1448,0.00584236975315561
2020-12-28,"Female","Total",1445,0.00583026539593222
2021-01-04,"Female","Total",1404,0.00563077110360327
2021-01-11,"Female","Total",1396,0.00559868693777077
2021-01-18,"Female","Total",1442,0.00578317089130763
2021-01-25,"Female","Total",1374,0.0055104554817314
2021-02-01,"Female","Total",1437,0.00576311828766232
2021-02-08,"Female","Total",1424,0.00571098151818451
2021-02-15,"Female","Total",1361,0.0054583187122536
2021-02-22,"Female","Total",1493,0.0059877074484898
2021-03-01,"Female","Total",1443,0.00578718141203669
2021-03-08,"Female","Total",1508,0.00604786525942573
2021-03-15,"Female","Total",1441,0.00577916037057857
2021-03-22,"Female","Total",1431,0.00573905516328795
2021-03-29,"Female","Total",1460,0.00585536026443075
2021-04-05,"Female","Total",1481,0.00593958119974106
2021-04-12,"Female","Total",1540,0.00617620192275572
2021-04-19,"Female","Total",1545,0.00619625452640103
2021-04-26,"Female","Total",1590,0.00637672795920883
2021-05-03,"Female","Total",1658,0.00664944336878506
2021-05-10,"Female","Total",1639,0.00657324347493288
2021-05-17,"Female","Total",1589,0.00637271743847977
2021-05-24,"Female","Total",1701,0.00682189576013473
2021-05-31,"Female","Total",1640,0.00657725399566194
2021-06-07,"Female","Total",1716,0.00688205357107066
2021-06-14,"Female","Total",1728,0.00693017981981941
2021-06-21,"Female","Total",1679,0.00673366430409536
2021-06-28,"Female","Total",1685,0.00675772742846974
2021-07-05,"Female","Total",1679,0.00673366430409536
2021-07-12,"Female","Total",1684,0.00675371690774067
2021-07-19,"Female","Total",1712,0.00686601148815441
2021-07-26,"Female","Total",1788,0.00717081106356314
2021-08-02,"Female","Total",1640,0.00657725399566194
2021-08-09,"Female","Total",1646,0.00660131712003631
2021-08-16,"Female","Total",1683,0.00674970638701161
2021-08-23,"Female","Total",1725,0.00691814825763222
2021-08-30,"Female","Total",1696,0.00680184315648942
2021-09-06,"Female","Total",1641,0.006581264516391
2021-09-13,"Female","Total",1704,0.00683392732232192
2021-09-20,"Female","Total",1626,0.00652110670545507
2021-09-27,"Female","Total",1661,0.00666147493097224
2021-10-04,"Female","Total",1611,0.00646094889451914
2021-10-11,"Female","Total",1560,0.00625641233733697
2021-10-18,"Female","Total",1600,0.00641683316649945
2021-10-25,"Female","Total",1558,0.00624839129587884
2021-11-01,"Female","Total",1577,0.00632459118973102
2021-11-08,"Female","Total",1516,0.00607994942525823
2021-11-15,"Female","Total",1535,0.00615614931911041
2021-11-22,"Female","Total",1551,0.00622031765077541
2021-11-29,"Female","Total",1474,0.00591150755463762
2021-12-06,"Female","Total",1503,0.00602781265578042
2021-12-13,"Female","Total",1566,0.00628047546171134
2021-12-20,"Female","Total",1558,0.00624839129587884
2021-12-27,"Female","Total",1487,0.00596364432411543
2022-01-03,"Female","Total",1567,0.00625155324540582
2022-01-10,"Female","Total",1749,0.00697764302885436
2022-01-17,"Female","Total",1794,0.00715717072256416
2022-01-24,"Female","Total",1770,0.00706142261925227
2022-01-31,"Female","Total",1731,0.00690583195137044
2022-02-07,"Female","Total",1678,0.00669438822322334
2022-02-14,"Female","Total",1533,0.0061159100990473
2022-02-21,"Female","Total",1640,0.00654278705964617
2022-02-28,"Female","Total",1614,0.00643905994772495
2022-03-07,"Female","Total",1524,0.00608000456030534
2022-03-14,"Female","Total",1618,0.0064550179649436
2022-03-21,"Female","Total",1601,0.00638719639176434
2022-03-28,"Female","Total",1632,0.00651087102520887
2022-04-04,"Female","Total",1671,0.0066664616930907
2022-04-11,"Female","Total",1627,0.00649092350368556
2022-04-18,"Female","Total",1652,0.00659066111130212
2022-04-25,"Female","Total",1682,0.00671034624044199
2022-05-02,"Female","Total",1715,0.00684199988249584
2022-05-09,"Female","Total",1806,0.00720504477422011
2022-05-16,"Female","Total",1717,0.00684997889110517
2022-05-23,"Female","Total",1789,0.00713722320104085
2022-05-30,"Female","Total",1903,0.00759202669177235
2022-06-06,"Female","Total",1980,0.00789921852323135
2022-06-13,"Female","Total",1983,0.00791118703614534
2022-06-20,"Female","Total",1923,0.0076718167778656
2022-06-27,"Female","Total",1897,0.00756808966594438
2022-07-04,"Female","Total",1963,0.00783139695005209
2022-07-11,"Female","Total",1927,0.00768777479508425
2022-07-18,"Female","Total",1983,0.00791118703614534
2022-07-25,"Female","Total",1983,0.00791118703614534
2022-08-01,"Female","Total",2038,0.00813060977290176
2022-08-08,"Female","Total",2039,0.00813459927720643
2022-08-15,"Female","Total",1925,0.00767979578647492
2022-08-22,"Female","Total",1864,0.00743643602389052
2022-08-29,"Female","Total",1775,0.00708137014077558
2022-09-05,"Female","Total",1787,0.00712924419243153
2022-09-12,"Female","Total",1779,0.00709732815799423
2022-09-19,"Female","Total",1721,0.00686593690832382
2022-09-26,"Female","Total",1652,0.00659066111130212
2022-10-03,"Female","Total",1669,0.00665848268448138
2022-10-10,"Female","Total",1667,0.00665050367587205
2022-10-17,"Female","Total",1697,0.00677018880501192
2022-10-24,"Female","Total",1610,0.0064231019305063
2022-10-31,"Female","Total",1574,0.00627947977553846
2022-11-07,"Female","Total",1673,0.00667444070170002
2022-11-14,"Female","Total",1625,0.00648294449507623
2022-11-21,"Female","Total",1700,0.00678215731792591
2022-11-28,"Female","Total",1635,0.00652283953812286
2022-12-05,"Female","Total",1653,0.00659465061560678
2022-12-12,"Female","Total",1679,0.006698377727528
2022-12-19,"Female","Total",1597,0.00637123837454569
2022-12-26,"Female","Total",1582,0.00631139580997576
2023-01-02,"Female","Total",1628,0.00646141803967074
2023-01-09,"Female","Total",1550,0.00615184149968651
2023-01-16,"Female","Total",1594,0.00632647441967761
2023-01-23,"Female","Total",1541,0.00611612112968833
2023-01-30,"Female","Total",1612,0.00639791515967397
2023-02-06,"Female","Total",1467,0.0058224203097033
2023-02-13,"Female","Total",1532,0.00608040075969015
2023-02-20,"Female","Total",1510,0.0059930842996946
2023-02-27,"Female","Total",1530,0.00607246289969056
2023-03-06,"Female","Total",1590,0.00631059869967842
2023-03-13,"Female","Total",1570,0.00623122009968247
2023-03-20,"Female","Total",1561,0.00619549972968429
2014-12-29,"Male","0-14",17.1668330447961,0.00038614060048725
2015-01-05,"Male","0-14",17.4733836348818,0.0003930359683531
2015-01-12,"Male","0-14",15.7873553894107,0.00035511144509096
2015-01-19,"Male","0-14",13.1816753736827,0.00029650081823128
2015-01-26,"Male","0-14",15.1742542092394,0.00034132070935927
2015-02-02,"Male","0-14",15.0209789141966,0.00033787302542635
2015-02-09,"Male","0-14",14.714428324111,0.0003309776575605
2015-02-16,"Male","0-14",18.3930354051387,0.00041372207195063
2015-02-23,"Male","0-14",16.8602824547105,0.00037924523262141
2015-03-02,"Male","0-14",17.0135577497533,0.00038269291655433
2015-03-09,"Male","0-14",13.6415012588112,0.00030684387003005
2015-03-16,"Male","0-14",15.4808047993251,0.00034821607722511
2015-03-23,"Male","0-14",13.4882259637684,0.00030339618609713
2015-03-30,"Male","0-14",15.1742542092394,0.00034132070935927
2015-04-06,"Male","0-14",14.2546024389825,0.00032063460576174
2015-04-13,"Male","0-14",15.4808047993251,0.00034821607722511
2015-04-20,"Male","0-14",16.7070071596677,0.00037579754868849
2015-04-27,"Male","0-14",16.5537318646248,0.00037234986475557
2015-05-04,"Male","0-14",13.3349506687256,0.00029994850216421
2015-05-11,"Male","0-14",13.4882259637684,0.00030339618609713
2015-05-18,"Male","0-14",14.1013271439397,0.00031718692182882
2015-05-25,"Male","0-14",16.2471812745392,0.00036545449688972
2015-06-01,"Male","0-14",13.794776553854,0.00031029155396297
2015-06-08,"Male","0-14",15.3275295042822,0.00034476839329219
2015-06-15,"Male","0-14",17.6266589299246,0.00039648365228602
2015-06-22,"Male","0-14",14.4078777340253,0.00032408228969466
2015-06-29,"Male","0-14",14.8677036191538,0.00033442534149342
2015-07-06,"Male","0-14",14.8677036191538,0.00033442534149342
2015-07-13,"Male","0-14",15.0209789141966,0.00033787302542635
2015-07-20,"Male","0-14",15.0209789141966,0.00033787302542635
2015-07-27,"Male","0-14",15.4808047993251,0.00034821607722511
2015-08-03,"Male","0-14",13.4882259637684,0.00030339618609713
2015-08-10,"Male","0-14",15.1742542092394,0.00034132070935927
2015-08-17,"Male","0-14",17.1668330447961,0.00038614060048725
2015-08-24,"Male","0-14",14.714428324111,0.0003309776575605
2015-08-31,"Male","0-14",16.8602824547105,0.00037924523262141
2015-09-07,"Male","0-14",15.1742542092394,0.00034132070935927
2015-09-14,"Male","0-14",12.8751247835971,0.00028960545036544
2015-09-21,"Male","0-14",15.9406306844535,0.00035855912902388
2015-09-28,"Male","0-14",15.1742542092394,0.00034132070935927
2015-10-05,"Male","0-14",16.2471812745392,0.00036545449688972
2015-10-12,"Male","0-14",15.7873553894107,0.00035511144509096
2015-10-19,"Male","0-14",15.3275295042822,0.00034476839329219
2015-10-26,"Male","0-14",14.2546024389825,0.00032063460576174
2015-11-02,"Male","0-14",16.2471812745392,0.00036545449688972
2015-11-09,"Male","0-14",15.3275295042822,0.00034476839329219
2015-11-16,"Male","0-14",15.9406306844535,0.00035855912902388
2015-11-23,"Male","0-14",17.7799342249674,0.00039993133621894
2015-11-30,"Male","0-14",16.0939059794964,0.0003620068129568
2015-12-07,"Male","0-14",15.1742542092394,0.00034132070935927
2015-12-14,"Male","0-14",15.4808047993251,0.00034821607722511
2015-12-21,"Male","0-14",15.7873553894107,0.00035511144509096
2015-12-28,"Male","0-14",15.9406306844535,0.00035855912902388
2016-01-04,"Male","0-14",13.6263036248915,0.00030182901190518
2016-01-11,"Male","0-14",14.7226728820667,0.00032611410481709
2016-01-18,"Male","0-14",19.5780224495568,0.00043366237342698
2016-01-25,"Male","0-14",16.2889146780312,0.00036080709469125
2016-02-01,"Male","0-14",11.1203167513482,0.00024632022810652
2016-02-08,"Male","0-14",15.192545420856,0.00033652200177934
2016-02-15,"Male","0-14",18.1684048331887,0.00040243868254024
2016-02-22,"Male","0-14",19.7346466291532,0.0004371316724144
2016-02-29,"Male","0-14",16.1322904984348,0.00035733779570383
2016-03-07,"Male","0-14",17.5419081148029,0.00038856148659057
2016-03-14,"Male","0-14",15.3491696004525,0.00033999130076675
2016-03-21,"Male","0-14",12.9998069065057,0.00028795181595551
2016-03-28,"Male","0-14",14.5660487024702,0.00032264480582967
2016-04-04,"Male","0-14",14.7226728820667,0.00032611410481709
2016-04-11,"Male","0-14",15.6624179596454,0.00034692989874158
2016-04-18,"Male","0-14",15.3491696004525,0.00033999130076675
2016-04-25,"Male","0-14",15.6624179596454,0.00034692989874158
2016-05-02,"Male","0-14",11.9034376493305,0.0002636667230436
2016-05-09,"Male","0-14",12.8431827269092,0.0002844825169681
2016-05-16,"Male","0-14",12.6865585473128,0.00028101321798068
2016-05-23,"Male","0-14",12.9998069065057,0.00028795181595551
2016-05-30,"Male","0-14",13.6263036248915,0.00030182901190518
2016-06-06,"Male","0-14",17.5419081148029,0.00038856148659057
2016-06-13,"Male","0-14",17.5419081148029,0.00038856148659057
2016-06-20,"Male","0-14",12.5299343677163,0.00027754391899327
2016-06-27,"Male","0-14",17.5419081148029,0.00038856148659057
2016-07-04,"Male","0-14",15.8190421392419,0.000350399197729
2016-07-11,"Male","0-14",16.2889146780312,0.00036080709469125
2016-07-18,"Male","0-14",15.8190421392419,0.000350399197729
2016-07-25,"Male","0-14",14.2528003432773,0.00031570620785484
2016-08-01,"Male","0-14",13.1564310861021,0.00029142111494293
2016-08-08,"Male","0-14",15.6624179596454,0.00034692989874158
2016-08-15,"Male","0-14",14.8792970616631,0.0003295834038045
2016-08-22,"Male","0-14",17.8551564739958,0.00039550008456541
2016-08-29,"Male","0-14",16.4455388576277,0.00036427639367866
2016-09-05,"Male","0-14",12.9998069065057,0.00028795181595551
2016-09-12,"Male","0-14",18.1684048331887,0.00040243868254024
2016-09-19,"Male","0-14",15.8190421392419,0.000350399197729
2016-09-26,"Male","0-14",16.7587872168206,0.0003712149916535
2016-10-03,"Male","0-14",14.7226728820667,0.00032611410481709
2016-10-10,"Male","0-14",15.192545420856,0.00033652200177934
2016-10-17,"Male","0-14",15.505793780049,0.00034346059975417
2016-10-24,"Male","0-14",13.4696794452951,0.00029835971291776
2016-10-31,"Male","0-14",16.1322904984348,0.00035733779570383
2016-11-07,"Male","0-14",15.0359212412596,0.00033305270279192
2016-11-14,"Male","0-14",19.1081499107674,0.00042325447646473
2016-11-21,"Male","0-14",15.0359212412596,0.00033305270279192
2016-11-28,"Male","0-14",17.3852839352064,0.00038509218760316
2016-12-05,"Male","0-14",12.3733101881199,0.00027407462000585
2016-12-12,"Male","0-14",16.1322904984348,0.00035733779570383
2016-12-19,"Male","0-14",13.3130552656986,0.00029489041393035
2016-12-26,"Male","0-14",18.0117806535922,0.00039896938355282
2017-01-02,"Male","0-14",17.1412170823307,0.00037439573378434
2017-01-09,"Male","0-14",15.9058140493699,0.00034741225747556
2017-01-16,"Male","0-14",14.2071348790489,0.00031030997755098
2017-01-23,"Male","0-14",16.5235155658503,0.00036090399562995
2017-01-30,"Male","0-14",12.1996049504876,0.00026646182854921
2017-02-06,"Male","0-14",14.9792617746494,0.00032717465024397
2017-02-13,"Male","0-14",17.1412170823307,0.00037439573378434
2017-02-20,"Male","0-14",16.8323663240905,0.00036764986470714
2017-02-27,"Male","0-14",18.0677693570513,0.00039463334101593
2017-03-06,"Male","0-14",15.2881125328896,0.00033392051932117
2017-03-13,"Male","0-14",16.06023942849,0.00035078519201416
2017-03-20,"Male","0-14",16.8323663240905,0.00036764986470714
2017-03-27,"Male","0-14",17.4500678405709,0.00038114160286153
2017-04-03,"Male","0-14",15.5969632911298,0.00034066638839836
2017-04-10,"Male","0-14",14.361560258169,0.00031368291208958
2017-04-17,"Male","0-14",14.6704110164092,0.00032042878116678
2017-04-24,"Male","0-14",17.2956424614508,0.00037776866832294
2017-05-01,"Male","0-14",16.6779409449704,0.00036427693016855
2017-05-08,"Male","0-14",14.2071348790489,0.00031030997755098
2017-05-15,"Male","0-14",12.817306466968,0.0002799535667036
2017-05-22,"Male","0-14",15.2881125328896,0.00033392051932117
2017-05-29,"Male","0-14",17.2956424614508,0.00037776866832294
2017-06-05,"Male","0-14",15.9058140493699,0.00034741225747556
2017-06-12,"Male","0-14",15.9058140493699,0.00034741225747556
2017-06-19,"Male","0-14",14.2071348790489,0.00031030997755098
2017-06-26,"Male","0-14",13.4350079834484,0.00029344530485799
2017-07-03,"Male","0-14",16.2146648076101,0.00035415812655275
2017-07-10,"Male","0-14",15.4425379120097,0.00033729345385976
2017-07-17,"Male","0-14",18.3766201152915,0.00040137921009312
2017-07-24,"Male","0-14",14.0527094999288,0.00030693704301239
2017-07-31,"Male","0-14",14.6704110164092,0.00032042878116678
2017-08-07,"Male","0-14",16.8323663240905,0.00036764986470714
2017-08-14,"Male","0-14",16.2146648076101,0.00035415812655275
2017-08-21,"Male","0-14",14.361560258169,0.00031368291208958
2017-08-28,"Male","0-14",17.4500678405709,0.00038114160286153
2017-09-04,"Male","0-14",16.3690901867302,0.00035753106109135
2017-09-11,"Male","0-14",14.9792617746494,0.00032717465024397
2017-09-18,"Male","0-14",12.1996049504876,0.00026646182854921
2017-09-25,"Male","0-14",14.5159856372891,0.00031705584662818
2017-10-02,"Male","0-14",16.2146648076101,0.00035415812655275
2017-10-09,"Male","0-14",15.9058140493699,0.00034741225747556
2017-10-16,"Male","0-14",15.7513886702498,0.00034403932293696
2017-10-23,"Male","0-14",17.4500678405709,0.00038114160286153
2017-10-30,"Male","0-14",16.6779409449704,0.00036427693016855
2017-11-06,"Male","0-14",13.7438587416886,0.00030019117393519
2017-11-13,"Male","0-14",16.6779409449704,0.00036427693016855
2017-11-20,"Male","0-14",16.8323663240905,0.00036764986470714
2017-11-27,"Male","0-14",12.817306466968,0.0002799535667036
2017-12-04,"Male","0-14",20.847426181213,0.00045534616271068
2017-12-11,"Male","0-14",19.4575977691322,0.0004249897518633
2017-12-18,"Male","0-14",16.3690901867302,0.00035753106109135
2017-12-25,"Male","0-14",15.1336871537695,0.00033054758478257
2018-01-01,"Male","0-14",15.9604977286194,0.00034444130858278
2018-01-08,"Male","0-14",12.4307722694055,0.00026826678841544
2018-01-15,"Male","0-14",12.7377049180328,0.00027489065973433
2018-01-22,"Male","0-14",16.574363025874,0.00035768905122058
2018-01-29,"Male","0-14",15.0396997827375,0.00032456969462608
2018-02-05,"Male","0-14",14.1189018368556,0.00030469808066938
2018-02-12,"Male","0-14",15.8070314043057,0.00034112937292333
2018-02-19,"Male","0-14",12.4307722694055,0.00026826678841544
2018-02-26,"Male","0-14",15.5000987556785,0.00033450550160443
2018-03-05,"Male","0-14",17.6486272960695,0.00038087260083673
2018-03-12,"Male","0-14",16.2674303772467,0.00035106517990168
2018-03-19,"Male","0-14",14.7327671341102,0.00031794582330718
2018-03-26,"Male","0-14",14.8862334584239,0.00032125775896663
2018-04-02,"Male","0-14",13.505036539601,0.00029145033803158
2018-04-09,"Male","0-14",11.9703732964645,0.00025833098143709
2018-04-16,"Male","0-14",15.6535650799921,0.00033781743726388
2018-04-23,"Male","0-14",13.8119691882283,0.00029807420935048
2018-04-30,"Male","0-14",12.5842385937191,0.00027157872407488
2018-05-07,"Male","0-14",13.0446375666601,0.00028151453105323
2018-05-14,"Male","0-14",14.5793008097966,0.00031463388764773
2018-05-21,"Male","0-14",15.0396997827375,0.00032456969462608
2018-05-28,"Male","0-14",11.5099743235236,0.00024839517445874
2018-06-04,"Male","0-14",15.5000987556785,0.00033450550160443
2018-06-11,"Male","0-14",15.8070314043057,0.00034112937292333
2018-06-18,"Male","0-14",11.6634406478373,0.00025170711011819
2018-06-25,"Male","0-14",15.6535650799921,0.00033781743726388
2018-07-02,"Male","0-14",14.4258344854829,0.00031132195198828
2018-07-09,"Male","0-14",15.5000987556785,0.00033450550160443
2018-07-16,"Male","0-14",15.1931661070512,0.00032788163028553
2018-07-23,"Male","0-14",13.8119691882283,0.00029807420935048
2018-07-30,"Male","0-14",14.4258344854829,0.00031132195198828
2018-08-06,"Male","0-14",14.1189018368556,0.00030469808066938
2018-08-13,"Male","0-14",15.5000987556785,0.00033450550160443
2018-08-20,"Male","0-14",19.6436895121469,0.00042392776440958
2018-08-27,"Male","0-14",15.3466324313648,0.00033119356594498
2018-09-03,"Male","0-14",15.5000987556785,0.00033450550160443
2018-09-10,"Male","0-14",17.1882283231286,0.00037093679385838
2018-09-17,"Male","0-14",16.4208967015603,0.00035437711556113
2018-09-24,"Male","0-14",17.8020936203832,0.00038418453649618
2018-10-01,"Male","0-14",15.3466324313648,0.00033119356594498
2018-10-08,"Male","0-14",14.4258344854829,0.00031132195198828
2018-10-15,"Male","0-14",14.4258344854829,0.00031132195198828
2018-10-22,"Male","0-14",14.7327671341102,0.00031794582330718
2018-10-29,"Male","0-14",16.8812956745013,0.00036431292253948
2018-11-05,"Male","0-14",14.1189018368556,0.00030469808066938
2018-11-12,"Male","0-14",13.3515702152874,0.00028813840237213
2018-11-19,"Male","0-14",15.5000987556785,0.00033450550160443
2018-11-26,"Male","0-14",15.0396997827375,0.00032456969462608
2018-12-03,"Male","0-14",16.2674303772467,0.00035106517990168
2018-12-10,"Male","0-14",13.1981038909737,0.00028482646671268
2018-12-17,"Male","0-14",16.8812956745013,0.00036431292253948
2018-12-24,"Male","0-14",16.4208967015603,0.00035437711556113
2018-12-31,"Male","0-14",16.9537004239176,0.00036259097888557
2019-01-07,"Male","0-14",18.3283247826137,0.00039199024744386
2019-01-14,"Male","0-14",17.8701166630483,0.00038219049125776
2019-01-21,"Male","0-14",15.5790760652216,0.00033319171032728
2019-01-28,"Male","0-14",15.5790760652216,0.00033319171032728
2019-02-04,"Male","0-14",14.3571877463807,0.00030705902716435
2019-02-11,"Male","0-14",12.8298273478296,0.0002743931732107
2019-02-18,"Male","0-14",16.1900202246421,0.00034625805190874
2019-02-25,"Male","0-14",15.4263400253665,0.00032992512493191
2019-03-04,"Male","0-14",11.6079390289887,0.00024826049004777
2019-03-11,"Male","0-14",18.9392689420341,0.00040505658902532
2019-03-18,"Male","0-14",13.2880354673949,0.00028419292939679
2019-03-25,"Male","0-14",12.2188831884091,0.00026132683162924
2019-04-01,"Male","0-14",13.7462435869602,0.00029399268558289
2019-04-08,"Male","0-14",12.2188831884091,0.00026132683162924
2019-04-15,"Male","0-14",15.7318121050767,0.00033645829572264
2019-04-22,"Male","0-14",16.037284184787,0.00034299146651337
2019-04-29,"Male","0-14",18.0228527029034,0.00038545707665313
2019-05-06,"Male","0-14",15.5790760652216,0.00033319171032728
2019-05-13,"Male","0-14",15.2736039855114,0.00032665853953655
2019-05-20,"Male","0-14",14.5099237862358,0.00031032561255972
2019-05-27,"Male","0-14",16.6482283442074,0.00035605780809484
2019-06-03,"Male","0-14",17.5646445833381,0.00037565732046703
2019-06-10,"Male","0-14",16.1900202246421,0.00034625805190874
2019-06-17,"Male","0-14",16.8009643840625,0.0003593243934902
2019-06-24,"Male","0-14",14.0517156666705,0.00030052585637362
2019-07-01,"Male","0-14",16.6482283442074,0.00035605780809484
2019-07-08,"Male","0-14",14.6626598260909,0.00031359219795508
2019-07-15,"Male","0-14",14.2044517065256,0.00030379244176899
2019-07-22,"Male","0-14",16.6482283442074,0.00035605780809484
2019-07-29,"Male","0-14",13.5935075471051,0.00029072610018753
2019-08-05,"Male","0-14",18.786532902179,0.00040179000362995
2019-08-12,"Male","0-14",14.815395865946,0.00031685878335045
2019-08-19,"Male","0-14",15.1208679456563,0.00032339195414118
2019-08-26,"Male","0-14",15.2736039855114,0.00032665853953655
2019-09-02,"Male","0-14",16.4954923043523,0.00035279122269947
2019-09-09,"Male","0-14",16.1900202246421,0.00034625805190874
2019-09-16,"Male","0-14",14.815395865946,0.00031685878335045
2019-09-23,"Male","0-14",14.815395865946,0.00031685878335045
2019-09-30,"Male","0-14",13.44077150725,0.00028745951479216
2019-10-07,"Male","0-14",16.6482283442074,0.00035605780809484
2019-10-14,"Male","0-14",13.1352994275398,0.00028092634400143
2019-10-21,"Male","0-14",16.037284184787,0.00034299146651337
2019-10-28,"Male","0-14",14.9681319058012,0.00032012536874582
2019-11-04,"Male","0-14",12.3716192282642,0.0002645934170246
2019-11-11,"Male","0-14",16.037284184787,0.00034299146651337
2019-11-18,"Male","0-14",17.411908543483,0.00037239073507166
2019-11-25,"Male","0-14",15.2736039855114,0.00032665853953655
2019-12-02,"Male","0-14",14.9681319058012,0.00032012536874582
2019-12-09,"Male","0-14",15.4263400253665,0.00032992512493191
2019-12-16,"Male","0-14",17.2591725036279,0.0003691241496763
2019-12-23,"Male","0-14",14.2044517065256,0.00030379244176899
2019-12-30,"Male","0-14",16.7179853044059,0.00035570208973455
2020-01-06,"Male","0-14",12.0026561159837,0.0002553758592966
2020-01-13,"Male","0-14",13.8602100386955,0.00029489831371155
2020-01-20,"Male","0-14",13.8602100386955,0.00029489831371155
2020-01-27,"Male","0-14",14.2888763285521,0.000304018880115
2020-02-03,"Male","0-14",13.2886549855534,0.00028273755850695
2020-02-10,"Male","0-14",12.1455448792692,0.00025841604809775
2020-02-17,"Male","0-14",14.4317650918376,0.00030705906891615
2020-02-24,"Male","0-14",15.2890976715507,0.00032530020172305
2020-03-02,"Male","0-14",13.71732127541,0.0002918581249104
2020-03-09,"Male","0-14",14.003098801981,0.0002979385025127
2020-03-16,"Male","0-14",13.0028774589824,0.00027665718090465
2020-03-23,"Male","0-14",13.71732127541,0.0002918581249104
2020-03-30,"Male","0-14",12.5742111691258,0.0002675366145012
2020-04-06,"Male","0-14",11.1453235362706,0.0002371347264897
2020-04-13,"Male","0-14",15.0033201449797,0.00031921982412075
2020-04-20,"Male","0-14",14.2888763285521,0.000304018880115
2020-04-27,"Male","0-14",13.4315437488389,0.0002857777473081
2020-05-04,"Male","0-14",13.2886549855534,0.00028273755850695
2020-05-11,"Male","0-14",15.8606527246928,0.00033746095692765
2020-05-18,"Male","0-14",14.1459875652665,0.00030097869131385
2020-05-25,"Male","0-14",15.1462089082652,0.0003222600129219
2020-06-01,"Male","0-14",12.8599886956969,0.0002736169921035
2020-06-08,"Male","0-14",14.8604313816941,0.0003161796353196
2020-06-15,"Male","0-14",12.1455448792692,0.00025841604809775
2020-06-22,"Male","0-14",14.5746538551231,0.0003100992577173
2020-06-29,"Male","0-14",13.8602100386955,0.00029489831371155
2020-07-06,"Male","0-14",15.4319864348362,0.0003283403905242
2020-07-13,"Male","0-14",18.0039841739756,0.0003830637889449
2020-07-20,"Male","0-14",14.5746538551231,0.0003100992577173
2020-07-27,"Male","0-14",13.5744325121245,0.00028881793610925
2020-08-03,"Male","0-14",13.8602100386955,0.00029489831371155
2020-08-10,"Male","0-14",14.4317650918376,0.00030705906891615
2020-08-17,"Male","0-14",14.4317650918376,0.00030705906891615
2020-08-24,"Male","0-14",11.8597673526982,0.00025233567049545
2020-08-31,"Male","0-14",12.0026561159837,0.0002553758592966
2020-09-07,"Male","0-14",12.5742111691258,0.0002675366145012
2020-09-14,"Male","0-14",11.4311010628416,0.000243215104092
2020-09-21,"Male","0-14",14.003098801981,0.0002979385025127
2020-09-28,"Male","0-14",11.5739898261272,0.00024625529289315
2020-10-05,"Male","0-14",12.5742111691258,0.0002675366145012
2020-10-12,"Male","0-14",14.003098801981,0.0002979385025127
2020-10-19,"Male","0-14",11.4311010628416,0.000243215104092
2020-10-26,"Male","0-14",15.8606527246928,0.00033746095692765
2020-11-02,"Male","0-14",12.7170999324113,0.00027057680330235
2020-11-09,"Male","0-14",12.8599886956969,0.0002736169921035
2020-11-16,"Male","0-14",13.8602100386955,0.00029489831371155
2020-11-23,"Male","0-14",14.8604313816941,0.0003161796353196
2020-11-30,"Male","0-14",17.4324291208335,0.0003709030337403
2020-12-07,"Male","0-14",14.003098801981,0.0002979385025127
2020-12-14,"Male","0-14",16.7179853044059,0.00035570208973455
2020-12-21,"Male","0-14",14.8604313816941,0.0003161796353196
2020-12-28,"Male","0-14",12.0026561159837,0.0002553758592966
2021-01-04,"Male","0-14",14.2428225690347,0.00030325326553161
2021-01-11,"Male","0-14",12.2685699357032,0.00026121815941832
2021-01-18,"Male","0-14",16.3580932476042,0.00034829087922443
2021-01-25,"Male","0-14",16.0760571571283,0.00034228586406539
2021-02-01,"Male","0-14",13.5377323428449,0.00028824072763401
2021-02-08,"Male","0-14",13.114678207131,0.00027923320489545
2021-02-15,"Male","0-14",13.114678207131,0.00027923320489545
2021-02-22,"Male","0-14",14.9479127952246,0.00031826580342922
2021-03-01,"Male","0-14",11.5634797095133,0.00024620562152072
2021-03-08,"Male","0-14",11.9865338452272,0.00025521314425928
2021-03-15,"Male","0-14",13.114678207131,0.00027923320489545
2021-03-22,"Male","0-14",12.8326421166551,0.0002732281897364
2021-03-29,"Male","0-14",10.9994075285615,0.00023419559120263
2021-04-05,"Male","0-14",11.2814436190374,0.00024020060636167
2021-04-12,"Male","0-14",14.2428225690347,0.00030325326553161
2021-04-19,"Male","0-14",13.6787503880829,0.00029124323521353
2021-04-26,"Male","0-14",16.3580932476042,0.00034829087922443
2021-05-03,"Male","0-14",12.6916240714171,0.00027022568215688
2021-05-10,"Male","0-14",11.9865338452272,0.00025521314425928
2021-05-17,"Male","0-14",13.255696252369,0.00028223571247497
2021-05-24,"Male","0-14",11.2814436190374,0.00024020060636167
2021-05-31,"Male","0-14",13.5377323428449,0.00028824072763401
2021-06-07,"Male","0-14",12.4095879809412,0.00026422066699784
2021-06-14,"Male","0-14",12.8326421166551,0.0002732281897364
2021-06-21,"Male","0-14",13.3967142976069,0.00028523822005449
2021-06-28,"Male","0-14",15.0889308404625,0.00032126831100874
2021-07-05,"Male","0-14",15.6530030214144,0.00033327834132682
2021-07-12,"Male","0-14",10.4353353476096,0.00022218556088455
2021-07-19,"Male","0-14",16.0760571571283,0.00034228586406539
2021-07-26,"Male","0-14",13.114678207131,0.00027923320489545
2021-08-02,"Male","0-14",14.1018045237968,0.00030025075795209
2021-08-09,"Male","0-14",12.973660161893,0.00027623069731593
2021-08-16,"Male","0-14",14.2428225690347,0.00030325326553161
2021-08-23,"Male","0-14",10.5763533928476,0.00022518806846407
2021-08-30,"Male","0-14",14.8068947499866,0.0003152632958497
2021-09-06,"Male","0-14",12.4095879809412,0.00026422066699784
2021-09-13,"Male","0-14",12.1275518904652,0.0002582156518388
2021-09-20,"Male","0-14",11.9865338452272,0.00025521314425928
2021-09-27,"Male","0-14",12.973660161893,0.00027623069731593
2021-10-04,"Male","0-14",12.6916240714171,0.00027022568215688
2021-10-11,"Male","0-14",13.114678207131,0.00027923320489545
2021-10-18,"Male","0-14",12.6916240714171,0.00027022568215688
2021-10-25,"Male","0-14",15.0889308404625,0.00032126831100874
2021-11-01,"Male","0-14",13.9607864785588,0.00029724825037257
2021-11-08,"Male","0-14",15.2299488857005,0.00032427081858826
2021-11-15,"Male","0-14",11.4224616642754,0.00024320311394119
2021-11-22,"Male","0-14",12.973660161893,0.00027623069731593
2021-11-29,"Male","0-14",13.5377323428449,0.00028824072763401
2021-12-06,"Male","0-14",12.2685699357032,0.00026121815941832
2021-12-13,"Male","0-14",13.3967142976069,0.00028523822005449
2021-12-20,"Male","0-14",13.255696252369,0.00028223571247497
2021-12-27,"Male","0-14",13.9607864785588,0.00029724825037257
2022-01-03,"Male","0-14",14.9309851843462,0.00031889479457517
2022-01-10,"Male","0-14",15.7604843612543,0.00033661117205157
2022-01-17,"Male","0-14",14.3779857330741,0.00030708387625757
2022-01-24,"Male","0-14",13.133736967712,0.00028050931004297
2022-01-31,"Male","0-14",15.6222344984363,0.00033365844247217
2022-02-07,"Male","0-14",11.0599890254416,0.00023621836635198
2022-02-14,"Male","0-14",13.27198683053,0.00028346203962237
2022-02-21,"Male","0-14",13.133736967712,0.00028050931004297
2022-02-28,"Male","0-14",13.8249862818021,0.00029527295793997
2022-03-07,"Male","0-14",15.7604843612543,0.00033661117205157
2022-03-14,"Male","0-14",13.27198683053,0.00028346203962237
2022-03-21,"Male","0-14",13.27198683053,0.00028346203962237
2022-03-28,"Male","0-14",13.548486556166,0.00028936749878117
2022-04-04,"Male","0-14",12.5807375164399,0.00026869839172537
2022-04-11,"Male","0-14",13.9632361446201,0.00029822568751937
2022-04-18,"Male","0-14",13.548486556166,0.00028936749878117
2022-04-25,"Male","0-14",13.9632361446201,0.00029822568751937
2022-05-02,"Male","0-14",14.3779857330741,0.00030708387625757
2022-05-09,"Male","0-14",13.9632361446201,0.00029822568751937
2022-05-16,"Male","0-14",12.7189873792579,0.00027165112130477
2022-05-23,"Male","0-14",12.9954871048939,0.00027755658046357
2022-05-30,"Male","0-14",14.1014860074381,0.00030117841709877
2022-06-06,"Male","0-14",12.9954871048939,0.00027755658046357
2022-06-13,"Male","0-14",15.6222344984363,0.00033365844247217
2022-06-20,"Male","0-14",12.9954871048939,0.00027755658046357
2022-06-27,"Male","0-14",14.5162355958922,0.00031003660583697
2022-07-04,"Male","0-14",14.1014860074381,0.00030117841709877
2022-07-11,"Male","0-14",15.0692350471642,0.00032184752415457
2022-07-18,"Male","0-14",14.1014860074381,0.00030117841709877
2022-07-25,"Male","0-14",14.1014860074381,0.00030117841709877
2022-08-01,"Male","0-14",13.133736967712,0.00028050931004297
2022-08-08,"Male","0-14",12.8572372420759,0.00027460385088417
2022-08-15,"Male","0-14",14.6544854587102,0.00031298933541637
2022-08-22,"Male","0-14",11.4747386138957,0.00024507655509018
2022-08-29,"Male","0-14",12.4424876536219,0.00026574566214597
2022-09-05,"Male","0-14",12.3042377908038,0.00026279293256657
2022-09-12,"Male","0-14",12.0277380651678,0.00025688747340778
2022-09-19,"Male","0-14",14.6544854587102,0.00031298933541637
2022-09-26,"Male","0-14",13.133736967712,0.00028050931004297
2022-10-03,"Male","0-14",15.6222344984363,0.00033365844247217
2022-10-10,"Male","0-14",14.2397358702561,0.00030413114667817
2022-10-17,"Male","0-14",13.27198683053,0.00028346203962237
2022-10-24,"Male","0-14",12.8572372420759,0.00027460385088417
2022-10-31,"Male","0-14",13.133736967712,0.00028050931004297
2022-11-07,"Male","0-14",12.3042377908038,0.00026279293256657
2022-11-14,"Male","0-14",14.9309851843462,0.00031889479457517
2022-11-21,"Male","0-14",14.2397358702561,0.00030413114667817
2022-11-28,"Male","0-14",13.8249862818021,0.00029527295793997
2022-12-05,"Male","0-14",14.3779857330741,0.00030708387625757
2022-12-12,"Male","0-14",10.7834892998056,0.00023031290719318
2022-12-19,"Male","0-14",13.686736418984,0.00029232022836057
2022-12-26,"Male","0-14",15.2074849099823,0.00032480025373397
2023-01-02,"Male","0-14",12.5782328677191,0.00026967907735221
2023-01-09,"Male","0-14",10.0084863678625,0.00021458335187165
2023-01-16,"Male","0-14",11.2257347098998,0.00024068132709929
2023-01-23,"Male","0-14",11.4962343414637,0.00024648087714987
2023-01-30,"Male","0-14",15.1479793675757,0.00032477480283277
2023-02-06,"Male","0-14",13.1192321308468,0.00028127817745338
2023-02-13,"Male","0-14",15.0127295517938,0.00032187502780748
2023-02-20,"Male","0-14",11.2257347098998,0.00024068132709929
2023-02-27,"Male","0-14",12.8487324992829,0.0002754786274028
2023-03-06,"Male","0-14",12.713482683501,0.00027257885237751
2023-03-13,"Male","0-14",12.8487324992829,0.0002754786274028
2023-03-20,"Male","0-14",13.6602313939745,0.00029287727755455
2014-12-29,"Male","15-64",358.833166955204,0.0023730813848844
2015-01-05,"Male","15-64",334.526616365118,0.00221233419636354
2015-01-12,"Male","15-64",318.212644610589,0.00210444455223532
2015-01-19,"Male","15-64",304.818324626317,0.00201586352253961
2015-01-26,"Male","15-64",337.825745790761,0.00223415242095172
2015-02-02,"Male","15-64",324.979021085803,0.00214919281838
2015-02-09,"Male","15-64",327.285571675889,0.00216444679368855
2015-02-16,"Male","15-64",339.606964594861,0.0022459322049173
2015-02-23,"Male","15-64",339.139717545289,0.00224284214698066
2015-03-02,"Male","15-64",325.986442250247,0.00215585522484695
2015-03-09,"Male","15-64",325.358498741189,0.00215170242853565
2015-03-16,"Male","15-64",329.519195200675,0.00217921847840345
2015-03-23,"Male","15-64",320.511774036232,0.00211964944895021
2015-03-30,"Male","15-64",327.825745790761,0.00216801914221886
2015-04-06,"Male","15-64",345.745397561018,0.00228652767475068
2015-04-13,"Male","15-64",315.519195200675,0.00208663188817744
2015-04-20,"Male","15-64",338.292992840332,0.00223724247888837
2015-04-27,"Male","15-64",334.446268135375,0.00221180282717622
2015-05-04,"Male","15-64",327.665049331274,0.0021669564038442
2015-05-11,"Male","15-64",334.511774036232,0.00221223603917621
2015-05-18,"Male","15-64",305.89867285606,0.00202300821960023
2015-05-25,"Male","15-64",340.752818725461,0.00225351011397792
2015-06-01,"Male","15-64",363.205223446146,0.00240199522793953
2015-06-08,"Male","15-64",347.672470495718,0.00229927203990359
2015-06-15,"Male","15-64",337.373341070075,0.00223116052020241
2015-06-22,"Male","15-64",309.592122265975,0.00204743421153139
2015-06-29,"Male","15-64",339.132296380846,0.002242793068387
2015-07-06,"Male","15-64",349.132296380846,0.00230892634711986
2015-07-13,"Male","15-64",356.979021085803,0.00236081931032515
2015-07-20,"Male","15-64",346.979021085803,0.00229468603159229
2015-07-27,"Male","15-64",356.519195200675,0.00235777833098218
2015-08-03,"Male","15-64",367.511774036232,0.00243047585899466
2015-08-10,"Male","15-64",315.825745790761,0.00208865920773943
2015-08-17,"Male","15-64",366.833166955204,0.00242598800787069
2015-08-24,"Male","15-64",333.285571675889,0.00220412676092827
2015-08-31,"Male","15-64",376.139717545289,0.00248753527829225
2015-09-07,"Male","15-64",349.825745790761,0.00231351235543116
2015-09-14,"Male","15-64",359.124875216403,0.00237501054725905
2015-09-21,"Male","15-64",326.059369315546,0.00215633751544061
2015-09-28,"Male","15-64",339.825745790761,0.0022473790766983
2015-10-05,"Male","15-64",323.752818725461,0.00214108354013205
2015-10-12,"Male","15-64",335.212644610589,0.00221687112608118
2015-10-19,"Male","15-64",342.672470495718,0.00226620540053716
2015-10-26,"Male","15-64",314.745397561018,0.00208151451067881
2015-11-02,"Male","15-64",338.752818725461,0.00224028345823135
2015-11-09,"Male","15-64",298.672470495718,0.00197521897411257
2015-11-16,"Male","15-64",328.059369315546,0.00216956417118718
2015-11-23,"Male","15-64",339.220065775033,0.00224337351616799
2015-11-30,"Male","15-64",335.906094020504,0.00222145713439248
2015-12-07,"Male","15-64",319.825745790761,0.00211511251923257
2015-12-14,"Male","15-64",328.519195200675,0.00217260515053016
2015-12-21,"Male","15-64",340.212644610589,0.00224993776544761
2015-12-28,"Male","15-64",329.059369315546,0.00217617749906047
2016-01-04,"Male","15-64",313.373696375108,0.0020501453109774
2016-01-11,"Male","15-64",325.277327117933,0.002128020936894
2016-01-18,"Male","15-64",354.421977550443,0.00231869031698378
2016-01-25,"Male","15-64",320.711085321969,0.0020981477876314
2016-02-01,"Male","15-64",298.879683248652,0.00195532295226584
2016-02-08,"Male","15-64",348.807454579144,0.00228195912966292
2016-02-15,"Male","15-64",357.831595166811,0.00234099662938103
2016-02-22,"Male","15-64",341.265353370847,0.00223261738973399
2016-02-29,"Male","15-64",304.867709501565,0.0019944976631188
2016-03-07,"Male","15-64",350.458091885197,0.002292757886458
2016-03-14,"Male","15-64",291.650830399547,0.00190803053767021
2016-03-21,"Male","15-64",299.000193093494,0.00195611134866345
2016-03-28,"Male","15-64",296.43395129753,0.00193932254779826
2016-04-04,"Male","15-64",336.277327117933,0.00219998485307973
2016-04-11,"Male","15-64",334.337582040355,0.00218729470288113
2016-04-18,"Male","15-64",324.650830399547,0.0021239222862274
2016-04-25,"Male","15-64",316.337582040355,0.00206953556730448
2016-05-02,"Male","15-64",294.09656235067,0.00192403094213778
2016-05-09,"Male","15-64",303.156817273091,0.00198330470812492
2016-05-16,"Male","15-64",279.313441452687,0.00182731719002269
2016-05-23,"Male","15-64",339.000193093494,0.00221779831661157
2016-05-30,"Male","15-64",311.373696375108,0.00203706096258
2016-06-06,"Male","15-64",362.458091885197,0.00237126397684244
2016-06-13,"Male","15-64",320.458091885197,0.00209649266049691
2016-06-20,"Male","15-64",308.470065632284,0.00201806490445173
2016-06-27,"Male","15-64",340.458091885197,0.00222733614447097
2016-07-04,"Male","15-64",359.180957860758,0.00234982439518206
2016-07-11,"Male","15-64",331.711085321969,0.00217011170381713
2016-07-18,"Male","15-64",353.180957860758,0.00231057134998984
2016-07-25,"Male","15-64",321.747199656723,0.00210492622809913
2016-08-01,"Male","15-64",306.843568913898,0.00200742407958643
2016-08-08,"Male","15-64",326.337582040355,0.00213495730929151
2016-08-15,"Male","15-64",336.120702938337,0.00219896019041308
2016-08-22,"Male","15-64",383.144843526004,0.0025066003096819
2016-08-29,"Male","15-64",360.554461142372,0.00235881009291287
2016-09-05,"Male","15-64",313.000193093494,0.0020477017874453
2016-09-12,"Male","15-64",358.831595166811,0.00234753880357973
2016-09-19,"Male","15-64",329.180957860758,0.00215355916922097
2016-09-26,"Male","15-64",330.241212783179,0.00216049554161848
2016-10-03,"Male","15-64",323.277327117933,0.00211493658849659
2016-10-10,"Male","15-64",340.807454579144,0.0022296217360733
2016-10-17,"Male","15-64",326.494206219951,0.00213598197195816
2016-10-24,"Male","15-64",315.530320554705,0.00206425432204146
2016-10-31,"Male","15-64",343.867709501565,0.00224964245686822
2016-11-07,"Male","15-64",329.96407875874,0.00215868248255422
2016-11-14,"Male","15-64",343.891850089233,0.002249800388798
2016-11-21,"Male","15-64",320.96407875874,0.00209980291476589
2016-11-28,"Male","15-64",338.614716064794,0.00221527645874021
2016-12-05,"Male","15-64",314.62668981188,0.00205834261231059
2016-12-12,"Male","15-64",351.867709501565,0.00230197985045784
2016-12-19,"Male","15-64",338.686944734301,0.00221574899127827
2016-12-26,"Male","15-64",337.988219346408,0.00221117780807362
2017-01-02,"Male","15-64",331.858782917669,0.00214374110904361
2017-01-09,"Male","15-64",303.09418595063,0.00195792758781879
2017-01-16,"Male","15-64",318.792865120951,0.00205933790337296
2017-01-23,"Male","15-64",331.47648443415,0.00214127153759565
2017-01-30,"Male","15-64",311.800395049512,0.00201416795061743
2017-02-06,"Male","15-64",331.020738225351,0.00213832750858879
2017-02-13,"Male","15-64",316.858782917669,0.00204684412065312
2017-02-20,"Male","15-64",292.167633675909,0.00188734425389135
2017-02-27,"Male","15-64",331.932230642949,0.00214421556660252
2017-03-06,"Male","15-64",363.71188746711,0.00234950576915881
2017-03-13,"Male","15-64",327.93976057151,0.00211842501152508
2017-03-20,"Male","15-64",298.167633675909,0.00192610304924754
2017-03-27,"Male","15-64",345.549932159429,0.00223218318431902
2017-04-03,"Male","15-64",312.40303670887,0.00201806089474212
2017-04-10,"Male","15-64",337.638439741831,0.00218107653172306
2017-04-17,"Male","15-64",297.329588983591,0.00192068944879272
2017-04-24,"Male","15-64",338.704357538549,0.00218796214668131
2017-05-01,"Male","15-64",323.32205905503,0.00208859558684287
2017-05-08,"Male","15-64",331.792865120951,0.00214331529331138
2017-05-15,"Male","15-64",311.182693533032,0.00201017772283935
2017-05-22,"Male","15-64",333.71188746711,0.00215571179237784
2017-05-29,"Male","15-64",336.704357538549,0.00217504254822925
2017-06-05,"Male","15-64",328.09418595063,0.0021194225684696
2017-06-12,"Male","15-64",338.09418595063,0.00218402056072993
2017-06-19,"Male","15-64",325.792865120951,0.00210455649795519
2017-06-26,"Male","15-64",328.564992016552,0.00212246388112985
2017-07-03,"Male","15-64",347.78533519239,0.00224662343910121
2017-07-10,"Male","15-64",364.55746208799,0.00235496801144033
2017-07-17,"Male","15-64",389.623379884709,0.00251688880782336
2017-07-24,"Male","15-64",331.947290500071,0.0021443128502559
2017-07-31,"Male","15-64",379.329588983591,0.00245039298532738
2017-08-07,"Male","15-64",361.167633675909,0.00233307040048758
2017-08-14,"Male","15-64",364.78533519239,0.00235644002594376
2017-08-21,"Male","15-64",353.638439741831,0.00228443331933958
2017-08-28,"Male","15-64",384.549932159429,0.00248411535413428
2017-09-04,"Male","15-64",345.63090981327,0.00223270628370463
2017-09-11,"Male","15-64",374.020738225351,0.00241609887530818
2017-09-18,"Male","15-64",343.800395049512,0.00222088152585046
2017-09-25,"Male","15-64",346.484014362711,0.00223821716781283
2017-10-02,"Male","15-64",333.78533519239,0.00215618624993676
2017-10-09,"Male","15-64",327.09418595063,0.00211296276924357
2017-10-16,"Male","15-64",356.24861132975,0.00230129450374303
2017-10-23,"Male","15-64",342.549932159429,0.00221280378664092
2017-10-30,"Male","15-64",356.32205905503,0.00230176896130194
2017-11-06,"Male","15-64",320.256141258311,0.00206879037343255
2017-11-13,"Male","15-64",345.32205905503,0.00223071116981559
2017-11-20,"Male","15-64",357.167633675909,0.00230723120358345
2017-11-27,"Male","15-64",310.182693533032,0.00200371792361332
2017-12-04,"Male","15-64",362.152573818787,0.00233943291606023
2017-12-11,"Male","15-64",368.542402230868,0.00238070992469107
2017-12-18,"Male","15-64",342.63090981327,0.00221332688602653
2017-12-25,"Male","15-64",319.866312846231,0.00206627216015791
2018-01-01,"Male","15-64",341.039502271381,0.00217462405778603
2018-01-08,"Male","15-64",372.569227730594,0.00237567202748555
2018-01-15,"Male","15-64",301.262295081967,0.00192098636734393
2018-01-22,"Male","15-64",368.425636974126,0.00234925059511592
2018-01-29,"Male","15-64",323.960300217262,0.00206571924345423
2018-02-05,"Male","15-64",308.881098163144,0.00196956734509435
2018-02-12,"Male","15-64",342.192968595694,0.00218197908734124
2018-02-19,"Male","15-64",327.569227730594,0.00208873141811737
2018-02-26,"Male","15-64",342.499901244322,0.00218393623047973
2018-03-05,"Male","15-64",331.35137270393,0.00211284810663665
2018-03-12,"Male","15-64",312.732569622753,0.00199412609104067
2018-03-19,"Male","15-64",320.26723286589,0.00204217055464889
2018-03-26,"Male","15-64",304.113766541576,0.00193916865530429
2018-04-02,"Male","15-64",327.494963460399,0.00208825787511861
2018-04-09,"Male","15-64",292.029626703535,0.00186211464533056
2018-04-16,"Male","15-64",333.346434920008,0.00212556953703685
2018-04-23,"Male","15-64",335.188030811772,0.0021373123958678
2018-04-30,"Male","15-64",326.415761406281,0.00208137638856216
2018-05-07,"Male","15-64",325.95536243334,0.00207844067385443
2018-05-14,"Male","15-64",318.420699190203,0.00203039621024621
2018-05-21,"Male","15-64",342.960300217262,0.00218687194518747
2018-05-28,"Male","15-64",325.490025676476,0.00207547347357496
2018-06-04,"Male","15-64",364.499901244322,0.00232421830617084
2018-06-11,"Male","15-64",328.192968595694,0.0020927086755378
2018-06-18,"Male","15-64",306.336559352163,0.00195334220027249
2018-06-25,"Male","15-64",331.346434920008,0.00211281662106493
2018-07-02,"Male","15-64",355.574165514517,0.00226730372729596
2018-07-09,"Male","15-64",358.499901244322,0.00228595955825508
2018-07-16,"Male","15-64",333.806833892949,0.00212850525174458
2018-07-23,"Male","15-64",360.188030811772,0.00229672384551679
2018-07-30,"Male","15-64",307.574165514517,0.0019612337439699
2018-08-06,"Male","15-64",314.881098163144,0.00200782609301011
2018-08-13,"Male","15-64",344.499901244322,0.00219668914645165
2018-08-20,"Male","15-64",384.356310487853,0.00245083186546424
2018-08-27,"Male","15-64",354.653367568635,0.00226143229788049
2018-09-03,"Male","15-64",372.499901244322,0.00237522997005852
2018-09-10,"Male","15-64",329.811771676871,0.00210303090537247
2018-09-17,"Male","15-64",319.57910329844,0.00203778272537315
2018-09-24,"Male","15-64",364.197906379617,0.00232229264860408
2018-10-01,"Male","15-64",343.653367568635,0.00219129126003494
2018-10-08,"Male","15-64",309.574165514517,0.00197398665994182
2018-10-15,"Male","15-64",324.574165514517,0.00206963352973122
2018-10-22,"Male","15-64",339.26723286589,0.00216332325638212
2018-10-29,"Male","15-64",348.118704325499,0.00221976429225824
2018-11-05,"Male","15-64",313.881098163144,0.00200144963502415
2018-11-12,"Male","15-64",296.648429784713,0.00189156624912311
2018-11-19,"Male","15-64",308.499901244322,0.0019671366589571
2018-11-26,"Male","15-64",290.960300217262,0.00185529612991757
2018-12-03,"Male","15-64",326.732569622753,0.00208339650284411
2018-12-10,"Male","15-64",328.801896109026,0.00209659147624306
2018-12-17,"Male","15-64",343.118704325499,0.00218788200232844
2018-12-24,"Male","15-64",346.57910329844,0.00220994709099405
2018-12-31,"Male","15-64",330.046299576082,0.00208009147397035
2019-01-07,"Male","15-64",353.671675217386,0.00222898859084136
2019-01-14,"Male","15-64",352.129883336952,0.00221927156583836
2019-01-21,"Male","15-64",341.420923934778,0.00215177917105567
2019-01-28,"Male","15-64",315.420923934778,0.0019879161664024
2019-02-04,"Male","15-64",346.642812253619,0.00218468972143602
2019-02-11,"Male","15-64",300.17017265217,0.00189179947684902
2019-02-18,"Male","15-64",360.809979775358,0.00227397720749518
2019-02-25,"Male","15-64",387.573659974634,0.00244265324799643
2019-03-04,"Male","15-64",331.392060971011,0.00208857303188264
2019-03-11,"Male","15-64",349.060731057966,0.00219992846913939
2019-03-18,"Male","15-64",323.711964532605,0.00204016981348171
2019-03-25,"Male","15-64",316.781116811591,0.00199648867762173
2019-04-01,"Male","15-64",323.25375641304,0.00203728199197292
2019-04-08,"Male","15-64",337.781116811591,0.00212883956599552
2019-04-15,"Male","15-64",344.268187894923,0.00216972383365375
2019-04-22,"Male","15-64",320.962715815213,0.00202284288442898
2019-04-29,"Male","15-64",323.977147297097,0.0020418411075037
2019-05-06,"Male","15-64",341.420923934778,0.00215177917105567
2019-05-13,"Male","15-64",347.726396014489,0.00219151892493023
2019-05-20,"Male","15-64",336.490076213764,0.00212070288170747
2019-05-27,"Male","15-64",341.351771655793,0.00215134334412439
2019-06-03,"Male","15-64",360.435355416662,0.00227161616622471
2019-06-10,"Male","15-64",351.809979775358,0.00221725539819213
2019-06-17,"Male","15-64",364.199035615937,0.00229533647184037
2019-06-24,"Male","15-64",352.94828433333,0.00222442947531058
2019-07-01,"Male","15-64",358.351771655793,0.0022584845394746
2019-07-08,"Male","15-64",344.337340173909,0.00217015966058503
2019-07-15,"Male","15-64",326.795548293474,0.00205960386348771
2019-07-22,"Male","15-64",355.351771655793,0.00223957726970692
2019-07-29,"Male","15-64",305.406492452895,0.00192480098053641
2019-08-05,"Male","15-64",371.213467097821,0.00233954438793868
2019-08-12,"Male","15-64",312.184604134054,0.0019675195092268
2019-08-19,"Male","15-64",358.879132054344,0.00226180818791467
2019-08-26,"Male","15-64",363.726396014489,0.00229235769702455
2019-09-02,"Male","15-64",360.504507695648,0.00227205199315599
2019-09-09,"Male","15-64",336.809979775358,0.0021227190493537
2019-09-16,"Male","15-64",350.184604134054,0.00220701159295081
2019-09-23,"Male","15-64",328.184604134054,0.00206835828132112
2019-09-30,"Male","15-64",335.55922849275,0.00211483628538285
2019-10-07,"Male","15-64",341.351771655793,0.00215134334412439
2019-10-14,"Male","15-64",342.86470057246,0.00216087846251331
2019-10-21,"Male","15-64",352.962715815213,0.00222452042861762
2019-10-28,"Male","15-64",334.031868094199,0.00210521021368689
2019-11-04,"Male","15-64",326.628380771736,0.00205855030301108
2019-11-11,"Male","15-64",330.962715815213,0.00208586711698793
2019-11-18,"Male","15-64",353.588091456517,0.00222846181060304
2019-11-25,"Male","15-64",333.726396014489,0.0021032849993477
2019-12-02,"Male","15-64",347.031868094199,0.00218714171601353
2019-12-09,"Male","15-64",365.573659974634,0.00230399993636674
2019-12-16,"Male","15-64",341.740827496372,0.0021537953387019
2019-12-23,"Male","15-64",328.795548293474,0.0020722087099995
2019-12-30,"Male","15-64",354.282014695594,0.00221974812511002
2020-01-06,"Male","15-64",333.997343884016,0.00209265485439696
2020-01-13,"Male","15-64",312.139789961304,0.00195570671046954
2020-01-20,"Male","15-64",336.139789961304,0.00210607831499034
2020-01-27,"Male","15-64",314.711123671448,0.00197181735945923
2020-02-03,"Male","15-64",340.711345014447,0.00213472131784435
2020-02-10,"Male","15-64",317.854455120731,0.00199151185085796
2020-02-17,"Male","15-64",350.568234908162,0.00219647949904864
2020-02-24,"Male","15-64",344.710902328449,0.00215978047828933
2020-03-02,"Male","15-64",330.28267872459,0.00206938068105194
2020-03-09,"Male","15-64",337.996901198019,0.00211771401484194
2020-03-16,"Male","15-64",316.997122541018,0.00198614024770715
2020-03-23,"Male","15-64",342.28267872459,0.00214456648331235
2020-03-30,"Male","15-64",343.425788830874,0.00215172862084676
2020-04-06,"Male","15-64",322.854676463729,0.00202284065528737
2020-04-13,"Male","15-64",332.99667985502,0.00208638521041253
2020-04-20,"Male","15-64",305.711123671448,0.00191542800776393
2020-04-27,"Male","15-64",339.568456251161,0.00212756056713085
2020-05-04,"Male","15-64",295.711345014447,0.00185277455936784
2020-05-11,"Male","15-64",371.139347275307,0.00232536746460803
2020-05-18,"Male","15-64",329.854012434733,0.00206669487947654
2020-05-25,"Male","15-64",350.853791091735,0.00219826864661133
2020-06-01,"Male","15-64",328.140011304303,0.00205595583363765
2020-06-08,"Male","15-64",319.139568618306,0.00199956370830053
2020-06-15,"Male","15-64",318.854455120731,0.00199777733437966
2020-06-22,"Male","15-64",305.425346144877,0.00191363747338033
2020-06-29,"Male","15-64",344.139789961304,0.00215620218316395
2020-07-06,"Male","15-64",366.568013565164,0.00229672584857493
2020-07-13,"Male","15-64",346.996015826024,0.0021740978192536
2020-07-20,"Male","15-64",333.425346144877,0.00208907101198794
2020-07-27,"Male","15-64",328.425567487876,0.00205774498120034
2020-08-03,"Male","15-64",350.139789961304,0.00219379508429415
2020-08-10,"Male","15-64",339.568234908162,0.00212755918030994
2020-08-17,"Male","15-64",364.568234908162,0.00228419626835244
2020-08-24,"Male","15-64",315.140232647302,0.00197450593467646
2020-08-31,"Male","15-64",318.997343884016,0.00199867260157146
2020-09-07,"Male","15-64",306.425788830874,0.00191990573054385
2020-09-14,"Male","15-64",309.568898937158,0.00193959883512166
2020-09-21,"Male","15-64",326.996901198019,0.00204879369610324
2020-09-28,"Male","15-64",343.426010173873,0.00215173000766767
2020-10-05,"Male","15-64",326.425788830874,0.00204521540097785
2020-10-12,"Male","15-64",301.996901198019,0.00189215660806073
2020-10-19,"Male","15-64",300.568898937158,0.00188320948342636
2020-10-26,"Male","15-64",335.139347275307,0.00209981005782682
2020-11-02,"Male","15-64",320.282900067589,0.00200672723265585
2020-11-09,"Male","15-64",330.140011304303,0.00206848680068105
2020-11-16,"Male","15-64",358.139789961304,0.00224391895246775
2020-11-23,"Male","15-64",343.139568618306,0.00214993531282133
2020-11-30,"Male","15-64",359.567570879167,0.00225286469028121
2020-12-07,"Male","15-64",328.996901198019,0.00206132466314664
2020-12-14,"Male","15-64",369.282014695594,0.00231373037793552
2020-12-21,"Male","15-64",321.139568618306,0.00201209467534393
2020-12-28,"Male","15-64",304.997343884016,0.00191095583226765
2021-01-04,"Male","15-64",364.757177430965,0.00228185420235254
2021-01-11,"Male","15-64",337.731430064297,0.00211278606876654
2021-01-18,"Male","15-64",383.641906752396,0.00239999361571762
2021-01-25,"Male","15-64",323.923942842872,0.0020264089535524
2021-02-01,"Male","15-64",317.462267657155,0.00198598589517528
2021-02-08,"Male","15-64",312.885321792869,0.00195735335879062
2021-02-15,"Male","15-64",318.885321792869,0.00199488826162801
2021-02-22,"Male","15-64",340.052087204775,0.002127303675481
2021-03-01,"Male","15-64",307.436520290487,0.00192326665296192
2021-03-08,"Male","15-64",323.013466154773,0.00202071317788182
2021-03-15,"Male","15-64",313.885321792869,0.00196360917593018
2021-03-22,"Male","15-64",315.167357883345,0.00197162935927852
2021-03-29,"Male","15-64",321.000592471438,0.00200812100819383
2021-04-05,"Male","15-64",285.718556380963,0.00178740304210023
2021-04-12,"Male","15-64",334.757177430965,0.00209417968816554
2021-04-19,"Male","15-64",341.321249611917,0.00213524332342049
2021-04-26,"Male","15-64",336.641906752396,0.00210597021015799
2021-05-03,"Male","15-64",353.308375928583,0.00221023259368644
2021-05-10,"Male","15-64",308.013466154773,0.00192687592078832
2021-05-17,"Male","15-64",309.744303747631,0.00193770372426753
2021-05-24,"Male","15-64",328.718556380963,0.00205640317910159
2021-05-31,"Male","15-64",335.462267657155,0.00209859060368748
2021-06-07,"Male","15-64",360.590412019059,0.00225578767987218
2021-06-14,"Male","15-64",310.167357883345,0.00194035027358069
2021-06-21,"Male","15-64",338.603285702393,0.00211824023821057
2021-06-28,"Male","15-64",310.911069159537,0.00194500279532919
2021-07-05,"Male","15-64",329.346996978586,0.0020603345885634
2021-07-12,"Male","15-64",320.56466465239,0.00200539392347182
2021-07-19,"Male","15-64",352.923942842872,0.00220782765059983
2021-07-26,"Male","15-64",349.885321792869,0.00218881859295458
2021-08-02,"Male","15-64",335.898195476203,0.0021013176884095
2021-08-09,"Male","15-64",342.026339838107,0.00213965423894243
2021-08-16,"Male","15-64",319.757177430965,0.00200034243107204
2021-08-23,"Male","15-64",311.423646607152,0.00194820938611133
2021-08-30,"Male","15-64",340.193105250013,0.00212818585858539
2021-09-06,"Male","15-64",329.590412019059,0.00206185734854562
2021-09-13,"Male","15-64",305.872448109535,0.0019134821034048
2021-09-20,"Male","15-64",329.013466154773,0.00205824808071922
2021-09-27,"Male","15-64",343.026339838107,0.002145910056082
2021-10-04,"Male","15-64",364.308375928583,0.00227904658222167
2021-10-11,"Male","15-64",352.885321792869,0.00220758604437328
2021-10-18,"Male","15-64",339.308375928583,0.00212265115373251
2021-10-25,"Male","15-64",357.911069159537,0.00223902620088881
2021-11-01,"Male","15-64",299.039213521441,0.00187073463734992
2021-11-08,"Male","15-64",332.770051114299,0.00208174858929526
2021-11-15,"Male","15-64",323.577538335725,0.00202424191029937
2021-11-22,"Male","15-64",322.026339838107,0.0020145378961511
2021-11-29,"Male","15-64",365.462267657155,0.00228626511787448
2021-12-06,"Male","15-64",326.731430064297,0.00204397208023131
2021-12-13,"Male","15-64",332.603285702393,0.00208070533537317
2021-12-20,"Male","15-64",365.744303747631,0.00228802948408325
2021-12-27,"Male","15-64",321.039213521441,0.00200836261442039
2022-01-03,"Male","15-64",355.069014815654,0.00221782412178986
2022-01-10,"Male","15-64",405.239515638746,0.00253119797950453
2022-01-17,"Male","15-64",367.622014266926,0.00229623238559823
2022-01-24,"Male","15-64",342.866263032288,0.00214160356711427
2022-01-31,"Male","15-64",366.377765501564,0.00228846058684874
2022-02-07,"Male","15-64",338.940010974558,0.00211707949951468
2022-02-14,"Male","15-64",353.72801316947,0.00220944798736481
2022-02-21,"Male","15-64",322.866263032288,0.00201668001539623
2022-02-28,"Male","15-64",335.175013718198,0.00209356265804102
2022-03-07,"Male","15-64",356.239515638746,0.00222513527779533
2022-03-14,"Male","15-64",352.72801316947,0.0022032018097789
2022-03-21,"Male","15-64",339.72801316947,0.00212200150116218
2022-03-28,"Male","15-64",348.451513443834,0.00217649003304652
2022-04-04,"Male","15-64",327.41926248356,0.00204511885851739
2022-04-11,"Male","15-64",341.03676385538,0.00213017619036204
2022-04-18,"Male","15-64",324.451513443834,0.00202658177098487
2022-04-25,"Male","15-64",345.03676385538,0.00215516090070565
2022-05-02,"Male","15-64",373.622014266926,0.00233370945111364
2022-05-09,"Male","15-64",376.03676385538,0.00234879240586861
2022-05-16,"Male","15-64",333.281012620742,0.00208173239083841
2022-05-23,"Male","15-64",379.004512895106,0.00236732949340113
2022-05-30,"Male","15-64",351.898513992562,0.00219802061061258
2022-06-06,"Male","15-64",328.004512895106,0.00204877443652013
2022-06-13,"Male","15-64",374.377765501564,0.00233843000753596
2022-06-20,"Male","15-64",381.004512895106,0.00237982184857294
2022-06-27,"Male","15-64",349.483764404108,0.00218293765585761
2022-07-04,"Male","15-64",370.898513992562,0.00231669798474471
2022-07-11,"Male","15-64",381.930764952836,0.00238560738341482
2022-07-18,"Male","15-64",367.898513992562,0.00229795945198701
2022-07-25,"Male","15-64",380.898513992562,0.00237915976060373
2022-08-01,"Male","15-64",373.866263032288,0.00233523507227723
2022-08-08,"Male","15-64",375.142762757924,0.00234320831625191
2022-08-15,"Male","15-64",371.34551454129,0.00231949002955306
2022-08-22,"Male","15-64",347.525261386104,0.00217070449820463
2022-08-29,"Male","15-64",375.557512346378,0.00234579891583508
2022-09-05,"Male","15-64",354.695762209196,0.00221549271972552
2022-09-12,"Male","15-64",346.972261934832,0.00216725036542708
2022-09-19,"Male","15-64",363.34551454129,0.00226952060886585
2022-09-26,"Male","15-64",357.866263032288,0.0022352962309028
2022-10-03,"Male","15-64",350.377765501564,0.00218852174547431
2022-10-10,"Male","15-64",345.760264129744,0.00215968001190278
2022-10-17,"Male","15-64",345.72801316947,0.00215947856667759
2022-10-24,"Male","15-64",308.142762757924,0.00192471441799648
2022-10-31,"Male","15-64",334.866263032288,0.00209163414642705
2022-11-07,"Male","15-64",334.695762209196,0.00209056916800748
2022-11-14,"Male","15-64",325.069014815654,0.00203043879421279
2022-11-21,"Male","15-64",334.760264129744,0.00209097205845785
2022-11-28,"Male","15-64",299.175013718198,0.00186870026494854
2022-12-05,"Male","15-64",326.622014266926,0.00204013910457625
2022-12-12,"Male","15-64",320.216510700194,0.00200012919177131
2022-12-19,"Male","15-64",362.313263581016,0.00226307298605476
2022-12-26,"Male","15-64",343.792515090018,0.00214738910195616
2023-01-02,"Male","15-64",340.421767132281,0.00212308485862744
2023-01-09,"Male","15-64",303.991513632138,0.00189588281965777
2023-01-16,"Male","15-64",306.7742652901,0.00191323781419913
2023-01-23,"Male","15-64",336.503765658536,0.00209864973018351
2023-01-30,"Male","15-64",354.852020632424,0.00221308102124182
2023-02-06,"Male","15-64",320.880767869153,0.00200121486186582
2023-02-13,"Male","15-64",337.987270448206,0.00210790180176278
2023-02-20,"Male","15-64",329.7742652901,0.00205668032129785
2023-02-27,"Male","15-64",343.151267500717,0.00214010774453942
2023-03-06,"Male","15-64",321.286517316499,0.00200374537134327
2023-03-13,"Male","15-64",336.151267500717,0.00209645132933546
2023-03-20,"Male","15-64",312.339768606025,0.00194794780328185
2014-12-29,"Male","65-74",250,0.013132615316346
2015-01-05,"Male","65-74",255,0.0133952676226729
2015-01-12,"Male","65-74",260,0.0136579199289998
2015-01-19,"Male","65-74",261,0.0137104503902652
2015-01-26,"Male","65-74",247,0.0129750239325498
2015-02-02,"Male","65-74",275,0.0144458768479806
2015-02-09,"Male","65-74",273,0.0143408159254498
2015-02-16,"Male","65-74",278,0.0146034682317767
2015-02-23,"Male","65-74",268,0.0140781636191229
2015-03-02,"Male","65-74",284,0.014918650999369
2015-03-09,"Male","65-74",259,0.0136053894677344
2015-03-16,"Male","65-74",272,0.0142882854641844
2015-03-23,"Male","65-74",287,0.0150762423831652
2015-03-30,"Male","65-74",299,0.0157066079183498
2015-04-06,"Male","65-74",284,0.014918650999369
2015-04-13,"Male","65-74",286,0.0150237119218998
2015-04-20,"Male","65-74",281,0.0147610596155729
2015-04-27,"Male","65-74",299,0.0157066079183498
2015-05-04,"Male","65-74",297,0.015601546995819
2015-05-11,"Male","65-74",301,0.0158116688408806
2015-05-18,"Male","65-74",242,0.0127123716262229
2015-05-25,"Male","65-74",291,0.0152863642282267
2015-06-01,"Male","65-74",284,0.014918650999369
2015-06-08,"Male","65-74",296,0.0155490165345537
2015-06-15,"Male","65-74",292,0.0153388946894921
2015-06-22,"Male","65-74",299,0.0157066079183498
2015-06-29,"Male","65-74",296,0.0155490165345537
2015-07-06,"Male","65-74",334,0.0175451740626382
2015-07-13,"Male","65-74",267,0.0140256331578575
2015-07-20,"Male","65-74",310,0.016284442992269
2015-07-27,"Male","65-74",317,0.0166521562211267
2015-08-03,"Male","65-74",322,0.0169148085274536
2015-08-10,"Male","65-74",324,0.0170198694499844
2015-08-17,"Male","65-74",325,0.0170723999112498
2015-08-24,"Male","65-74",290,0.0152338337669613
2015-08-31,"Male","65-74",310,0.016284442992269
2015-09-07,"Male","65-74",313,0.0164420343760652
2015-09-14,"Male","65-74",292,0.0153388946894921
2015-09-21,"Male","65-74",285,0.0149711814606344
2015-09-28,"Male","65-74",266,0.0139731026965921
2015-10-05,"Male","65-74",306,0.0160743211472075
2015-10-12,"Male","65-74",282,0.0148135900768383
2015-10-19,"Male","65-74",278,0.0146034682317767
2015-10-26,"Male","65-74",281,0.0147610596155729
2015-11-02,"Male","65-74",265,0.0139205722353267
2015-11-09,"Male","65-74",262,0.0137629808515306
2015-11-16,"Male","65-74",285,0.0149711814606344
2015-11-23,"Male","65-74",253,0.0132902067001421
2015-11-30,"Male","65-74",265,0.0139205722353267
2015-12-07,"Male","65-74",282,0.0148135900768383
2015-12-14,"Male","65-74",250,0.013132615316346
2015-12-21,"Male","65-74",251,0.0131851457776114
2015-12-28,"Male","65-74",273,0.0143408159254498
2016-01-04,"Male","65-74",289,0.0146661768854107
2016-01-11,"Male","65-74",277,0.0140572006825563
2016-01-18,"Male","65-74",263,0.0133467284458928
2016-01-25,"Male","65-74",272,0.0138034605980336
2016-02-01,"Male","65-74",311,0.0157826332573105
2016-02-08,"Male","65-74",274,0.0139049566318427
2016-02-15,"Male","65-74",282,0.014310940767079
2016-02-22,"Male","65-74",277,0.0140572006825563
2016-02-29,"Male","65-74",261,0.0132452324120837
2016-03-07,"Male","65-74",275,0.0139557046487472
2016-03-14,"Male","65-74",255,0.0129407443106565
2016-03-21,"Male","65-74",292,0.0148184209361243
2016-03-28,"Male","65-74",285,0.0144631848177926
2016-04-04,"Male","65-74",269,0.01365121654732
2016-04-11,"Male","65-74",292,0.0148184209361243
2016-04-18,"Male","65-74",289,0.0146661768854107
2016-04-25,"Male","65-74",271,0.0137527125811291
2016-05-02,"Male","65-74",265,0.0134482244797019
2016-05-09,"Male","65-74",291,0.0147676729192198
2016-05-16,"Male","65-74",298,0.0151229090375515
2016-05-23,"Male","65-74",284,0.014412436800888
2016-05-30,"Male","65-74",299,0.0151736570544561
2016-06-06,"Male","65-74",303,0.0153766491220742
2016-06-13,"Male","65-74",286,0.0145139328346971
2016-06-20,"Male","65-74",306,0.0155288931727878
2016-06-27,"Male","65-74",288,0.0146154288685062
2016-07-04,"Male","65-74",329,0.0166960975615921
2016-07-11,"Male","65-74",323,0.0163916094601649
2016-07-18,"Male","65-74",298,0.0151229090375515
2016-07-25,"Male","65-74",280,0.0142094447332699
2016-08-01,"Male","65-74",287,0.0145646808516016
2016-08-08,"Male","65-74",332,0.0168483416123057
2016-08-15,"Male","65-74",313,0.0158841292911196
2016-08-22,"Male","65-74",328,0.0166453495446876
2016-08-29,"Male","65-74",323,0.0163916094601649
2016-09-05,"Male","65-74",306,0.0155288931727878
2016-09-12,"Male","65-74",292,0.0148184209361243
2016-09-19,"Male","65-74",290,0.0147169249023152
2016-09-26,"Male","65-74",291,0.0147676729192198
2016-10-03,"Male","65-74",326,0.0165438535108785
2016-10-10,"Male","65-74",285,0.0144631848177926
2016-10-17,"Male","65-74",286,0.0145139328346971
2016-10-24,"Male","65-74",294,0.0149199169699334
2016-10-31,"Male","65-74",285,0.0144631848177926
2016-11-07,"Male","65-74",295,0.0149706649868379
2016-11-14,"Male","65-74",293,0.0148691689530288
2016-11-21,"Male","65-74",289,0.0146661768854107
2016-11-28,"Male","65-74",313,0.0158841292911196
2016-12-05,"Male","65-74",270,0.0137019645642245
2016-12-12,"Male","65-74",280,0.0142094447332699
2016-12-19,"Male","65-74",290,0.0147169249023152
2016-12-26,"Male","65-74",331,0.0167975935954012
2017-01-02,"Male","65-74",287,0.0141169758308652
2017-01-09,"Male","65-74",278,0.0136742832089914
2017-01-16,"Male","65-74",299,0.0147072326600303
2017-01-23,"Male","65-74",288,0.0141661638999623
2017-01-30,"Male","65-74",237,0.0116575723760106
2017-02-06,"Male","65-74",289,0.0142153519690594
2017-02-13,"Male","65-74",285,0.014018599692671
2017-02-20,"Male","65-74",323,0.0158877463183605
2017-02-27,"Male","65-74",285,0.014018599692671
2017-03-06,"Male","65-74",288,0.0141661638999623
2017-03-13,"Male","65-74",278,0.0136742832089914
2017-03-20,"Male","65-74",313,0.0153958656273896
2017-03-27,"Male","65-74",276,0.0135759070707972
2017-04-03,"Male","65-74",342,0.0168223196312052
2017-04-10,"Male","65-74",254,0.0124937695506612
2017-04-17,"Male","65-74",312,0.0153466775582925
2017-04-24,"Male","65-74",290,0.0142645400381565
2017-05-01,"Male","65-74",276,0.0135759070707972
2017-05-08,"Male","65-74",296,0.014559668452739
2017-05-15,"Male","65-74",291,0.0143137281072536
2017-05-22,"Male","65-74",324,0.0159369343874576
2017-05-29,"Male","65-74",295,0.0145104803836419
2017-06-05,"Male","65-74",286,0.0140677877617681
2017-06-12,"Male","65-74",288,0.0141661638999623
2017-06-19,"Male","65-74",309,0.0151991133510012
2017-06-26,"Male","65-74",324,0.0159369343874576
2017-07-03,"Male","65-74",350,0.017215824183982
2017-07-10,"Male","65-74",343,0.0168715077003023
2017-07-17,"Male","65-74",338,0.0166255673548169
2017-07-24,"Male","65-74",362,0.0178060810131471
2017-07-31,"Male","65-74",319,0.0156909940419721
2017-08-07,"Male","65-74",322,0.0158385582492634
2017-08-14,"Male","65-74",328,0.016133686663846
2017-08-21,"Male","65-74",326,0.0160353105256518
2017-08-28,"Male","65-74",368,0.0181012094277296
2017-09-04,"Male","65-74",339,0.016674755423914
2017-09-11,"Male","65-74",332,0.0163304389402343
2017-09-18,"Male","65-74",319,0.0156909940419721
2017-09-25,"Male","65-74",316,0.0155434298346809
2017-10-02,"Male","65-74",329,0.0161828747329431
2017-10-09,"Male","65-74",308,0.0151499252819041
2017-10-16,"Male","65-74",313,0.0153958656273896
2017-10-23,"Male","65-74",314,0.0154450536964867
2017-10-30,"Male","65-74",324,0.0159369343874576
2017-11-06,"Male","65-74",290,0.0142645400381565
2017-11-13,"Male","65-74",300,0.0147564207291274
2017-11-20,"Male","65-74",272,0.0133791547944088
2017-11-27,"Male","65-74",295,0.0145104803836419
2017-12-04,"Male","65-74",332,0.0163304389402343
2017-12-11,"Male","65-74",302,0.0148547968673216
2017-12-18,"Male","65-74",297,0.0146088565218361
2017-12-25,"Male","65-74",266,0.0130840263798263
2018-01-01,"Male","65-74",298,0.0142482185750042
2018-01-08,"Male","65-74",257,0.0122878932005909
2018-01-15,"Male","65-74",271,0.012957272596732
2018-01-22,"Male","65-74",290,0.0138657160629236
2018-01-29,"Male","65-74",267,0.0127660213406917
2018-02-05,"Male","65-74",277,0.0132441494807925
2018-02-12,"Male","65-74",266,0.0127182085266816
2018-02-19,"Male","65-74",309,0.0147741595291151
2018-02-26,"Male","65-74",263,0.0125747700846514
2018-03-05,"Male","65-74",273,0.0130528982247522
2018-03-12,"Male","65-74",300,0.0143438442030244
2018-03-19,"Male","65-74",286,0.0136744648068833
2018-03-26,"Male","65-74",282,0.0134832135508429
2018-04-02,"Male","65-74",282,0.0134832135508429
2018-04-09,"Male","65-74",301,0.0143916570170345
2018-04-16,"Male","65-74",332,0.015873854251347
2018-04-23,"Male","65-74",263,0.0125747700846514
2018-04-30,"Male","65-74",303,0.0144872826450546
2018-05-07,"Male","65-74",320,0.015300100483226
2018-05-14,"Male","65-74",281,0.0134354007368329
2018-05-21,"Male","65-74",302,0.0144394698310446
2018-05-28,"Male","65-74",328,0.0156826029953067
2018-06-04,"Male","65-74",345,0.0164954208334781
2018-06-11,"Male","65-74",302,0.0144394698310446
2018-06-18,"Male","65-74",313,0.0149654107851555
2018-06-25,"Male","65-74",322,0.0153957261112462
2018-07-02,"Male","65-74",328,0.0156826029953067
2018-07-09,"Male","65-74",328,0.0156826029953067
2018-07-16,"Male","65-74",305,0.0145829082730748
2018-07-23,"Male","65-74",321,0.0153479132972361
2018-07-30,"Male","65-74",292,0.0139613416909438
2018-08-06,"Male","65-74",324,0.0154913517392664
2018-08-13,"Male","65-74",332,0.015873854251347
2018-08-20,"Male","65-74",309,0.0147741595291151
2018-08-27,"Male","65-74",323,0.0154435389252563
2018-09-03,"Male","65-74",319,0.0152522876692159
2018-09-10,"Male","65-74",314,0.0150132235991655
2018-09-17,"Male","65-74",326,0.0155869773672865
2018-09-24,"Male","65-74",326,0.0155869773672865
2018-10-01,"Male","65-74",286,0.0136744648068833
2018-10-08,"Male","65-74",309,0.0147741595291151
2018-10-15,"Male","65-74",304,0.0145350954590647
2018-10-22,"Male","65-74",294,0.0140569673189639
2018-10-29,"Male","65-74",305,0.0145829082730748
2018-11-05,"Male","65-74",293,0.0140091545049538
2018-11-12,"Male","65-74",307,0.014678533901095
2018-11-19,"Male","65-74",309,0.0147741595291151
2018-11-26,"Male","65-74",293,0.0140091545049538
2018-12-03,"Male","65-74",301,0.0143916570170345
2018-12-10,"Male","65-74",251,0.0120010163165304
2018-12-17,"Male","65-74",314,0.0150132235991655
2018-12-24,"Male","65-74",282,0.0134832135508429
2018-12-31,"Male","65-74",288,0.0134005793382317
2019-01-07,"Male","65-74",298,0.0138658772319203
2019-01-14,"Male","65-74",282,0.0131214006020185
2019-01-21,"Male","65-74",309,0.0143777049149777
2019-01-28,"Male","65-74",294,0.0136797580744448
2019-02-04,"Male","65-74",287,0.0133540495488628
2019-02-11,"Male","65-74",266,0.0123769239721168
2019-02-18,"Male","65-74",287,0.0133540495488628
2019-02-25,"Male","65-74",260,0.0120977452359036
2019-03-04,"Male","65-74",297,0.0138193474425514
2019-03-11,"Male","65-74",310,0.0144242347043466
2019-03-18,"Male","65-74",291,0.0135401687063383
2019-03-25,"Male","65-74",329,0.0153083007023549
2019-04-01,"Male","65-74",267,0.0124234537614856
2019-04-08,"Male","65-74",307,0.01428464533624
2019-04-15,"Male","65-74",291,0.0135401687063383
2019-04-22,"Male","65-74",315,0.0146568836511909
2019-04-29,"Male","65-74",310,0.0144242347043466
2019-05-06,"Male","65-74",303,0.0140985261787646
2019-05-13,"Male","65-74",306,0.0142381155468711
2019-05-20,"Male","65-74",347,0.0161458369109944
2019-05-27,"Male","65-74",312,0.0145172942830843
2019-06-03,"Male","65-74",316,0.0147034134405597
2019-06-10,"Male","65-74",333,0.0154944198598304
2019-06-17,"Male","65-74",320,0.0148895325980352
2019-06-24,"Male","65-74",335,0.0155874794385681
2019-07-01,"Male","65-74",374,0.0174021412239536
2019-07-08,"Male","65-74",314,0.014610353861822
2019-07-15,"Male","65-74",323,0.0150291219661418
2019-07-22,"Male","65-74",326,0.0151687113342483
2019-07-29,"Male","65-74",325,0.0151221815448795
2019-08-05,"Male","65-74",325,0.0151221815448795
2019-08-12,"Male","65-74",336,0.0156340092279369
2019-08-19,"Male","65-74",298,0.0138658772319203
2019-08-26,"Male","65-74",346,0.0160993071216255
2019-09-02,"Male","65-74",351,0.0163319560684698
2019-09-09,"Male","65-74",322,0.0149825921767729
2019-09-16,"Male","65-74",347,0.0161458369109944
2019-09-23,"Male","65-74",271,0.0126095729189611
2019-09-30,"Male","65-74",283,0.0131679303913874
2019-10-07,"Male","65-74",287,0.0133540495488628
2019-10-14,"Male","65-74",318,0.0147964730192975
2019-10-21,"Male","65-74",289,0.0134471091276005
2019-10-28,"Male","65-74",298,0.0138658772319203
2019-11-04,"Male","65-74",271,0.0126095729189611
2019-11-11,"Male","65-74",300,0.013958936810658
2019-11-18,"Male","65-74",282,0.0131214006020185
2019-11-25,"Male","65-74",299,0.0139124070212891
2019-12-02,"Male","65-74",271,0.0126095729189611
2019-12-09,"Male","65-74",275,0.0127956920764365
2019-12-16,"Male","65-74",285,0.0132609899701251
2019-12-23,"Male","65-74",304,0.0141450559681334
2019-12-30,"Male","65-74",270,0.0122393616388331
2020-01-06,"Male","65-74",288,0.013055319081422
2020-01-13,"Male","65-74",330,0.014959219780796
2020-01-20,"Male","65-74",279,0.0126473403601275
2020-01-27,"Male","65-74",279,0.0126473403601275
2020-02-03,"Male","65-74",279,0.0126473403601275
2020-02-10,"Male","65-74",320,0.0145059100904688
2020-02-17,"Male","65-74",335,0.0151858746259596
2020-02-24,"Male","65-74",290,0.0131459810194874
2020-03-02,"Male","65-74",303,0.0137352836169127
2020-03-09,"Male","65-74",323,0.014641902997567
2020-03-16,"Male","65-74",301,0.0136446216788473
2020-03-23,"Male","65-74",321,0.0145512410595016
2020-03-30,"Male","65-74",328,0.0148685578427306
2020-04-06,"Male","65-74",303,0.0137352836169127
2020-04-13,"Male","65-74",284,0.0128739952052911
2020-04-20,"Male","65-74",306,0.0138712765240108
2020-04-27,"Male","65-74",275,0.0124660164839967
2020-05-04,"Male","65-74",334,0.0151405436569269
2020-05-11,"Male","65-74",339,0.0153671985020904
2020-05-18,"Male","65-74",293,0.0132819739265855
2020-05-25,"Male","65-74",310,0.0140526004001417
2020-06-01,"Male","65-74",300,0.0135992907098145
2020-06-08,"Male","65-74",301,0.0136446216788473
2020-06-15,"Male","65-74",299,0.0135539597407818
2020-06-22,"Male","65-74",311,0.0140979313691744
2020-06-29,"Male","65-74",290,0.0131459810194874
2020-07-06,"Male","65-74",286,0.0129646571433565
2020-07-13,"Male","65-74",314,0.0142339242762726
2020-07-20,"Male","65-74",305,0.0138259455549781
2020-07-27,"Male","65-74",363,0.0164551417588756
2020-08-03,"Male","65-74",312,0.0141432623382071
2020-08-10,"Male","65-74",352,0.0159565010995157
2020-08-17,"Male","65-74",343,0.0155485223782213
2020-08-24,"Male","65-74",318,0.0144152481524034
2020-08-31,"Male","65-74",334,0.0151405436569269
2020-09-07,"Male","65-74",309,0.014007269431109
2020-09-14,"Male","65-74",286,0.0129646571433565
2020-09-21,"Male","65-74",320,0.0145059100904688
2020-09-28,"Male","65-74",336,0.0152312055949923
2020-10-05,"Male","65-74",315,0.0142792552453053
2020-10-12,"Male","65-74",325,0.0147325649356324
2020-10-19,"Male","65-74",323,0.014641902997567
2020-10-26,"Male","65-74",310,0.0140526004001417
2020-11-02,"Male","65-74",301,0.0136446216788473
2020-11-09,"Male","65-74",319,0.0144605791214361
2020-11-16,"Male","65-74",307,0.0139166074930435
2020-11-23,"Male","65-74",280,0.0126926713291602
2020-11-30,"Male","65-74",266,0.0120580377627022
2020-12-07,"Male","65-74",293,0.0132819739265855
2020-12-14,"Male","65-74",285,0.0129193261743238
2020-12-21,"Male","65-74",298,0.0135086287717491
2020-12-28,"Male","65-74",297,0.0134632978027164
2021-01-04,"Male","65-74",300,0.01333668041293
2021-01-11,"Male","65-74",291,0.0129365800005421
2021-01-18,"Male","65-74",325,0.0144480704473409
2021-01-25,"Male","65-74",305,0.0135589584198122
2021-02-01,"Male","65-74",300,0.01333668041293
2021-02-08,"Male","65-74",294,0.0130699468046714
2021-02-15,"Male","65-74",313,0.0139146032308237
2021-02-22,"Male","65-74",290,0.0128921243991657
2021-03-01,"Male","65-74",322,0.0143147036432116
2021-03-08,"Male","65-74",317,0.0140924256363294
2021-03-15,"Male","65-74",338,0.0150259932652345
2021-03-22,"Male","65-74",317,0.0140924256363294
2021-03-29,"Male","65-74",294,0.0130699468046714
2021-04-05,"Male","65-74",292,0.0129810356019186
2021-04-12,"Male","65-74",331,0.0147148040555995
2021-04-19,"Male","65-74",319,0.0141813368390823
2021-04-26,"Male","65-74",326,0.0144925260487173
2021-05-03,"Male","65-74",318,0.0141368812377058
2021-05-10,"Male","65-74",310,0.0137812364266944
2021-05-17,"Male","65-74",343,0.0152482712721167
2021-05-24,"Male","65-74",339,0.0150704488666109
2021-05-31,"Male","65-74",303,0.0134700472170593
2021-06-07,"Male","65-74",317,0.0140924256363294
2021-06-14,"Male","65-74",313,0.0139146032308237
2021-06-21,"Male","65-74",303,0.0134700472170593
2021-06-28,"Male","65-74",346,0.015381638076246
2021-07-05,"Male","65-74",339,0.0150704488666109
2021-07-12,"Male","65-74",359,0.0159595608941396
2021-07-19,"Male","65-74",359,0.0159595608941396
2021-07-26,"Male","65-74",317,0.0140924256363294
2021-08-02,"Male","65-74",338,0.0150259932652345
2021-08-09,"Male","65-74",308,0.0136923252239415
2021-08-16,"Male","65-74",332,0.0147592596569759
2021-08-23,"Male","65-74",297,0.0132033136088007
2021-08-30,"Male","65-74",322,0.0143147036432116
2021-09-06,"Male","65-74",312,0.0138701476294472
2021-09-13,"Male","65-74",341,0.0151593600693638
2021-09-20,"Male","65-74",335,0.0148926264611052
2021-09-27,"Male","65-74",321,0.0142702480418351
2021-10-04,"Male","65-74",302,0.0134255916156829
2021-10-11,"Male","65-74",350,0.0155594604817517
2021-10-18,"Male","65-74",316,0.014047970034953
2021-10-25,"Male","65-74",315,0.0140035144335765
2021-11-01,"Male","65-74",312,0.0138701476294472
2021-11-08,"Male","65-74",308,0.0136923252239415
2021-11-15,"Male","65-74",323,0.014359159244588
2021-11-22,"Male","65-74",300,0.01333668041293
2021-11-29,"Male","65-74",324,0.0144036148459644
2021-12-06,"Male","65-74",276,0.0122697459798956
2021-12-13,"Male","65-74",261,0.0116029119592491
2021-12-20,"Male","65-74",315,0.0140035144335765
2021-12-27,"Male","65-74",305,0.0135589584198122
2022-01-03,"Male","65-74",327,0.0143575082375544
2022-01-10,"Male","65-74",347,0.0152356432979552
2022-01-17,"Male","65-74",355,0.0155868973221156
2022-01-24,"Male","65-74",339,0.0148843892737949
2022-01-31,"Male","65-74",394,0.0172992606898973
2022-02-07,"Male","65-74",357,0.0156747108281557
2022-02-14,"Male","65-74",345,0.0151478297919151
2022-02-21,"Male","65-74",313,0.0137428136952737
2022-02-28,"Male","65-74",347,0.0152356432979552
2022-03-07,"Male","65-74",308,0.0135232799301735
2022-03-14,"Male","65-74",321,0.0140940677194341
2022-03-21,"Male","65-74",323,0.0141818812254742
2022-03-28,"Male","65-74",325,0.0142696947315143
2022-04-04,"Male","65-74",311,0.0136550001892337
2022-04-11,"Male","65-74",302,0.0132598394120533
2022-04-18,"Male","65-74",304,0.0133476529180933
2022-04-25,"Male","65-74",319,0.014006254213394
2022-05-02,"Male","65-74",356,0.0156308040751356
2022-05-09,"Male","65-74",376,0.0165089391355365
2022-05-16,"Male","65-74",351,0.0154112703100354
2022-05-23,"Male","65-74",334,0.0146648555086947
2022-05-30,"Male","65-74",372,0.0163333121234563
2022-06-06,"Male","65-74",330,0.0144892284966145
2022-06-13,"Male","65-74",376,0.0165089391355365
2022-06-20,"Male","65-74",397,0.0174309809489574
2022-06-27,"Male","65-74",340,0.0149282960268149
2022-07-04,"Male","65-74",366,0.0160698716053361
2022-07-11,"Male","65-74",397,0.0174309809489574
2022-07-18,"Male","65-74",362,0.0158942445932559
2022-07-25,"Male","65-74",374,0.0164211256294964
2022-08-01,"Male","65-74",400,0.0175627012080176
2022-08-08,"Male","65-74",351,0.0154112703100354
2022-08-15,"Male","65-74",357,0.0156747108281557
2022-08-22,"Male","65-74",357,0.0156747108281557
2022-08-29,"Male","65-74",334,0.0146648555086947
2022-09-05,"Male","65-74",355,0.0155868973221156
2022-09-12,"Male","65-74",327,0.0143575082375544
2022-09-19,"Male","65-74",326,0.0143136014845343
2022-09-26,"Male","65-74",317,0.0139184407073539
2022-10-03,"Male","65-74",381,0.0167284729006367
2022-10-10,"Male","65-74",356,0.0156308040751356
2022-10-17,"Male","65-74",327,0.0143575082375544
2022-10-24,"Male","65-74",283,0.0124256111046724
2022-10-31,"Male","65-74",304,0.0133476529180933
2022-11-07,"Male","65-74",319,0.014006254213394
2022-11-14,"Male","65-74",334,0.0146648555086947
2022-11-21,"Male","65-74",323,0.0141818812254742
2022-11-28,"Male","65-74",331,0.0145331352496345
2022-12-05,"Male","65-74",360,0.0158064310872158
2022-12-12,"Male","65-74",329,0.0144453217435944
2022-12-19,"Male","65-74",330,0.0144892284966145
2022-12-26,"Male","65-74",315,0.0138306272013138
2023-01-02,"Male","65-74",329,0.014260687032342
2023-01-09,"Male","65-74",317,0.0137405403928644
2023-01-16,"Male","65-74",310,0.0134371215198359
2023-01-23,"Male","65-74",300,0.013003665986938
2023-01-30,"Male","65-74",293,0.0127002471139094
2023-02-06,"Male","65-74",287,0.0124401737941707
2023-02-13,"Male","65-74",307,0.0133070848599665
2023-02-20,"Male","65-74",290,0.01257021045404
2023-02-27,"Male","65-74",292,0.0126569015606196
2023-03-06,"Male","65-74",302,0.0130903570935175
2023-03-13,"Male","65-74",331,0.0143473781389216
2023-03-20,"Male","65-74",297,0.0128736293270686
2014-12-29,"Male","75-84",436,0.0456427704244981
2015-01-05,"Male","75-84",386,0.0404085077611382
2015-01-12,"Male","75-84",387,0.0405131930144054
2015-01-19,"Male","75-84",403,0.0421881570666805
2015-01-26,"Male","75-84",351,0.0367445238967863
2015-02-02,"Male","75-84",393,0.0411413045340086
2015-02-09,"Male","75-84",398,0.0416647308003446
2015-02-16,"Male","75-84",402,0.0420834718134133
2015-02-23,"Male","75-84",419,0.0438631211189557
2015-03-02,"Male","75-84",434,0.0454333999179637
2015-03-09,"Male","75-84",418,0.0437584358656885
2015-03-16,"Male","75-84",423,0.0442818621320245
2015-03-23,"Male","75-84",399,0.0417694160536118
2015-03-30,"Male","75-84",411,0.0430256390928181
2015-04-06,"Male","75-84",423,0.0442818621320245
2015-04-13,"Male","75-84",380,0.039780396241535
2015-04-20,"Male","75-84",398,0.0416647308003446
2015-04-27,"Male","75-84",413,0.0432350095993525
2015-05-04,"Male","75-84",433,0.0453287146646965
2015-05-11,"Male","75-84",437,0.0457474556777653
2015-05-18,"Male","75-84",412,0.0431303243460853
2015-05-25,"Male","75-84",443,0.0463755671973684
2015-06-01,"Male","75-84",454,0.0475271049833076
2015-06-08,"Male","75-84",438,0.0458521409310325
2015-06-15,"Male","75-84",457,0.0478411607431092
2015-06-22,"Male","75-84",468,0.0489926985290484
2015-06-29,"Male","75-84",437,0.0457474556777653
2015-07-06,"Male","75-84",455,0.0476317902365748
2015-07-13,"Male","75-84",505,0.0528660528999347
2015-07-20,"Male","75-84",476,0.049830180555186
2015-07-27,"Male","75-84",461,0.048259901756178
2015-08-03,"Male","75-84",489,0.0511910888476595
2015-08-10,"Male","75-84",481,0.0503536068215219
2015-08-17,"Male","75-84",487,0.0509817183411251
2015-08-24,"Male","75-84",460,0.0481552165029108
2015-08-31,"Male","75-84",499,0.0522379413803315
2015-09-07,"Male","75-84",445,0.0465849377039028
2015-09-14,"Male","75-84",449,0.0470036787169716
2015-09-21,"Male","75-84",412,0.0431303243460853
2015-09-28,"Male","75-84",453,0.0474224197300404
2015-10-05,"Male","75-84",439,0.0459568261842997
2015-10-12,"Male","75-84",416,0.0435490653591541
2015-10-19,"Male","75-84",417,0.0436537506124213
2015-10-26,"Male","75-84",395,0.041350675040543
2015-11-02,"Male","75-84",444,0.0464802524506356
2015-11-09,"Male","75-84",404,0.0422928423199477
2015-11-16,"Male","75-84",408,0.0427115833330165
2015-11-23,"Male","75-84",405,0.0423975275732149
2015-11-30,"Male","75-84",398,0.0416647308003446
2015-12-07,"Male","75-84",414,0.0433396948526197
2015-12-14,"Male","75-84",427,0.0447006031450933
2015-12-21,"Male","75-84",376,0.0393616552284662
2015-12-28,"Male","75-84",372,0.0389429142153974
2016-01-04,"Male","75-84",372,0.0377631310726966
2016-01-11,"Male","75-84",414,0.0420267103873559
2016-01-18,"Male","75-84",426,0.04324487590583
2016-01-25,"Male","75-84",353,0.0358343690017793
2016-02-01,"Male","75-84",441,0.0447675828039226
2016-02-08,"Male","75-84",392,0.0397934069368201
2016-02-15,"Male","75-84",365,0.0370525345202534
2016-02-22,"Male","75-84",395,0.0400979483164386
2016-02-29,"Male","75-84",411,0.0417221690077374
2016-03-07,"Male","75-84",384,0.0389812965911707
2016-03-14,"Male","75-84",401,0.0407070310756757
2016-03-21,"Male","75-84",420,0.042635793146593
2016-03-28,"Male","75-84",384,0.0389812965911707
2016-04-04,"Male","75-84",455,0.0461887759088091
2016-04-11,"Male","75-84",395,0.0400979483164386
2016-04-18,"Male","75-84",429,0.0435494172854486
2016-04-25,"Male","75-84",421,0.0427373069397992
2016-05-02,"Male","75-84",405,0.0411130862485004
2016-05-09,"Male","75-84",434,0.0440569862514794
2016-05-16,"Male","75-84",395,0.0400979483164386
2016-05-23,"Male","75-84",447,0.0453766655631597
2016-05-30,"Male","75-84",457,0.0463918034952214
2016-06-06,"Male","75-84",477,0.0484220793593449
2016-06-13,"Male","75-84",468,0.0475084552204893
2016-06-20,"Male","75-84",452,0.0458842345291905
2016-06-27,"Male","75-84",485,0.0492341897049943
2016-07-04,"Male","75-84",444,0.0450721241835412
2016-07-11,"Male","75-84",493,0.0500463000506437
2016-07-18,"Male","75-84",457,0.0463918034952214
2016-07-25,"Male","75-84",495,0.050249327637056
2016-08-01,"Male","75-84",480,0.0487266207389634
2016-08-08,"Male","75-84",466,0.047305427634077
2016-08-15,"Male","75-84",454,0.0460872621156029
2016-08-22,"Male","75-84",442,0.0448690965971288
2016-08-29,"Male","75-84",472,0.047914510393314
2016-09-05,"Male","75-84",469,0.0476099690136955
2016-09-12,"Male","75-84",473,0.0480160241865202
2016-09-19,"Male","75-84",467,0.0474069414272832
2016-09-26,"Male","75-84",476,0.0483205655661387
2016-10-03,"Male","75-84",467,0.0474069414272832
2016-10-10,"Male","75-84",471,0.0478129966001078
2016-10-17,"Male","75-84",447,0.0453766655631597
2016-10-24,"Male","75-84",486,0.0493357034982005
2016-10-31,"Male","75-84",456,0.0462902897020152
2016-11-07,"Male","75-84",468,0.0475084552204893
2016-11-14,"Male","75-84",424,0.0430418483194177
2016-11-21,"Male","75-84",409,0.0415191414213251
2016-11-28,"Male","75-84",397,0.040300975902851
2016-12-05,"Male","75-84",396,0.0401994621096448
2016-12-12,"Male","75-84",404,0.0410115724552942
2016-12-19,"Male","75-84",415,0.0421282241805621
2016-12-26,"Male","75-84",399,0.0405040034892633
2017-01-02,"Male","75-84",433,0.0423940035919987
2017-01-09,"Male","75-84",412,0.0403379433716015
2017-01-16,"Male","75-84",411,0.0402400357420588
2017-01-23,"Male","75-84",407,0.0398484052238879
2017-01-30,"Male","75-84",382,0.0374007144853199
2017-02-06,"Male","75-84",401,0.0392609594466316
2017-02-13,"Male","75-84",372,0.0364216381898927
2017-02-20,"Male","75-84",423,0.0414149272965715
2017-02-27,"Male","75-84",402,0.0393588670761743
2017-03-06,"Male","75-84",396,0.038771421298918
2017-03-13,"Male","75-84",444,0.0434709875169687
2017-03-20,"Male","75-84",383,0.0374986221148626
2017-03-27,"Male","75-84",419,0.0410232967784006
2017-04-03,"Male","75-84",436,0.0426877264806269
2017-04-10,"Male","75-84",418,0.0409253891488579
2017-04-17,"Male","75-84",442,0.0432751722578832
2017-04-24,"Male","75-84",437,0.0427856341101696
2017-05-01,"Male","75-84",427,0.0418065578147424
2017-05-08,"Male","75-84",461,0.0451354172191949
2017-05-15,"Male","75-84",436,0.0426877264806269
2017-05-22,"Male","75-84",438,0.0428835417397123
2017-05-29,"Male","75-84",472,0.0462124011441649
2017-06-05,"Male","75-84",482,0.0471914774395921
2017-06-12,"Male","75-84",451,0.0441563409237677
2017-06-19,"Male","75-84",436,0.0426877264806269
2017-06-26,"Male","75-84",468,0.045820770625994
2017-07-03,"Male","75-84",514,0.0503245215849592
2017-07-10,"Male","75-84",484,0.0473872926986776
2017-07-17,"Male","75-84",513,0.0502266139554165
2017-07-24,"Male","75-84",568,0.0556115335802662
2017-07-31,"Male","75-84",555,0.0543387343962108
2017-08-07,"Male","75-84",540,0.05287011995307
2017-08-14,"Male","75-84",507,0.0496391681781602
2017-08-21,"Male","75-84",483,0.0472893850691348
2017-08-28,"Male","75-84",551,0.0539471038780399
2017-09-04,"Male","75-84",495,0.0484642766236475
2017-09-11,"Male","75-84",479,0.0468977545509639
2017-09-18,"Male","75-84",506,0.0495412605486174
2017-09-25,"Male","75-84",503,0.0492475376599893
2017-10-02,"Male","75-84",450,0.044058433294225
2017-10-09,"Male","75-84",422,0.0413170196670288
2017-10-16,"Male","75-84",415,0.0406316662602297
2017-10-23,"Male","75-84",424,0.0415128349261142
2017-10-30,"Male","75-84",435,0.0425898188510842
2017-11-06,"Male","75-84",419,0.0410232967784006
2017-11-13,"Male","75-84",403,0.039456774705717
2017-11-20,"Male","75-84",428,0.0419044654442851
2017-11-27,"Male","75-84",391,0.0382818831512044
2017-12-04,"Male","75-84",403,0.039456774705717
2017-12-11,"Male","75-84",409,0.0400442204829734
2017-12-18,"Male","75-84",410,0.0401421281125161
2017-12-25,"Male","75-84",405,0.0396525899648025
2018-01-01,"Male","75-84",402,0.0378273602995267
2018-01-08,"Male","75-84",395,0.0371686749211767
2018-01-15,"Male","75-84",386,0.036321793720441
2018-01-22,"Male","75-84",378,0.0355690104308982
2018-01-29,"Male","75-84",433,0.0407443955465051
2018-02-05,"Male","75-84",373,0.035098520874934
2018-02-12,"Male","75-84",383,0.0360394999868625
2018-02-19,"Male","75-84",418,0.0393329268786123
2018-02-26,"Male","75-84",430,0.0404621018129265
2018-03-05,"Male","75-84",389,0.0366040874540196
2018-03-12,"Male","75-84",417,0.0392388289674195
2018-03-19,"Male","75-84",415,0.0390506331450338
2018-03-26,"Male","75-84",454,0.042720451681555
2018-04-02,"Male","75-84",387,0.0364158916316339
2018-04-09,"Male","75-84",395,0.0371686749211767
2018-04-16,"Male","75-84",403,0.0379214582107195
2018-04-23,"Male","75-84",389,0.0366040874540196
2018-04-30,"Male","75-84",419,0.0394270247898052
2018-05-07,"Male","75-84",464,0.0436614307934835
2018-05-14,"Male","75-84",427,0.040179808079348
2018-05-21,"Male","75-84",467,0.0439437245270621
2018-05-28,"Male","75-84",436,0.0410266892800837
2018-06-04,"Male","75-84",466,0.0438496266158692
2018-06-11,"Male","75-84",445,0.0418735704808193
2018-06-18,"Male","75-84",486,0.0457315848397263
2018-06-25,"Male","75-84",461,0.043379137059905
2018-07-02,"Male","75-84",483,0.0454492911061477
2018-07-09,"Male","75-84",444,0.0417794725696265
2018-07-16,"Male","75-84",463,0.0435673328822907
2018-07-23,"Male","75-84",531,0.0499659908434046
2018-07-30,"Male","75-84",495,0.046578466040462
2018-08-06,"Male","75-84",439,0.0413089830136622
2018-08-13,"Male","75-84",480,0.0451669973725692
2018-08-20,"Male","75-84",499,0.0469548576852334
2018-08-27,"Male","75-84",503,0.0473312493300048
2018-09-03,"Male","75-84",452,0.0425322558591693
2018-09-10,"Male","75-84",423,0.0398034164345766
2018-09-17,"Male","75-84",461,0.043379137059905
2018-09-24,"Male","75-84",447,0.042061766303205
2018-10-01,"Male","75-84",501,0.0471430535076191
2018-10-08,"Male","75-84",468,0.0440378224382549
2018-10-15,"Male","75-84",438,0.0412148851024694
2018-10-22,"Male","75-84",435,0.0409325913688908
2018-10-29,"Male","75-84",398,0.0374509686547553
2018-11-05,"Male","75-84",407,0.0382978498554909
2018-11-12,"Male","75-84",431,0.0405561997241194
2018-11-19,"Male","75-84",419,0.0394270247898052
2018-11-26,"Male","75-84",436,0.0410266892800837
2018-12-03,"Male","75-84",419,0.0394270247898052
2018-12-10,"Male","75-84",432,0.0406502976353123
2018-12-17,"Male","75-84",391,0.0367922832764053
2018-12-24,"Male","75-84",419,0.0394270247898052
2018-12-31,"Male","75-84",421,0.0378604530835408
2019-01-07,"Male","75-84",421,0.0378604530835408
2019-01-14,"Male","75-84",462,0.0415475755928643
2019-01-21,"Male","75-84",437,0.03929933016035
2019-01-28,"Male","75-84",405,0.0364215760067317
2019-02-04,"Male","75-84",410,0.0368712250932345
2019-02-11,"Male","75-84",431,0.0387597512565465
2019-02-18,"Male","75-84",451,0.040558347602558
2019-02-25,"Male","75-84",403,0.0362417163721305
2019-03-04,"Male","75-84",399,0.0358819971029282
2019-03-11,"Male","75-84",427,0.0384000319873442
2019-03-18,"Male","75-84",414,0.0372309443624368
2019-03-25,"Male","75-84",448,0.0402885581506563
2019-04-01,"Male","75-84",458,0.041187856323662
2019-04-08,"Male","75-84",448,0.0402885581506563
2019-04-15,"Male","75-84",442,0.0397489792468528
2019-04-22,"Male","75-84",430,0.038669821439246
2019-04-29,"Male","75-84",395,0.0355222778337259
2019-05-06,"Male","75-84",480,0.0431663123042746
2019-05-13,"Male","75-84",465,0.041817365044766
2019-05-20,"Male","75-84",480,0.0431663123042746
2019-05-27,"Male","75-84",497,0.0446951191983843
2019-06-03,"Male","75-84",515,0.0463138559097946
2019-06-10,"Male","75-84",527,0.0473930137174014
2019-06-17,"Male","75-84",483,0.0434361017561763
2019-06-24,"Male","75-84",467,0.0419972246793671
2019-07-01,"Male","75-84",467,0.0419972246793671
2019-07-08,"Male","75-84",485,0.0436159613907774
2019-07-15,"Male","75-84",502,0.0451447682848872
2019-07-22,"Male","75-84",509,0.0457742770059912
2019-07-29,"Male","75-84",468,0.0420871544966677
2019-08-05,"Male","75-84",507,0.04559441737139
2019-08-12,"Male","75-84",469,0.0421770843139683
2019-08-19,"Male","75-84",509,0.0457742770059912
2019-08-26,"Male","75-84",483,0.0434361017561763
2019-09-02,"Male","75-84",460,0.0413677159582631
2019-09-09,"Male","75-84",456,0.0410079966890608
2019-09-16,"Male","75-84",499,0.0448749788329854
2019-09-23,"Male","75-84",460,0.0413677159582631
2019-09-30,"Male","75-84",460,0.0413677159582631
2019-10-07,"Male","75-84",465,0.041817365044766
2019-10-14,"Male","75-84",450,0.0404684177852574
2019-10-21,"Male","75-84",471,0.0423569439485694
2019-10-28,"Male","75-84",463,0.0416375054101648
2019-11-04,"Male","75-84",394,0.0354323480164254
2019-11-11,"Male","75-84",436,0.0392094003430494
2019-11-18,"Male","75-84",431,0.0387597512565465
2019-11-25,"Male","75-84",410,0.0368712250932345
2019-12-02,"Male","75-84",452,0.0406482774198585
2019-12-09,"Male","75-84",438,0.0393892599776505
2019-12-16,"Male","75-84",439,0.0394791897949511
2019-12-23,"Male","75-84",405,0.0364215760067317
2019-12-30,"Male","75-84",418,0.0357719721101719
2020-01-06,"Male","75-84",425,0.0363710242746964
2020-01-13,"Male","75-84",415,0.0355152354682329
2020-01-20,"Male","75-84",468,0.0400509161424892
2020-01-27,"Male","75-84",414,0.0354296565875866
2020-02-03,"Male","75-84",422,0.0361142876327573
2020-02-10,"Male","75-84",448,0.0383393385295623
2020-02-17,"Male","75-84",468,0.0400509161424892
2020-02-24,"Male","75-84",475,0.0406499683070136
2020-03-02,"Male","75-84",420,0.0359431298714646
2020-03-09,"Male","75-84",459,0.0392807062166721
2020-03-16,"Male","75-84",421,0.036028708752111
2020-03-23,"Male","75-84",516,0.0441587024135137
2020-03-30,"Male","75-84",434,0.0371412342005135
2020-04-06,"Male","75-84",458,0.0391951273360257
2020-04-13,"Male","75-84",442,0.0378258652456842
2020-04-20,"Male","75-84",455,0.0389383906940867
2020-04-27,"Male","75-84",423,0.0361998665134037
2020-05-04,"Male","75-84",465,0.0397941795005501
2020-05-11,"Male","75-84",474,0.0405643894263672
2020-05-18,"Male","75-84",484,0.0414201782328307
2020-05-25,"Male","75-84",463,0.0396230217392574
2020-06-01,"Male","75-84",440,0.0376547074843915
2020-06-08,"Male","75-84",461,0.0394518639779648
2020-06-15,"Male","75-84",444,0.0379970230069769
2020-06-22,"Male","75-84",402,0.0344027100198304
2020-06-29,"Male","75-84",486,0.0415913359941234
2020-07-06,"Male","75-84",446,0.0381681807682696
2020-07-13,"Male","75-84",464,0.0397086006199038
2020-07-20,"Male","75-84",515,0.0440731235328674
2020-07-27,"Male","75-84",488,0.0417624937554161
2020-08-03,"Male","75-84",480,0.0410778627102453
2020-08-10,"Male","75-84",532,0.0455279645038552
2020-08-17,"Male","75-84",444,0.0379970230069769
2020-08-24,"Male","75-84",478,0.0409067049489526
2020-08-31,"Male","75-84",509,0.0435596502489893
2020-09-07,"Male","75-84",458,0.0391951273360257
2020-09-14,"Male","75-84",451,0.0385960751715013
2020-09-21,"Male","75-84",459,0.0392807062166721
2020-09-28,"Male","75-84",468,0.0400509161424892
2020-10-05,"Male","75-84",420,0.0359431298714646
2020-10-12,"Male","75-84",440,0.0376547074843915
2020-10-19,"Male","75-84",428,0.0366277609166354
2020-10-26,"Male","75-84",447,0.0382537596489159
2020-11-02,"Male","75-84",442,0.0378258652456842
2020-11-09,"Male","75-84",476,0.0407355471876599
2020-11-16,"Male","75-84",432,0.0369700764392208
2020-11-23,"Male","75-84",419,0.0358575509908183
2020-11-30,"Male","75-84",470,0.0402220739037819
2020-12-07,"Male","75-84",452,0.0386816540521477
2020-12-14,"Male","75-84",419,0.0358575509908183
2020-12-21,"Male","75-84",454,0.0388528118134403
2020-12-28,"Male","75-84",405,0.0346594466617695
2021-01-04,"Male","75-84",446,0.0361339444950696
2021-01-11,"Male","75-84",462,0.037430229499377
2021-01-18,"Male","75-84",486,0.0393746570058382
2021-01-25,"Male","75-84",447,0.0362149623078388
2021-02-01,"Male","75-84",464,0.0375922651249155
2021-02-08,"Male","75-84",413,0.0334603566736855
2021-02-15,"Male","75-84",457,0.0370251404355309
2021-02-22,"Male","75-84",430,0.0348376594907622
2021-03-01,"Male","75-84",464,0.0375922651249155
2021-03-08,"Male","75-84",444,0.0359719088695312
2021-03-15,"Male","75-84",459,0.0371871760610694
2021-03-22,"Male","75-84",434,0.035161730741839
2021-03-29,"Male","75-84",481,0.0389695679419921
2021-04-05,"Male","75-84",421,0.0341084991758392
2021-04-12,"Male","75-84",483,0.0391316035675305
2021-04-19,"Male","75-84",492,0.0398607638824535
2021-04-26,"Male","75-84",461,0.0373492116866078
2021-05-03,"Male","75-84",476,0.038564478878146
2021-05-10,"Male","75-84",515,0.0417241735761454
2021-05-17,"Male","75-84",487,0.0394556748186074
2021-05-24,"Male","75-84",515,0.0417241735761454
2021-05-31,"Male","75-84",476,0.038564478878146
2021-06-07,"Male","75-84",536,0.0434255476442989
2021-06-14,"Male","75-84",526,0.0426153695166067
2021-06-21,"Male","75-84",499,0.040427888571838
2021-06-28,"Male","75-84",512,0.0414811201378377
2021-07-05,"Male","75-84",515,0.0417241735761454
2021-07-12,"Male","75-84",548,0.0443977613975295
2021-07-19,"Male","75-84",521,0.0422102804527607
2021-07-26,"Male","75-84",533,0.0431824942059912
2021-08-02,"Male","75-84",479,0.0388075323164537
2021-08-09,"Male","75-84",534,0.0432635120187605
2021-08-16,"Male","75-84",530,0.0429394407676836
2021-08-23,"Male","75-84",470,0.0380783720015307
2021-08-30,"Male","75-84",483,0.0391316035675305
2021-09-06,"Male","75-84",524,0.0424533338910683
2021-09-13,"Male","75-84",518,0.041967227014453
2021-09-20,"Male","75-84",470,0.0380783720015307
2021-09-27,"Male","75-84",555,0.044964886086914
2021-10-04,"Male","75-84",511,0.0414001023250685
2021-10-11,"Male","75-84",490,0.039698728256915
2021-10-18,"Male","75-84",498,0.0403468707590687
2021-10-25,"Male","75-84",497,0.0402658529462995
2021-11-01,"Male","75-84",497,0.0402658529462995
2021-11-08,"Male","75-84",469,0.0379973541887615
2021-11-15,"Male","75-84",532,0.043101476393222
2021-11-22,"Male","75-84",513,0.041562137950607
2021-11-29,"Male","75-84",472,0.0382404076270692
2021-12-06,"Male","75-84",484,0.0392126213802997
2021-12-13,"Male","75-84",482,0.0390505857547613
2021-12-20,"Male","75-84",495,0.0401038173207611
2021-12-27,"Male","75-84",522,0.0422912982655299
2022-01-03,"Male","75-84",518,0.0395100406585237
2022-01-10,"Male","75-84",570,0.0434762995663292
2022-01-17,"Male","75-84",648,0.0494256879280374
2022-01-24,"Male","75-84",595,0.0453831548104665
2022-01-31,"Male","75-84",538,0.0410355248538335
2022-02-07,"Male","75-84",540,0.0411880732733645
2022-02-14,"Male","75-84",600,0.0457645258592939
2022-02-21,"Male","75-84",524,0.0399676859171167
2022-02-28,"Male","75-84",548,0.0417982669514884
2022-03-07,"Male","75-84",451,0.0343996686042359
2022-03-14,"Male","75-84",497,0.0379082822534484
2022-03-21,"Male","75-84",530,0.0404253311757096
2022-03-28,"Male","75-84",549,0.0418745411612539
2022-04-04,"Male","75-84",520,0.0396625890780547
2022-04-11,"Male","75-84",513,0.0391286696096963
2022-04-18,"Male","75-84",554,0.0422559122100814
2022-04-25,"Male","75-84",525,0.0400439601268822
2022-05-02,"Male","75-84",559,0.0426372832589088
2022-05-09,"Male","75-84",553,0.0421796380003159
2022-05-16,"Male","75-84",552,0.0421033637905504
2022-05-23,"Male","75-84",612,0.0466798163764798
2022-05-30,"Male","75-84",580,0.0442390416639841
2022-06-06,"Male","75-84",638,0.0486629458303825
2022-06-13,"Male","75-84",616,0.0469849132155417
2022-06-20,"Male","75-84",581,0.0443153158737496
2022-06-27,"Male","75-84",589,0.0449255095518735
2022-07-04,"Male","75-84",672,0.0512562689624092
2022-07-11,"Male","75-84",650,0.0495782363475684
2022-07-18,"Male","75-84",607,0.0462984453276523
2022-07-25,"Male","75-84",620,0.0472900100546037
2022-08-01,"Male","75-84",604,0.0460696226983559
2022-08-08,"Male","75-84",621,0.0473662842643692
2022-08-15,"Male","75-84",531,0.0405016053854751
2022-08-22,"Male","75-84",599,0.0456882516495284
2022-08-29,"Male","75-84",586,0.044696686922577
2022-09-05,"Male","75-84",569,0.0434000253565637
2022-09-12,"Male","75-84",577,0.0440102190346876
2022-09-19,"Male","75-84",568,0.0433237511467982
2022-09-26,"Male","75-84",479,0.0365353464776696
2022-10-03,"Male","75-84",538,0.0410355248538335
2022-10-10,"Male","75-84",500,0.0381371048827449
2022-10-17,"Male","75-84",527,0.0401965085464131
2022-10-24,"Male","75-84",541,0.04126434748313
2022-10-31,"Male","75-84",531,0.0405016053854751
2022-11-07,"Male","75-84",532,0.0405778795952406
2022-11-14,"Male","75-84",551,0.0420270895807849
2022-11-21,"Male","75-84",500,0.0381371048827449
2022-11-28,"Male","75-84",511,0.0389761211901653
2022-12-05,"Male","75-84",587,0.0447729611323425
2022-12-12,"Male","75-84",493,0.0376031854143865
2022-12-19,"Male","75-84",556,0.0424084606296123
2022-12-26,"Male","75-84",516,0.0393574922389928
2023-01-02,"Male","75-84",537,0.038726477223937
2023-01-09,"Male","75-84",519,0.0374283830153134
2023-01-16,"Male","75-84",505,0.0364187541863839
2023-01-23,"Male","75-84",453,0.0326687042503603
2023-01-30,"Male","75-84",496,0.0357697070820722
2023-02-06,"Male","75-84",522,0.037644732050084
2023-02-13,"Male","75-84",525,0.0378610810848546
2023-02-20,"Male","75-84",530,0.0382216628094723
2023-02-27,"Male","75-84",527,0.0380053137747017
2023-03-06,"Male","75-84",545,0.0393034079833252
2023-03-13,"Male","75-84",516,0.0372120339805428
2023-03-20,"Male","75-84",519,0.0374283830153134
2014-12-29,"Male","85+",413,0.127992260866536
2015-01-05,"Male","85+",422,0.130781438464112
2015-01-12,"Male","85+",458,0.141938148854415
2015-01-19,"Male","85+",407,0.126132809134819
2015-01-26,"Male","85+",418,0.1295418039763
2015-02-02,"Male","85+",430,0.133260707439735
2015-02-09,"Male","85+",425,0.131711164329971
2015-02-16,"Male","85+",426,0.132021072951923
2015-02-23,"Male","85+",425,0.131711164329971
2015-03-02,"Male","85+",430,0.133260707439735
2015-03-09,"Male","85+",368,0.114046372878657
2015-03-16,"Male","85+",469,0.145347143695897
2015-03-23,"Male","85+",447,0.138529154012934
2015-03-30,"Male","85+",418,0.1295418039763
2015-04-06,"Male","85+",453,0.140388605744651
2015-04-13,"Male","85+",453,0.140388605744651
2015-04-20,"Male","85+",476,0.147516504049567
2015-04-27,"Male","85+",452,0.140078697122698
2015-05-04,"Male","85+",528,0.163631752391116
2015-05-11,"Male","85+",506,0.156813762708153
2015-05-18,"Male","85+",529,0.163941661013069
2015-05-25,"Male","85+",482,0.149375955781284
2015-06-01,"Male","85+",498,0.15433449373253
2015-06-08,"Male","85+",543,0.168280381720409
2015-06-15,"Male","85+",494,0.153094859244719
2015-06-22,"Male","85+",516,0.159912848927682
2015-06-29,"Male","85+",537,0.166420929988692
2015-07-06,"Male","85+",612,0.189664076635158
2015-07-13,"Male","85+",543,0.168280381720409
2015-07-20,"Male","85+",591,0.183155995574147
2015-07-27,"Male","85+",551,0.170759650696032
2015-08-03,"Male","85+",553,0.171379467939938
2015-08-10,"Male","85+",595,0.184395630061959
2015-08-17,"Male","85+",576,0.178507366244854
2015-08-24,"Male","85+",542,0.167970473098457
2015-08-31,"Male","85+",586,0.181606452464383
2015-09-07,"Male","85+",530,0.164251569635022
2015-09-14,"Male","85+",608,0.188424442147346
2015-09-21,"Male","85+",502,0.155574128220342
2015-09-28,"Male","85+",474,0.146896686805661
2015-10-05,"Male","85+",503,0.155884036842295
2015-10-12,"Male","85+",457,0.141628240232463
2015-10-19,"Male","85+",442,0.136979610903169
2015-10-26,"Male","85+",436,0.135120159171452
2015-11-02,"Male","85+",448,0.138839062634887
2015-11-09,"Male","85+",440,0.136359793659264
2015-11-16,"Male","85+",446,0.138219245390981
2015-11-23,"Male","85+",449,0.13914897125684
2015-11-30,"Male","85+",420,0.130161621220206
2015-12-07,"Male","85+",454,0.140698514366604
2015-12-14,"Male","85+",444,0.137599428147075
2015-12-21,"Male","85+",439,0.136049885037311
2015-12-28,"Male","85+",462,0.143177783342227
2016-01-04,"Male","85+",426,0.126468676403945
2016-01-11,"Male","85+",440,0.130624923985296
2016-01-18,"Male","85+",435,0.129140549849099
2016-01-25,"Male","85+",397,0.117859306414005
2016-02-01,"Male","85+",432,0.128249925367381
2016-02-08,"Male","85+",404,0.119937430204681
2016-02-15,"Male","85+",424,0.125874926749467
2016-02-22,"Male","85+",397,0.117859306414005
2016-02-29,"Male","85+",454,0.134781171566646
2016-03-07,"Male","85+",467,0.138640544320757
2016-03-14,"Male","85+",434,0.12884367502186
2016-03-21,"Male","85+",452,0.134187421912167
2016-03-28,"Male","85+",450,0.133593672257689
2016-04-04,"Male","85+",485,0.143984291211064
2016-04-11,"Male","85+",505,0.149921787755851
2016-04-18,"Male","85+",430,0.127656175712903
2016-04-25,"Male","85+",472,0.140124918456953
2016-05-02,"Male","85+",476,0.141312417765911
2016-05-09,"Male","85+",500,0.148437413619654
2016-05-16,"Male","85+",490,0.145468665347261
2016-05-23,"Male","85+",526,0.156156159127876
2016-05-30,"Male","85+",496,0.147249914310697
2016-06-06,"Male","85+",524,0.155562409473398
2016-06-13,"Male","85+",504,0.149624912928611
2016-06-20,"Male","85+",554,0.164468654290577
2016-06-27,"Male","85+",561,0.166546778081252
2016-07-04,"Male","85+",544,0.161499906018184
2016-07-11,"Male","85+",567,0.168328027044688
2016-07-18,"Male","85+",560,0.166249903254013
2016-07-25,"Male","85+",563,0.167140527735731
2016-08-01,"Male","85+",591,0.175453022898431
2016-08-08,"Male","85+",621,0.18435926771561
2016-08-15,"Male","85+",625,0.185546767024568
2016-08-22,"Male","85+",597,0.177234271861867
2016-08-29,"Male","85+",597,0.177234271861867
2016-09-05,"Male","85+",571,0.169515526353645
2016-09-12,"Male","85+",528,0.156749908782355
2016-09-19,"Male","85+",513,0.152296786373765
2016-09-26,"Male","85+",513,0.152296786373765
2016-10-03,"Male","85+",534,0.158531157745791
2016-10-10,"Male","85+",537,0.159421782227508
2016-10-17,"Male","85+",491,0.1457655401745
2016-10-24,"Male","85+",492,0.14606241500174
2016-10-31,"Male","85+",526,0.156156159127876
2016-11-07,"Male","85+",532,0.157937408091312
2016-11-14,"Male","85+",444,0.131812423294253
2016-11-21,"Male","85+",502,0.149031163274133
2016-11-28,"Male","85+",463,0.1374530450118
2016-12-05,"Male","85+",437,0.129734299503578
2016-12-12,"Male","85+",438,0.130031174330817
2016-12-19,"Male","85+",466,0.138343669493518
2016-12-26,"Male","85+",437,0.129734299503578
2017-01-02,"Male","85+",460,0.132039713372621
2017-01-09,"Male","85+",456,0.13089154195199
2017-01-16,"Male","85+",458,0.131465627662305
2017-01-23,"Male","85+",457,0.131178584807147
2017-01-30,"Male","85+",443,0.127159984834937
2017-02-06,"Male","85+",434,0.124576599138516
2017-02-13,"Male","85+",450,0.129169284821042
2017-02-20,"Male","85+",473,0.135771270489673
2017-02-27,"Male","85+",465,0.13347492764841
2017-03-06,"Male","85+",488,0.140076913317041
2017-03-13,"Male","85+",434,0.124576599138516
2017-03-20,"Male","85+",450,0.129169284821042
2017-03-27,"Male","85+",440,0.126298856269464
2017-04-03,"Male","85+",469,0.134623099069042
2017-04-10,"Male","85+",500,0.143521427578936
2017-04-17,"Male","85+",518,0.148688198971778
2017-04-24,"Male","85+",486,0.139502827606726
2017-05-01,"Male","85+",475,0.136345356199989
2017-05-08,"Male","85+",520,0.149262284682093
2017-05-15,"Male","85+",493,0.141512127592831
2017-05-22,"Male","85+",507,0.145530727565041
2017-05-29,"Male","85+",532,0.152706798943988
2017-06-05,"Male","85+",587,0.168494155977671
2017-06-12,"Male","85+",613,0.175957270211775
2017-06-19,"Male","85+",551,0.158160613191987
2017-06-26,"Male","85+",553,0.158734698902303
2017-07-03,"Male","85+",537,0.154142013219777
2017-07-10,"Male","85+",590,0.169355284543144
2017-07-17,"Male","85+",665,0.190883498679985
2017-07-24,"Male","85+",631,0.181124041604617
2017-07-31,"Male","85+",645,0.185142641576827
2017-08-07,"Male","85+",677,0.194328012941879
2017-08-14,"Male","85+",691,0.198346612914089
2017-08-21,"Male","85+",705,0.2023652128863
2017-08-28,"Male","85+",623,0.178827698763354
2017-09-04,"Male","85+",645,0.185142641576827
2017-09-11,"Male","85+",676,0.194040970086721
2017-09-18,"Male","85+",656,0.188300112983564
2017-09-25,"Male","85+",536,0.153854970364619
2017-10-02,"Male","85+",534,0.153280884654304
2017-10-09,"Male","85+",497,0.142660299013462
2017-10-16,"Male","85+",532,0.152706798943988
2017-10-23,"Male","85+",430,0.123428427717885
2017-10-30,"Male","85+",465,0.13347492764841
2017-11-06,"Male","85+",444,0.127447027690095
2017-11-13,"Male","85+",493,0.141512127592831
2017-11-20,"Male","85+",436,0.125150684848832
2017-11-27,"Male","85+",439,0.126011813414306
2017-12-04,"Male","85+",453,0.130030413386516
2017-12-11,"Male","85+",487,0.139789870461884
2017-12-18,"Male","85+",435,0.124863641993674
2017-12-25,"Male","85+",454,0.130317456241674
2018-01-01,"Male","85+",430,0.119582513699311
2018-01-08,"Male","85+",465,0.129315974116696
2018-01-15,"Male","85+",476,0.132375061676446
2018-01-22,"Male","85+",442,0.122919700128129
2018-01-29,"Male","85+",459,0.127647380902287
2018-02-05,"Male","85+",459,0.127647380902287
2018-02-12,"Male","85+",432,0.120138711437447
2018-02-19,"Male","85+",423,0.117635821615834
2018-02-26,"Male","85+",416,0.115689129532356
2018-03-05,"Male","85+",452,0.12570068881881
2018-03-12,"Male","85+",471,0.130984567331105
2018-03-19,"Male","85+",484,0.134599852628992
2018-03-26,"Male","85+",485,0.13487795149806
2018-04-02,"Male","85+",447,0.124310194473469
2018-04-09,"Male","85+",470,0.130706468462037
2018-04-16,"Male","85+",471,0.130984567331105
2018-04-23,"Male","85+",442,0.122919700128129
2018-04-30,"Male","85+",475,0.132096962807378
2018-05-07,"Male","85+",506,0.140718027748491
2018-05-14,"Male","85+",522,0.145167609653582
2018-05-21,"Male","85+",541,0.150451488165877
2018-05-28,"Male","85+",556,0.154622971201899
2018-06-04,"Male","85+",586,0.162965937273944
2018-06-11,"Male","85+",544,0.151285784773081
2018-06-18,"Male","85+",548,0.152398180249354
2018-06-25,"Male","85+",602,0.167415519179035
2018-07-02,"Male","85+",588,0.163522135012081
2018-07-09,"Male","85+",544,0.151285784773081
2018-07-16,"Male","85+",550,0.15295437798749
2018-07-23,"Male","85+",611,0.169918409000648
2018-07-30,"Male","85+",583,0.16213164066674
2018-08-06,"Male","85+",575,0.159906849714194
2018-08-13,"Male","85+",590,0.164078332750217
2018-08-20,"Male","85+",579,0.161019245190467
2018-08-27,"Male","85+",576,0.160184948583263
2018-09-03,"Male","85+",524,0.145723807391718
2018-09-10,"Male","85+",532,0.147948598344263
2018-09-17,"Male","85+",550,0.15295437798749
2018-09-24,"Male","85+",504,0.140161830010355
2018-10-01,"Male","85+",511,0.142108522093832
2018-10-08,"Male","85+",560,0.155735366678172
2018-10-15,"Male","85+",550,0.15295437798749
2018-10-22,"Male","85+",466,0.129594072985765
2018-10-29,"Male","85+",523,0.14544570852265
2018-11-05,"Male","85+",509,0.141552324355696
2018-11-12,"Male","85+",501,0.13932753340315
2018-11-19,"Male","85+",504,0.140161830010355
2018-11-26,"Male","85+",488,0.135712248105264
2018-12-03,"Male","85+",487,0.135434149236196
2018-12-10,"Male","85+",475,0.132096962807378
2018-12-17,"Male","85+",492,0.136824643581537
2018-12-24,"Male","85+",509,0.141552324355696
2018-12-31,"Male","85+",480,0.129105526207047
2019-01-07,"Male","85+",458,0.123188189589224
2019-01-14,"Male","85+",468,0.125877888051871
2019-01-21,"Male","85+",450,0.121036430819106
2019-01-28,"Male","85+",497,0.133678013593546
2019-02-04,"Male","85+",494,0.132871104054752
2019-02-11,"Male","85+",499,0.134215953286076
2019-02-18,"Male","85+",491,0.132064194515958
2019-02-25,"Male","85+",492,0.132333164362223
2019-03-04,"Male","85+",460,0.123726129281753
2019-03-11,"Male","85+",446,0.119960551434048
2019-03-18,"Male","85+",465,0.125070978513077
2019-03-25,"Male","85+",517,0.13905741051884
2019-04-01,"Male","85+",504,0.135560802517399
2019-04-08,"Male","85+",517,0.13905741051884
2019-04-15,"Male","85+",521,0.140133289903899
2019-04-22,"Male","85+",486,0.130719345284635
2019-04-29,"Male","85+",478,0.128567586514517
2019-05-06,"Male","85+",575,0.154657661602191
2019-05-13,"Male","85+",561,0.150892083754486
2019-05-20,"Male","85+",550,0.147933415445574
2019-05-27,"Male","85+",558,0.150085174215692
2019-06-03,"Male","85+",548,0.147395475753045
2019-06-10,"Male","85+",605,0.162726756990132
2019-06-17,"Male","85+",615,0.165416455452779
2019-06-24,"Male","85+",564,0.15169899329328
2019-07-01,"Male","85+",568,0.152774872678339
2019-07-08,"Male","85+",592,0.159230148988691
2019-07-15,"Male","85+",604,0.162457787143867
2019-07-22,"Male","85+",636,0.171064822224337
2019-07-29,"Male","85+",556,0.149547234523162
2019-08-05,"Male","85+",585,0.157347360064838
2019-08-12,"Male","85+",632,0.169988942839278
2019-08-19,"Male","85+",629,0.169182033300484
2019-08-26,"Male","85+",568,0.152774872678339
2019-09-02,"Male","85+",561,0.150892083754486
2019-09-09,"Male","85+",610,0.164071606221455
2019-09-16,"Male","85+",537,0.144436807444134
2019-09-23,"Male","85+",544,0.146319596367986
2019-09-30,"Male","85+",555,0.149278264676898
2019-10-07,"Male","85+",521,0.140133289903899
2019-10-14,"Male","85+",503,0.135291832671134
2019-10-21,"Male","85+",515,0.138519470826311
2019-10-28,"Male","85+",486,0.130719345284635
2019-11-04,"Male","85+",548,0.147395475753045
2019-11-11,"Male","85+",506,0.136098742209928
2019-11-18,"Male","85+",505,0.135829772363664
2019-11-25,"Male","85+",498,0.133946983439811
2019-12-02,"Male","85+",494,0.132871104054752
2019-12-09,"Male","85+",478,0.128567586514517
2019-12-16,"Male","85+",430,0.115657033893813
2019-12-23,"Male","85+",463,0.124533038820547
2019-12-30,"Male","85+",481,0.124648329156974
2020-01-06,"Male","85+",469,0.121538599531436
2020-01-13,"Male","85+",487,0.126203193969743
2020-01-20,"Male","85+",472,0.12231603193782
2020-01-27,"Male","85+",487,0.126203193969743
2020-02-03,"Male","85+",461,0.119465446447744
2020-02-10,"Male","85+",484,0.125425761563358
2020-02-17,"Male","85+",480,0.124389185021512
2020-02-24,"Male","85+",474,0.122834320208743
2020-03-02,"Male","85+",520,0.134754950439972
2020-03-09,"Male","85+",446,0.115578284415822
2020-03-16,"Male","85+",496,0.128535491188896
2020-03-23,"Male","85+",499,0.12931292359528
2020-03-30,"Male","85+",541,0.140196977284663
2020-04-06,"Male","85+",526,0.13630981525274
2020-04-13,"Male","85+",528,0.136828103523663
2020-04-20,"Male","85+",506,0.131126932543511
2020-04-27,"Male","85+",531,0.137605535930048
2020-05-04,"Male","85+",558,0.144602427587508
2020-05-11,"Male","85+",495,0.128276347053434
2020-05-18,"Male","85+",597,0.154709048870506
2020-05-25,"Male","85+",503,0.130349500137126
2020-06-01,"Male","85+",526,0.13630981525274
2020-06-08,"Male","85+",560,0.145120715858431
2020-06-15,"Male","85+",513,0.132940941491741
2020-06-22,"Male","85+",552,0.143047562774739
2020-06-29,"Male","85+",571,0.147971301348507
2020-07-06,"Male","85+",564,0.146157292400277
2020-07-13,"Male","85+",544,0.140974409691047
2020-07-20,"Male","85+",609,0.157818778496044
2020-07-27,"Male","85+",589,0.152635895786814
2020-08-03,"Male","85+",594,0.153931616464121
2020-08-10,"Male","85+",634,0.164297381882581
2020-08-17,"Male","85+",581,0.150562742703122
2020-08-24,"Male","85+",589,0.152635895786814
2020-08-31,"Male","85+",542,0.140456121420124
2020-09-07,"Male","85+",577,0.149526166161276
2020-09-14,"Male","85+",506,0.131126932543511
2020-09-21,"Male","85+",535,0.138642112471894
2020-09-28,"Male","85+",544,0.140974409691047
2020-10-05,"Male","85+",484,0.125425761563358
2020-10-12,"Male","85+",508,0.131645220814434
2020-10-19,"Male","85+",494,0.128017202917973
2020-10-26,"Male","85+",510,0.132163509085357
2020-11-02,"Male","85+",511,0.132422653220818
2020-11-09,"Male","85+",492,0.12749891464705
2020-11-16,"Male","85+",497,0.128794635324357
2020-11-23,"Male","85+",497,0.128794635324357
2020-11-30,"Male","85+",493,0.127758058782511
2020-12-07,"Male","85+",463,0.119983734718667
2020-12-14,"Male","85+",518,0.134236662169049
2020-12-21,"Male","85+",531,0.137605535930048
2020-12-28,"Male","85+",523,0.135532382846356
2021-01-04,"Male","85+",500,0.124407018510238
2021-01-11,"Male","85+",451,0.112215130696235
2021-01-18,"Male","85+",495,0.123162948325136
2021-01-25,"Male","85+",478,0.118933109695788
2021-02-01,"Male","85+",536,0.133364323842976
2021-02-08,"Male","85+",505,0.125651088695341
2021-02-15,"Male","85+",471,0.117191411436645
2021-02-22,"Male","85+",480,0.119430737769829
2021-03-01,"Male","85+",521,0.129632113287668
2021-03-08,"Male","85+",513,0.127641600991505
2021-03-15,"Male","85+",519,0.129134485213627
2021-03-22,"Male","85+",527,0.131124997509791
2021-03-29,"Male","85+",527,0.131124997509791
2021-04-05,"Male","85+",463,0.115200899140481
2021-04-12,"Male","85+",548,0.136350092287221
2021-04-19,"Male","85+",531,0.132120253657873
2021-04-26,"Male","85+",542,0.134857208065098
2021-05-03,"Male","85+",544,0.135354836139139
2021-05-10,"Male","85+",578,0.143814513397836
2021-05-17,"Male","85+",616,0.153269446804614
2021-05-24,"Male","85+",612,0.152274190656532
2021-05-31,"Male","85+",603,0.150034864323347
2021-06-07,"Male","85+",614,0.152771818730573
2021-06-14,"Male","85+",597,0.148541980101225
2021-06-21,"Male","85+",618,0.153767074878655
2021-06-28,"Male","85+",594,0.147795537990163
2021-07-05,"Male","85+",661,0.164466078470535
2021-07-12,"Male","85+",663,0.164963706544576
2021-07-19,"Male","85+",651,0.16197793810033
2021-07-26,"Male","85+",663,0.164963706544576
2021-08-02,"Male","85+",657,0.163470822322453
2021-08-09,"Male","85+",583,0.145058583582938
2021-08-16,"Male","85+",615,0.153020632767593
2021-08-23,"Male","85+",595,0.148044352027184
2021-08-30,"Male","85+",625,0.155508773137798
2021-09-06,"Male","85+",583,0.145058583582938
2021-09-13,"Male","85+",597,0.148541980101225
2021-09-20,"Male","85+",581,0.144560955508897
2021-09-27,"Male","85+",620,0.154264702952696
2021-10-04,"Male","85+",580,0.144312141471876
2021-10-11,"Male","85+",572,0.142321629175713
2021-10-18,"Male","85+",573,0.142570443212733
2021-10-25,"Male","85+",560,0.139335860731467
2021-11-01,"Male","85+",586,0.145805025693999
2021-11-08,"Male","85+",511,0.127143972917464
2021-11-15,"Male","85+",578,0.143814513397836
2021-11-22,"Male","85+",533,0.132617881731914
2021-11-29,"Male","85+",584,0.145307397619958
2021-12-06,"Male","85+",541,0.134608394028078
2021-12-13,"Male","85+",566,0.14082874495359
2021-12-20,"Male","85+",577,0.143565699360815
2021-12-27,"Male","85+",516,0.128388043102566
2022-01-03,"Male","85+",549,0.130692476210227
2022-01-10,"Male","85+",652,0.155212193969158
2022-01-17,"Male","85+",712,0.169495524702516
2022-01-24,"Male","85+",726,0.172828301873633
2022-01-31,"Male","85+",698,0.166162747531399
2022-02-07,"Male","85+",641,0.152593583334709
2022-02-14,"Male","85+",568,0.135215530942457
2022-02-21,"Male","85+",596,0.141881085284691
2022-02-28,"Male","85+",523,0.124503032892438
2022-03-07,"Male","85+",558,0.13283497582023
2022-03-14,"Male","85+",547,0.130216365185781
2022-03-21,"Male","85+",538,0.128073865575778
2022-03-28,"Male","85+",549,0.130692476210227
2022-04-04,"Male","85+",607,0.14449969591914
2022-04-11,"Male","85+",581,0.138310252601351
2022-04-18,"Male","85+",635,0.151165250261373
2022-04-25,"Male","85+",606,0.144261640406917
2022-05-02,"Male","85+",659,0.156878582554717
2022-05-09,"Male","85+",672,0.159973304213611
2022-05-16,"Male","85+",689,0.164020247921396
2022-05-23,"Male","85+",646,0.153783860895822
2022-05-30,"Male","85+",694,0.165210525482509
2022-06-06,"Male","85+",744,0.177113301093641
2022-06-13,"Male","85+",768,0.182826633386984
2022-06-20,"Male","85+",707,0.168305247141403
2022-06-27,"Male","85+",721,0.17163802431252
2022-07-04,"Male","85+",721,0.17163802431252
2022-07-11,"Male","85+",749,0.178303578654754
2022-07-18,"Male","85+",812,0.19330107592478
2022-07-25,"Male","85+",789,0.187825799143659
2022-08-01,"Male","85+",774,0.18425496646032
2022-08-08,"Male","85+",718,0.170923857775852
2022-08-15,"Male","85+",726,0.172828301873633
2022-08-22,"Male","85+",696,0.165686636506954
2022-08-29,"Male","85+",636,0.151403305773596
2022-09-05,"Male","85+",691,0.164496358945841
2022-09-12,"Male","85+",646,0.153783860895822
2022-09-19,"Male","85+",677,0.161163581774724
2022-09-26,"Male","85+",585,0.139262474650242
2022-10-03,"Male","85+",536,0.127597754551332
2022-10-10,"Male","85+",564,0.134263308893566
2022-10-17,"Male","85+",600,0.142833307333581
2022-10-24,"Male","85+",540,0.128549976600223
2022-10-31,"Male","85+",615,0.146404140016921
2022-11-07,"Male","85+",601,0.143071362845804
2022-11-14,"Male","85+",568,0.135215530942457
2022-11-21,"Male","85+",582,0.138548308113574
2022-11-28,"Male","85+",603,0.143547473870249
2022-12-05,"Male","85+",609,0.144975806943585
2022-12-12,"Male","85+",639,0.152117472310264
2022-12-19,"Male","85+",657,0.156402471530271
2022-12-26,"Male","85+",592,0.1409288632358
2023-01-02,"Male","85+",628,0.142723425779993
2023-01-09,"Male","85+",572,0.129996496092605
2023-01-16,"Male","85+",577,0.131132829100408
2023-01-23,"Male","85+",552,0.125451164061395
2023-01-30,"Male","85+",567,0.128860163084803
2023-02-06,"Male","85+",559,0.127042030272319
2023-02-13,"Male","85+",543,0.123405764647351
2023-02-20,"Male","85+",521,0.11840589941302
2023-02-27,"Male","85+",553,0.125678430662956
2023-03-06,"Male","85+",547,0.124314831053593
2023-03-13,"Male","85+",574,0.130451029295726
2023-03-20,"Male","85+",558,0.126814763670758
2014-12-29,"Male","Total",1475,0.00648399973310601
2015-01-05,"Male","Total",1415,0.00622024381175933
2015-01-12,"Male","Total",1439,0.006325746180298
2015-01-19,"Male","Total",1389,0.00610594957917576
2015-01-26,"Male","Total",1369,0.00601803093872687
2015-02-02,"Male","Total",1438,0.00632135024827556
2015-02-09,"Male","Total",1438,0.00632135024827556
2015-02-16,"Male","Total",1464,0.00643564448085912
2015-02-23,"Male","Total",1468,0.0064532282089489
2015-03-02,"Male","Total",1491,0.00655433464546513
2015-03-09,"Male","Total",1384,0.00608396991906354
2015-03-16,"Male","Total",1509,0.00663346142186913
2015-03-23,"Male","Total",1467,0.00644883227692645
2015-03-30,"Male","Total",1471,0.00646641600501623
2015-04-06,"Male","Total",1520,0.00668181667411603
2015-04-13,"Male","Total",1450,0.00637410143254489
2015-04-20,"Male","Total",1510,0.00663785735389158
2015-04-27,"Male","Total",1515,0.0066598370140038
2015-05-04,"Male","Total",1599,0.00702909530388916
2015-05-11,"Male","Total",1592,0.00699832377973205
2015-05-18,"Male","Total",1503,0.00660708582973447
2015-05-25,"Male","Total",1573,0.0069148010713056
2015-06-01,"Male","Total",1613,0.00709063835220339
2015-06-08,"Male","Total",1640,0.0072093285168094
2015-06-15,"Male","Total",1598,0.00702469937186672
2015-06-22,"Male","Total",1607,0.00706426276006872
2015-06-29,"Male","Total",1624,0.00713899360445028
2015-07-06,"Male","Total",1765,0.00775882001961499
2015-07-13,"Male","Total",1687,0.0074159373218643
2015-07-20,"Male","Total",1739,0.00764452578703143
2015-07-27,"Male","Total",1701,0.00747748037017853
2015-08-03,"Male","Total",1745,0.0076709013791661
2015-08-10,"Male","Total",1731,0.00760935833085187
2015-08-17,"Male","Total",1772,0.0077895915437721
2015-08-24,"Male","Total",1640,0.0072093285168094
2015-08-31,"Male","Total",1788,0.00785992645613122
2015-09-07,"Male","Total",1653,0.00726647563310118
2015-09-14,"Male","Total",1721,0.00756539901062742
2015-09-21,"Male","Total",1541,0.00677413124658737
2015-09-28,"Male","Total",1548,0.00680490277074448
2015-10-05,"Male","Total",1588,0.00698074005164227
2015-10-12,"Male","Total",1506,0.0066202736258018
2015-10-19,"Male","Total",1495,0.00657191837355491
2015-10-26,"Male","Total",1441,0.00633453804434289
2015-11-02,"Male","Total",1512,0.00664664921793647
2015-11-09,"Male","Total",1420,0.00624222347187155
2015-11-16,"Male","Total",1483,0.00651916718928557
2015-11-23,"Male","Total",1464,0.00643564448085912
2015-11-30,"Male","Total",1435,0.00630816245220822
2015-12-07,"Male","Total",1485,0.00652795905333046
2015-12-14,"Male","Total",1465,0.00644004041288156
2015-12-21,"Male","Total",1422,0.00625101533591644
2015-12-28,"Male","Total",1452,0.00638289329658978
2016-01-04,"Male","Total",1414,0.00612320921360801
2016-01-11,"Male","Total",1471,0.00637004296550027
2016-01-18,"Male","Total",1498,0.00648696421639661
2016-01-25,"Male","Total",1359,0.00588503629511548
2016-02-01,"Male","Total",1494,0.00646964254959715
2016-02-08,"Male","Total",1434,0.0062098175476053
2016-02-15,"Male","Total",1447,0.00626611296470353
2016-02-22,"Male","Total",1430,0.00619249588080584
2016-02-29,"Male","Total",1447,0.00626611296470353
2016-03-07,"Male","Total",1494,0.00646964254959715
2016-03-14,"Male","Total",1397,0.00604959212971032
2016-03-21,"Male","Total",1476,0.0063916950489996
2016-03-28,"Male","Total",1430,0.00619249588080584
2016-04-04,"Male","Total",1560,0.00675545005178819
2016-04-11,"Male","Total",1542,0.00667750255119063
2016-04-18,"Male","Total",1488,0.00644366004939797
2016-04-25,"Male","Total",1496,0.00647830338299688
2016-05-02,"Male","Total",1452,0.00628776504820285
2016-05-09,"Male","Total",1541,0.00667317213449077
2016-05-16,"Male","Total",1475,0.00638736463229973
2016-05-23,"Male","Total",1609,0.00696764047008154
2016-05-30,"Male","Total",1577,0.00682906713568588
2016-06-06,"Male","Total",1684,0.00729242172257135
2016-06-13,"Male","Total",1596,0.0069113450529833
2016-06-20,"Male","Total",1633,0.00707157047087828
2016-06-27,"Male","Total",1692,0.00732706505617027
2016-07-04,"Male","Total",1692,0.00732706505617027
2016-07-11,"Male","Total",1731,0.00749595130746497
2016-07-18,"Male","Total",1684,0.00729242172257135
2016-07-25,"Male","Total",1674,0.00724911755557271
2016-08-01,"Male","Total",1678,0.00726643922237217
2016-08-08,"Male","Total",1761,0.0076258638084609
2016-08-15,"Male","Total",1743,0.00754791630786334
2016-08-22,"Male","Total",1768,0.00765617672535995
2016-08-29,"Male","Total",1769,0.00766050714205981
2016-09-05,"Male","Total",1672,0.00724045672217298
2016-09-12,"Male","Total",1670,0.00723179588877326
2016-09-19,"Male","Total",1615,0.00699362297028072
2016-09-26,"Male","Total",1627,0.00704558797067909
2016-10-03,"Male","Total",1665,0.00721014380527393
2016-10-10,"Male","Total",1649,0.00714085713807611
2016-10-17,"Male","Total",1566,0.00678143255198738
2016-10-24,"Male","Total",1601,0.00693299713648262
2016-10-31,"Male","Total",1627,0.00704558797067909
2016-11-07,"Male","Total",1640,0.00710188338777733
2016-11-14,"Male","Total",1524,0.00659955505059308
2016-11-21,"Male","Total",1536,0.00665152005099145
2016-11-28,"Male","Total",1529,0.0066212071340924
2016-12-05,"Male","Total",1430,0.00619249588080584
2016-12-12,"Male","Total",1490,0.0064523208827977
2016-12-19,"Male","Total",1523,0.00659522463389321
2016-12-26,"Male","Total",1523,0.00659522463389321
2017-01-02,"Male","Total",1529,0.00651706258455343
2017-01-09,"Male","Total",1465,0.00624427513824119
2017-01-16,"Male","Total",1501,0.00639771807679183
2017-01-23,"Male","Total",1500,0.0063934557729432
2017-01-30,"Male","Total",1386,0.00590755313419952
2017-02-06,"Male","Total",1470,0.00626558665748434
2017-02-13,"Male","Total",1441,0.0061419798458741
2017-02-20,"Male","Total",1528,0.00651280028070481
2017-02-27,"Male","Total",1502,0.00640198038064046
2017-03-06,"Male","Total",1551,0.00661083326922327
2017-03-13,"Male","Total",1500,0.0063934557729432
2017-03-20,"Male","Total",1461,0.00622722592284668
2017-03-27,"Male","Total",1498,0.00638493116524594
2017-04-03,"Male","Total",1575,0.00671312856159036
2017-04-10,"Male","Total",1524,0.00649575106531029
2017-04-17,"Male","Total",1584,0.00675148929622802
2017-04-24,"Male","Total",1569,0.00668755473849859
2017-05-01,"Male","Total",1518,0.00647017724221852
2017-05-08,"Male","Total",1623,0.00691771914632454
2017-05-15,"Male","Total",1544,0.00658099714228287
2017-05-22,"Male","Total",1618,0.0068964076270814
2017-05-29,"Male","Total",1653,0.00704558826178341
2017-06-05,"Male","Total",1699,0.00724165423882033
2017-06-12,"Male","Total",1706,0.00727149036576073
2017-06-19,"Male","Total",1636,0.00697312909635672
2017-06-26,"Male","Total",1687,0.00719050659263679
2017-07-03,"Male","Total",1765,0.00752296629282983
2017-07-10,"Male","Total",1797,0.00765936001598595
2017-07-17,"Male","Total",1924,0.00820067260476181
2017-07-24,"Male","Total",1907,0.00812821343933512
2017-07-31,"Male","Total",1913,0.00815378726242689
2017-08-07,"Male","Total",1917,0.00817083647782141
2017-08-14,"Male","Total",1907,0.00812821343933512
2017-08-21,"Male","Total",1882,0.0080216558431194
2017-08-28,"Male","Total",1944,0.00828591868173439
2017-09-04,"Male","Total",1841,0.00784690138532562
2017-09-11,"Male","Total",1876,0.00799608202002763
2017-09-18,"Male","Total",1837,0.00782985216993111
2017-09-25,"Male","Total",1716,0.00731411340424702
2017-10-02,"Male","Total",1663,0.00708821130026969
2017-10-09,"Male","Total",1570,0.00669181704234722
2017-10-16,"Male","Total",1632,0.0069560798809622
2017-10-23,"Male","Total",1528,0.00651280028070481
2017-10-30,"Male","Total",1597,0.00680689924626019
2017-11-06,"Male","Total",1487,0.00633804582291103
2017-11-13,"Male","Total",1558,0.00664066939616367
2017-11-20,"Male","Total",1510,0.00643607881142949
2017-11-27,"Male","Total",1448,0.0061718159728145
2017-12-04,"Male","Total",1571,0.00669607934619584
2017-12-11,"Male","Total",1586,0.00676001390392528
2017-12-18,"Male","Total",1501,0.00639771807679183
2017-12-25,"Male","Total",1460,0.00622296361899805
2018-01-01,"Male","Total",1487,0.00623997606259937
2018-01-08,"Male","Total",1502,0.00630292134904119
2018-01-15,"Male","Total",1447,0.00607212196542117
2018-01-22,"Male","Total",1495,0.00627354688203501
2018-01-29,"Male","Total",1498,0.00628613593932337
2018-02-05,"Male","Total",1432,0.00600917667897935
2018-02-12,"Male","Total",1439,0.00603855114598553
2018-02-19,"Male","Total",1490,0.00625256511988773
2018-02-26,"Male","Total",1467,0.00615604901401027
2018-03-05,"Male","Total",1463,0.00613926360429245
2018-03-12,"Male","Total",1517,0.00636586663548301
2018-03-19,"Male","Total",1520,0.00637845569277138
2018-03-26,"Male","Total",1540,0.00646238274136047
2018-04-02,"Male","Total",1457,0.00611408548971572
2018-04-09,"Male","Total",1470,0.00616863807129863
2018-04-16,"Male","Total",1555,0.0065253280278023
2018-04-23,"Male","Total",1443,0.00605533655570335
2018-04-30,"Male","Total",1536,0.00644559733164266
2018-05-07,"Male","Total",1629,0.00683585810758196
2018-05-14,"Male","Total",1563,0.00655889884723794
2018-05-21,"Male","Total",1668,0.0069995158523307
2018-05-28,"Male","Total",1657,0.00695335597560669
2018-06-04,"Male","Total",1777,0.00745691826714127
2018-06-11,"Male","Total",1635,0.00686103622215869
2018-06-18,"Male","Total",1665,0.00698692679504233
2018-06-25,"Male","Total",1732,0.00726808240781581
2018-07-02,"Male","Total",1769,0.00742334744770564
2018-07-09,"Male","Total",1690,0.0070918356057787
2018-07-16,"Male","Total",1667,0.00699531949990124
2018-07-23,"Male","Total",1837,0.00770869941290857
2018-07-30,"Male","Total",1692,0.00710022831063761
2018-08-06,"Male","Total",1667,0.00699531949990124
2018-08-13,"Male","Total",1762,0.00739397298069945
2018-08-20,"Male","Total",1791,0.00751566720115364
2018-08-27,"Male","Total",1772,0.007435936504994
2018-09-03,"Male","Total",1683,0.00706246113877252
2018-09-10,"Male","Total",1616,0.00678130552599904
2018-09-17,"Male","Total",1673,0.00702049761447797
2018-09-24,"Male","Total",1659,0.0069617486804656
2018-10-01,"Male","Total",1657,0.00695335597560669
2018-10-08,"Male","Total",1661,0.00697014138532451
2018-10-15,"Male","Total",1631,0.00684425081244087
2018-10-22,"Male","Total",1549,0.00650014991322557
2018-10-29,"Male","Total",1591,0.00667639671526267
2018-11-05,"Male","Total",1537,0.00644979368407211
2018-11-12,"Male","Total",1549,0.00650014991322557
2018-11-19,"Male","Total",1556,0.00652952438023175
2018-11-26,"Male","Total",1523,0.00639104475005974
2018-12-03,"Male","Total",1550,0.00650434626565502
2018-12-10,"Male","Total",1500,0.00629452864418228
2018-12-17,"Male","Total",1557,0.00653372073266121
2018-12-24,"Male","Total",1573,0.00660086237153248
2018-12-31,"Male","Total",1536,0.00635352657671683
2019-01-07,"Male","Total",1549,0.00640729991362915
2019-01-14,"Male","Total",1582,0.0065438014611758
2019-01-21,"Male","Total",1553,0.00642384555575602
2019-01-28,"Male","Total",1527,0.00631629888193138
2019-02-04,"Male","Total",1552,0.0064197091452243
2019-02-11,"Male","Total",1509,0.00624184349236048
2019-02-18,"Male","Total",1606,0.006643075313937
2019-02-25,"Male","Total",1558,0.0064445276084146
2019-03-04,"Male","Total",1499,0.00620047938704332
2019-03-11,"Male","Total",1551,0.00641557273469258
2019-03-18,"Male","Total",1507,0.00623357067129705
2019-03-25,"Male","Total",1623,0.00671339429297619
2019-04-01,"Male","Total",1566,0.00647761889266833
2019-04-08,"Male","Total",1622,0.00670925788244447
2019-04-15,"Male","Total",1614,0.00667616659819074
2019-04-22,"Male","Total",1568,0.00648589171373177
2019-04-29,"Male","Total",1525,0.00630802606086795
2019-05-06,"Male","Total",1715,0.00709394406189412
2019-05-13,"Male","Total",1695,0.00701121585125979
2019-05-20,"Male","Total",1728,0.00714771739880644
2019-05-27,"Male","Total",1725,0.00713530816721129
2019-06-03,"Male","Total",1757,0.00726767330422622
2019-06-10,"Male","Total",1833,0.00758204050463669
2019-06-17,"Male","Total",1799,0.00744140254655832
2019-06-24,"Male","Total",1733,0.00716839945146502
2019-07-01,"Male","Total",1784,0.00737935638858257
2019-07-08,"Male","Total",1750,0.00723871843050421
2019-07-15,"Male","Total",1770,0.00732144664113854
2019-07-22,"Male","Total",1843,0.00762340460995386
2019-07-29,"Male","Total",1668,0.00689953276690344
2019-08-05,"Male","Total",1807,0.00747449383081206
2019-08-12,"Male","Total",1764,0.00729662817794824
2019-08-19,"Male","Total",1810,0.00748690306240721
2019-08-26,"Male","Total",1776,0.00734626510432884
2019-09-02,"Male","Total",1749,0.00723458201997249
2019-09-09,"Male","Total",1741,0.00720149073571875
2019-09-16,"Male","Total",1748,0.00723044560944077
2019-09-23,"Male","Total",1618,0.0066927122403176
2019-09-30,"Male","Total",1647,0.00681266814573739
2019-10-07,"Male","Total",1631,0.00674648557722992
2019-10-14,"Male","Total",1627,0.00672993993510305
2019-10-21,"Male","Total",1644,0.00680025891414224
2019-10-28,"Male","Total",1596,0.00660171120861983
2019-11-04,"Male","Total",1552,0.0064197091452243
2019-11-11,"Male","Total",1589,0.00657275633489782
2019-11-18,"Male","Total",1589,0.00657275633489782
2019-11-25,"Male","Total",1556,0.00643625478735117
2019-12-02,"Male","Total",1579,0.00653139222958065
2019-12-09,"Male","Total",1572,0.00650243735585863
2019-12-16,"Male","Total",1513,0.00625838913448735
2019-12-23,"Male","Total",1515,0.00626666195555078
2019-12-30,"Male","Total",1540,0.0063060862526746
2020-01-06,"Male","Total",1528,0.00625694791823817
2020-01-13,"Male","Total",1558,0.00637979375432923
2020-01-20,"Male","Total",1569,0.00642483722756262
2020-01-27,"Male","Total",1509,0.0061791455553805
2020-02-03,"Male","Total",1516,0.00620780958380175
2020-02-10,"Male","Total",1582,0.00647807042320209
2020-02-17,"Male","Total",1648,0.00674833126260242
2020-02-24,"Male","Total",1599,0.00654768306365369
2020-03-02,"Male","Total",1587,0.00649854472921726
2020-03-09,"Male","Total",1580,0.00646988070079601
2020-03-16,"Male","Total",1548,0.00633884514229888
2020-03-23,"Male","Total",1692,0.00692850515553598
2020-03-30,"Male","Total",1659,0.00679337473583582
2020-04-06,"Male","Total",1621,0.00663777001012047
2020-04-13,"Male","Total",1602,0.00655996764726279
2020-04-20,"Male","Total",1587,0.00649854472921726
2020-04-27,"Male","Total",1582,0.00647807042320209
2020-05-04,"Male","Total",1666,0.00682203876425706
2020-05-11,"Male","Total",1695,0.00694078973914509
2020-05-18,"Male","Total",1718,0.00703497154681491
2020-05-25,"Male","Total",1642,0.00672376209538421
2020-06-01,"Male","Total",1607,0.00658044195327797
2020-06-08,"Male","Total",1656,0.00678109015222671
2020-06-15,"Male","Total",1587,0.00649854472921726
2020-06-22,"Male","Total",1585,0.00649035500681119
2020-06-29,"Male","Total",1705,0.00698173835117545
2020-07-06,"Male","Total",1678,0.00687117709869349
2020-07-13,"Male","Total",1687,0.00690803084952081
2020-07-20,"Male","Total",1777,0.007276568357794
2020-07-27,"Male","Total",1782,0.00729704266380918
2020-08-03,"Male","Total",1750,0.00716600710531204
2020-08-10,"Male","Total",1872,0.00766558017208237
2020-08-17,"Male","Total",1747,0.00715372252170293
2020-08-24,"Male","Total",1712,0.00701040237959669
2020-08-31,"Male","Total",1716,0.00702678182440884
2020-09-07,"Male","Total",1663,0.00680975418064796
2020-09-14,"Male","Total",1564,0.00640436292154745
2020-09-21,"Male","Total",1655,0.00677699529102367
2020-09-28,"Male","Total",1703,0.00697354862876937
2020-10-05,"Male","Total",1558,0.00637979375432923
2020-10-12,"Male","Total",1589,0.00650673445162333
2020-10-19,"Male","Total",1557,0.0063756988931262
2020-10-26,"Male","Total",1618,0.00662548542651136
2020-11-02,"Male","Total",1587,0.00649854472921726
2020-11-09,"Male","Total",1630,0.00667462376094779
2020-11-16,"Male","Total",1608,0.00658453681448101
2020-11-23,"Male","Total",1554,0.00636341430951709
2020-11-30,"Male","Total",1606,0.00657634709207494
2020-12-07,"Male","Total",1551,0.00635112972590799
2020-12-14,"Male","Total",1608,0.00658453681448101
2020-12-21,"Male","Total",1619,0.0066295802877144
2020-12-28,"Male","Total",1542,0.00631427597508067
2021-01-04,"Male","Total",1625,0.00661444683970861
2021-01-11,"Male","Total",1554,0.00632544639317365
2021-01-18,"Male","Total",1706,0.00694415157448793
2021-01-25,"Male","Total",1570,0.00639057325436463
2021-02-01,"Male","Total",1631,0.00663886941265523
2021-02-08,"Male","Total",1538,0.00626031953198267
2021-02-15,"Male","Total",1573,0.00640278454083794
2021-02-22,"Male","Total",1555,0.00632951682199809
2021-03-01,"Male","Total",1626,0.00661851726853305
2021-03-08,"Male","Total",1609,0.00654931997851763
2021-03-15,"Male","Total",1643,0.00668771455854846
2021-03-22,"Male","Total",1606,0.00653710869204433
2021-03-29,"Male","Total",1634,0.00665108069912854
2021-04-05,"Male","Total",1473,0.00599574165839433
2021-04-12,"Male","Total",1711,0.00696450371861011
2021-04-19,"Male","Total",1697,0.00690751771506801
2021-04-26,"Male","Total",1682,0.00684646128270147
2021-05-03,"Male","Total",1704,0.00693601071683906
2021-05-10,"Male","Total",1723,0.00701334886450335
2021-05-17,"Male","Total",1769,0.0072005885904274
2021-05-24,"Male","Total",1806,0.00735119445693154
2021-05-31,"Male","Total",1731,0.00704591229509883
2021-06-07,"Male","Total",1840,0.00748958903696237
2021-06-14,"Male","Total",1759,0.00715988430218304
2021-06-21,"Male","Total",1772,0.00721279987690071
2021-06-28,"Male","Total",1778,0.00723722244984733
2021-07-05,"Male","Total",1860,0.00757099761345109
2021-07-12,"Male","Total",1901,0.00773788519525297
2021-07-19,"Male","Total",1900,0.00773381476642853
2021-07-26,"Male","Total",1876,0.00763612447464206
2021-08-02,"Male","Total",1824,0.00742446217577139
2021-08-09,"Male","Total",1780,0.0072453633074962
2021-08-16,"Male","Total",1811,0.00737154660105372
2021-08-23,"Male","Total",1684,0.00685460214035034
2021-08-30,"Male","Total",1785,0.00726571545161838
2021-09-06,"Male","Total",1761,0.00716802515983192
2021-09-13,"Male","Total",1774,0.00722094073454959
2021-09-20,"Male","Total",1727,0.00702963057980109
2021-09-27,"Male","Total",1852,0.0075384341828556
2021-10-04,"Male","Total",1770,0.00720465901925184
2021-10-11,"Male","Total",1778,0.00723722244984733
2021-10-18,"Male","Total",1739,0.00707847572569432
2021-10-25,"Male","Total",1745,0.00710289829864094
2021-11-01,"Male","Total",1708,0.00695229243213681
2021-11-08,"Male","Total",1636,0.00665922155677741
2021-11-15,"Male","Total",1768,0.00719651816160297
2021-11-22,"Male","Total",1681,0.00684239085387703
2021-11-29,"Male","Total",1759,0.00715988430218304
2021-12-06,"Male","Total",1640,0.00667550327207515
2021-12-13,"Male","Total",1655,0.00673655970444169
2021-12-20,"Male","Total",1766,0.0071883773039541
2021-12-27,"Male","Total",1678,0.00683017956740372
2022-01-03,"Male","Total",1764,0.00714153318841637
2022-01-10,"Male","Total",1990,0.00805649152207969
2022-01-17,"Male","Total",2097,0.00848967975969905
2022-01-24,"Male","Total",2016,0.00816175221533299
2022-01-31,"Male","Total",2012,0.00814555826252479
2022-02-07,"Male","Total",1888,0.00764354572547058
2022-02-14,"Male","Total",1880,0.00761115781985418
2022-02-21,"Male","Total",1769,0.00716177562942662
2022-02-28,"Male","Total",1767,0.00715367865302252
2022-03-07,"Male","Total",1689,0.00683789657326261
2022-03-14,"Male","Total",1731,0.00700793307774872
2022-03-21,"Male","Total",1744,0.00706056342437537
2022-03-28,"Male","Total",1785,0.00722655144065942
2022-04-04,"Male","Total",1778,0.00719821202324507
2022-04-11,"Male","Total",1751,0.00708890284178972
2022-04-18,"Male","Total",1831,0.00741278189795373
2022-04-25,"Male","Total",1809,0.00732371515750862
2022-05-02,"Male","Total",1962,0.00794313385242229
2022-05-09,"Male","Total",1991,0.00806054001028174
2022-05-16,"Male","Total",1938,0.00784597013557309
2022-05-23,"Male","Total",1984,0.00803220059286739
2022-05-30,"Male","Total",2012,0.00814555826252479
2022-06-06,"Male","Total",2053,0.00831154627880885
2022-06-13,"Male","Total",2150,0.00870424963440771
2022-06-20,"Male","Total",2079,0.00841680697206215
2022-06-27,"Male","Total",2014,0.0081536552389289
2022-07-04,"Male","Total",2144,0.00867995870519541
2022-07-11,"Male","Total",2193,0.00887833462709586
2022-07-18,"Male","Total",2163,0.00875687998103436
2022-07-25,"Male","Total",2178,0.00881760730406511
2022-08-01,"Male","Total",2165,0.00876497695743846
2022-08-08,"Male","Total",2078,0.0084127584838601
2022-08-15,"Male","Total",2000,0.00809697640410019
2022-08-22,"Male","Total",2011,0.00814150977432274
2022-08-29,"Male","Total",1944,0.00787026106478539
2022-09-05,"Male","Total",1982,0.00802410361646329
2022-09-12,"Male","Total",1909,0.00772856397771363
2022-09-19,"Male","Total",1949,0.00789050350579564
2022-09-26,"Male","Total",1752,0.00709295132999177
2022-10-03,"Male","Total",1821,0.00737229701593323
2022-10-10,"Male","Total",1780,0.00720630899964917
2022-10-17,"Male","Total",1813,0.00733990911031683
2022-10-24,"Male","Total",1685,0.00682170262045441
2022-10-31,"Male","Total",1798,0.00727918178728607
2022-11-07,"Male","Total",1799,0.00728323027548812
2022-11-14,"Male","Total",1793,0.00725893934627582
2022-11-21,"Male","Total",1754,0.00710104830639587
2022-11-28,"Male","Total",1758,0.00711724225920407
2022-12-05,"Male","Total",1897,0.00767998211928903
2022-12-12,"Male","Total",1792,0.00725489085807377
2022-12-19,"Male","Total",1919,0.00776904885973414
2022-12-26,"Male","Total",1782,0.00721440597605327
2023-01-02,"Male","Total",1847,0.0074379386071797
2023-01-09,"Male","Total",1722,0.0069345588963527
2023-01-16,"Male","Total",1710,0.00688623444411331
2023-01-23,"Male","Total",1653,0.0066566932959762
2023-01-30,"Male","Total",1726,0.00695066704709916
2023-02-06,"Male","Total",1702,0.00685401814262038
2023-02-13,"Male","Total",1728,0.0069587211224724
2023-02-20,"Male","Total",1682,0.00677347738888806
2023-02-27,"Male","Total",1728,0.0069587211224724
2023-03-06,"Male","Total",1728,0.0069587211224724
2023-03-13,"Male","Total",1770,0.00712785670531027
2023-03-20,"Male","Total",1700,0.00684596406724715
