"fecha","Country","Purpose","Count"
2005-01-01,"China (excl SARs and Taiwan province)","Business",5748
2005-02-01,"China (excl SARs and Taiwan province)","Business",4483
2005-03-01,"China (excl SARs and Taiwan province)","Business",7052
2005-04-01,"China (excl SARs and Taiwan province)","Business",9836
2005-05-01,"China (excl SARs and Taiwan province)","Business",6050
2005-06-01,"China (excl SARs and Taiwan province)","Business",7112
2005-07-01,"China (excl SARs and Taiwan province)","Business",6556
2005-08-01,"China (excl SARs and Taiwan province)","Business",8347
2005-09-01,"China (excl SARs and Taiwan province)","Business",7974
2005-10-01,"China (excl SARs and Taiwan province)","Business",8680
2005-11-01,"China (excl SARs and Taiwan province)","Business",8456
2005-12-01,"China (excl SARs and Taiwan province)","Business",4113
2006-01-01,"China (excl SARs and Taiwan province)","Business",4106
2006-02-01,"China (excl SARs and Taiwan province)","Business",6532
2006-03-01,"China (excl SARs and Taiwan province)","Business",7520
2006-04-01,"China (excl SARs and Taiwan province)","Business",8609
2006-05-01,"China (excl SARs and Taiwan province)","Business",9577
2006-06-01,"China (excl SARs and Taiwan province)","Business",8468
2006-07-01,"China (excl SARs and Taiwan province)","Business",6611
2006-08-01,"China (excl SARs and Taiwan province)","Business",6984
2006-09-01,"China (excl SARs and Taiwan province)","Business",8599
2006-10-01,"China (excl SARs and Taiwan province)","Business",10184
2006-11-01,"China (excl SARs and Taiwan province)","Business",8532
2006-12-01,"China (excl SARs and Taiwan province)","Business",4301
2007-01-01,"China (excl SARs and Taiwan province)","Business",6454
2007-02-01,"China (excl SARs and Taiwan province)","Business",3899
2007-03-01,"China (excl SARs and Taiwan province)","Business",9509
2007-04-01,"China (excl SARs and Taiwan province)","Business",10408
2007-05-01,"China (excl SARs and Taiwan province)","Business",9356
2007-06-01,"China (excl SARs and Taiwan province)","Business",7157
2007-07-01,"China (excl SARs and Taiwan province)","Business",6477
2007-08-01,"China (excl SARs and Taiwan province)","Business",5790
2007-09-01,"China (excl SARs and Taiwan province)","Business",8286
2007-10-01,"China (excl SARs and Taiwan province)","Business",9749
2007-11-01,"China (excl SARs and Taiwan province)","Business",6495
2007-12-01,"China (excl SARs and Taiwan province)","Business",4923
2008-01-01,"China (excl SARs and Taiwan province)","Business",5205
2008-02-01,"China (excl SARs and Taiwan province)","Business",4787
2008-03-01,"China (excl SARs and Taiwan province)","Business",7581
2008-04-01,"China (excl SARs and Taiwan province)","Business",8306
2008-05-01,"China (excl SARs and Taiwan province)","Business",6798
2008-06-01,"China (excl SARs and Taiwan province)","Business",4707
2008-07-01,"China (excl SARs and Taiwan province)","Business",4596
2008-08-01,"China (excl SARs and Taiwan province)","Business",4519
2008-09-01,"China (excl SARs and Taiwan province)","Business",5726
2008-10-01,"China (excl SARs and Taiwan province)","Business",9291
2008-11-01,"China (excl SARs and Taiwan province)","Business",6295
2008-12-01,"China (excl SARs and Taiwan province)","Business",2034
2009-01-01,"China (excl SARs and Taiwan province)","Business",2534
2009-02-01,"China (excl SARs and Taiwan province)","Business",4988
2009-03-01,"China (excl SARs and Taiwan province)","Business",5218
2009-04-01,"China (excl SARs and Taiwan province)","Business",4910
2009-05-01,"China (excl SARs and Taiwan province)","Business",5089
2009-06-01,"China (excl SARs and Taiwan province)","Business",5217
2009-07-01,"China (excl SARs and Taiwan province)","Business",4405
2009-08-01,"China (excl SARs and Taiwan province)","Business",5329
2009-09-01,"China (excl SARs and Taiwan province)","Business",6258
2009-10-01,"China (excl SARs and Taiwan province)","Business",8394
2009-11-01,"China (excl SARs and Taiwan province)","Business",6714
2009-12-01,"China (excl SARs and Taiwan province)","Business",3319
2010-01-01,"China (excl SARs and Taiwan province)","Business",4941
2010-02-01,"China (excl SARs and Taiwan province)","Business",3529
2010-03-01,"China (excl SARs and Taiwan province)","Business",7841
2010-04-01,"China (excl SARs and Taiwan province)","Business",8475
2010-05-01,"China (excl SARs and Taiwan province)","Business",7558
2010-06-01,"China (excl SARs and Taiwan province)","Business",6947
2010-07-01,"China (excl SARs and Taiwan province)","Business",6057
2010-08-01,"China (excl SARs and Taiwan province)","Business",7862
2010-09-01,"China (excl SARs and Taiwan province)","Business",8216
2010-10-01,"China (excl SARs and Taiwan province)","Business",9222
2010-11-01,"China (excl SARs and Taiwan province)","Business",7219
2010-12-01,"China (excl SARs and Taiwan province)","Business",4129
2011-01-01,"China (excl SARs and Taiwan province)","Business",4098
2011-02-01,"China (excl SARs and Taiwan province)","Business",5512
2011-03-01,"China (excl SARs and Taiwan province)","Business",7857
2011-04-01,"China (excl SARs and Taiwan province)","Business",7611
2011-05-01,"China (excl SARs and Taiwan province)","Business",8500
2011-06-01,"China (excl SARs and Taiwan province)","Business",5559
2011-07-01,"China (excl SARs and Taiwan province)","Business",5796
2011-08-01,"China (excl SARs and Taiwan province)","Business",6430
2011-09-01,"China (excl SARs and Taiwan province)","Business",7285
2011-10-01,"China (excl SARs and Taiwan province)","Business",9434
2011-11-01,"China (excl SARs and Taiwan province)","Business",8270
2011-12-01,"China (excl SARs and Taiwan province)","Business",4512
2012-01-01,"China (excl SARs and Taiwan province)","Business",4166
2012-02-01,"China (excl SARs and Taiwan province)","Business",6612
2012-03-01,"China (excl SARs and Taiwan province)","Business",9164
2012-04-01,"China (excl SARs and Taiwan province)","Business",9082
2012-05-01,"China (excl SARs and Taiwan province)","Business",7128
2012-06-01,"China (excl SARs and Taiwan province)","Business",5913
2012-07-01,"China (excl SARs and Taiwan province)","Business",6521
2012-08-01,"China (excl SARs and Taiwan province)","Business",6147
2012-09-01,"China (excl SARs and Taiwan province)","Business",7640
2012-10-01,"China (excl SARs and Taiwan province)","Business",9996
2012-11-01,"China (excl SARs and Taiwan province)","Business",7098
2012-12-01,"China (excl SARs and Taiwan province)","Business",4498
2013-01-01,"China (excl SARs and Taiwan province)","Business",4441
2013-02-01,"China (excl SARs and Taiwan province)","Business",4651
2013-03-01,"China (excl SARs and Taiwan province)","Business",8373
2013-04-01,"China (excl SARs and Taiwan province)","Business",10121
2013-05-01,"China (excl SARs and Taiwan province)","Business",7576
2013-06-01,"China (excl SARs and Taiwan province)","Business",6658
2013-07-01,"China (excl SARs and Taiwan province)","Business",7169
2013-08-01,"China (excl SARs and Taiwan province)","Business",5964
2013-09-01,"China (excl SARs and Taiwan province)","Business",7710
2013-10-01,"China (excl SARs and Taiwan province)","Business",10643
2013-11-01,"China (excl SARs and Taiwan province)","Business",7301
2013-12-01,"China (excl SARs and Taiwan province)","Business",4228
2014-01-01,"China (excl SARs and Taiwan province)","Business",3352
2014-02-01,"China (excl SARs and Taiwan province)","Business",5434
2014-03-01,"China (excl SARs and Taiwan province)","Business",8683
2014-04-01,"China (excl SARs and Taiwan province)","Business",8013
2014-05-01,"China (excl SARs and Taiwan province)","Business",8078
2014-06-01,"China (excl SARs and Taiwan province)","Business",7379
2014-07-01,"China (excl SARs and Taiwan province)","Business",6460
2014-08-01,"China (excl SARs and Taiwan province)","Business",5576
2014-09-01,"China (excl SARs and Taiwan province)","Business",8468
2014-10-01,"China (excl SARs and Taiwan province)","Business",10081
2014-11-01,"China (excl SARs and Taiwan province)","Business",7850
2014-12-01,"China (excl SARs and Taiwan province)","Business",4246
2015-01-01,"China (excl SARs and Taiwan province)","Business",5007
2015-02-01,"China (excl SARs and Taiwan province)","Business",3526
2015-03-01,"China (excl SARs and Taiwan province)","Business",9105
2015-04-01,"China (excl SARs and Taiwan province)","Business",9008
2015-05-01,"China (excl SARs and Taiwan province)","Business",8514
2015-06-01,"China (excl SARs and Taiwan province)","Business",5667
2015-07-01,"China (excl SARs and Taiwan province)","Business",5110
2015-08-01,"China (excl SARs and Taiwan province)","Business",6143
2015-09-01,"China (excl SARs and Taiwan province)","Business",8224
2015-10-01,"China (excl SARs and Taiwan province)","Business",8619
2015-11-01,"China (excl SARs and Taiwan province)","Business",7441
2015-12-01,"China (excl SARs and Taiwan province)","Business",3465
2016-01-01,"China (excl SARs and Taiwan province)","Business",5441
2016-02-01,"China (excl SARs and Taiwan province)","Business",3978
2016-03-01,"China (excl SARs and Taiwan province)","Business",7220
2016-04-01,"China (excl SARs and Taiwan province)","Business",8223
2016-05-01,"China (excl SARs and Taiwan province)","Business",6497
2016-06-01,"China (excl SARs and Taiwan province)","Business",4791
2016-07-01,"China (excl SARs and Taiwan province)","Business",3915
2016-08-01,"China (excl SARs and Taiwan province)","Business",5544
2016-09-01,"China (excl SARs and Taiwan province)","Business",7220
2016-10-01,"China (excl SARs and Taiwan province)","Business",8657
2016-11-01,"China (excl SARs and Taiwan province)","Business",6768
2016-12-01,"China (excl SARs and Taiwan province)","Business",4219
2017-01-01,"China (excl SARs and Taiwan province)","Business",3614
2017-02-01,"China (excl SARs and Taiwan province)","Business",5058
2017-03-01,"China (excl SARs and Taiwan province)","Business",8455
2017-04-01,"China (excl SARs and Taiwan province)","Business",7094
2017-05-01,"China (excl SARs and Taiwan province)","Business",8569
2017-06-01,"China (excl SARs and Taiwan province)","Business",6750
2005-01-01,"China (excl SARs and Taiwan province)","Education",104
2005-02-01,"China (excl SARs and Taiwan province)","Education",175
2005-03-01,"China (excl SARs and Taiwan province)","Education",694
2005-04-01,"China (excl SARs and Taiwan province)","Education",279
2005-05-01,"China (excl SARs and Taiwan province)","Education",183
2005-06-01,"China (excl SARs and Taiwan province)","Education",310
2005-07-01,"China (excl SARs and Taiwan province)","Education",185
2005-08-01,"China (excl SARs and Taiwan province)","Education",394
2005-09-01,"China (excl SARs and Taiwan province)","Education",577
2005-10-01,"China (excl SARs and Taiwan province)","Education",369
2005-11-01,"China (excl SARs and Taiwan province)","Education",133
2005-12-01,"China (excl SARs and Taiwan province)","Education",116
2006-01-01,"China (excl SARs and Taiwan province)","Education",126
2006-02-01,"China (excl SARs and Taiwan province)","Education",349
2006-03-01,"China (excl SARs and Taiwan province)","Education",253
2006-04-01,"China (excl SARs and Taiwan province)","Education",578
2006-05-01,"China (excl SARs and Taiwan province)","Education",176
2006-06-01,"China (excl SARs and Taiwan province)","Education",170
2006-07-01,"China (excl SARs and Taiwan province)","Education",262
2006-08-01,"China (excl SARs and Taiwan province)","Education",441
2006-09-01,"China (excl SARs and Taiwan province)","Education",1005
2006-10-01,"China (excl SARs and Taiwan province)","Education",111
2006-11-01,"China (excl SARs and Taiwan province)","Education",351
2006-12-01,"China (excl SARs and Taiwan province)","Education",371
2007-01-01,"China (excl SARs and Taiwan province)","Education",224
2007-02-01,"China (excl SARs and Taiwan province)","Education",173
2007-03-01,"China (excl SARs and Taiwan province)","Education",295
2007-04-01,"China (excl SARs and Taiwan province)","Education",508
2007-05-01,"China (excl SARs and Taiwan province)","Education",297
2007-06-01,"China (excl SARs and Taiwan province)","Education",402
2007-07-01,"China (excl SARs and Taiwan province)","Education",195
2007-08-01,"China (excl SARs and Taiwan province)","Education",350
2007-09-01,"China (excl SARs and Taiwan province)","Education",866
2007-10-01,"China (excl SARs and Taiwan province)","Education",256
2007-11-01,"China (excl SARs and Taiwan province)","Education",205
2007-12-01,"China (excl SARs and Taiwan province)","Education",235
2008-01-01,"China (excl SARs and Taiwan province)","Education",168
2008-02-01,"China (excl SARs and Taiwan province)","Education",255
2008-03-01,"China (excl SARs and Taiwan province)","Education",351
2008-04-01,"China (excl SARs and Taiwan province)","Education",320
2008-05-01,"China (excl SARs and Taiwan province)","Education",52
2008-06-01,"China (excl SARs and Taiwan province)","Education",234
2008-07-01,"China (excl SARs and Taiwan province)","Education",501
2008-08-01,"China (excl SARs and Taiwan province)","Education",525
2008-09-01,"China (excl SARs and Taiwan province)","Education",893
2008-10-01,"China (excl SARs and Taiwan province)","Education",116
2008-11-01,"China (excl SARs and Taiwan province)","Education",349
2008-12-01,"China (excl SARs and Taiwan province)","Education",106
2009-01-01,"China (excl SARs and Taiwan province)","Education",167
2009-02-01,"China (excl SARs and Taiwan province)","Education",283
2009-03-01,"China (excl SARs and Taiwan province)","Education",79
2009-04-01,"China (excl SARs and Taiwan province)","Education",88
2009-05-01,"China (excl SARs and Taiwan province)","Education",232
2009-06-01,"China (excl SARs and Taiwan province)","Education",346
2009-07-01,"China (excl SARs and Taiwan province)","Education",357
2009-08-01,"China (excl SARs and Taiwan province)","Education",365
2009-09-01,"China (excl SARs and Taiwan province)","Education",781
2009-10-01,"China (excl SARs and Taiwan province)","Education",292
2009-11-01,"China (excl SARs and Taiwan province)","Education",323
2009-12-01,"China (excl SARs and Taiwan province)","Education",246
2010-01-01,"China (excl SARs and Taiwan province)","Education",429
2010-02-01,"China (excl SARs and Taiwan province)","Education",556
2010-03-01,"China (excl SARs and Taiwan province)","Education",399
2010-04-01,"China (excl SARs and Taiwan province)","Education",610
2010-05-01,"China (excl SARs and Taiwan province)","Education",288
2010-06-01,"China (excl SARs and Taiwan province)","Education",400
2010-07-01,"China (excl SARs and Taiwan province)","Education",396
2010-08-01,"China (excl SARs and Taiwan province)","Education",611
2010-09-01,"China (excl SARs and Taiwan province)","Education",1303
2010-10-01,"China (excl SARs and Taiwan province)","Education",312
2010-11-01,"China (excl SARs and Taiwan province)","Education",534
2010-12-01,"China (excl SARs and Taiwan province)","Education",507
2011-01-01,"China (excl SARs and Taiwan province)","Education",178
2011-02-01,"China (excl SARs and Taiwan province)","Education",298
2011-03-01,"China (excl SARs and Taiwan province)","Education",169
2011-04-01,"China (excl SARs and Taiwan province)","Education",731
2011-05-01,"China (excl SARs and Taiwan province)","Education",116
2011-06-01,"China (excl SARs and Taiwan province)","Education",94
2011-07-01,"China (excl SARs and Taiwan province)","Education",452
2011-08-01,"China (excl SARs and Taiwan province)","Education",289
2011-09-01,"China (excl SARs and Taiwan province)","Education",726
2011-10-01,"China (excl SARs and Taiwan province)","Education",205
2011-11-01,"China (excl SARs and Taiwan province)","Education",524
2011-12-01,"China (excl SARs and Taiwan province)","Education",265
2012-01-01,"China (excl SARs and Taiwan province)","Education",172
2012-02-01,"China (excl SARs and Taiwan province)","Education",409
2012-03-01,"China (excl SARs and Taiwan province)","Education",205
2012-04-01,"China (excl SARs and Taiwan province)","Education",360
2012-05-01,"China (excl SARs and Taiwan province)","Education",368
2012-06-01,"China (excl SARs and Taiwan province)","Education",828
2012-07-01,"China (excl SARs and Taiwan province)","Education",219
2012-08-01,"China (excl SARs and Taiwan province)","Education",342
2012-09-01,"China (excl SARs and Taiwan province)","Education",659
2012-10-01,"China (excl SARs and Taiwan province)","Education",182
2012-11-01,"China (excl SARs and Taiwan province)","Education",474
2012-12-01,"China (excl SARs and Taiwan province)","Education",478
2013-01-01,"China (excl SARs and Taiwan province)","Education",240
2013-02-01,"China (excl SARs and Taiwan province)","Education",616
2013-03-01,"China (excl SARs and Taiwan province)","Education",575
2013-04-01,"China (excl SARs and Taiwan province)","Education",281
2013-05-01,"China (excl SARs and Taiwan province)","Education",124
2013-06-01,"China (excl SARs and Taiwan province)","Education",376
2013-07-01,"China (excl SARs and Taiwan province)","Education",303
2013-08-01,"China (excl SARs and Taiwan province)","Education",571
2013-09-01,"China (excl SARs and Taiwan province)","Education",523
2013-10-01,"China (excl SARs and Taiwan province)","Education",144
2013-11-01,"China (excl SARs and Taiwan province)","Education",488
2013-12-01,"China (excl SARs and Taiwan province)","Education",495
2014-01-01,"China (excl SARs and Taiwan province)","Education",191
2014-02-01,"China (excl SARs and Taiwan province)","Education",520
2014-03-01,"China (excl SARs and Taiwan province)","Education",330
2014-04-01,"China (excl SARs and Taiwan province)","Education",576
2014-05-01,"China (excl SARs and Taiwan province)","Education",355
2014-06-01,"China (excl SARs and Taiwan province)","Education",734
2014-07-01,"China (excl SARs and Taiwan province)","Education",768
2014-08-01,"China (excl SARs and Taiwan province)","Education",633
2014-09-01,"China (excl SARs and Taiwan province)","Education",935
2014-10-01,"China (excl SARs and Taiwan province)","Education",283
2014-11-01,"China (excl SARs and Taiwan province)","Education",570
2014-12-01,"China (excl SARs and Taiwan province)","Education",344
2015-01-01,"China (excl SARs and Taiwan province)","Education",107
2015-02-01,"China (excl SARs and Taiwan province)","Education",307
2015-03-01,"China (excl SARs and Taiwan province)","Education",257
2015-04-01,"China (excl SARs and Taiwan province)","Education",705
2015-05-01,"China (excl SARs and Taiwan province)","Education",334
2015-06-01,"China (excl SARs and Taiwan province)","Education",600
2015-07-01,"China (excl SARs and Taiwan province)","Education",722
2015-08-01,"China (excl SARs and Taiwan province)","Education",383
2015-09-01,"China (excl SARs and Taiwan province)","Education",1004
2015-10-01,"China (excl SARs and Taiwan province)","Education",387
2015-11-01,"China (excl SARs and Taiwan province)","Education",478
2015-12-01,"China (excl SARs and Taiwan province)","Education",186
2016-01-01,"China (excl SARs and Taiwan province)","Education",269
2016-02-01,"China (excl SARs and Taiwan province)","Education",181
2016-03-01,"China (excl SARs and Taiwan province)","Education",617
2016-04-01,"China (excl SARs and Taiwan province)","Education",416
2016-05-01,"China (excl SARs and Taiwan province)","Education",290
2016-06-01,"China (excl SARs and Taiwan province)","Education",647
2016-07-01,"China (excl SARs and Taiwan province)","Education",395
2016-08-01,"China (excl SARs and Taiwan province)","Education",819
2016-09-01,"China (excl SARs and Taiwan province)","Education",1094
2016-10-01,"China (excl SARs and Taiwan province)","Education",438
2016-11-01,"China (excl SARs and Taiwan province)","Education",555
2016-12-01,"China (excl SARs and Taiwan province)","Education",395
2017-01-01,"China (excl SARs and Taiwan province)","Education",419
2017-02-01,"China (excl SARs and Taiwan province)","Education",383
2017-03-01,"China (excl SARs and Taiwan province)","Education",512
2017-04-01,"China (excl SARs and Taiwan province)","Education",245
2017-05-01,"China (excl SARs and Taiwan province)","Education",174
2017-06-01,"China (excl SARs and Taiwan province)","Education",536
2005-01-01,"China (excl SARs and Taiwan province)","Employment",571
2005-02-01,"China (excl SARs and Taiwan province)","Employment",687
2005-03-01,"China (excl SARs and Taiwan province)","Employment",430
2005-04-01,"China (excl SARs and Taiwan province)","Employment",145
2005-05-01,"China (excl SARs and Taiwan province)","Employment",818
2005-06-01,"China (excl SARs and Taiwan province)","Employment",391
2005-07-01,"China (excl SARs and Taiwan province)","Employment",361
2005-08-01,"China (excl SARs and Taiwan province)","Employment",660
2005-09-01,"China (excl SARs and Taiwan province)","Employment",286
2005-10-01,"China (excl SARs and Taiwan province)","Employment",495
2005-11-01,"China (excl SARs and Taiwan province)","Employment",202
2005-12-01,"China (excl SARs and Taiwan province)","Employment",317
2006-01-01,"China (excl SARs and Taiwan province)","Employment",409
2006-02-01,"China (excl SARs and Taiwan province)","Employment",910
2006-03-01,"China (excl SARs and Taiwan province)","Employment",303
2006-04-01,"China (excl SARs and Taiwan province)","Employment",570
2006-05-01,"China (excl SARs and Taiwan province)","Employment",425
2006-06-01,"China (excl SARs and Taiwan province)","Employment",121
2006-07-01,"China (excl SARs and Taiwan province)","Employment",350
2006-08-01,"China (excl SARs and Taiwan province)","Employment",1138
2006-09-01,"China (excl SARs and Taiwan province)","Employment",312
2006-10-01,"China (excl SARs and Taiwan province)","Employment",553
2006-11-01,"China (excl SARs and Taiwan province)","Employment",305
2006-12-01,"China (excl SARs and Taiwan province)","Employment",312
2007-01-01,"China (excl SARs and Taiwan province)","Employment",682
2007-02-01,"China (excl SARs and Taiwan province)","Employment",668
2007-03-01,"China (excl SARs and Taiwan province)","Employment",637
2007-04-01,"China (excl SARs and Taiwan province)","Employment",406
2007-05-01,"China (excl SARs and Taiwan province)","Employment",648
2007-06-01,"China (excl SARs and Taiwan province)","Employment",297
2007-07-01,"China (excl SARs and Taiwan province)","Employment",507
2007-08-01,"China (excl SARs and Taiwan province)","Employment",731
2007-09-01,"China (excl SARs and Taiwan province)","Employment",239
2007-10-01,"China (excl SARs and Taiwan province)","Employment",373
2007-11-01,"China (excl SARs and Taiwan province)","Employment",464
2007-12-01,"China (excl SARs and Taiwan province)","Employment",353
2008-01-01,"China (excl SARs and Taiwan province)","Employment",446
2008-02-01,"China (excl SARs and Taiwan province)","Employment",733
2008-03-01,"China (excl SARs and Taiwan province)","Employment",491
2008-04-01,"China (excl SARs and Taiwan province)","Employment",390
2008-05-01,"China (excl SARs and Taiwan province)","Employment",486
2008-06-01,"China (excl SARs and Taiwan province)","Employment",93
2008-07-01,"China (excl SARs and Taiwan province)","Employment",366
2008-08-01,"China (excl SARs and Taiwan province)","Employment",761
2008-09-01,"China (excl SARs and Taiwan province)","Employment",367
2008-10-01,"China (excl SARs and Taiwan province)","Employment",372
2008-11-01,"China (excl SARs and Taiwan province)","Employment",244
2008-12-01,"China (excl SARs and Taiwan province)","Employment",205
2009-01-01,"China (excl SARs and Taiwan province)","Employment",842
2009-02-01,"China (excl SARs and Taiwan province)","Employment",387
2009-03-01,"China (excl SARs and Taiwan province)","Employment",599
2009-04-01,"China (excl SARs and Taiwan province)","Employment",475
2009-05-01,"China (excl SARs and Taiwan province)","Employment",541
2009-06-01,"China (excl SARs and Taiwan province)","Employment",464
2009-07-01,"China (excl SARs and Taiwan province)","Employment",442
2009-08-01,"China (excl SARs and Taiwan province)","Employment",527
2009-09-01,"China (excl SARs and Taiwan province)","Employment",335
2009-10-01,"China (excl SARs and Taiwan province)","Employment",739
2009-11-01,"China (excl SARs and Taiwan province)","Employment",291
2009-12-01,"China (excl SARs and Taiwan province)","Employment",238
2010-01-01,"China (excl SARs and Taiwan province)","Employment",892
2010-02-01,"China (excl SARs and Taiwan province)","Employment",679
2010-03-01,"China (excl SARs and Taiwan province)","Employment",559
2010-04-01,"China (excl SARs and Taiwan province)","Employment",551
2010-05-01,"China (excl SARs and Taiwan province)","Employment",406
2010-06-01,"China (excl SARs and Taiwan province)","Employment",312
2010-07-01,"China (excl SARs and Taiwan province)","Employment",511
2010-08-01,"China (excl SARs and Taiwan province)","Employment",554
2010-09-01,"China (excl SARs and Taiwan province)","Employment",520
2010-10-01,"China (excl SARs and Taiwan province)","Employment",1153
2010-11-01,"China (excl SARs and Taiwan province)","Employment",557
2010-12-01,"China (excl SARs and Taiwan province)","Employment",348
2011-01-01,"China (excl SARs and Taiwan province)","Employment",532
2011-02-01,"China (excl SARs and Taiwan province)","Employment",459
2011-03-01,"China (excl SARs and Taiwan province)","Employment",279
2011-04-01,"China (excl SARs and Taiwan province)","Employment",186
2011-05-01,"China (excl SARs and Taiwan province)","Employment",462
2011-06-01,"China (excl SARs and Taiwan province)","Employment",498
2011-07-01,"China (excl SARs and Taiwan province)","Employment",444
2011-08-01,"China (excl SARs and Taiwan province)","Employment",596
2011-09-01,"China (excl SARs and Taiwan province)","Employment",563
2011-10-01,"China (excl SARs and Taiwan province)","Employment",465
2011-11-01,"China (excl SARs and Taiwan province)","Employment",288
2011-12-01,"China (excl SARs and Taiwan province)","Employment",293
2012-01-01,"China (excl SARs and Taiwan province)","Employment",931
2012-02-01,"China (excl SARs and Taiwan province)","Employment",916
2012-03-01,"China (excl SARs and Taiwan province)","Employment",459
2012-04-01,"China (excl SARs and Taiwan province)","Employment",512
2012-05-01,"China (excl SARs and Taiwan province)","Employment",161
2012-06-01,"China (excl SARs and Taiwan province)","Employment",399
2012-07-01,"China (excl SARs and Taiwan province)","Employment",602
2012-08-01,"China (excl SARs and Taiwan province)","Employment",694
2012-09-01,"China (excl SARs and Taiwan province)","Employment",469
2012-10-01,"China (excl SARs and Taiwan province)","Employment",465
2012-11-01,"China (excl SARs and Taiwan province)","Employment",417
2012-12-01,"China (excl SARs and Taiwan province)","Employment",340
2013-01-01,"China (excl SARs and Taiwan province)","Employment",928
2013-02-01,"China (excl SARs and Taiwan province)","Employment",599
2013-03-01,"China (excl SARs and Taiwan province)","Employment",184
2013-04-01,"China (excl SARs and Taiwan province)","Employment",334
2013-05-01,"China (excl SARs and Taiwan province)","Employment",526
2013-06-01,"China (excl SARs and Taiwan province)","Employment",260
2013-07-01,"China (excl SARs and Taiwan province)","Employment",263
2013-08-01,"China (excl SARs and Taiwan province)","Employment",570
2013-09-01,"China (excl SARs and Taiwan province)","Employment",354
2013-10-01,"China (excl SARs and Taiwan province)","Employment",742
2013-11-01,"China (excl SARs and Taiwan province)","Employment",424
2013-12-01,"China (excl SARs and Taiwan province)","Employment",139
2014-01-01,"China (excl SARs and Taiwan province)","Employment",960
2014-02-01,"China (excl SARs and Taiwan province)","Employment",708
2014-03-01,"China (excl SARs and Taiwan province)","Employment",477
2014-04-01,"China (excl SARs and Taiwan province)","Employment",623
2014-05-01,"China (excl SARs and Taiwan province)","Employment",607
2014-06-01,"China (excl SARs and Taiwan province)","Employment",398
2014-07-01,"China (excl SARs and Taiwan province)","Employment",732
2014-08-01,"China (excl SARs and Taiwan province)","Employment",535
2014-09-01,"China (excl SARs and Taiwan province)","Employment",502
2014-10-01,"China (excl SARs and Taiwan province)","Employment",1059
2014-11-01,"China (excl SARs and Taiwan province)","Employment",533
2014-12-01,"China (excl SARs and Taiwan province)","Employment",632
2015-01-01,"China (excl SARs and Taiwan province)","Employment",511
2015-02-01,"China (excl SARs and Taiwan province)","Employment",742
2015-03-01,"China (excl SARs and Taiwan province)","Employment",746
2015-04-01,"China (excl SARs and Taiwan province)","Employment",897
2015-05-01,"China (excl SARs and Taiwan province)","Employment",518
2015-06-01,"China (excl SARs and Taiwan province)","Employment",580
2015-07-01,"China (excl SARs and Taiwan province)","Employment",819
2015-08-01,"China (excl SARs and Taiwan province)","Employment",1049
2015-09-01,"China (excl SARs and Taiwan province)","Employment",475
2015-10-01,"China (excl SARs and Taiwan province)","Employment",933
2015-11-01,"China (excl SARs and Taiwan province)","Employment",880
2015-12-01,"China (excl SARs and Taiwan province)","Employment",676
2016-01-01,"China (excl SARs and Taiwan province)","Employment",539
2016-02-01,"China (excl SARs and Taiwan province)","Employment",959
2016-03-01,"China (excl SARs and Taiwan province)","Employment",640
2016-04-01,"China (excl SARs and Taiwan province)","Employment",604
2016-05-01,"China (excl SARs and Taiwan province)","Employment",624
2016-06-01,"China (excl SARs and Taiwan province)","Employment",456
2016-07-01,"China (excl SARs and Taiwan province)","Employment",513
2016-08-01,"China (excl SARs and Taiwan province)","Employment",641
2016-09-01,"China (excl SARs and Taiwan province)","Employment",285
2016-10-01,"China (excl SARs and Taiwan province)","Employment",1154
2016-11-01,"China (excl SARs and Taiwan province)","Employment",684
2016-12-01,"China (excl SARs and Taiwan province)","Employment",568
2017-01-01,"China (excl SARs and Taiwan province)","Employment",609
2017-02-01,"China (excl SARs and Taiwan province)","Employment",604
2017-03-01,"China (excl SARs and Taiwan province)","Employment",521
2017-04-01,"China (excl SARs and Taiwan province)","Employment",568
2017-05-01,"China (excl SARs and Taiwan province)","Employment",733
2017-06-01,"China (excl SARs and Taiwan province)","Employment",356
2005-01-01,"China (excl SARs and Taiwan province)","Holiday",4749
2005-02-01,"China (excl SARs and Taiwan province)","Holiday",3078
2005-03-01,"China (excl SARs and Taiwan province)","Holiday",7240
2005-04-01,"China (excl SARs and Taiwan province)","Holiday",7402
2005-05-01,"China (excl SARs and Taiwan province)","Holiday",6029
2005-06-01,"China (excl SARs and Taiwan province)","Holiday",6416
2005-07-01,"China (excl SARs and Taiwan province)","Holiday",4875
2005-08-01,"China (excl SARs and Taiwan province)","Holiday",5001
2005-09-01,"China (excl SARs and Taiwan province)","Holiday",12128
2005-10-01,"China (excl SARs and Taiwan province)","Holiday",8979
2005-11-01,"China (excl SARs and Taiwan province)","Holiday",5704
2005-12-01,"China (excl SARs and Taiwan province)","Holiday",6824
2006-01-01,"China (excl SARs and Taiwan province)","Holiday",5008
2006-02-01,"China (excl SARs and Taiwan province)","Holiday",2922
2006-03-01,"China (excl SARs and Taiwan province)","Holiday",5156
2006-04-01,"China (excl SARs and Taiwan province)","Holiday",8037
2006-05-01,"China (excl SARs and Taiwan province)","Holiday",6473
2006-06-01,"China (excl SARs and Taiwan province)","Holiday",6562
2006-07-01,"China (excl SARs and Taiwan province)","Holiday",4081
2006-08-01,"China (excl SARs and Taiwan province)","Holiday",5755
2006-09-01,"China (excl SARs and Taiwan province)","Holiday",12205
2006-10-01,"China (excl SARs and Taiwan province)","Holiday",8919
2006-11-01,"China (excl SARs and Taiwan province)","Holiday",6216
2006-12-01,"China (excl SARs and Taiwan province)","Holiday",9418
2007-01-01,"China (excl SARs and Taiwan province)","Holiday",5092
2007-02-01,"China (excl SARs and Taiwan province)","Holiday",2684
2007-03-01,"China (excl SARs and Taiwan province)","Holiday",8699
2007-04-01,"China (excl SARs and Taiwan province)","Holiday",10525
2007-05-01,"China (excl SARs and Taiwan province)","Holiday",8840
2007-06-01,"China (excl SARs and Taiwan province)","Holiday",7403
2007-07-01,"China (excl SARs and Taiwan province)","Holiday",5260
2007-08-01,"China (excl SARs and Taiwan province)","Holiday",6938
2007-09-01,"China (excl SARs and Taiwan province)","Holiday",16095
2007-10-01,"China (excl SARs and Taiwan province)","Holiday",11957
2007-11-01,"China (excl SARs and Taiwan province)","Holiday",7169
2007-12-01,"China (excl SARs and Taiwan province)","Holiday",10103
2008-01-01,"China (excl SARs and Taiwan province)","Holiday",6087
2008-02-01,"China (excl SARs and Taiwan province)","Holiday",4447
2008-03-01,"China (excl SARs and Taiwan province)","Holiday",9155
2008-04-01,"China (excl SARs and Taiwan province)","Holiday",10546
2008-05-01,"China (excl SARs and Taiwan province)","Holiday",8591
2008-06-01,"China (excl SARs and Taiwan province)","Holiday",5458
2008-07-01,"China (excl SARs and Taiwan province)","Holiday",5875
2008-08-01,"China (excl SARs and Taiwan province)","Holiday",8494
2008-09-01,"China (excl SARs and Taiwan province)","Holiday",11117
2008-10-01,"China (excl SARs and Taiwan province)","Holiday",9316
2008-11-01,"China (excl SARs and Taiwan province)","Holiday",6693
2008-12-01,"China (excl SARs and Taiwan province)","Holiday",8495
2009-01-01,"China (excl SARs and Taiwan province)","Holiday",5929
2009-02-01,"China (excl SARs and Taiwan province)","Holiday",4012
2009-03-01,"China (excl SARs and Taiwan province)","Holiday",7126
2009-04-01,"China (excl SARs and Taiwan province)","Holiday",9709
2009-05-01,"China (excl SARs and Taiwan province)","Holiday",6899
2009-06-01,"China (excl SARs and Taiwan province)","Holiday",5505
2009-07-01,"China (excl SARs and Taiwan province)","Holiday",5300
2009-08-01,"China (excl SARs and Taiwan province)","Holiday",6937
2009-09-01,"China (excl SARs and Taiwan province)","Holiday",10832
2009-10-01,"China (excl SARs and Taiwan province)","Holiday",8454
2009-11-01,"China (excl SARs and Taiwan province)","Holiday",7186
2009-12-01,"China (excl SARs and Taiwan province)","Holiday",12419
2010-01-01,"China (excl SARs and Taiwan province)","Holiday",6119
2010-02-01,"China (excl SARs and Taiwan province)","Holiday",5512
2010-03-01,"China (excl SARs and Taiwan province)","Holiday",11440
2010-04-01,"China (excl SARs and Taiwan province)","Holiday",9855
2010-05-01,"China (excl SARs and Taiwan province)","Holiday",10223
2010-06-01,"China (excl SARs and Taiwan province)","Holiday",10484
2010-07-01,"China (excl SARs and Taiwan province)","Holiday",8126
2010-08-01,"China (excl SARs and Taiwan province)","Holiday",9735
2010-09-01,"China (excl SARs and Taiwan province)","Holiday",18751
2010-10-01,"China (excl SARs and Taiwan province)","Holiday",11467
2010-11-01,"China (excl SARs and Taiwan province)","Holiday",8537
2010-12-01,"China (excl SARs and Taiwan province)","Holiday",11529
2011-01-01,"China (excl SARs and Taiwan province)","Holiday",8953
2011-02-01,"China (excl SARs and Taiwan province)","Holiday",5499
2011-03-01,"China (excl SARs and Taiwan province)","Holiday",10133
2011-04-01,"China (excl SARs and Taiwan province)","Holiday",16395
2011-05-01,"China (excl SARs and Taiwan province)","Holiday",10393
2011-06-01,"China (excl SARs and Taiwan province)","Holiday",9514
2011-07-01,"China (excl SARs and Taiwan province)","Holiday",7663
2011-08-01,"China (excl SARs and Taiwan province)","Holiday",8171
2011-09-01,"China (excl SARs and Taiwan province)","Holiday",19349
2011-10-01,"China (excl SARs and Taiwan province)","Holiday",14018
2011-11-01,"China (excl SARs and Taiwan province)","Holiday",9776
2011-12-01,"China (excl SARs and Taiwan province)","Holiday",14288
2012-01-01,"China (excl SARs and Taiwan province)","Holiday",9964
2012-02-01,"China (excl SARs and Taiwan province)","Holiday",6920
2012-03-01,"China (excl SARs and Taiwan province)","Holiday",11711
2012-04-01,"China (excl SARs and Taiwan province)","Holiday",14746
2012-05-01,"China (excl SARs and Taiwan province)","Holiday",11225
2012-06-01,"China (excl SARs and Taiwan province)","Holiday",10315
2012-07-01,"China (excl SARs and Taiwan province)","Holiday",8683
2012-08-01,"China (excl SARs and Taiwan province)","Holiday",7510
2012-09-01,"China (excl SARs and Taiwan province)","Holiday",19799
2012-10-01,"China (excl SARs and Taiwan province)","Holiday",12005
2012-11-01,"China (excl SARs and Taiwan province)","Holiday",9273
2012-12-01,"China (excl SARs and Taiwan province)","Holiday",14173
2013-01-01,"China (excl SARs and Taiwan province)","Holiday",8608
2013-02-01,"China (excl SARs and Taiwan province)","Holiday",7498
2013-03-01,"China (excl SARs and Taiwan province)","Holiday",14808
2013-04-01,"China (excl SARs and Taiwan province)","Holiday",13675
2013-05-01,"China (excl SARs and Taiwan province)","Holiday",11188
2013-06-01,"China (excl SARs and Taiwan province)","Holiday",11256
2013-07-01,"China (excl SARs and Taiwan province)","Holiday",7692
2013-08-01,"China (excl SARs and Taiwan province)","Holiday",8439
2013-09-01,"China (excl SARs and Taiwan province)","Holiday",21489
2013-10-01,"China (excl SARs and Taiwan province)","Holiday",14421
2013-11-01,"China (excl SARs and Taiwan province)","Holiday",9182
2013-12-01,"China (excl SARs and Taiwan province)","Holiday",16116
2014-01-01,"China (excl SARs and Taiwan province)","Holiday",11051
2014-02-01,"China (excl SARs and Taiwan province)","Holiday",6606
2014-03-01,"China (excl SARs and Taiwan province)","Holiday",10605
2014-04-01,"China (excl SARs and Taiwan province)","Holiday",19611
2014-05-01,"China (excl SARs and Taiwan province)","Holiday",13642
2014-06-01,"China (excl SARs and Taiwan province)","Holiday",11478
2014-07-01,"China (excl SARs and Taiwan province)","Holiday",9389
2014-08-01,"China (excl SARs and Taiwan province)","Holiday",8698
2014-09-01,"China (excl SARs and Taiwan province)","Holiday",20989
2014-10-01,"China (excl SARs and Taiwan province)","Holiday",14092
2014-11-01,"China (excl SARs and Taiwan province)","Holiday",9695
2014-12-01,"China (excl SARs and Taiwan province)","Holiday",15714
2015-01-01,"China (excl SARs and Taiwan province)","Holiday",9149
2015-02-01,"China (excl SARs and Taiwan province)","Holiday",6976
2015-03-01,"China (excl SARs and Taiwan province)","Holiday",14192
2015-04-01,"China (excl SARs and Taiwan province)","Holiday",15585
2015-05-01,"China (excl SARs and Taiwan province)","Holiday",13264
2015-06-01,"China (excl SARs and Taiwan province)","Holiday",12088
2015-07-01,"China (excl SARs and Taiwan province)","Holiday",10024
2015-08-01,"China (excl SARs and Taiwan province)","Holiday",9141
2015-09-01,"China (excl SARs and Taiwan province)","Holiday",21542
2015-10-01,"China (excl SARs and Taiwan province)","Holiday",18159
2015-11-01,"China (excl SARs and Taiwan province)","Holiday",11192
2015-12-01,"China (excl SARs and Taiwan province)","Holiday",17488
2016-01-01,"China (excl SARs and Taiwan province)","Holiday",10466
2016-02-01,"China (excl SARs and Taiwan province)","Holiday",7413
2016-03-01,"China (excl SARs and Taiwan province)","Holiday",17709
2016-04-01,"China (excl SARs and Taiwan province)","Holiday",17282
2016-05-01,"China (excl SARs and Taiwan province)","Holiday",13890
2016-06-01,"China (excl SARs and Taiwan province)","Holiday",15734
2016-07-01,"China (excl SARs and Taiwan province)","Holiday",10365
2016-08-01,"China (excl SARs and Taiwan province)","Holiday",11488
2016-09-01,"China (excl SARs and Taiwan province)","Holiday",20747
2016-10-01,"China (excl SARs and Taiwan province)","Holiday",18227
2016-11-01,"China (excl SARs and Taiwan province)","Holiday",11459
2016-12-01,"China (excl SARs and Taiwan province)","Holiday",21094
2017-01-01,"China (excl SARs and Taiwan province)","Holiday",15272
2017-02-01,"China (excl SARs and Taiwan province)","Holiday",7967
2017-03-01,"China (excl SARs and Taiwan province)","Holiday",17837
2017-04-01,"China (excl SARs and Taiwan province)","Holiday",24181
2017-05-01,"China (excl SARs and Taiwan province)","Holiday",19762
2017-06-01,"China (excl SARs and Taiwan province)","Holiday",17948
2005-01-01,"China (excl SARs and Taiwan province)","Other",599
2005-02-01,"China (excl SARs and Taiwan province)","Other",197
2005-03-01,"China (excl SARs and Taiwan province)","Other",640
2005-04-01,"China (excl SARs and Taiwan province)","Other",936
2005-05-01,"China (excl SARs and Taiwan province)","Other",249
2005-06-01,"China (excl SARs and Taiwan province)","Other",250
2005-07-01,"China (excl SARs and Taiwan province)","Other",569
2005-08-01,"China (excl SARs and Taiwan province)","Other",287
2005-09-01,"China (excl SARs and Taiwan province)","Other",561
2005-10-01,"China (excl SARs and Taiwan province)","Other",538
2005-11-01,"China (excl SARs and Taiwan province)","Other",221
2005-12-01,"China (excl SARs and Taiwan province)","Other",189
2006-01-01,"China (excl SARs and Taiwan province)","Other",331
2006-02-01,"China (excl SARs and Taiwan province)","Other",647
2006-03-01,"China (excl SARs and Taiwan province)","Other",416
2006-04-01,"China (excl SARs and Taiwan province)","Other",974
2006-05-01,"China (excl SARs and Taiwan province)","Other",458
2006-06-01,"China (excl SARs and Taiwan province)","Other",396
2006-07-01,"China (excl SARs and Taiwan province)","Other",698
2006-08-01,"China (excl SARs and Taiwan province)","Other",937
2006-09-01,"China (excl SARs and Taiwan province)","Other",534
2006-10-01,"China (excl SARs and Taiwan province)","Other",863
2006-11-01,"China (excl SARs and Taiwan province)","Other",182
2006-12-01,"China (excl SARs and Taiwan province)","Other",414
2007-01-01,"China (excl SARs and Taiwan province)","Other",533
2007-02-01,"China (excl SARs and Taiwan province)","Other",526
2007-03-01,"China (excl SARs and Taiwan province)","Other",749
2007-04-01,"China (excl SARs and Taiwan province)","Other",818
2007-05-01,"China (excl SARs and Taiwan province)","Other",550
2007-06-01,"China (excl SARs and Taiwan province)","Other",671
2007-07-01,"China (excl SARs and Taiwan province)","Other",540
2007-08-01,"China (excl SARs and Taiwan province)","Other",577
2007-09-01,"China (excl SARs and Taiwan province)","Other",329
2007-10-01,"China (excl SARs and Taiwan province)","Other",788
2007-11-01,"China (excl SARs and Taiwan province)","Other",428
2007-12-01,"China (excl SARs and Taiwan province)","Other",465
2008-01-01,"China (excl SARs and Taiwan province)","Other",561
2008-02-01,"China (excl SARs and Taiwan province)","Other",312
2008-03-01,"China (excl SARs and Taiwan province)","Other",785
2008-04-01,"China (excl SARs and Taiwan province)","Other",675
2008-05-01,"China (excl SARs and Taiwan province)","Other",349
2008-06-01,"China (excl SARs and Taiwan province)","Other",387
2008-07-01,"China (excl SARs and Taiwan province)","Other",621
2008-08-01,"China (excl SARs and Taiwan province)","Other",810
2008-09-01,"China (excl SARs and Taiwan province)","Other",515
2008-10-01,"China (excl SARs and Taiwan province)","Other",651
2008-11-01,"China (excl SARs and Taiwan province)","Other",539
2008-12-01,"China (excl SARs and Taiwan province)","Other",181
2009-01-01,"China (excl SARs and Taiwan province)","Other",374
2009-02-01,"China (excl SARs and Taiwan province)","Other",339
2009-03-01,"China (excl SARs and Taiwan province)","Other",203
2009-04-01,"China (excl SARs and Taiwan province)","Other",523
2009-05-01,"China (excl SARs and Taiwan province)","Other",192
2009-06-01,"China (excl SARs and Taiwan province)","Other",321
2009-07-01,"China (excl SARs and Taiwan province)","Other",365
2009-08-01,"China (excl SARs and Taiwan province)","Other",429
2009-09-01,"China (excl SARs and Taiwan province)","Other",587
2009-10-01,"China (excl SARs and Taiwan province)","Other",377
2009-11-01,"China (excl SARs and Taiwan province)","Other",312
2009-12-01,"China (excl SARs and Taiwan province)","Other",242
2010-01-01,"China (excl SARs and Taiwan province)","Other",254
2010-02-01,"China (excl SARs and Taiwan province)","Other",305
2010-03-01,"China (excl SARs and Taiwan province)","Other",674
2010-04-01,"China (excl SARs and Taiwan province)","Other",233
2010-05-01,"China (excl SARs and Taiwan province)","Other",387
2010-06-01,"China (excl SARs and Taiwan province)","Other",669
2010-07-01,"China (excl SARs and Taiwan province)","Other",510
2010-08-01,"China (excl SARs and Taiwan province)","Other",654
2010-09-01,"China (excl SARs and Taiwan province)","Other",543
2010-10-01,"China (excl SARs and Taiwan province)","Other",532
2010-11-01,"China (excl SARs and Taiwan province)","Other",535
2010-12-01,"China (excl SARs and Taiwan province)","Other",327
2011-01-01,"China (excl SARs and Taiwan province)","Other",829
2011-02-01,"China (excl SARs and Taiwan province)","Other",445
2011-03-01,"China (excl SARs and Taiwan province)","Other",411
2011-04-01,"China (excl SARs and Taiwan province)","Other",562
2011-05-01,"China (excl SARs and Taiwan province)","Other",368
2011-06-01,"China (excl SARs and Taiwan province)","Other",197
2011-07-01,"China (excl SARs and Taiwan province)","Other",643
2011-08-01,"China (excl SARs and Taiwan province)","Other",729
2011-09-01,"China (excl SARs and Taiwan province)","Other",527
2011-10-01,"China (excl SARs and Taiwan province)","Other",734
2011-11-01,"China (excl SARs and Taiwan province)","Other",415
2011-12-01,"China (excl SARs and Taiwan province)","Other",381
2012-01-01,"China (excl SARs and Taiwan province)","Other",350
2012-02-01,"China (excl SARs and Taiwan province)","Other",400
2012-03-01,"China (excl SARs and Taiwan province)","Other",723
2012-04-01,"China (excl SARs and Taiwan province)","Other",806
2012-05-01,"China (excl SARs and Taiwan province)","Other",280
2012-06-01,"China (excl SARs and Taiwan province)","Other",331
2012-07-01,"China (excl SARs and Taiwan province)","Other",462
2012-08-01,"China (excl SARs and Taiwan province)","Other",680
2012-09-01,"China (excl SARs and Taiwan province)","Other",677
2012-10-01,"China (excl SARs and Taiwan province)","Other",751
2012-11-01,"China (excl SARs and Taiwan province)","Other",607
2012-12-01,"China (excl SARs and Taiwan province)","Other",381
2013-01-01,"China (excl SARs and Taiwan province)","Other",613
2013-02-01,"China (excl SARs and Taiwan province)","Other",315
2013-03-01,"China (excl SARs and Taiwan province)","Other",409
2013-04-01,"China (excl SARs and Taiwan province)","Other",468
2013-05-01,"China (excl SARs and Taiwan province)","Other",332
2013-06-01,"China (excl SARs and Taiwan province)","Other",560
2013-07-01,"China (excl SARs and Taiwan province)","Other",390
2013-08-01,"China (excl SARs and Taiwan province)","Other",572
2013-09-01,"China (excl SARs and Taiwan province)","Other",658
2013-10-01,"China (excl SARs and Taiwan province)","Other",482
2013-11-01,"China (excl SARs and Taiwan province)","Other",230
2013-12-01,"China (excl SARs and Taiwan province)","Other",453
2014-01-01,"China (excl SARs and Taiwan province)","Other",377
2014-02-01,"China (excl SARs and Taiwan province)","Other",342
2014-03-01,"China (excl SARs and Taiwan province)","Other",315
2014-04-01,"China (excl SARs and Taiwan province)","Other",360
2014-05-01,"China (excl SARs and Taiwan province)","Other",497
2014-06-01,"China (excl SARs and Taiwan province)","Other",616
2014-07-01,"China (excl SARs and Taiwan province)","Other",373
2014-08-01,"China (excl SARs and Taiwan province)","Other",480
2014-09-01,"China (excl SARs and Taiwan province)","Other",648
2014-10-01,"China (excl SARs and Taiwan province)","Other",620
2014-11-01,"China (excl SARs and Taiwan province)","Other",607
2014-12-01,"China (excl SARs and Taiwan province)","Other",964
2015-01-01,"China (excl SARs and Taiwan province)","Other",469
2015-02-01,"China (excl SARs and Taiwan province)","Other",486
2015-03-01,"China (excl SARs and Taiwan province)","Other",549
2015-04-01,"China (excl SARs and Taiwan province)","Other",564
2015-05-01,"China (excl SARs and Taiwan province)","Other",678
2015-06-01,"China (excl SARs and Taiwan province)","Other",412
2015-07-01,"China (excl SARs and Taiwan province)","Other",231
2015-08-01,"China (excl SARs and Taiwan province)","Other",266
2015-09-01,"China (excl SARs and Taiwan province)","Other",383
2015-10-01,"China (excl SARs and Taiwan province)","Other",467
2015-11-01,"China (excl SARs and Taiwan province)","Other",559
2015-12-01,"China (excl SARs and Taiwan province)","Other",198
2016-01-01,"China (excl SARs and Taiwan province)","Other",331
2016-02-01,"China (excl SARs and Taiwan province)","Other",342
2016-03-01,"China (excl SARs and Taiwan province)","Other",274
2016-04-01,"China (excl SARs and Taiwan province)","Other",976
2016-05-01,"China (excl SARs and Taiwan province)","Other",428
2016-06-01,"China (excl SARs and Taiwan province)","Other",288
2016-07-01,"China (excl SARs and Taiwan province)","Other",387
2016-08-01,"China (excl SARs and Taiwan province)","Other",427
2016-09-01,"China (excl SARs and Taiwan province)","Other",533
2016-10-01,"China (excl SARs and Taiwan province)","Other",565
2016-11-01,"China (excl SARs and Taiwan province)","Other",458
2016-12-01,"China (excl SARs and Taiwan province)","Other",529
2017-01-01,"China (excl SARs and Taiwan province)","Other",395
2017-02-01,"China (excl SARs and Taiwan province)","Other",480
2017-03-01,"China (excl SARs and Taiwan province)","Other",407
2017-04-01,"China (excl SARs and Taiwan province)","Other",419
2017-05-01,"China (excl SARs and Taiwan province)","Other",669
2017-06-01,"China (excl SARs and Taiwan province)","Other",277
2005-01-01,"China (excl SARs and Taiwan province)","Visiting Friends or Relatives",5795
2005-02-01,"China (excl SARs and Taiwan province)","Visiting Friends or Relatives",4172
2005-03-01,"China (excl SARs and Taiwan province)","Visiting Friends or Relatives",5501
2005-04-01,"China (excl SARs and Taiwan province)","Visiting Friends or Relatives",3486
2005-05-01,"China (excl SARs and Taiwan province)","Visiting Friends or Relatives",3591
2005-06-01,"China (excl SARs and Taiwan province)","Visiting Friends or Relatives",4715
2005-07-01,"China (excl SARs and Taiwan province)","Visiting Friends or Relatives",3311
2005-08-01,"China (excl SARs and Taiwan province)","Visiting Friends or Relatives",3436
2005-09-01,"China (excl SARs and Taiwan province)","Visiting Friends or Relatives",6295
2005-10-01,"China (excl SARs and Taiwan province)","Visiting Friends or Relatives",3990
2005-11-01,"China (excl SARs and Taiwan province)","Visiting Friends or Relatives",4761
2005-12-01,"China (excl SARs and Taiwan province)","Visiting Friends or Relatives",8954
2006-01-01,"China (excl SARs and Taiwan province)","Visiting Friends or Relatives",7084
2006-02-01,"China (excl SARs and Taiwan province)","Visiting Friends or Relatives",2679
2006-03-01,"China (excl SARs and Taiwan province)","Visiting Friends or Relatives",3888
2006-04-01,"China (excl SARs and Taiwan province)","Visiting Friends or Relatives",6205
2006-05-01,"China (excl SARs and Taiwan province)","Visiting Friends or Relatives",3275
2006-06-01,"China (excl SARs and Taiwan province)","Visiting Friends or Relatives",5154
2006-07-01,"China (excl SARs and Taiwan province)","Visiting Friends or Relatives",4721
2006-08-01,"China (excl SARs and Taiwan province)","Visiting Friends or Relatives",3199
2006-09-01,"China (excl SARs and Taiwan province)","Visiting Friends or Relatives",7266
2006-10-01,"China (excl SARs and Taiwan province)","Visiting Friends or Relatives",4894
2006-11-01,"China (excl SARs and Taiwan province)","Visiting Friends or Relatives",5140
2006-12-01,"China (excl SARs and Taiwan province)","Visiting Friends or Relatives",9837
2007-01-01,"China (excl SARs and Taiwan province)","Visiting Friends or Relatives",5159
2007-02-01,"China (excl SARs and Taiwan province)","Visiting Friends or Relatives",5066
2007-03-01,"China (excl SARs and Taiwan province)","Visiting Friends or Relatives",7434
2007-04-01,"China (excl SARs and Taiwan province)","Visiting Friends or Relatives",5093
2007-05-01,"China (excl SARs and Taiwan province)","Visiting Friends or Relatives",5071
2007-06-01,"China (excl SARs and Taiwan province)","Visiting Friends or Relatives",5251
2007-07-01,"China (excl SARs and Taiwan province)","Visiting Friends or Relatives",2628
2007-08-01,"China (excl SARs and Taiwan province)","Visiting Friends or Relatives",3404
2007-09-01,"China (excl SARs and Taiwan province)","Visiting Friends or Relatives",7441
2007-10-01,"China (excl SARs and Taiwan province)","Visiting Friends or Relatives",3427
2007-11-01,"China (excl SARs and Taiwan province)","Visiting Friends or Relatives",4857
2007-12-01,"China (excl SARs and Taiwan province)","Visiting Friends or Relatives",9909
2008-01-01,"China (excl SARs and Taiwan province)","Visiting Friends or Relatives",5867
2008-02-01,"China (excl SARs and Taiwan province)","Visiting Friends or Relatives",4833
2008-03-01,"China (excl SARs and Taiwan province)","Visiting Friends or Relatives",5822
2008-04-01,"China (excl SARs and Taiwan province)","Visiting Friends or Relatives",5000
2008-05-01,"China (excl SARs and Taiwan province)","Visiting Friends or Relatives",4791
2008-06-01,"China (excl SARs and Taiwan province)","Visiting Friends or Relatives",4221
2008-07-01,"China (excl SARs and Taiwan province)","Visiting Friends or Relatives",4305
2008-08-01,"China (excl SARs and Taiwan province)","Visiting Friends or Relatives",3232
2008-09-01,"China (excl SARs and Taiwan province)","Visiting Friends or Relatives",8215
2008-10-01,"China (excl SARs and Taiwan province)","Visiting Friends or Relatives",4478
2008-11-01,"China (excl SARs and Taiwan province)","Visiting Friends or Relatives",5194
2008-12-01,"China (excl SARs and Taiwan province)","Visiting Friends or Relatives",10187
2009-01-01,"China (excl SARs and Taiwan province)","Visiting Friends or Relatives",7877
2009-02-01,"China (excl SARs and Taiwan province)","Visiting Friends or Relatives",4250
2009-03-01,"China (excl SARs and Taiwan province)","Visiting Friends or Relatives",6883
2009-04-01,"China (excl SARs and Taiwan province)","Visiting Friends or Relatives",6628
2009-05-01,"China (excl SARs and Taiwan province)","Visiting Friends or Relatives",4515
2009-06-01,"China (excl SARs and Taiwan province)","Visiting Friends or Relatives",4869
2009-07-01,"China (excl SARs and Taiwan province)","Visiting Friends or Relatives",4142
2009-08-01,"China (excl SARs and Taiwan province)","Visiting Friends or Relatives",4591
2009-09-01,"China (excl SARs and Taiwan province)","Visiting Friends or Relatives",8483
2009-10-01,"China (excl SARs and Taiwan province)","Visiting Friends or Relatives",5902
2009-11-01,"China (excl SARs and Taiwan province)","Visiting Friends or Relatives",6319
2009-12-01,"China (excl SARs and Taiwan province)","Visiting Friends or Relatives",12031
2010-01-01,"China (excl SARs and Taiwan province)","Visiting Friends or Relatives",5449
2010-02-01,"China (excl SARs and Taiwan province)","Visiting Friends or Relatives",5748
2010-03-01,"China (excl SARs and Taiwan province)","Visiting Friends or Relatives",7543
2010-04-01,"China (excl SARs and Taiwan province)","Visiting Friends or Relatives",6361
2010-05-01,"China (excl SARs and Taiwan province)","Visiting Friends or Relatives",6123
2010-06-01,"China (excl SARs and Taiwan province)","Visiting Friends or Relatives",5508
2010-07-01,"China (excl SARs and Taiwan province)","Visiting Friends or Relatives",4185
2010-08-01,"China (excl SARs and Taiwan province)","Visiting Friends or Relatives",6467
2010-09-01,"China (excl SARs and Taiwan province)","Visiting Friends or Relatives",10017
2010-10-01,"China (excl SARs and Taiwan province)","Visiting Friends or Relatives",6141
2010-11-01,"China (excl SARs and Taiwan province)","Visiting Friends or Relatives",6389
2010-12-01,"China (excl SARs and Taiwan province)","Visiting Friends or Relatives",13156
2011-01-01,"China (excl SARs and Taiwan province)","Visiting Friends or Relatives",9370
2011-02-01,"China (excl SARs and Taiwan province)","Visiting Friends or Relatives",4781
2011-03-01,"China (excl SARs and Taiwan province)","Visiting Friends or Relatives",6304
2011-04-01,"China (excl SARs and Taiwan province)","Visiting Friends or Relatives",10580
2011-05-01,"China (excl SARs and Taiwan province)","Visiting Friends or Relatives",7680
2011-06-01,"China (excl SARs and Taiwan province)","Visiting Friends or Relatives",6047
2011-07-01,"China (excl SARs and Taiwan province)","Visiting Friends or Relatives",5386
2011-08-01,"China (excl SARs and Taiwan province)","Visiting Friends or Relatives",4561
2011-09-01,"China (excl SARs and Taiwan province)","Visiting Friends or Relatives",11834
2011-10-01,"China (excl SARs and Taiwan province)","Visiting Friends or Relatives",7118
2011-11-01,"China (excl SARs and Taiwan province)","Visiting Friends or Relatives",6913
2011-12-01,"China (excl SARs and Taiwan province)","Visiting Friends or Relatives",14535
2012-01-01,"China (excl SARs and Taiwan province)","Visiting Friends or Relatives",11675
2012-02-01,"China (excl SARs and Taiwan province)","Visiting Friends or Relatives",4811
2012-03-01,"China (excl SARs and Taiwan province)","Visiting Friends or Relatives",9329
2012-04-01,"China (excl SARs and Taiwan province)","Visiting Friends or Relatives",8836
2012-05-01,"China (excl SARs and Taiwan province)","Visiting Friends or Relatives",6881
2012-06-01,"China (excl SARs and Taiwan province)","Visiting Friends or Relatives",7694
2012-07-01,"China (excl SARs and Taiwan province)","Visiting Friends or Relatives",5380
2012-08-01,"China (excl SARs and Taiwan province)","Visiting Friends or Relatives",6151
2012-09-01,"China (excl SARs and Taiwan province)","Visiting Friends or Relatives",13331
2012-10-01,"China (excl SARs and Taiwan province)","Visiting Friends or Relatives",7656
2012-11-01,"China (excl SARs and Taiwan province)","Visiting Friends or Relatives",7920
2012-12-01,"China (excl SARs and Taiwan province)","Visiting Friends or Relatives",13917
2013-01-01,"China (excl SARs and Taiwan province)","Visiting Friends or Relatives",8516
2013-02-01,"China (excl SARs and Taiwan province)","Visiting Friends or Relatives",7446
2013-03-01,"China (excl SARs and Taiwan province)","Visiting Friends or Relatives",10992
2013-04-01,"China (excl SARs and Taiwan province)","Visiting Friends or Relatives",9838
2013-05-01,"China (excl SARs and Taiwan province)","Visiting Friends or Relatives",6242
2013-06-01,"China (excl SARs and Taiwan province)","Visiting Friends or Relatives",8298
2013-07-01,"China (excl SARs and Taiwan province)","Visiting Friends or Relatives",5579
2013-08-01,"China (excl SARs and Taiwan province)","Visiting Friends or Relatives",6438
2013-09-01,"China (excl SARs and Taiwan province)","Visiting Friends or Relatives",13924
2013-10-01,"China (excl SARs and Taiwan province)","Visiting Friends or Relatives",8531
2013-11-01,"China (excl SARs and Taiwan province)","Visiting Friends or Relatives",7686
2013-12-01,"China (excl SARs and Taiwan province)","Visiting Friends or Relatives",14126
2014-01-01,"China (excl SARs and Taiwan province)","Visiting Friends or Relatives",11753
2014-02-01,"China (excl SARs and Taiwan province)","Visiting Friends or Relatives",5871
2014-03-01,"China (excl SARs and Taiwan province)","Visiting Friends or Relatives",8557
2014-04-01,"China (excl SARs and Taiwan province)","Visiting Friends or Relatives",10528
2014-05-01,"China (excl SARs and Taiwan province)","Visiting Friends or Relatives",8074
2014-06-01,"China (excl SARs and Taiwan province)","Visiting Friends or Relatives",7847
2014-07-01,"China (excl SARs and Taiwan province)","Visiting Friends or Relatives",5812
2014-08-01,"China (excl SARs and Taiwan province)","Visiting Friends or Relatives",6212
2014-09-01,"China (excl SARs and Taiwan province)","Visiting Friends or Relatives",12647
2014-10-01,"China (excl SARs and Taiwan province)","Visiting Friends or Relatives",8658
2014-11-01,"China (excl SARs and Taiwan province)","Visiting Friends or Relatives",7604
2014-12-01,"China (excl SARs and Taiwan province)","Visiting Friends or Relatives",18373
2015-01-01,"China (excl SARs and Taiwan province)","Visiting Friends or Relatives",8525
2015-02-01,"China (excl SARs and Taiwan province)","Visiting Friends or Relatives",10476
2015-03-01,"China (excl SARs and Taiwan province)","Visiting Friends or Relatives",12023
2015-04-01,"China (excl SARs and Taiwan province)","Visiting Friends or Relatives",10610
2015-05-01,"China (excl SARs and Taiwan province)","Visiting Friends or Relatives",9087
2015-06-01,"China (excl SARs and Taiwan province)","Visiting Friends or Relatives",9006
2015-07-01,"China (excl SARs and Taiwan province)","Visiting Friends or Relatives",6973
2015-08-01,"China (excl SARs and Taiwan province)","Visiting Friends or Relatives",6644
2015-09-01,"China (excl SARs and Taiwan province)","Visiting Friends or Relatives",14953
2015-10-01,"China (excl SARs and Taiwan province)","Visiting Friends or Relatives",9686
2015-11-01,"China (excl SARs and Taiwan province)","Visiting Friends or Relatives",8463
2015-12-01,"China (excl SARs and Taiwan province)","Visiting Friends or Relatives",17753
2016-01-01,"China (excl SARs and Taiwan province)","Visiting Friends or Relatives",11604
2016-02-01,"China (excl SARs and Taiwan province)","Visiting Friends or Relatives",8292
2016-03-01,"China (excl SARs and Taiwan province)","Visiting Friends or Relatives",13558
2016-04-01,"China (excl SARs and Taiwan province)","Visiting Friends or Relatives",9461
2016-05-01,"China (excl SARs and Taiwan province)","Visiting Friends or Relatives",8505
2016-06-01,"China (excl SARs and Taiwan province)","Visiting Friends or Relatives",9125
2016-07-01,"China (excl SARs and Taiwan province)","Visiting Friends or Relatives",7049
2016-08-01,"China (excl SARs and Taiwan province)","Visiting Friends or Relatives",6557
2016-09-01,"China (excl SARs and Taiwan province)","Visiting Friends or Relatives",14337
2016-10-01,"China (excl SARs and Taiwan province)","Visiting Friends or Relatives",10310
2016-11-01,"China (excl SARs and Taiwan province)","Visiting Friends or Relatives",8625
2016-12-01,"China (excl SARs and Taiwan province)","Visiting Friends or Relatives",17762
2017-01-01,"China (excl SARs and Taiwan province)","Visiting Friends or Relatives",15352
2017-02-01,"China (excl SARs and Taiwan province)","Visiting Friends or Relatives",5518
2017-03-01,"China (excl SARs and Taiwan province)","Visiting Friends or Relatives",12291
2017-04-01,"China (excl SARs and Taiwan province)","Visiting Friends or Relatives",12028
2017-05-01,"China (excl SARs and Taiwan province)","Visiting Friends or Relatives",10155
2017-06-01,"China (excl SARs and Taiwan province)","Visiting Friends or Relatives",10084
2005-01-01,"Fiji","Business",1078
2005-02-01,"Fiji","Business",1220
2005-03-01,"Fiji","Business",1141
2005-04-01,"Fiji","Business",1847
2005-05-01,"Fiji","Business",1585
2005-06-01,"Fiji","Business",1993
2005-07-01,"Fiji","Business",2088
2005-08-01,"Fiji","Business",1929
2005-09-01,"Fiji","Business",1779
2005-10-01,"Fiji","Business",1399
2005-11-01,"Fiji","Business",1622
2005-12-01,"Fiji","Business",480
2006-01-01,"Fiji","Business",760
2006-02-01,"Fiji","Business",1414
2006-03-01,"Fiji","Business",970
2006-04-01,"Fiji","Business",1426
2006-05-01,"Fiji","Business",2804
2006-06-01,"Fiji","Business",1558
2006-07-01,"Fiji","Business",1677
2006-08-01,"Fiji","Business",1698
2006-09-01,"Fiji","Business",1553
2006-10-01,"Fiji","Business",1773
2006-11-01,"Fiji","Business",1045
2006-12-01,"Fiji","Business",279
2007-01-01,"Fiji","Business",670
2007-02-01,"Fiji","Business",1123
2007-03-01,"Fiji","Business",942
2007-04-01,"Fiji","Business",1856
2007-05-01,"Fiji","Business",1784
2007-06-01,"Fiji","Business",1267
2007-07-01,"Fiji","Business",1880
2007-08-01,"Fiji","Business",1896
2007-09-01,"Fiji","Business",2791
2007-10-01,"Fiji","Business",2266
2007-11-01,"Fiji","Business",1731
2007-12-01,"Fiji","Business",1212
2008-01-01,"Fiji","Business",1686
2008-02-01,"Fiji","Business",1763
2008-03-01,"Fiji","Business",2670
2008-04-01,"Fiji","Business",3133
2008-05-01,"Fiji","Business",2763
2008-06-01,"Fiji","Business",1708
2008-07-01,"Fiji","Business",2964
2008-08-01,"Fiji","Business",2873
2008-09-01,"Fiji","Business",1974
2008-10-01,"Fiji","Business",2587
2008-11-01,"Fiji","Business",2236
2008-12-01,"Fiji","Business",1128
2009-01-01,"Fiji","Business",591
2009-02-01,"Fiji","Business",939
2009-03-01,"Fiji","Business",1722
2009-04-01,"Fiji","Business",1517
2009-05-01,"Fiji","Business",1474
2009-06-01,"Fiji","Business",2192
2009-07-01,"Fiji","Business",1970
2009-08-01,"Fiji","Business",3064
2009-09-01,"Fiji","Business",2585
2009-10-01,"Fiji","Business",1919
2009-11-01,"Fiji","Business",2589
2009-12-01,"Fiji","Business",1015
2010-01-01,"Fiji","Business",1719
2010-02-01,"Fiji","Business",990
2010-03-01,"Fiji","Business",1887
2010-04-01,"Fiji","Business",2411
2010-05-01,"Fiji","Business",2245
2010-06-01,"Fiji","Business",2207
2010-07-01,"Fiji","Business",1774
2010-08-01,"Fiji","Business",3496
2010-09-01,"Fiji","Business",2007
2010-10-01,"Fiji","Business",3325
2010-11-01,"Fiji","Business",2288
2010-12-01,"Fiji","Business",891
2011-01-01,"Fiji","Business",1216
2011-02-01,"Fiji","Business",1620
2011-03-01,"Fiji","Business",2210
2011-04-01,"Fiji","Business",2002
2011-05-01,"Fiji","Business",2448
2011-06-01,"Fiji","Business",1823
2011-07-01,"Fiji","Business",2803
2011-08-01,"Fiji","Business",1969
2011-09-01,"Fiji","Business",1897
2011-10-01,"Fiji","Business",2917
2011-11-01,"Fiji","Business",2855
2011-12-01,"Fiji","Business",1107
2012-01-01,"Fiji","Business",1079
2012-02-01,"Fiji","Business",1750
2012-03-01,"Fiji","Business",2140
2012-04-01,"Fiji","Business",1803
2012-05-01,"Fiji","Business",1727
2012-06-01,"Fiji","Business",2040
2012-07-01,"Fiji","Business",1859
2012-08-01,"Fiji","Business",2181
2012-09-01,"Fiji","Business",2697
2012-10-01,"Fiji","Business",2318
2012-11-01,"Fiji","Business",2027
2012-12-01,"Fiji","Business",1462
2013-01-01,"Fiji","Business",903
2013-02-01,"Fiji","Business",1511
2013-03-01,"Fiji","Business",2450
2013-04-01,"Fiji","Business",1645
2013-05-01,"Fiji","Business",2402
2013-06-01,"Fiji","Business",2035
2013-07-01,"Fiji","Business",3157
2013-08-01,"Fiji","Business",3843
2013-09-01,"Fiji","Business",2294
2013-10-01,"Fiji","Business",2125
2013-11-01,"Fiji","Business",2360
2013-12-01,"Fiji","Business",1567
2014-01-01,"Fiji","Business",1378
2014-02-01,"Fiji","Business",1147
2014-03-01,"Fiji","Business",1879
2014-04-01,"Fiji","Business",1951
2014-05-01,"Fiji","Business",2107
2014-06-01,"Fiji","Business",1526
2014-07-01,"Fiji","Business",2233
2014-08-01,"Fiji","Business",2508
2014-09-01,"Fiji","Business",2272
2014-10-01,"Fiji","Business",2687
2014-11-01,"Fiji","Business",2991
2014-12-01,"Fiji","Business",1074
2015-01-01,"Fiji","Business",1063
2015-02-01,"Fiji","Business",2120
2015-03-01,"Fiji","Business",2653
2015-04-01,"Fiji","Business",1619
2015-05-01,"Fiji","Business",2888
2015-06-01,"Fiji","Business",2480
2015-07-01,"Fiji","Business",3342
2015-08-01,"Fiji","Business",2134
2015-09-01,"Fiji","Business",2747
2015-10-01,"Fiji","Business",3698
2015-11-01,"Fiji","Business",2837
2015-12-01,"Fiji","Business",1254
2016-01-01,"Fiji","Business",1443
2016-02-01,"Fiji","Business",1517
2016-03-01,"Fiji","Business",2386
2016-04-01,"Fiji","Business",2588
2016-05-01,"Fiji","Business",3526
2016-06-01,"Fiji","Business",2822
2016-07-01,"Fiji","Business",2707
2016-08-01,"Fiji","Business",3590
2016-09-01,"Fiji","Business",2939
2016-10-01,"Fiji","Business",3455
2016-11-01,"Fiji","Business",3279
2016-12-01,"Fiji","Business",1059
2017-01-01,"Fiji","Business",1662
2017-02-01,"Fiji","Business",1910
2017-03-01,"Fiji","Business",3054
2017-04-01,"Fiji","Business",2456
2017-05-01,"Fiji","Business",3783
2017-06-01,"Fiji","Business",2687
2005-01-01,"Fiji","Education",72
2005-02-01,"Fiji","Education",51
2005-03-01,"Fiji","Education",0
2005-04-01,"Fiji","Education",52
2005-05-01,"Fiji","Education",105
2005-06-01,"Fiji","Education",120
2005-07-01,"Fiji","Education",102
2005-08-01,"Fiji","Education",102
2005-09-01,"Fiji","Education",103
2005-10-01,"Fiji","Education",152
2005-11-01,"Fiji","Education",104
2005-12-01,"Fiji","Education",1
2006-01-01,"Fiji","Education",4
2006-02-01,"Fiji","Education",55
2006-03-01,"Fiji","Education",2
2006-04-01,"Fiji","Education",113
2006-05-01,"Fiji","Education",0
2006-06-01,"Fiji","Education",123
2006-07-01,"Fiji","Education",0
2006-08-01,"Fiji","Education",1
2006-09-01,"Fiji","Education",53
2006-10-01,"Fiji","Education",114
2006-11-01,"Fiji","Education",101
2006-12-01,"Fiji","Education",1
2007-01-01,"Fiji","Education",59
2007-02-01,"Fiji","Education",2
2007-03-01,"Fiji","Education",41
2007-04-01,"Fiji","Education",54
2007-05-01,"Fiji","Education",10
2007-06-01,"Fiji","Education",106
2007-07-01,"Fiji","Education",61
2007-08-01,"Fiji","Education",10
2007-09-01,"Fiji","Education",113
2007-10-01,"Fiji","Education",51
2007-11-01,"Fiji","Education",143
2007-12-01,"Fiji","Education",102
2008-01-01,"Fiji","Education",10
2008-02-01,"Fiji","Education",0
2008-03-01,"Fiji","Education",0
2008-04-01,"Fiji","Education",75
2008-05-01,"Fiji","Education",0
2008-06-01,"Fiji","Education",204
2008-07-01,"Fiji","Education",103
2008-08-01,"Fiji","Education",172
2008-09-01,"Fiji","Education",10
2008-10-01,"Fiji","Education",153
2008-11-01,"Fiji","Education",163
2008-12-01,"Fiji","Education",51
2009-01-01,"Fiji","Education",61
2009-02-01,"Fiji","Education",0
2009-03-01,"Fiji","Education",51
2009-04-01,"Fiji","Education",62
2009-05-01,"Fiji","Education",153
2009-06-01,"Fiji","Education",173
2009-07-01,"Fiji","Education",51
2009-08-01,"Fiji","Education",0
2009-09-01,"Fiji","Education",223
2009-10-01,"Fiji","Education",153
2009-11-01,"Fiji","Education",1
2009-12-01,"Fiji","Education",112
2010-01-01,"Fiji","Education",122
2010-02-01,"Fiji","Education",51
2010-03-01,"Fiji","Education",0
2010-04-01,"Fiji","Education",51
2010-05-01,"Fiji","Education",102
2010-06-01,"Fiji","Education",265
2010-07-01,"Fiji","Education",102
2010-08-01,"Fiji","Education",102
2010-09-01,"Fiji","Education",204
2010-10-01,"Fiji","Education",61
2010-11-01,"Fiji","Education",51
2010-12-01,"Fiji","Education",10
2011-01-01,"Fiji","Education",102
2011-02-01,"Fiji","Education",51
2011-03-01,"Fiji","Education",153
2011-04-01,"Fiji","Education",163
2011-05-01,"Fiji","Education",112
2011-06-01,"Fiji","Education",112
2011-07-01,"Fiji","Education",51
2011-08-01,"Fiji","Education",10
2011-09-01,"Fiji","Education",187
2011-10-01,"Fiji","Education",51
2011-11-01,"Fiji","Education",0
2011-12-01,"Fiji","Education",51
2012-01-01,"Fiji","Education",1
2012-02-01,"Fiji","Education",9
2012-03-01,"Fiji","Education",112
2012-04-01,"Fiji","Education",153
2012-05-01,"Fiji","Education",0
2012-06-01,"Fiji","Education",219
2012-07-01,"Fiji","Education",51
2012-08-01,"Fiji","Education",102
2012-09-01,"Fiji","Education",357
2012-10-01,"Fiji","Education",122
2012-11-01,"Fiji","Education",102
2012-12-01,"Fiji","Education",117
2013-01-01,"Fiji","Education",61
2013-02-01,"Fiji","Education",0
2013-03-01,"Fiji","Education",51
2013-04-01,"Fiji","Education",154
2013-05-01,"Fiji","Education",102
2013-06-01,"Fiji","Education",297
2013-07-01,"Fiji","Education",102
2013-08-01,"Fiji","Education",51
2013-09-01,"Fiji","Education",357
2013-10-01,"Fiji","Education",270
2013-11-01,"Fiji","Education",255
2013-12-01,"Fiji","Education",0
2014-01-01,"Fiji","Education",214
2014-02-01,"Fiji","Education",0
2014-03-01,"Fiji","Education",1
2014-04-01,"Fiji","Education",0
2014-05-01,"Fiji","Education",51
2014-06-01,"Fiji","Education",214
2014-07-01,"Fiji","Education",335
2014-08-01,"Fiji","Education",255
2014-09-01,"Fiji","Education",102
2014-10-01,"Fiji","Education",10
2014-11-01,"Fiji","Education",526
2014-12-01,"Fiji","Education",61
2015-01-01,"Fiji","Education",68
2015-02-01,"Fiji","Education",51
2015-03-01,"Fiji","Education",52
2015-04-01,"Fiji","Education",163
2015-05-01,"Fiji","Education",164
2015-06-01,"Fiji","Education",204
2015-07-01,"Fiji","Education",41
2015-08-01,"Fiji","Education",61
2015-09-01,"Fiji","Education",170
2015-10-01,"Fiji","Education",0
2015-11-01,"Fiji","Education",204
2015-12-01,"Fiji","Education",126
2016-01-01,"Fiji","Education",126
2016-02-01,"Fiji","Education",51
2016-03-01,"Fiji","Education",95
2016-04-01,"Fiji","Education",245
2016-05-01,"Fiji","Education",60
2016-06-01,"Fiji","Education",330
2016-07-01,"Fiji","Education",174
2016-08-01,"Fiji","Education",227
2016-09-01,"Fiji","Education",520
2016-10-01,"Fiji","Education",113
2016-11-01,"Fiji","Education",119
2016-12-01,"Fiji","Education",153
2017-01-01,"Fiji","Education",418
2017-02-01,"Fiji","Education",51
2017-03-01,"Fiji","Education",102
2017-04-01,"Fiji","Education",214
2017-05-01,"Fiji","Education",111
2017-06-01,"Fiji","Education",806
2005-01-01,"Fiji","Employment",133
2005-02-01,"Fiji","Employment",32
2005-03-01,"Fiji","Employment",121
2005-04-01,"Fiji","Employment",139
2005-05-01,"Fiji","Employment",73
2005-06-01,"Fiji","Employment",54
2005-07-01,"Fiji","Employment",32
2005-08-01,"Fiji","Employment",167
2005-09-01,"Fiji","Employment",32
2005-10-01,"Fiji","Employment",20
2005-11-01,"Fiji","Employment",36
2005-12-01,"Fiji","Employment",9
2006-01-01,"Fiji","Employment",47
2006-02-01,"Fiji","Employment",195
2006-03-01,"Fiji","Employment",68
2006-04-01,"Fiji","Employment",175
2006-05-01,"Fiji","Employment",194
2006-06-01,"Fiji","Employment",200
2006-07-01,"Fiji","Employment",22
2006-08-01,"Fiji","Employment",133
2006-09-01,"Fiji","Employment",138
2006-10-01,"Fiji","Employment",184
2006-11-01,"Fiji","Employment",138
2006-12-01,"Fiji","Employment",177
2007-01-01,"Fiji","Employment",152
2007-02-01,"Fiji","Employment",47
2007-03-01,"Fiji","Employment",58
2007-04-01,"Fiji","Employment",73
2007-05-01,"Fiji","Employment",121
2007-06-01,"Fiji","Employment",104
2007-07-01,"Fiji","Employment",0
2007-08-01,"Fiji","Employment",234
2007-09-01,"Fiji","Employment",146
2007-10-01,"Fiji","Employment",340
2007-11-01,"Fiji","Employment",132
2007-12-01,"Fiji","Employment",122
2008-01-01,"Fiji","Employment",284
2008-02-01,"Fiji","Employment",234
2008-03-01,"Fiji","Employment",31
2008-04-01,"Fiji","Employment",133
2008-05-01,"Fiji","Employment",382
2008-06-01,"Fiji","Employment",224
2008-07-01,"Fiji","Employment",173
2008-08-01,"Fiji","Employment",377
2008-09-01,"Fiji","Employment",210
2008-10-01,"Fiji","Employment",133
2008-11-01,"Fiji","Employment",112
2008-12-01,"Fiji","Employment",163
2009-01-01,"Fiji","Employment",176
2009-02-01,"Fiji","Employment",204
2009-03-01,"Fiji","Employment",81
2009-04-01,"Fiji","Employment",62
2009-05-01,"Fiji","Employment",71
2009-06-01,"Fiji","Employment",164
2009-07-01,"Fiji","Employment",307
2009-08-01,"Fiji","Employment",153
2009-09-01,"Fiji","Employment",0
2009-10-01,"Fiji","Employment",367
2009-11-01,"Fiji","Employment",173
2009-12-01,"Fiji","Employment",198
2010-01-01,"Fiji","Employment",244
2010-02-01,"Fiji","Employment",239
2010-03-01,"Fiji","Employment",358
2010-04-01,"Fiji","Employment",255
2010-05-01,"Fiji","Employment",277
2010-06-01,"Fiji","Employment",86
2010-07-01,"Fiji","Employment",280
2010-08-01,"Fiji","Employment",106
2010-09-01,"Fiji","Employment",132
2010-10-01,"Fiji","Employment",286
2010-11-01,"Fiji","Employment",112
2010-12-01,"Fiji","Employment",183
2011-01-01,"Fiji","Employment",76
2011-02-01,"Fiji","Employment",51
2011-03-01,"Fiji","Employment",122
2011-04-01,"Fiji","Employment",265
2011-05-01,"Fiji","Employment",146
2011-06-01,"Fiji","Employment",82
2011-07-01,"Fiji","Employment",408
2011-08-01,"Fiji","Employment",113
2011-09-01,"Fiji","Employment",112
2011-10-01,"Fiji","Employment",226
2011-11-01,"Fiji","Employment",165
2011-12-01,"Fiji","Employment",173
2012-01-01,"Fiji","Employment",285
2012-02-01,"Fiji","Employment",154
2012-03-01,"Fiji","Employment",113
2012-04-01,"Fiji","Employment",116
2012-05-01,"Fiji","Employment",164
2012-06-01,"Fiji","Employment",137
2012-07-01,"Fiji","Employment",175
2012-08-01,"Fiji","Employment",255
2012-09-01,"Fiji","Employment",145
2012-10-01,"Fiji","Employment",180
2012-11-01,"Fiji","Employment",204
2012-12-01,"Fiji","Employment",22
2013-01-01,"Fiji","Employment",382
2013-02-01,"Fiji","Employment",164
2013-03-01,"Fiji","Employment",122
2013-04-01,"Fiji","Employment",214
2013-05-01,"Fiji","Employment",276
2013-06-01,"Fiji","Employment",296
2013-07-01,"Fiji","Employment",183
2013-08-01,"Fiji","Employment",273
2013-09-01,"Fiji","Employment",312
2013-10-01,"Fiji","Employment",358
2013-11-01,"Fiji","Employment",274
2013-12-01,"Fiji","Employment",188
2014-01-01,"Fiji","Employment",333
2014-02-01,"Fiji","Employment",216
2014-03-01,"Fiji","Employment",317
2014-04-01,"Fiji","Employment",418
2014-05-01,"Fiji","Employment",285
2014-06-01,"Fiji","Employment",189
2014-07-01,"Fiji","Employment",224
2014-08-01,"Fiji","Employment",194
2014-09-01,"Fiji","Employment",215
2014-10-01,"Fiji","Employment",372
2014-11-01,"Fiji","Employment",374
2014-12-01,"Fiji","Employment",368
2015-01-01,"Fiji","Employment",532
2015-02-01,"Fiji","Employment",237
2015-03-01,"Fiji","Employment",389
2015-04-01,"Fiji","Employment",302
2015-05-01,"Fiji","Employment",286
2015-06-01,"Fiji","Employment",609
2015-07-01,"Fiji","Employment",644
2015-08-01,"Fiji","Employment",418
2015-09-01,"Fiji","Employment",235
2015-10-01,"Fiji","Employment",599
2015-11-01,"Fiji","Employment",290
2015-12-01,"Fiji","Employment",461
2016-01-01,"Fiji","Employment",392
2016-02-01,"Fiji","Employment",276
2016-03-01,"Fiji","Employment",265
2016-04-01,"Fiji","Employment",370
2016-05-01,"Fiji","Employment",258
2016-06-01,"Fiji","Employment",280
2016-07-01,"Fiji","Employment",156
2016-08-01,"Fiji","Employment",300
2016-09-01,"Fiji","Employment",442
2016-10-01,"Fiji","Employment",676
2016-11-01,"Fiji","Employment",470
2016-12-01,"Fiji","Employment",361
2017-01-01,"Fiji","Employment",309
2017-02-01,"Fiji","Employment",216
2017-03-01,"Fiji","Employment",173
2017-04-01,"Fiji","Employment",421
2017-05-01,"Fiji","Employment",368
2017-06-01,"Fiji","Employment",259
2005-01-01,"Fiji","Holiday",11607
2005-02-01,"Fiji","Holiday",8429
2005-03-01,"Fiji","Holiday",11851
2005-04-01,"Fiji","Holiday",11147
2005-05-01,"Fiji","Holiday",10001
2005-06-01,"Fiji","Holiday",12666
2005-07-01,"Fiji","Holiday",14531
2005-08-01,"Fiji","Holiday",12237
2005-09-01,"Fiji","Holiday",16540
2005-10-01,"Fiji","Holiday",14613
2005-11-01,"Fiji","Holiday",11038
2005-12-01,"Fiji","Holiday",15365
2006-01-01,"Fiji","Holiday",12973
2006-02-01,"Fiji","Holiday",8014
2006-03-01,"Fiji","Holiday",11026
2006-04-01,"Fiji","Holiday",12612
2006-05-01,"Fiji","Holiday",9162
2006-06-01,"Fiji","Holiday",13646
2006-07-01,"Fiji","Holiday",14205
2006-08-01,"Fiji","Holiday",13617
2006-09-01,"Fiji","Holiday",17858
2006-10-01,"Fiji","Holiday",17317
2006-11-01,"Fiji","Holiday",11269
2006-12-01,"Fiji","Holiday",12288
2007-01-01,"Fiji","Holiday",10089
2007-02-01,"Fiji","Holiday",6315
2007-03-01,"Fiji","Holiday",11388
2007-04-01,"Fiji","Holiday",10849
2007-05-01,"Fiji","Holiday",9552
2007-06-01,"Fiji","Holiday",13844
2007-07-01,"Fiji","Holiday",16426
2007-08-01,"Fiji","Holiday",13682
2007-09-01,"Fiji","Holiday",18095
2007-10-01,"Fiji","Holiday",18313
2007-11-01,"Fiji","Holiday",12936
2007-12-01,"Fiji","Holiday",17858
2008-01-01,"Fiji","Holiday",16863
2008-02-01,"Fiji","Holiday",10515
2008-03-01,"Fiji","Holiday",14644
2008-04-01,"Fiji","Holiday",13356
2008-05-01,"Fiji","Holiday",14165
2008-06-01,"Fiji","Holiday",19032
2008-07-01,"Fiji","Holiday",16905
2008-08-01,"Fiji","Holiday",17629
2008-09-01,"Fiji","Holiday",22181
2008-10-01,"Fiji","Holiday",18599
2008-11-01,"Fiji","Holiday",14847
2008-12-01,"Fiji","Holiday",19055
2009-01-01,"Fiji","Holiday",8720
2009-02-01,"Fiji","Holiday",9293
2009-03-01,"Fiji","Holiday",12727
2009-04-01,"Fiji","Holiday",15370
2009-05-01,"Fiji","Holiday",12393
2009-06-01,"Fiji","Holiday",16930
2009-07-01,"Fiji","Holiday",20530
2009-08-01,"Fiji","Holiday",22620
2009-09-01,"Fiji","Holiday",25017
2009-10-01,"Fiji","Holiday",26579
2009-11-01,"Fiji","Holiday",16983
2009-12-01,"Fiji","Holiday",20634
2010-01-01,"Fiji","Holiday",19503
2010-02-01,"Fiji","Holiday",10497
2010-03-01,"Fiji","Holiday",20142
2010-04-01,"Fiji","Holiday",20667
2010-05-01,"Fiji","Holiday",18386
2010-06-01,"Fiji","Holiday",26379
2010-07-01,"Fiji","Holiday",26363
2010-08-01,"Fiji","Holiday",22524
2010-09-01,"Fiji","Holiday",30898
2010-10-01,"Fiji","Holiday",28872
2010-11-01,"Fiji","Holiday",20932
2010-12-01,"Fiji","Holiday",24180
2011-01-01,"Fiji","Holiday",22129
2011-02-01,"Fiji","Holiday",12450
2011-03-01,"Fiji","Holiday",19110
2011-04-01,"Fiji","Holiday",24921
2011-05-01,"Fiji","Holiday",21907
2011-06-01,"Fiji","Holiday",27707
2011-07-01,"Fiji","Holiday",30053
2011-08-01,"Fiji","Holiday",26624
2011-09-01,"Fiji","Holiday",29464
2011-10-01,"Fiji","Holiday",29863
2011-11-01,"Fiji","Holiday",23825
2011-12-01,"Fiji","Holiday",26935
2012-01-01,"Fiji","Holiday",23571
2012-02-01,"Fiji","Holiday",13459
2012-03-01,"Fiji","Holiday",23134
2012-04-01,"Fiji","Holiday",17711
2012-05-01,"Fiji","Holiday",22836
2012-06-01,"Fiji","Holiday",30404
2012-07-01,"Fiji","Holiday",27752
2012-08-01,"Fiji","Holiday",28572
2012-09-01,"Fiji","Holiday",32369
2012-10-01,"Fiji","Holiday",29249
2012-11-01,"Fiji","Holiday",22679
2012-12-01,"Fiji","Holiday",25289
2013-01-01,"Fiji","Holiday",18045
2013-02-01,"Fiji","Holiday",11050
2013-03-01,"Fiji","Holiday",20282
2013-04-01,"Fiji","Holiday",21892
2013-05-01,"Fiji","Holiday",26831
2013-06-01,"Fiji","Holiday",29307
2013-07-01,"Fiji","Holiday",28026
2013-08-01,"Fiji","Holiday",29860
2013-09-01,"Fiji","Holiday",32316
2013-10-01,"Fiji","Holiday",28802
2013-11-01,"Fiji","Holiday",21967
2013-12-01,"Fiji","Holiday",24702
2014-01-01,"Fiji","Holiday",20328
2014-02-01,"Fiji","Holiday",13463
2014-03-01,"Fiji","Holiday",20279
2014-04-01,"Fiji","Holiday",22506
2014-05-01,"Fiji","Holiday",25551
2014-06-01,"Fiji","Holiday",28445
2014-07-01,"Fiji","Holiday",27413
2014-08-01,"Fiji","Holiday",28036
2014-09-01,"Fiji","Holiday",29406
2014-10-01,"Fiji","Holiday",29670
2014-11-01,"Fiji","Holiday",21905
2014-12-01,"Fiji","Holiday",23814
2015-01-01,"Fiji","Holiday",20216
2015-02-01,"Fiji","Holiday",13843
2015-03-01,"Fiji","Holiday",20133
2015-04-01,"Fiji","Holiday",23471
2015-05-01,"Fiji","Holiday",23985
2015-06-01,"Fiji","Holiday",28243
2015-07-01,"Fiji","Holiday",26534
2015-08-01,"Fiji","Holiday",24314
2015-09-01,"Fiji","Holiday",31233
2015-10-01,"Fiji","Holiday",31264
2015-11-01,"Fiji","Holiday",23809
2015-12-01,"Fiji","Holiday",29091
2016-01-01,"Fiji","Holiday",22446
2016-02-01,"Fiji","Holiday",11507
2016-03-01,"Fiji","Holiday",21250
2016-04-01,"Fiji","Holiday",22378
2016-05-01,"Fiji","Holiday",22076
2016-06-01,"Fiji","Holiday",26469
2016-07-01,"Fiji","Holiday",25954
2016-08-01,"Fiji","Holiday",24358
2016-09-01,"Fiji","Holiday",28807
2016-10-01,"Fiji","Holiday",28042
2016-11-01,"Fiji","Holiday",20844
2016-12-01,"Fiji","Holiday",29710
2017-01-01,"Fiji","Holiday",23543
2017-02-01,"Fiji","Holiday",9552
2017-03-01,"Fiji","Holiday",19856
2017-04-01,"Fiji","Holiday",24350
2017-05-01,"Fiji","Holiday",22033
2017-06-01,"Fiji","Holiday",24619
2005-01-01,"Fiji","Other",232
2005-02-01,"Fiji","Other",249
2005-03-01,"Fiji","Other",328
2005-04-01,"Fiji","Other",321
2005-05-01,"Fiji","Other",311
2005-06-01,"Fiji","Other",285
2005-07-01,"Fiji","Other",232
2005-08-01,"Fiji","Other",365
2005-09-01,"Fiji","Other",210
2005-10-01,"Fiji","Other",111
2005-11-01,"Fiji","Other",123
2005-12-01,"Fiji","Other",243
2006-01-01,"Fiji","Other",384
2006-02-01,"Fiji","Other",104
2006-03-01,"Fiji","Other",330
2006-04-01,"Fiji","Other",291
2006-05-01,"Fiji","Other",330
2006-06-01,"Fiji","Other",46
2006-07-01,"Fiji","Other",308
2006-08-01,"Fiji","Other",178
2006-09-01,"Fiji","Other",76
2006-10-01,"Fiji","Other",318
2006-11-01,"Fiji","Other",116
2006-12-01,"Fiji","Other",165
2007-01-01,"Fiji","Other",89
2007-02-01,"Fiji","Other",234
2007-03-01,"Fiji","Other",134
2007-04-01,"Fiji","Other",140
2007-05-01,"Fiji","Other",112
2007-06-01,"Fiji","Other",299
2007-07-01,"Fiji","Other",112
2007-08-01,"Fiji","Other",358
2007-09-01,"Fiji","Other",611
2007-10-01,"Fiji","Other",275
2007-11-01,"Fiji","Other",326
2007-12-01,"Fiji","Other",299
2008-01-01,"Fiji","Other",249
2008-02-01,"Fiji","Other",218
2008-03-01,"Fiji","Other",342
2008-04-01,"Fiji","Other",174
2008-05-01,"Fiji","Other",234
2008-06-01,"Fiji","Other",61
2008-07-01,"Fiji","Other",221
2008-08-01,"Fiji","Other",141
2008-09-01,"Fiji","Other",79
2008-10-01,"Fiji","Other",295
2008-11-01,"Fiji","Other",432
2008-12-01,"Fiji","Other",204
2009-01-01,"Fiji","Other",285
2009-02-01,"Fiji","Other",122
2009-03-01,"Fiji","Other",306
2009-04-01,"Fiji","Other",164
2009-05-01,"Fiji","Other",163
2009-06-01,"Fiji","Other",193
2009-07-01,"Fiji","Other",214
2009-08-01,"Fiji","Other",296
2009-09-01,"Fiji","Other",266
2009-10-01,"Fiji","Other",187
2009-11-01,"Fiji","Other",234
2009-12-01,"Fiji","Other",326
2010-01-01,"Fiji","Other",234
2010-02-01,"Fiji","Other",223
2010-03-01,"Fiji","Other",275
2010-04-01,"Fiji","Other",486
2010-05-01,"Fiji","Other",257
2010-06-01,"Fiji","Other",160
2010-07-01,"Fiji","Other",540
2010-08-01,"Fiji","Other",284
2010-09-01,"Fiji","Other",252
2010-10-01,"Fiji","Other",132
2010-11-01,"Fiji","Other",387
2010-12-01,"Fiji","Other",376
2011-01-01,"Fiji","Other",203
2011-02-01,"Fiji","Other",214
2011-03-01,"Fiji","Other",397
2011-04-01,"Fiji","Other",438
2011-05-01,"Fiji","Other",322
2011-06-01,"Fiji","Other",483
2011-07-01,"Fiji","Other",224
2011-08-01,"Fiji","Other",448
2011-09-01,"Fiji","Other",204
2011-10-01,"Fiji","Other",215
2011-11-01,"Fiji","Other",193
2011-12-01,"Fiji","Other",341
2012-01-01,"Fiji","Other",438
2012-02-01,"Fiji","Other",122
2012-03-01,"Fiji","Other",300
2012-04-01,"Fiji","Other",593
2012-05-01,"Fiji","Other",382
2012-06-01,"Fiji","Other",255
2012-07-01,"Fiji","Other",322
2012-08-01,"Fiji","Other",282
2012-09-01,"Fiji","Other",398
2012-10-01,"Fiji","Other",687
2012-11-01,"Fiji","Other",326
2012-12-01,"Fiji","Other",336
2013-01-01,"Fiji","Other",264
2013-02-01,"Fiji","Other",173
2013-03-01,"Fiji","Other",306
2013-04-01,"Fiji","Other",275
2013-05-01,"Fiji","Other",296
2013-06-01,"Fiji","Other",367
2013-07-01,"Fiji","Other",320
2013-08-01,"Fiji","Other",398
2013-09-01,"Fiji","Other",368
2013-10-01,"Fiji","Other",327
2013-11-01,"Fiji","Other",416
2013-12-01,"Fiji","Other",279
2014-01-01,"Fiji","Other",291
2014-02-01,"Fiji","Other",248
2014-03-01,"Fiji","Other",224
2014-04-01,"Fiji","Other",276
2014-05-01,"Fiji","Other",685
2014-06-01,"Fiji","Other",266
2014-07-01,"Fiji","Other",401
2014-08-01,"Fiji","Other",462
2014-09-01,"Fiji","Other",439
2014-10-01,"Fiji","Other",540
2014-11-01,"Fiji","Other",785
2014-12-01,"Fiji","Other",971
2015-01-01,"Fiji","Other",438
2015-02-01,"Fiji","Other",299
2015-03-01,"Fiji","Other",593
2015-04-01,"Fiji","Other",347
2015-05-01,"Fiji","Other",380
2015-06-01,"Fiji","Other",315
2015-07-01,"Fiji","Other",490
2015-08-01,"Fiji","Other",163
2015-09-01,"Fiji","Other",245
2015-10-01,"Fiji","Other",153
2015-11-01,"Fiji","Other",117
2015-12-01,"Fiji","Other",183
2016-01-01,"Fiji","Other",462
2016-02-01,"Fiji","Other",470
2016-03-01,"Fiji","Other",225
2016-04-01,"Fiji","Other",455
2016-05-01,"Fiji","Other",144
2016-06-01,"Fiji","Other",766
2016-07-01,"Fiji","Other",503
2016-08-01,"Fiji","Other",285
2016-09-01,"Fiji","Other",68
2016-10-01,"Fiji","Other",326
2016-11-01,"Fiji","Other",686
2016-12-01,"Fiji","Other",826
2017-01-01,"Fiji","Other",154
2017-02-01,"Fiji","Other",274
2017-03-01,"Fiji","Other",295
2017-04-01,"Fiji","Other",290
2017-05-01,"Fiji","Other",479
2017-06-01,"Fiji","Other",548
2005-01-01,"Fiji","Visiting Friends or Relatives",1868
2005-02-01,"Fiji","Visiting Friends or Relatives",1124
2005-03-01,"Fiji","Visiting Friends or Relatives",1868
2005-04-01,"Fiji","Visiting Friends or Relatives",1876
2005-05-01,"Fiji","Visiting Friends or Relatives",1790
2005-06-01,"Fiji","Visiting Friends or Relatives",1954
2005-07-01,"Fiji","Visiting Friends or Relatives",2151
2005-08-01,"Fiji","Visiting Friends or Relatives",1660
2005-09-01,"Fiji","Visiting Friends or Relatives",1904
2005-10-01,"Fiji","Visiting Friends or Relatives",1617
2005-11-01,"Fiji","Visiting Friends or Relatives",1868
2005-12-01,"Fiji","Visiting Friends or Relatives",4290
2006-01-01,"Fiji","Visiting Friends or Relatives",1944
2006-02-01,"Fiji","Visiting Friends or Relatives",1681
2006-03-01,"Fiji","Visiting Friends or Relatives",1078
2006-04-01,"Fiji","Visiting Friends or Relatives",2620
2006-05-01,"Fiji","Visiting Friends or Relatives",2215
2006-06-01,"Fiji","Visiting Friends or Relatives",2517
2006-07-01,"Fiji","Visiting Friends or Relatives",2118
2006-08-01,"Fiji","Visiting Friends or Relatives",2557
2006-09-01,"Fiji","Visiting Friends or Relatives",1905
2006-10-01,"Fiji","Visiting Friends or Relatives",1850
2006-11-01,"Fiji","Visiting Friends or Relatives",2154
2006-12-01,"Fiji","Visiting Friends or Relatives",4196
2007-01-01,"Fiji","Visiting Friends or Relatives",2269
2007-02-01,"Fiji","Visiting Friends or Relatives",1075
2007-03-01,"Fiji","Visiting Friends or Relatives",1405
2007-04-01,"Fiji","Visiting Friends or Relatives",2591
2007-05-01,"Fiji","Visiting Friends or Relatives",1773
2007-06-01,"Fiji","Visiting Friends or Relatives",2414
2007-07-01,"Fiji","Visiting Friends or Relatives",2034
2007-08-01,"Fiji","Visiting Friends or Relatives",2676
2007-09-01,"Fiji","Visiting Friends or Relatives",2443
2007-10-01,"Fiji","Visiting Friends or Relatives",2489
2007-11-01,"Fiji","Visiting Friends or Relatives",2835
2007-12-01,"Fiji","Visiting Friends or Relatives",5279
2008-01-01,"Fiji","Visiting Friends or Relatives",2554
2008-02-01,"Fiji","Visiting Friends or Relatives",1936
2008-03-01,"Fiji","Visiting Friends or Relatives",2457
2008-04-01,"Fiji","Visiting Friends or Relatives",2791
2008-05-01,"Fiji","Visiting Friends or Relatives",3212
2008-06-01,"Fiji","Visiting Friends or Relatives",2816
2008-07-01,"Fiji","Visiting Friends or Relatives",3143
2008-08-01,"Fiji","Visiting Friends or Relatives",3019
2008-09-01,"Fiji","Visiting Friends or Relatives",2554
2008-10-01,"Fiji","Visiting Friends or Relatives",2182
2008-11-01,"Fiji","Visiting Friends or Relatives",2598
2008-12-01,"Fiji","Visiting Friends or Relatives",5195
2009-01-01,"Fiji","Visiting Friends or Relatives",2273
2009-02-01,"Fiji","Visiting Friends or Relatives",1646
2009-03-01,"Fiji","Visiting Friends or Relatives",1555
2009-04-01,"Fiji","Visiting Friends or Relatives",3023
2009-05-01,"Fiji","Visiting Friends or Relatives",2012
2009-06-01,"Fiji","Visiting Friends or Relatives",2884
2009-07-01,"Fiji","Visiting Friends or Relatives",2920
2009-08-01,"Fiji","Visiting Friends or Relatives",3362
2009-09-01,"Fiji","Visiting Friends or Relatives",2892
2009-10-01,"Fiji","Visiting Friends or Relatives",2521
2009-11-01,"Fiji","Visiting Friends or Relatives",2651
2009-12-01,"Fiji","Visiting Friends or Relatives",5321
2010-01-01,"Fiji","Visiting Friends or Relatives",2919
2010-02-01,"Fiji","Visiting Friends or Relatives",1515
2010-03-01,"Fiji","Visiting Friends or Relatives",3231
2010-04-01,"Fiji","Visiting Friends or Relatives",2663
2010-05-01,"Fiji","Visiting Friends or Relatives",2702
2010-06-01,"Fiji","Visiting Friends or Relatives",3507
2010-07-01,"Fiji","Visiting Friends or Relatives",4077
2010-08-01,"Fiji","Visiting Friends or Relatives",3532
2010-09-01,"Fiji","Visiting Friends or Relatives",2741
2010-10-01,"Fiji","Visiting Friends or Relatives",3442
2010-11-01,"Fiji","Visiting Friends or Relatives",2718
2010-12-01,"Fiji","Visiting Friends or Relatives",5194
2011-01-01,"Fiji","Visiting Friends or Relatives",2279
2011-02-01,"Fiji","Visiting Friends or Relatives",2113
2011-03-01,"Fiji","Visiting Friends or Relatives",2637
2011-04-01,"Fiji","Visiting Friends or Relatives",3239
2011-05-01,"Fiji","Visiting Friends or Relatives",2992
2011-06-01,"Fiji","Visiting Friends or Relatives",3263
2011-07-01,"Fiji","Visiting Friends or Relatives",3512
2011-08-01,"Fiji","Visiting Friends or Relatives",3332
2011-09-01,"Fiji","Visiting Friends or Relatives",2851
2011-10-01,"Fiji","Visiting Friends or Relatives",2283
2011-11-01,"Fiji","Visiting Friends or Relatives",2921
2011-12-01,"Fiji","Visiting Friends or Relatives",5642
2012-01-01,"Fiji","Visiting Friends or Relatives",3571
2012-02-01,"Fiji","Visiting Friends or Relatives",2605
2012-03-01,"Fiji","Visiting Friends or Relatives",2400
2012-04-01,"Fiji","Visiting Friends or Relatives",2695
2012-05-01,"Fiji","Visiting Friends or Relatives",3046
2012-06-01,"Fiji","Visiting Friends or Relatives",4586
2012-07-01,"Fiji","Visiting Friends or Relatives",3091
2012-08-01,"Fiji","Visiting Friends or Relatives",3706
2012-09-01,"Fiji","Visiting Friends or Relatives",3702
2012-10-01,"Fiji","Visiting Friends or Relatives",3109
2012-11-01,"Fiji","Visiting Friends or Relatives",3818
2012-12-01,"Fiji","Visiting Friends or Relatives",5554
2013-01-01,"Fiji","Visiting Friends or Relatives",3120
2013-02-01,"Fiji","Visiting Friends or Relatives",2356
2013-03-01,"Fiji","Visiting Friends or Relatives",3347
2013-04-01,"Fiji","Visiting Friends or Relatives",3464
2013-05-01,"Fiji","Visiting Friends or Relatives",3344
2013-06-01,"Fiji","Visiting Friends or Relatives",4284
2013-07-01,"Fiji","Visiting Friends or Relatives",3753
2013-08-01,"Fiji","Visiting Friends or Relatives",4097
2013-09-01,"Fiji","Visiting Friends or Relatives",3406
2013-10-01,"Fiji","Visiting Friends or Relatives",3189
2013-11-01,"Fiji","Visiting Friends or Relatives",3710
2013-12-01,"Fiji","Visiting Friends or Relatives",5670
2014-01-01,"Fiji","Visiting Friends or Relatives",3189
2014-02-01,"Fiji","Visiting Friends or Relatives",2523
2014-03-01,"Fiji","Visiting Friends or Relatives",2883
2014-04-01,"Fiji","Visiting Friends or Relatives",3667
2014-05-01,"Fiji","Visiting Friends or Relatives",3806
2014-06-01,"Fiji","Visiting Friends or Relatives",3961
2014-07-01,"Fiji","Visiting Friends or Relatives",4538
2014-08-01,"Fiji","Visiting Friends or Relatives",3644
2014-09-01,"Fiji","Visiting Friends or Relatives",3673
2014-10-01,"Fiji","Visiting Friends or Relatives",4269
2014-11-01,"Fiji","Visiting Friends or Relatives",5118
2014-12-01,"Fiji","Visiting Friends or Relatives",6383
2015-01-01,"Fiji","Visiting Friends or Relatives",3205
2015-02-01,"Fiji","Visiting Friends or Relatives",3047
2015-03-01,"Fiji","Visiting Friends or Relatives",4317
2015-04-01,"Fiji","Visiting Friends or Relatives",3971
2015-05-01,"Fiji","Visiting Friends or Relatives",4451
2015-06-01,"Fiji","Visiting Friends or Relatives",3762
2015-07-01,"Fiji","Visiting Friends or Relatives",5070
2015-08-01,"Fiji","Visiting Friends or Relatives",5343
2015-09-01,"Fiji","Visiting Friends or Relatives",4385
2015-10-01,"Fiji","Visiting Friends or Relatives",4209
2015-11-01,"Fiji","Visiting Friends or Relatives",4166
2015-12-01,"Fiji","Visiting Friends or Relatives",7118
2016-01-01,"Fiji","Visiting Friends or Relatives",4400
2016-02-01,"Fiji","Visiting Friends or Relatives",2379
2016-03-01,"Fiji","Visiting Friends or Relatives",5177
2016-04-01,"Fiji","Visiting Friends or Relatives",3630
2016-05-01,"Fiji","Visiting Friends or Relatives",3960
2016-06-01,"Fiji","Visiting Friends or Relatives",5245
2016-07-01,"Fiji","Visiting Friends or Relatives",5723
2016-08-01,"Fiji","Visiting Friends or Relatives",4000
2016-09-01,"Fiji","Visiting Friends or Relatives",4549
2016-10-01,"Fiji","Visiting Friends or Relatives",5359
2016-11-01,"Fiji","Visiting Friends or Relatives",5483
2016-12-01,"Fiji","Visiting Friends or Relatives",7760
2017-01-01,"Fiji","Visiting Friends or Relatives",4714
2017-02-01,"Fiji","Visiting Friends or Relatives",3357
2017-03-01,"Fiji","Visiting Friends or Relatives",4341
2017-04-01,"Fiji","Visiting Friends or Relatives",4851
2017-05-01,"Fiji","Visiting Friends or Relatives",4267
2017-06-01,"Fiji","Visiting Friends or Relatives",5588
2005-01-01,"Hong Kong (SAR of China)","Business",3230
2005-02-01,"Hong Kong (SAR of China)","Business",3235
2005-03-01,"Hong Kong (SAR of China)","Business",3927
2005-04-01,"Hong Kong (SAR of China)","Business",4861
2005-05-01,"Hong Kong (SAR of China)","Business",3293
2005-06-01,"Hong Kong (SAR of China)","Business",4186
2005-07-01,"Hong Kong (SAR of China)","Business",3847
2005-08-01,"Hong Kong (SAR of China)","Business",3399
2005-09-01,"Hong Kong (SAR of China)","Business",3419
2005-10-01,"Hong Kong (SAR of China)","Business",4547
2005-11-01,"Hong Kong (SAR of China)","Business",4914
2005-12-01,"Hong Kong (SAR of China)","Business",2274
2006-01-01,"Hong Kong (SAR of China)","Business",2836
2006-02-01,"Hong Kong (SAR of China)","Business",3538
2006-03-01,"Hong Kong (SAR of China)","Business",4319
2006-04-01,"Hong Kong (SAR of China)","Business",4304
2006-05-01,"Hong Kong (SAR of China)","Business",3812
2006-06-01,"Hong Kong (SAR of China)","Business",4063
2006-07-01,"Hong Kong (SAR of China)","Business",3096
2006-08-01,"Hong Kong (SAR of China)","Business",4613
2006-09-01,"Hong Kong (SAR of China)","Business",4324
2006-10-01,"Hong Kong (SAR of China)","Business",5164
2006-11-01,"Hong Kong (SAR of China)","Business",5101
2006-12-01,"Hong Kong (SAR of China)","Business",1931
2007-01-01,"Hong Kong (SAR of China)","Business",3338
2007-02-01,"Hong Kong (SAR of China)","Business",2973
2007-03-01,"Hong Kong (SAR of China)","Business",5571
2007-04-01,"Hong Kong (SAR of China)","Business",5932
2007-05-01,"Hong Kong (SAR of China)","Business",4018
2007-06-01,"Hong Kong (SAR of China)","Business",4429
2007-07-01,"Hong Kong (SAR of China)","Business",3469
2007-08-01,"Hong Kong (SAR of China)","Business",2954
2007-09-01,"Hong Kong (SAR of China)","Business",3528
2007-10-01,"Hong Kong (SAR of China)","Business",5141
2007-11-01,"Hong Kong (SAR of China)","Business",4647
2007-12-01,"Hong Kong (SAR of China)","Business",2619
2008-01-01,"Hong Kong (SAR of China)","Business",2271
2008-02-01,"Hong Kong (SAR of China)","Business",3329
2008-03-01,"Hong Kong (SAR of China)","Business",3855
2008-04-01,"Hong Kong (SAR of China)","Business",4337
2008-05-01,"Hong Kong (SAR of China)","Business",5580
2008-06-01,"Hong Kong (SAR of China)","Business",2914
2008-07-01,"Hong Kong (SAR of China)","Business",2919
2008-08-01,"Hong Kong (SAR of China)","Business",3033
2008-09-01,"Hong Kong (SAR of China)","Business",3844
2008-10-01,"Hong Kong (SAR of China)","Business",5632
2008-11-01,"Hong Kong (SAR of China)","Business",3913
2008-12-01,"Hong Kong (SAR of China)","Business",1640
2009-01-01,"Hong Kong (SAR of China)","Business",2061
2009-02-01,"Hong Kong (SAR of China)","Business",2362
2009-03-01,"Hong Kong (SAR of China)","Business",3187
2009-04-01,"Hong Kong (SAR of China)","Business",3497
2009-05-01,"Hong Kong (SAR of China)","Business",3387
2009-06-01,"Hong Kong (SAR of China)","Business",2814
2009-07-01,"Hong Kong (SAR of China)","Business",2999
2009-08-01,"Hong Kong (SAR of China)","Business",3004
2009-09-01,"Hong Kong (SAR of China)","Business",3004
2009-10-01,"Hong Kong (SAR of China)","Business",4514
2009-11-01,"Hong Kong (SAR of China)","Business",4740
2009-12-01,"Hong Kong (SAR of China)","Business",1694
2010-01-01,"Hong Kong (SAR of China)","Business",3057
2010-02-01,"Hong Kong (SAR of China)","Business",2768
2010-03-01,"Hong Kong (SAR of China)","Business",5189
2010-04-01,"Hong Kong (SAR of China)","Business",3940
2010-05-01,"Hong Kong (SAR of China)","Business",3724
2010-06-01,"Hong Kong (SAR of China)","Business",2742
2010-07-01,"Hong Kong (SAR of China)","Business",3130
2010-08-01,"Hong Kong (SAR of China)","Business",2803
2010-09-01,"Hong Kong (SAR of China)","Business",3844
2010-10-01,"Hong Kong (SAR of China)","Business",4570
2010-11-01,"Hong Kong (SAR of China)","Business",5715
2010-12-01,"Hong Kong (SAR of China)","Business",1631
2011-01-01,"Hong Kong (SAR of China)","Business",2589
2011-02-01,"Hong Kong (SAR of China)","Business",3186
2011-03-01,"Hong Kong (SAR of China)","Business",5275
2011-04-01,"Hong Kong (SAR of China)","Business",3853
2011-05-01,"Hong Kong (SAR of China)","Business",5183
2011-06-01,"Hong Kong (SAR of China)","Business",3399
2011-07-01,"Hong Kong (SAR of China)","Business",2693
2011-08-01,"Hong Kong (SAR of China)","Business",4104
2011-09-01,"Hong Kong (SAR of China)","Business",4428
2011-10-01,"Hong Kong (SAR of China)","Business",5462
2011-11-01,"Hong Kong (SAR of China)","Business",4853
2011-12-01,"Hong Kong (SAR of China)","Business",2207
2012-01-01,"Hong Kong (SAR of China)","Business",2970
2012-02-01,"Hong Kong (SAR of China)","Business",4048
2012-03-01,"Hong Kong (SAR of China)","Business",4705
2012-04-01,"Hong Kong (SAR of China)","Business",3313
2012-05-01,"Hong Kong (SAR of China)","Business",3277
2012-06-01,"Hong Kong (SAR of China)","Business",2866
2012-07-01,"Hong Kong (SAR of China)","Business",2521
2012-08-01,"Hong Kong (SAR of China)","Business",3049
2012-09-01,"Hong Kong (SAR of China)","Business",3936
2012-10-01,"Hong Kong (SAR of China)","Business",5121
2012-11-01,"Hong Kong (SAR of China)","Business",3692
2012-12-01,"Hong Kong (SAR of China)","Business",2747
2013-01-01,"Hong Kong (SAR of China)","Business",2686
2013-02-01,"Hong Kong (SAR of China)","Business",2717
2013-03-01,"Hong Kong (SAR of China)","Business",4463
2013-04-01,"Hong Kong (SAR of China)","Business",3867
2013-05-01,"Hong Kong (SAR of China)","Business",3833
2013-06-01,"Hong Kong (SAR of China)","Business",2767
2013-07-01,"Hong Kong (SAR of China)","Business",2863
2013-08-01,"Hong Kong (SAR of China)","Business",3099
2013-09-01,"Hong Kong (SAR of China)","Business",4530
2013-10-01,"Hong Kong (SAR of China)","Business",3865
2013-11-01,"Hong Kong (SAR of China)","Business",3827
2013-12-01,"Hong Kong (SAR of China)","Business",2127
2014-01-01,"Hong Kong (SAR of China)","Business",2124
2014-02-01,"Hong Kong (SAR of China)","Business",2094
2014-03-01,"Hong Kong (SAR of China)","Business",5596
2014-04-01,"Hong Kong (SAR of China)","Business",3525
2014-05-01,"Hong Kong (SAR of China)","Business",4680
2014-06-01,"Hong Kong (SAR of China)","Business",3178
2014-07-01,"Hong Kong (SAR of China)","Business",2673
2014-08-01,"Hong Kong (SAR of China)","Business",3178
2014-09-01,"Hong Kong (SAR of China)","Business",3468
2014-10-01,"Hong Kong (SAR of China)","Business",5407
2014-11-01,"Hong Kong (SAR of China)","Business",3870
2014-12-01,"Hong Kong (SAR of China)","Business",1890
2015-01-01,"Hong Kong (SAR of China)","Business",3047
2015-02-01,"Hong Kong (SAR of China)","Business",2049
2015-03-01,"Hong Kong (SAR of China)","Business",5021
2015-04-01,"Hong Kong (SAR of China)","Business",3383
2015-05-01,"Hong Kong (SAR of China)","Business",3619
2015-06-01,"Hong Kong (SAR of China)","Business",3025
2015-07-01,"Hong Kong (SAR of China)","Business",2279
2015-08-01,"Hong Kong (SAR of China)","Business",3256
2015-09-01,"Hong Kong (SAR of China)","Business",2476
2015-10-01,"Hong Kong (SAR of China)","Business",3853
2015-11-01,"Hong Kong (SAR of China)","Business",4798
2015-12-01,"Hong Kong (SAR of China)","Business",2262
2016-01-01,"Hong Kong (SAR of China)","Business",2606
2016-02-01,"Hong Kong (SAR of China)","Business",2926
2016-03-01,"Hong Kong (SAR of China)","Business",3498
2016-04-01,"Hong Kong (SAR of China)","Business",3628
2016-05-01,"Hong Kong (SAR of China)","Business",4301
2016-06-01,"Hong Kong (SAR of China)","Business",2204
2016-07-01,"Hong Kong (SAR of China)","Business",2158
2016-08-01,"Hong Kong (SAR of China)","Business",2852
2016-09-01,"Hong Kong (SAR of China)","Business",3092
2016-10-01,"Hong Kong (SAR of China)","Business",3828
2016-11-01,"Hong Kong (SAR of China)","Business",4270
2016-12-01,"Hong Kong (SAR of China)","Business",1456
2017-01-01,"Hong Kong (SAR of China)","Business",1725
2017-02-01,"Hong Kong (SAR of China)","Business",2819
2017-03-01,"Hong Kong (SAR of China)","Business",3808
2017-04-01,"Hong Kong (SAR of China)","Business",3418
2017-05-01,"Hong Kong (SAR of China)","Business",3448
2017-06-01,"Hong Kong (SAR of China)","Business",2549
2005-01-01,"Hong Kong (SAR of China)","Education",229
2005-02-01,"Hong Kong (SAR of China)","Education",340
2005-03-01,"Hong Kong (SAR of China)","Education",62
2005-04-01,"Hong Kong (SAR of China)","Education",128
2005-05-01,"Hong Kong (SAR of China)","Education",42
2005-06-01,"Hong Kong (SAR of China)","Education",117
2005-07-01,"Hong Kong (SAR of China)","Education",159
2005-08-01,"Hong Kong (SAR of China)","Education",312
2005-09-01,"Hong Kong (SAR of China)","Education",207
2005-10-01,"Hong Kong (SAR of China)","Education",10
2005-11-01,"Hong Kong (SAR of China)","Education",63
2005-12-01,"Hong Kong (SAR of China)","Education",43
2006-01-01,"Hong Kong (SAR of China)","Education",81
2006-02-01,"Hong Kong (SAR of China)","Education",59
2006-03-01,"Hong Kong (SAR of China)","Education",5
2006-04-01,"Hong Kong (SAR of China)","Education",223
2006-05-01,"Hong Kong (SAR of China)","Education",4
2006-06-01,"Hong Kong (SAR of China)","Education",4
2006-07-01,"Hong Kong (SAR of China)","Education",137
2006-08-01,"Hong Kong (SAR of China)","Education",294
2006-09-01,"Hong Kong (SAR of China)","Education",12
2006-10-01,"Hong Kong (SAR of China)","Education",57
2006-11-01,"Hong Kong (SAR of China)","Education",197
2006-12-01,"Hong Kong (SAR of China)","Education",11
2007-01-01,"Hong Kong (SAR of China)","Education",188
2007-02-01,"Hong Kong (SAR of China)","Education",199
2007-03-01,"Hong Kong (SAR of China)","Education",89
2007-04-01,"Hong Kong (SAR of China)","Education",196
2007-05-01,"Hong Kong (SAR of China)","Education",209
2007-06-01,"Hong Kong (SAR of China)","Education",70
2007-07-01,"Hong Kong (SAR of China)","Education",290
2007-08-01,"Hong Kong (SAR of China)","Education",286
2007-09-01,"Hong Kong (SAR of China)","Education",204
2007-10-01,"Hong Kong (SAR of China)","Education",153
2007-11-01,"Hong Kong (SAR of China)","Education",26
2007-12-01,"Hong Kong (SAR of China)","Education",56
2008-01-01,"Hong Kong (SAR of China)","Education",54
2008-02-01,"Hong Kong (SAR of China)","Education",51
2008-03-01,"Hong Kong (SAR of China)","Education",228
2008-04-01,"Hong Kong (SAR of China)","Education",134
2008-05-01,"Hong Kong (SAR of China)","Education",61
2008-06-01,"Hong Kong (SAR of China)","Education",111
2008-07-01,"Hong Kong (SAR of China)","Education",408
2008-08-01,"Hong Kong (SAR of China)","Education",266
2008-09-01,"Hong Kong (SAR of China)","Education",103
2008-10-01,"Hong Kong (SAR of China)","Education",102
2008-11-01,"Hong Kong (SAR of China)","Education",255
2008-12-01,"Hong Kong (SAR of China)","Education",154
2009-01-01,"Hong Kong (SAR of China)","Education",154
2009-02-01,"Hong Kong (SAR of China)","Education",51
2009-03-01,"Hong Kong (SAR of China)","Education",75
2009-04-01,"Hong Kong (SAR of China)","Education",333
2009-05-01,"Hong Kong (SAR of China)","Education",102
2009-06-01,"Hong Kong (SAR of China)","Education",102
2009-07-01,"Hong Kong (SAR of China)","Education",219
2009-08-01,"Hong Kong (SAR of China)","Education",228
2009-09-01,"Hong Kong (SAR of China)","Education",168
2009-10-01,"Hong Kong (SAR of China)","Education",307
2009-11-01,"Hong Kong (SAR of China)","Education",107
2009-12-01,"Hong Kong (SAR of China)","Education",153
2010-01-01,"Hong Kong (SAR of China)","Education",116
2010-02-01,"Hong Kong (SAR of China)","Education",62
2010-03-01,"Hong Kong (SAR of China)","Education",102
2010-04-01,"Hong Kong (SAR of China)","Education",53
2010-05-01,"Hong Kong (SAR of China)","Education",103
2010-06-01,"Hong Kong (SAR of China)","Education",204
2010-07-01,"Hong Kong (SAR of China)","Education",165
2010-08-01,"Hong Kong (SAR of China)","Education",350
2010-09-01,"Hong Kong (SAR of China)","Education",51
2010-10-01,"Hong Kong (SAR of China)","Education",280
2010-11-01,"Hong Kong (SAR of China)","Education",11
2010-12-01,"Hong Kong (SAR of China)","Education",153
2011-01-01,"Hong Kong (SAR of China)","Education",153
2011-02-01,"Hong Kong (SAR of China)","Education",88
2011-03-01,"Hong Kong (SAR of China)","Education",7
2011-04-01,"Hong Kong (SAR of China)","Education",153
2011-05-01,"Hong Kong (SAR of China)","Education",34
2011-06-01,"Hong Kong (SAR of China)","Education",269
2011-07-01,"Hong Kong (SAR of China)","Education",225
2011-08-01,"Hong Kong (SAR of China)","Education",191
2011-09-01,"Hong Kong (SAR of China)","Education",52
2011-10-01,"Hong Kong (SAR of China)","Education",102
2011-11-01,"Hong Kong (SAR of China)","Education",56
2011-12-01,"Hong Kong (SAR of China)","Education",113
2012-01-01,"Hong Kong (SAR of China)","Education",102
2012-02-01,"Hong Kong (SAR of China)","Education",11
2012-03-01,"Hong Kong (SAR of China)","Education",103
2012-04-01,"Hong Kong (SAR of China)","Education",51
2012-05-01,"Hong Kong (SAR of China)","Education",53
2012-06-01,"Hong Kong (SAR of China)","Education",154
2012-07-01,"Hong Kong (SAR of China)","Education",289
2012-08-01,"Hong Kong (SAR of China)","Education",89
2012-09-01,"Hong Kong (SAR of China)","Education",470
2012-10-01,"Hong Kong (SAR of China)","Education",51
2012-11-01,"Hong Kong (SAR of China)","Education",51
2012-12-01,"Hong Kong (SAR of China)","Education",1
2013-01-01,"Hong Kong (SAR of China)","Education",256
2013-02-01,"Hong Kong (SAR of China)","Education",51
2013-03-01,"Hong Kong (SAR of China)","Education",218
2013-04-01,"Hong Kong (SAR of China)","Education",520
2013-05-01,"Hong Kong (SAR of China)","Education",102
2013-06-01,"Hong Kong (SAR of China)","Education",102
2013-07-01,"Hong Kong (SAR of China)","Education",51
2013-08-01,"Hong Kong (SAR of China)","Education",164
2013-09-01,"Hong Kong (SAR of China)","Education",51
2013-10-01,"Hong Kong (SAR of China)","Education",102
2013-11-01,"Hong Kong (SAR of China)","Education",153
2013-12-01,"Hong Kong (SAR of China)","Education",112
2014-01-01,"Hong Kong (SAR of China)","Education",116
2014-02-01,"Hong Kong (SAR of China)","Education",102
2014-03-01,"Hong Kong (SAR of China)","Education",153
2014-04-01,"Hong Kong (SAR of China)","Education",218
2014-05-01,"Hong Kong (SAR of China)","Education",65
2014-06-01,"Hong Kong (SAR of China)","Education",205
2014-07-01,"Hong Kong (SAR of China)","Education",168
2014-08-01,"Hong Kong (SAR of China)","Education",260
2014-09-01,"Hong Kong (SAR of China)","Education",107
2014-10-01,"Hong Kong (SAR of China)","Education",0
2014-11-01,"Hong Kong (SAR of China)","Education",175
2014-12-01,"Hong Kong (SAR of China)","Education",79
2015-01-01,"Hong Kong (SAR of China)","Education",158
2015-02-01,"Hong Kong (SAR of China)","Education",102
2015-03-01,"Hong Kong (SAR of China)","Education",316
2015-04-01,"Hong Kong (SAR of China)","Education",371
2015-05-01,"Hong Kong (SAR of China)","Education",153
2015-06-01,"Hong Kong (SAR of China)","Education",228
2015-07-01,"Hong Kong (SAR of China)","Education",204
2015-08-01,"Hong Kong (SAR of China)","Education",66
2015-09-01,"Hong Kong (SAR of China)","Education",219
2015-10-01,"Hong Kong (SAR of China)","Education",153
2015-11-01,"Hong Kong (SAR of China)","Education",255
2015-12-01,"Hong Kong (SAR of China)","Education",116
2016-01-01,"Hong Kong (SAR of China)","Education",153
2016-02-01,"Hong Kong (SAR of China)","Education",127
2016-03-01,"Hong Kong (SAR of China)","Education",226
2016-04-01,"Hong Kong (SAR of China)","Education",65
2016-05-01,"Hong Kong (SAR of China)","Education",177
2016-06-01,"Hong Kong (SAR of China)","Education",153
2016-07-01,"Hong Kong (SAR of China)","Education",306
2016-08-01,"Hong Kong (SAR of China)","Education",336
2016-09-01,"Hong Kong (SAR of China)","Education",410
2016-10-01,"Hong Kong (SAR of China)","Education",102
2016-11-01,"Hong Kong (SAR of China)","Education",110
2016-12-01,"Hong Kong (SAR of China)","Education",116
2017-01-01,"Hong Kong (SAR of China)","Education",102
2017-02-01,"Hong Kong (SAR of China)","Education",61
2017-03-01,"Hong Kong (SAR of China)","Education",178
2017-04-01,"Hong Kong (SAR of China)","Education",371
2017-05-01,"Hong Kong (SAR of China)","Education",24
2017-06-01,"Hong Kong (SAR of China)","Education",371
2005-01-01,"Hong Kong (SAR of China)","Employment",708
2005-02-01,"Hong Kong (SAR of China)","Employment",807
2005-03-01,"Hong Kong (SAR of China)","Employment",499
2005-04-01,"Hong Kong (SAR of China)","Employment",395
2005-05-01,"Hong Kong (SAR of China)","Employment",511
2005-06-01,"Hong Kong (SAR of China)","Employment",323
2005-07-01,"Hong Kong (SAR of China)","Employment",906
2005-08-01,"Hong Kong (SAR of China)","Employment",637
2005-09-01,"Hong Kong (SAR of China)","Employment",422
2005-10-01,"Hong Kong (SAR of China)","Employment",693
2005-11-01,"Hong Kong (SAR of China)","Employment",470
2005-12-01,"Hong Kong (SAR of China)","Employment",272
2006-01-01,"Hong Kong (SAR of China)","Employment",893
2006-02-01,"Hong Kong (SAR of China)","Employment",728
2006-03-01,"Hong Kong (SAR of China)","Employment",619
2006-04-01,"Hong Kong (SAR of China)","Employment",554
2006-05-01,"Hong Kong (SAR of China)","Employment",423
2006-06-01,"Hong Kong (SAR of China)","Employment",317
2006-07-01,"Hong Kong (SAR of China)","Employment",526
2006-08-01,"Hong Kong (SAR of China)","Employment",871
2006-09-01,"Hong Kong (SAR of China)","Employment",565
2006-10-01,"Hong Kong (SAR of China)","Employment",800
2006-11-01,"Hong Kong (SAR of China)","Employment",543
2006-12-01,"Hong Kong (SAR of China)","Employment",371
2007-01-01,"Hong Kong (SAR of China)","Employment",989
2007-02-01,"Hong Kong (SAR of China)","Employment",588
2007-03-01,"Hong Kong (SAR of China)","Employment",425
2007-04-01,"Hong Kong (SAR of China)","Employment",920
2007-05-01,"Hong Kong (SAR of China)","Employment",415
2007-06-01,"Hong Kong (SAR of China)","Employment",278
2007-07-01,"Hong Kong (SAR of China)","Employment",320
2007-08-01,"Hong Kong (SAR of China)","Employment",1088
2007-09-01,"Hong Kong (SAR of China)","Employment",374
2007-10-01,"Hong Kong (SAR of China)","Employment",490
2007-11-01,"Hong Kong (SAR of China)","Employment",901
2007-12-01,"Hong Kong (SAR of China)","Employment",470
2008-01-01,"Hong Kong (SAR of China)","Employment",997
2008-02-01,"Hong Kong (SAR of China)","Employment",701
2008-03-01,"Hong Kong (SAR of China)","Employment",1004
2008-04-01,"Hong Kong (SAR of China)","Employment",571
2008-05-01,"Hong Kong (SAR of China)","Employment",755
2008-06-01,"Hong Kong (SAR of China)","Employment",586
2008-07-01,"Hong Kong (SAR of China)","Employment",588
2008-08-01,"Hong Kong (SAR of China)","Employment",972
2008-09-01,"Hong Kong (SAR of China)","Employment",482
2008-10-01,"Hong Kong (SAR of China)","Employment",716
2008-11-01,"Hong Kong (SAR of China)","Employment",671
2008-12-01,"Hong Kong (SAR of China)","Employment",934
2009-01-01,"Hong Kong (SAR of China)","Employment",958
2009-02-01,"Hong Kong (SAR of China)","Employment",709
2009-03-01,"Hong Kong (SAR of China)","Employment",919
2009-04-01,"Hong Kong (SAR of China)","Employment",847
2009-05-01,"Hong Kong (SAR of China)","Employment",374
2009-06-01,"Hong Kong (SAR of China)","Employment",338
2009-07-01,"Hong Kong (SAR of China)","Employment",329
2009-08-01,"Hong Kong (SAR of China)","Employment",640
2009-09-01,"Hong Kong (SAR of China)","Employment",201
2009-10-01,"Hong Kong (SAR of China)","Employment",758
2009-11-01,"Hong Kong (SAR of China)","Employment",259
2009-12-01,"Hong Kong (SAR of China)","Employment",326
2010-01-01,"Hong Kong (SAR of China)","Employment",737
2010-02-01,"Hong Kong (SAR of China)","Employment",750
2010-03-01,"Hong Kong (SAR of China)","Employment",504
2010-04-01,"Hong Kong (SAR of China)","Employment",337
2010-05-01,"Hong Kong (SAR of China)","Employment",483
2010-06-01,"Hong Kong (SAR of China)","Employment",367
2010-07-01,"Hong Kong (SAR of China)","Employment",560
2010-08-01,"Hong Kong (SAR of China)","Employment",748
2010-09-01,"Hong Kong (SAR of China)","Employment",406
2010-10-01,"Hong Kong (SAR of China)","Employment",514
2010-11-01,"Hong Kong (SAR of China)","Employment",686
2010-12-01,"Hong Kong (SAR of China)","Employment",416
2011-01-01,"Hong Kong (SAR of China)","Employment",482
2011-02-01,"Hong Kong (SAR of China)","Employment",397
2011-03-01,"Hong Kong (SAR of China)","Employment",340
2011-04-01,"Hong Kong (SAR of China)","Employment",431
2011-05-01,"Hong Kong (SAR of China)","Employment",551
2011-06-01,"Hong Kong (SAR of China)","Employment",520
2011-07-01,"Hong Kong (SAR of China)","Employment",569
2011-08-01,"Hong Kong (SAR of China)","Employment",657
2011-09-01,"Hong Kong (SAR of China)","Employment",255
2011-10-01,"Hong Kong (SAR of China)","Employment",532
2011-11-01,"Hong Kong (SAR of China)","Employment",497
2011-12-01,"Hong Kong (SAR of China)","Employment",623
2012-01-01,"Hong Kong (SAR of China)","Employment",866
2012-02-01,"Hong Kong (SAR of China)","Employment",501
2012-03-01,"Hong Kong (SAR of China)","Employment",289
2012-04-01,"Hong Kong (SAR of China)","Employment",723
2012-05-01,"Hong Kong (SAR of China)","Employment",673
2012-06-01,"Hong Kong (SAR of China)","Employment",401
2012-07-01,"Hong Kong (SAR of China)","Employment",346
2012-08-01,"Hong Kong (SAR of China)","Employment",681
2012-09-01,"Hong Kong (SAR of China)","Employment",388
2012-10-01,"Hong Kong (SAR of China)","Employment",484
2012-11-01,"Hong Kong (SAR of China)","Employment",269
2012-12-01,"Hong Kong (SAR of China)","Employment",686
2013-01-01,"Hong Kong (SAR of China)","Employment",392
2013-02-01,"Hong Kong (SAR of China)","Employment",433
2013-03-01,"Hong Kong (SAR of China)","Employment",465
2013-04-01,"Hong Kong (SAR of China)","Employment",492
2013-05-01,"Hong Kong (SAR of China)","Employment",471
2013-06-01,"Hong Kong (SAR of China)","Employment",346
2013-07-01,"Hong Kong (SAR of China)","Employment",577
2013-08-01,"Hong Kong (SAR of China)","Employment",703
2013-09-01,"Hong Kong (SAR of China)","Employment",443
2013-10-01,"Hong Kong (SAR of China)","Employment",575
2013-11-01,"Hong Kong (SAR of China)","Employment",553
2013-12-01,"Hong Kong (SAR of China)","Employment",500
2014-01-01,"Hong Kong (SAR of China)","Employment",647
2014-02-01,"Hong Kong (SAR of China)","Employment",717
2014-03-01,"Hong Kong (SAR of China)","Employment",391
2014-04-01,"Hong Kong (SAR of China)","Employment",536
2014-05-01,"Hong Kong (SAR of China)","Employment",326
2014-06-01,"Hong Kong (SAR of China)","Employment",497
2014-07-01,"Hong Kong (SAR of China)","Employment",442
2014-08-01,"Hong Kong (SAR of China)","Employment",526
2014-09-01,"Hong Kong (SAR of China)","Employment",290
2014-10-01,"Hong Kong (SAR of China)","Employment",663
2014-11-01,"Hong Kong (SAR of China)","Employment",446
2014-12-01,"Hong Kong (SAR of China)","Employment",750
2015-01-01,"Hong Kong (SAR of China)","Employment",918
2015-02-01,"Hong Kong (SAR of China)","Employment",357
2015-03-01,"Hong Kong (SAR of China)","Employment",389
2015-04-01,"Hong Kong (SAR of China)","Employment",713
2015-05-01,"Hong Kong (SAR of China)","Employment",404
2015-06-01,"Hong Kong (SAR of China)","Employment",486
2015-07-01,"Hong Kong (SAR of China)","Employment",784
2015-08-01,"Hong Kong (SAR of China)","Employment",605
2015-09-01,"Hong Kong (SAR of China)","Employment",348
2015-10-01,"Hong Kong (SAR of China)","Employment",387
2015-11-01,"Hong Kong (SAR of China)","Employment",454
2015-12-01,"Hong Kong (SAR of China)","Employment",573
2016-01-01,"Hong Kong (SAR of China)","Employment",457
2016-02-01,"Hong Kong (SAR of China)","Employment",343
2016-03-01,"Hong Kong (SAR of China)","Employment",463
2016-04-01,"Hong Kong (SAR of China)","Employment",753
2016-05-01,"Hong Kong (SAR of China)","Employment",580
2016-06-01,"Hong Kong (SAR of China)","Employment",146
2016-07-01,"Hong Kong (SAR of China)","Employment",562
2016-08-01,"Hong Kong (SAR of China)","Employment",141
2016-09-01,"Hong Kong (SAR of China)","Employment",375
2016-10-01,"Hong Kong (SAR of China)","Employment",587
2016-11-01,"Hong Kong (SAR of China)","Employment",687
2016-12-01,"Hong Kong (SAR of China)","Employment",506
2017-01-01,"Hong Kong (SAR of China)","Employment",492
2017-02-01,"Hong Kong (SAR of China)","Employment",588
2017-03-01,"Hong Kong (SAR of China)","Employment",334
2017-04-01,"Hong Kong (SAR of China)","Employment",694
2017-05-01,"Hong Kong (SAR of China)","Employment",282
2017-06-01,"Hong Kong (SAR of China)","Employment",379
2005-01-01,"Hong Kong (SAR of China)","Holiday",6077
2005-02-01,"Hong Kong (SAR of China)","Holiday",4570
2005-03-01,"Hong Kong (SAR of China)","Holiday",6969
2005-04-01,"Hong Kong (SAR of China)","Holiday",4477
2005-05-01,"Hong Kong (SAR of China)","Holiday",4908
2005-06-01,"Hong Kong (SAR of China)","Holiday",6982
2005-07-01,"Hong Kong (SAR of China)","Holiday",5479
2005-08-01,"Hong Kong (SAR of China)","Holiday",5380
2005-09-01,"Hong Kong (SAR of China)","Holiday",6670
2005-10-01,"Hong Kong (SAR of China)","Holiday",5228
2005-11-01,"Hong Kong (SAR of China)","Holiday",7184
2005-12-01,"Hong Kong (SAR of China)","Holiday",10231
2006-01-01,"Hong Kong (SAR of China)","Holiday",6672
2006-02-01,"Hong Kong (SAR of China)","Holiday",5597
2006-03-01,"Hong Kong (SAR of China)","Holiday",8912
2006-04-01,"Hong Kong (SAR of China)","Holiday",7614
2006-05-01,"Hong Kong (SAR of China)","Holiday",4669
2006-06-01,"Hong Kong (SAR of China)","Holiday",6019
2006-07-01,"Hong Kong (SAR of China)","Holiday",5212
2006-08-01,"Hong Kong (SAR of China)","Holiday",4901
2006-09-01,"Hong Kong (SAR of China)","Holiday",7008
2006-10-01,"Hong Kong (SAR of China)","Holiday",6113
2006-11-01,"Hong Kong (SAR of China)","Holiday",8062
2006-12-01,"Hong Kong (SAR of China)","Holiday",11748
2007-01-01,"Hong Kong (SAR of China)","Holiday",6550
2007-02-01,"Hong Kong (SAR of China)","Holiday",4469
2007-03-01,"Hong Kong (SAR of China)","Holiday",9628
2007-04-01,"Hong Kong (SAR of China)","Holiday",6510
2007-05-01,"Hong Kong (SAR of China)","Holiday",6672
2007-06-01,"Hong Kong (SAR of China)","Holiday",6614
2007-07-01,"Hong Kong (SAR of China)","Holiday",6149
2007-08-01,"Hong Kong (SAR of China)","Holiday",6201
2007-09-01,"Hong Kong (SAR of China)","Holiday",7739
2007-10-01,"Hong Kong (SAR of China)","Holiday",7281
2007-11-01,"Hong Kong (SAR of China)","Holiday",8857
2007-12-01,"Hong Kong (SAR of China)","Holiday",13581
2008-01-01,"Hong Kong (SAR of China)","Holiday",7059
2008-02-01,"Hong Kong (SAR of China)","Holiday",6461
2008-03-01,"Hong Kong (SAR of China)","Holiday",9813
2008-04-01,"Hong Kong (SAR of China)","Holiday",7484
2008-05-01,"Hong Kong (SAR of China)","Holiday",7600
2008-06-01,"Hong Kong (SAR of China)","Holiday",7278
2008-07-01,"Hong Kong (SAR of China)","Holiday",6412
2008-08-01,"Hong Kong (SAR of China)","Holiday",6640
2008-09-01,"Hong Kong (SAR of China)","Holiday",10013
2008-10-01,"Hong Kong (SAR of China)","Holiday",11010
2008-11-01,"Hong Kong (SAR of China)","Holiday",8838
2008-12-01,"Hong Kong (SAR of China)","Holiday",12441
2009-01-01,"Hong Kong (SAR of China)","Holiday",6609
2009-02-01,"Hong Kong (SAR of China)","Holiday",5843
2009-03-01,"Hong Kong (SAR of China)","Holiday",7788
2009-04-01,"Hong Kong (SAR of China)","Holiday",9855
2009-05-01,"Hong Kong (SAR of China)","Holiday",6667
2009-06-01,"Hong Kong (SAR of China)","Holiday",6712
2009-07-01,"Hong Kong (SAR of China)","Holiday",6850
2009-08-01,"Hong Kong (SAR of China)","Holiday",5883
2009-09-01,"Hong Kong (SAR of China)","Holiday",9352
2009-10-01,"Hong Kong (SAR of China)","Holiday",10825
2009-11-01,"Hong Kong (SAR of China)","Holiday",9977
2009-12-01,"Hong Kong (SAR of China)","Holiday",13494
2010-01-01,"Hong Kong (SAR of China)","Holiday",8851
2010-02-01,"Hong Kong (SAR of China)","Holiday",6233
2010-03-01,"Hong Kong (SAR of China)","Holiday",11229
2010-04-01,"Hong Kong (SAR of China)","Holiday",8591
2010-05-01,"Hong Kong (SAR of China)","Holiday",6671
2010-06-01,"Hong Kong (SAR of China)","Holiday",7809
2010-07-01,"Hong Kong (SAR of China)","Holiday",6847
2010-08-01,"Hong Kong (SAR of China)","Holiday",6673
2010-09-01,"Hong Kong (SAR of China)","Holiday",10661
2010-10-01,"Hong Kong (SAR of China)","Holiday",9853
2010-11-01,"Hong Kong (SAR of China)","Holiday",10568
2010-12-01,"Hong Kong (SAR of China)","Holiday",14133
2011-01-01,"Hong Kong (SAR of China)","Holiday",8017
2011-02-01,"Hong Kong (SAR of China)","Holiday",6620
2011-03-01,"Hong Kong (SAR of China)","Holiday",9937
2011-04-01,"Hong Kong (SAR of China)","Holiday",12088
2011-05-01,"Hong Kong (SAR of China)","Holiday",7577
2011-06-01,"Hong Kong (SAR of China)","Holiday",7798
2011-07-01,"Hong Kong (SAR of China)","Holiday",7225
2011-08-01,"Hong Kong (SAR of China)","Holiday",6049
2011-09-01,"Hong Kong (SAR of China)","Holiday",11863
2011-10-01,"Hong Kong (SAR of China)","Holiday",11667
2011-11-01,"Hong Kong (SAR of China)","Holiday",11301
2011-12-01,"Hong Kong (SAR of China)","Holiday",14686
2012-01-01,"Hong Kong (SAR of China)","Holiday",9553
2012-02-01,"Hong Kong (SAR of China)","Holiday",8636
2012-03-01,"Hong Kong (SAR of China)","Holiday",12745
2012-04-01,"Hong Kong (SAR of China)","Holiday",11648
2012-05-01,"Hong Kong (SAR of China)","Holiday",7558
2012-06-01,"Hong Kong (SAR of China)","Holiday",8717
2012-07-01,"Hong Kong (SAR of China)","Holiday",8340
2012-08-01,"Hong Kong (SAR of China)","Holiday",6942
2012-09-01,"Hong Kong (SAR of China)","Holiday",12677
2012-10-01,"Hong Kong (SAR of China)","Holiday",10433
2012-11-01,"Hong Kong (SAR of China)","Holiday",11281
2012-12-01,"Hong Kong (SAR of China)","Holiday",14598
2013-01-01,"Hong Kong (SAR of China)","Holiday",11214
2013-02-01,"Hong Kong (SAR of China)","Holiday",6618
2013-03-01,"Hong Kong (SAR of China)","Holiday",13602
2013-04-01,"Hong Kong (SAR of China)","Holiday",9268
2013-05-01,"Hong Kong (SAR of China)","Holiday",8455
2013-06-01,"Hong Kong (SAR of China)","Holiday",9610
2013-07-01,"Hong Kong (SAR of China)","Holiday",7010
2013-08-01,"Hong Kong (SAR of China)","Holiday",6815
2013-09-01,"Hong Kong (SAR of China)","Holiday",12060
2013-10-01,"Hong Kong (SAR of China)","Holiday",10612
2013-11-01,"Hong Kong (SAR of China)","Holiday",11075
2013-12-01,"Hong Kong (SAR of China)","Holiday",15214
2014-01-01,"Hong Kong (SAR of China)","Holiday",9635
2014-02-01,"Hong Kong (SAR of China)","Holiday",6425
2014-03-01,"Hong Kong (SAR of China)","Holiday",13381
2014-04-01,"Hong Kong (SAR of China)","Holiday",14463
2014-05-01,"Hong Kong (SAR of China)","Holiday",7543
2014-06-01,"Hong Kong (SAR of China)","Holiday",9426
2014-07-01,"Hong Kong (SAR of China)","Holiday",8626
2014-08-01,"Hong Kong (SAR of China)","Holiday",6940
2014-09-01,"Hong Kong (SAR of China)","Holiday",12553
2014-10-01,"Hong Kong (SAR of China)","Holiday",10447
2014-11-01,"Hong Kong (SAR of China)","Holiday",9264
2014-12-01,"Hong Kong (SAR of China)","Holiday",12903
2015-01-01,"Hong Kong (SAR of China)","Holiday",9588
2015-02-01,"Hong Kong (SAR of China)","Holiday",6423
2015-03-01,"Hong Kong (SAR of China)","Holiday",10812
2015-04-01,"Hong Kong (SAR of China)","Holiday",9373
2015-05-01,"Hong Kong (SAR of China)","Holiday",6560
2015-06-01,"Hong Kong (SAR of China)","Holiday",6824
2015-07-01,"Hong Kong (SAR of China)","Holiday",6139
2015-08-01,"Hong Kong (SAR of China)","Holiday",6137
2015-09-01,"Hong Kong (SAR of China)","Holiday",11280
2015-10-01,"Hong Kong (SAR of China)","Holiday",12892
2015-11-01,"Hong Kong (SAR of China)","Holiday",11869
2015-12-01,"Hong Kong (SAR of China)","Holiday",14326
2016-01-01,"Hong Kong (SAR of China)","Holiday",9024
2016-02-01,"Hong Kong (SAR of China)","Holiday",7193
2016-03-01,"Hong Kong (SAR of China)","Holiday",12801
2016-04-01,"Hong Kong (SAR of China)","Holiday",13902
2016-05-01,"Hong Kong (SAR of China)","Holiday",9064
2016-06-01,"Hong Kong (SAR of China)","Holiday",9060
2016-07-01,"Hong Kong (SAR of China)","Holiday",7096
2016-08-01,"Hong Kong (SAR of China)","Holiday",6781
2016-09-01,"Hong Kong (SAR of China)","Holiday",10414
2016-10-01,"Hong Kong (SAR of China)","Holiday",13551
2016-11-01,"Hong Kong (SAR of China)","Holiday",10156
2016-12-01,"Hong Kong (SAR of China)","Holiday",14421
2017-01-01,"Hong Kong (SAR of China)","Holiday",9715
2017-02-01,"Hong Kong (SAR of China)","Holiday",6985
2017-03-01,"Hong Kong (SAR of China)","Holiday",9691
2017-04-01,"Hong Kong (SAR of China)","Holiday",13783
2017-05-01,"Hong Kong (SAR of China)","Holiday",8009
2017-06-01,"Hong Kong (SAR of China)","Holiday",8882
2005-01-01,"Hong Kong (SAR of China)","Other",295
2005-02-01,"Hong Kong (SAR of China)","Other",221
2005-03-01,"Hong Kong (SAR of China)","Other",279
2005-04-01,"Hong Kong (SAR of China)","Other",463
2005-05-01,"Hong Kong (SAR of China)","Other",137
2005-06-01,"Hong Kong (SAR of China)","Other",124
2005-07-01,"Hong Kong (SAR of China)","Other",292
2005-08-01,"Hong Kong (SAR of China)","Other",531
2005-09-01,"Hong Kong (SAR of China)","Other",150
2005-10-01,"Hong Kong (SAR of China)","Other",575
2005-11-01,"Hong Kong (SAR of China)","Other",203
2005-12-01,"Hong Kong (SAR of China)","Other",103
2006-01-01,"Hong Kong (SAR of China)","Other",175
2006-02-01,"Hong Kong (SAR of China)","Other",227
2006-03-01,"Hong Kong (SAR of China)","Other",492
2006-04-01,"Hong Kong (SAR of China)","Other",393
2006-05-01,"Hong Kong (SAR of China)","Other",296
2006-06-01,"Hong Kong (SAR of China)","Other",144
2006-07-01,"Hong Kong (SAR of China)","Other",196
2006-08-01,"Hong Kong (SAR of China)","Other",207
2006-09-01,"Hong Kong (SAR of China)","Other",269
2006-10-01,"Hong Kong (SAR of China)","Other",261
2006-11-01,"Hong Kong (SAR of China)","Other",200
2006-12-01,"Hong Kong (SAR of China)","Other",322
2007-01-01,"Hong Kong (SAR of China)","Other",422
2007-02-01,"Hong Kong (SAR of China)","Other",186
2007-03-01,"Hong Kong (SAR of China)","Other",510
2007-04-01,"Hong Kong (SAR of China)","Other",188
2007-05-01,"Hong Kong (SAR of China)","Other",178
2007-06-01,"Hong Kong (SAR of China)","Other",364
2007-07-01,"Hong Kong (SAR of China)","Other",279
2007-08-01,"Hong Kong (SAR of China)","Other",523
2007-09-01,"Hong Kong (SAR of China)","Other",293
2007-10-01,"Hong Kong (SAR of China)","Other",196
2007-11-01,"Hong Kong (SAR of China)","Other",460
2007-12-01,"Hong Kong (SAR of China)","Other",168
2008-01-01,"Hong Kong (SAR of China)","Other",329
2008-02-01,"Hong Kong (SAR of China)","Other",56
2008-03-01,"Hong Kong (SAR of China)","Other",215
2008-04-01,"Hong Kong (SAR of China)","Other",378
2008-05-01,"Hong Kong (SAR of China)","Other",214
2008-06-01,"Hong Kong (SAR of China)","Other",187
2008-07-01,"Hong Kong (SAR of China)","Other",283
2008-08-01,"Hong Kong (SAR of China)","Other",229
2008-09-01,"Hong Kong (SAR of China)","Other",429
2008-10-01,"Hong Kong (SAR of China)","Other",511
2008-11-01,"Hong Kong (SAR of China)","Other",262
2008-12-01,"Hong Kong (SAR of China)","Other",215
2009-01-01,"Hong Kong (SAR of China)","Other",368
2009-02-01,"Hong Kong (SAR of China)","Other",290
2009-03-01,"Hong Kong (SAR of China)","Other",492
2009-04-01,"Hong Kong (SAR of China)","Other",321
2009-05-01,"Hong Kong (SAR of China)","Other",235
2009-06-01,"Hong Kong (SAR of China)","Other",333
2009-07-01,"Hong Kong (SAR of China)","Other",204
2009-08-01,"Hong Kong (SAR of China)","Other",263
2009-09-01,"Hong Kong (SAR of China)","Other",214
2009-10-01,"Hong Kong (SAR of China)","Other",481
2009-11-01,"Hong Kong (SAR of China)","Other",296
2009-12-01,"Hong Kong (SAR of China)","Other",156
2010-01-01,"Hong Kong (SAR of China)","Other",269
2010-02-01,"Hong Kong (SAR of China)","Other",211
2010-03-01,"Hong Kong (SAR of China)","Other",119
2010-04-01,"Hong Kong (SAR of China)","Other",232
2010-05-01,"Hong Kong (SAR of China)","Other",486
2010-06-01,"Hong Kong (SAR of China)","Other",275
2010-07-01,"Hong Kong (SAR of China)","Other",372
2010-08-01,"Hong Kong (SAR of China)","Other",416
2010-09-01,"Hong Kong (SAR of China)","Other",370
2010-10-01,"Hong Kong (SAR of China)","Other",208
2010-11-01,"Hong Kong (SAR of China)","Other",357
2010-12-01,"Hong Kong (SAR of China)","Other",214
2011-01-01,"Hong Kong (SAR of China)","Other",249
2011-02-01,"Hong Kong (SAR of China)","Other",345
2011-03-01,"Hong Kong (SAR of China)","Other",279
2011-04-01,"Hong Kong (SAR of China)","Other",51
2011-05-01,"Hong Kong (SAR of China)","Other",380
2011-06-01,"Hong Kong (SAR of China)","Other",320
2011-07-01,"Hong Kong (SAR of China)","Other",112
2011-08-01,"Hong Kong (SAR of China)","Other",335
2011-09-01,"Hong Kong (SAR of China)","Other",151
2011-10-01,"Hong Kong (SAR of China)","Other",510
2011-11-01,"Hong Kong (SAR of China)","Other",228
2011-12-01,"Hong Kong (SAR of China)","Other",204
2012-01-01,"Hong Kong (SAR of China)","Other",27
2012-02-01,"Hong Kong (SAR of China)","Other",102
2012-03-01,"Hong Kong (SAR of China)","Other",236
2012-04-01,"Hong Kong (SAR of China)","Other",357
2012-05-01,"Hong Kong (SAR of China)","Other",269
2012-06-01,"Hong Kong (SAR of China)","Other",358
2012-07-01,"Hong Kong (SAR of China)","Other",77
2012-08-01,"Hong Kong (SAR of China)","Other",304
2012-09-01,"Hong Kong (SAR of China)","Other",170
2012-10-01,"Hong Kong (SAR of China)","Other",522
2012-11-01,"Hong Kong (SAR of China)","Other",346
2012-12-01,"Hong Kong (SAR of China)","Other",102
2013-01-01,"Hong Kong (SAR of China)","Other",266
2013-02-01,"Hong Kong (SAR of China)","Other",252
2013-03-01,"Hong Kong (SAR of China)","Other",153
2013-04-01,"Hong Kong (SAR of China)","Other",371
2013-05-01,"Hong Kong (SAR of China)","Other",134
2013-06-01,"Hong Kong (SAR of China)","Other",188
2013-07-01,"Hong Kong (SAR of China)","Other",257
2013-08-01,"Hong Kong (SAR of China)","Other",14
2013-09-01,"Hong Kong (SAR of China)","Other",382
2013-10-01,"Hong Kong (SAR of China)","Other",243
2013-11-01,"Hong Kong (SAR of China)","Other",358
2013-12-01,"Hong Kong (SAR of China)","Other",206
2014-01-01,"Hong Kong (SAR of China)","Other",122
2014-02-01,"Hong Kong (SAR of China)","Other",140
2014-03-01,"Hong Kong (SAR of China)","Other",559
2014-04-01,"Hong Kong (SAR of China)","Other",270
2014-05-01,"Hong Kong (SAR of China)","Other",149
2014-06-01,"Hong Kong (SAR of China)","Other",402
2014-07-01,"Hong Kong (SAR of China)","Other",51
2014-08-01,"Hong Kong (SAR of China)","Other",255
2014-09-01,"Hong Kong (SAR of China)","Other",177
2014-10-01,"Hong Kong (SAR of China)","Other",846
2014-11-01,"Hong Kong (SAR of China)","Other",617
2014-12-01,"Hong Kong (SAR of China)","Other",229
2015-01-01,"Hong Kong (SAR of China)","Other",469
2015-02-01,"Hong Kong (SAR of China)","Other",286
2015-03-01,"Hong Kong (SAR of China)","Other",447
2015-04-01,"Hong Kong (SAR of China)","Other",317
2015-05-01,"Hong Kong (SAR of China)","Other",255
2015-06-01,"Hong Kong (SAR of China)","Other",255
2015-07-01,"Hong Kong (SAR of China)","Other",236
2015-08-01,"Hong Kong (SAR of China)","Other",111
2015-09-01,"Hong Kong (SAR of China)","Other",126
2015-10-01,"Hong Kong (SAR of China)","Other",287
2015-11-01,"Hong Kong (SAR of China)","Other",265
2015-12-01,"Hong Kong (SAR of China)","Other",204
2016-01-01,"Hong Kong (SAR of China)","Other",252
2016-02-01,"Hong Kong (SAR of China)","Other",154
2016-03-01,"Hong Kong (SAR of China)","Other",326
2016-04-01,"Hong Kong (SAR of China)","Other",277
2016-05-01,"Hong Kong (SAR of China)","Other",438
2016-06-01,"Hong Kong (SAR of China)","Other",371
2016-07-01,"Hong Kong (SAR of China)","Other",218
2016-08-01,"Hong Kong (SAR of China)","Other",108
2016-09-01,"Hong Kong (SAR of China)","Other",276
2016-10-01,"Hong Kong (SAR of China)","Other",440
2016-11-01,"Hong Kong (SAR of China)","Other",348
2016-12-01,"Hong Kong (SAR of China)","Other",97
2017-01-01,"Hong Kong (SAR of China)","Other",416
2017-02-01,"Hong Kong (SAR of China)","Other",138
2017-03-01,"Hong Kong (SAR of China)","Other",336
2017-04-01,"Hong Kong (SAR of China)","Other",503
2017-05-01,"Hong Kong (SAR of China)","Other",126
2017-06-01,"Hong Kong (SAR of China)","Other",310
2005-01-01,"Hong Kong (SAR of China)","Visiting Friends or Relatives",3697
2005-02-01,"Hong Kong (SAR of China)","Visiting Friends or Relatives",4369
2005-03-01,"Hong Kong (SAR of China)","Visiting Friends or Relatives",4520
2005-04-01,"Hong Kong (SAR of China)","Visiting Friends or Relatives",4261
2005-05-01,"Hong Kong (SAR of China)","Visiting Friends or Relatives",3979
2005-06-01,"Hong Kong (SAR of China)","Visiting Friends or Relatives",3949
2005-07-01,"Hong Kong (SAR of China)","Visiting Friends or Relatives",3696
2005-08-01,"Hong Kong (SAR of China)","Visiting Friends or Relatives",2658
2005-09-01,"Hong Kong (SAR of China)","Visiting Friends or Relatives",4187
2005-10-01,"Hong Kong (SAR of China)","Visiting Friends or Relatives",3150
2005-11-01,"Hong Kong (SAR of China)","Visiting Friends or Relatives",4671
2005-12-01,"Hong Kong (SAR of China)","Visiting Friends or Relatives",7638
2006-01-01,"Hong Kong (SAR of China)","Visiting Friends or Relatives",4885
2006-02-01,"Hong Kong (SAR of China)","Visiting Friends or Relatives",2681
2006-03-01,"Hong Kong (SAR of China)","Visiting Friends or Relatives",4578
2006-04-01,"Hong Kong (SAR of China)","Visiting Friends or Relatives",3678
2006-05-01,"Hong Kong (SAR of China)","Visiting Friends or Relatives",2287
2006-06-01,"Hong Kong (SAR of China)","Visiting Friends or Relatives",4169
2006-07-01,"Hong Kong (SAR of China)","Visiting Friends or Relatives",3604
2006-08-01,"Hong Kong (SAR of China)","Visiting Friends or Relatives",2772
2006-09-01,"Hong Kong (SAR of China)","Visiting Friends or Relatives",4138
2006-10-01,"Hong Kong (SAR of China)","Visiting Friends or Relatives",4383
2006-11-01,"Hong Kong (SAR of China)","Visiting Friends or Relatives",5494
2006-12-01,"Hong Kong (SAR of China)","Visiting Friends or Relatives",7965
2007-01-01,"Hong Kong (SAR of China)","Visiting Friends or Relatives",4361
2007-02-01,"Hong Kong (SAR of China)","Visiting Friends or Relatives",3182
2007-03-01,"Hong Kong (SAR of China)","Visiting Friends or Relatives",4885
2007-04-01,"Hong Kong (SAR of China)","Visiting Friends or Relatives",3440
2007-05-01,"Hong Kong (SAR of China)","Visiting Friends or Relatives",3012
2007-06-01,"Hong Kong (SAR of China)","Visiting Friends or Relatives",3598
2007-07-01,"Hong Kong (SAR of China)","Visiting Friends or Relatives",3001
2007-08-01,"Hong Kong (SAR of China)","Visiting Friends or Relatives",2845
2007-09-01,"Hong Kong (SAR of China)","Visiting Friends or Relatives",4520
2007-10-01,"Hong Kong (SAR of China)","Visiting Friends or Relatives",3684
2007-11-01,"Hong Kong (SAR of China)","Visiting Friends or Relatives",5607
2007-12-01,"Hong Kong (SAR of China)","Visiting Friends or Relatives",7979
2008-01-01,"Hong Kong (SAR of China)","Visiting Friends or Relatives",3533
2008-02-01,"Hong Kong (SAR of China)","Visiting Friends or Relatives",3263
2008-03-01,"Hong Kong (SAR of China)","Visiting Friends or Relatives",4828
2008-04-01,"Hong Kong (SAR of China)","Visiting Friends or Relatives",3993
2008-05-01,"Hong Kong (SAR of China)","Visiting Friends or Relatives",3451
2008-06-01,"Hong Kong (SAR of China)","Visiting Friends or Relatives",4258
2008-07-01,"Hong Kong (SAR of China)","Visiting Friends or Relatives",3051
2008-08-01,"Hong Kong (SAR of China)","Visiting Friends or Relatives",2037
2008-09-01,"Hong Kong (SAR of China)","Visiting Friends or Relatives",4081
2008-10-01,"Hong Kong (SAR of China)","Visiting Friends or Relatives",4402
2008-11-01,"Hong Kong (SAR of China)","Visiting Friends or Relatives",5921
2008-12-01,"Hong Kong (SAR of China)","Visiting Friends or Relatives",8721
2009-01-01,"Hong Kong (SAR of China)","Visiting Friends or Relatives",4347
2009-02-01,"Hong Kong (SAR of China)","Visiting Friends or Relatives",4716
2009-03-01,"Hong Kong (SAR of China)","Visiting Friends or Relatives",4540
2009-04-01,"Hong Kong (SAR of China)","Visiting Friends or Relatives",4896
2009-05-01,"Hong Kong (SAR of China)","Visiting Friends or Relatives",3266
2009-06-01,"Hong Kong (SAR of China)","Visiting Friends or Relatives",3769
2009-07-01,"Hong Kong (SAR of China)","Visiting Friends or Relatives",2766
2009-08-01,"Hong Kong (SAR of China)","Visiting Friends or Relatives",2819
2009-09-01,"Hong Kong (SAR of China)","Visiting Friends or Relatives",4384
2009-10-01,"Hong Kong (SAR of China)","Visiting Friends or Relatives",4718
2009-11-01,"Hong Kong (SAR of China)","Visiting Friends or Relatives",5516
2009-12-01,"Hong Kong (SAR of China)","Visiting Friends or Relatives",8035
2010-01-01,"Hong Kong (SAR of China)","Visiting Friends or Relatives",5443
2010-02-01,"Hong Kong (SAR of China)","Visiting Friends or Relatives",3514
2010-03-01,"Hong Kong (SAR of China)","Visiting Friends or Relatives",5027
2010-04-01,"Hong Kong (SAR of China)","Visiting Friends or Relatives",3447
2010-05-01,"Hong Kong (SAR of China)","Visiting Friends or Relatives",3918
2010-06-01,"Hong Kong (SAR of China)","Visiting Friends or Relatives",3784
2010-07-01,"Hong Kong (SAR of China)","Visiting Friends or Relatives",2364
2010-08-01,"Hong Kong (SAR of China)","Visiting Friends or Relatives",2624
2010-09-01,"Hong Kong (SAR of China)","Visiting Friends or Relatives",4914
2010-10-01,"Hong Kong (SAR of China)","Visiting Friends or Relatives",5555
2010-11-01,"Hong Kong (SAR of China)","Visiting Friends or Relatives",5090
2010-12-01,"Hong Kong (SAR of China)","Visiting Friends or Relatives",8026
2011-01-01,"Hong Kong (SAR of China)","Visiting Friends or Relatives",5388
2011-02-01,"Hong Kong (SAR of China)","Visiting Friends or Relatives",3555
2011-03-01,"Hong Kong (SAR of China)","Visiting Friends or Relatives",4987
2011-04-01,"Hong Kong (SAR of China)","Visiting Friends or Relatives",4624
2011-05-01,"Hong Kong (SAR of China)","Visiting Friends or Relatives",3901
2011-06-01,"Hong Kong (SAR of China)","Visiting Friends or Relatives",3840
2011-07-01,"Hong Kong (SAR of China)","Visiting Friends or Relatives",2450
2011-08-01,"Hong Kong (SAR of China)","Visiting Friends or Relatives",2806
2011-09-01,"Hong Kong (SAR of China)","Visiting Friends or Relatives",4806
2011-10-01,"Hong Kong (SAR of China)","Visiting Friends or Relatives",5502
2011-11-01,"Hong Kong (SAR of China)","Visiting Friends or Relatives",6584
2011-12-01,"Hong Kong (SAR of China)","Visiting Friends or Relatives",8672
2012-01-01,"Hong Kong (SAR of China)","Visiting Friends or Relatives",5878
2012-02-01,"Hong Kong (SAR of China)","Visiting Friends or Relatives",4246
2012-03-01,"Hong Kong (SAR of China)","Visiting Friends or Relatives",6449
2012-04-01,"Hong Kong (SAR of China)","Visiting Friends or Relatives",3983
2012-05-01,"Hong Kong (SAR of China)","Visiting Friends or Relatives",3286
2012-06-01,"Hong Kong (SAR of China)","Visiting Friends or Relatives",3740
2012-07-01,"Hong Kong (SAR of China)","Visiting Friends or Relatives",2310
2012-08-01,"Hong Kong (SAR of China)","Visiting Friends or Relatives",3278
2012-09-01,"Hong Kong (SAR of China)","Visiting Friends or Relatives",3883
2012-10-01,"Hong Kong (SAR of China)","Visiting Friends or Relatives",4312
2012-11-01,"Hong Kong (SAR of China)","Visiting Friends or Relatives",4750
2012-12-01,"Hong Kong (SAR of China)","Visiting Friends or Relatives",7711
2013-01-01,"Hong Kong (SAR of China)","Visiting Friends or Relatives",4839
2013-02-01,"Hong Kong (SAR of China)","Visiting Friends or Relatives",4623
2013-03-01,"Hong Kong (SAR of China)","Visiting Friends or Relatives",4388
2013-04-01,"Hong Kong (SAR of China)","Visiting Friends or Relatives",4637
2013-05-01,"Hong Kong (SAR of China)","Visiting Friends or Relatives",3959
2013-06-01,"Hong Kong (SAR of China)","Visiting Friends or Relatives",3959
2013-07-01,"Hong Kong (SAR of China)","Visiting Friends or Relatives",2225
2013-08-01,"Hong Kong (SAR of China)","Visiting Friends or Relatives",2737
2013-09-01,"Hong Kong (SAR of China)","Visiting Friends or Relatives",4881
2013-10-01,"Hong Kong (SAR of China)","Visiting Friends or Relatives",4280
2013-11-01,"Hong Kong (SAR of China)","Visiting Friends or Relatives",6472
2013-12-01,"Hong Kong (SAR of China)","Visiting Friends or Relatives",8294
2014-01-01,"Hong Kong (SAR of China)","Visiting Friends or Relatives",5785
2014-02-01,"Hong Kong (SAR of China)","Visiting Friends or Relatives",3482
2014-03-01,"Hong Kong (SAR of China)","Visiting Friends or Relatives",5872
2014-04-01,"Hong Kong (SAR of China)","Visiting Friends or Relatives",5755
2014-05-01,"Hong Kong (SAR of China)","Visiting Friends or Relatives",3796
2014-06-01,"Hong Kong (SAR of China)","Visiting Friends or Relatives",3120
2014-07-01,"Hong Kong (SAR of China)","Visiting Friends or Relatives",3772
2014-08-01,"Hong Kong (SAR of China)","Visiting Friends or Relatives",3405
2014-09-01,"Hong Kong (SAR of China)","Visiting Friends or Relatives",4660
2014-10-01,"Hong Kong (SAR of China)","Visiting Friends or Relatives",5020
2014-11-01,"Hong Kong (SAR of China)","Visiting Friends or Relatives",5662
2014-12-01,"Hong Kong (SAR of China)","Visiting Friends or Relatives",7377
2015-01-01,"Hong Kong (SAR of China)","Visiting Friends or Relatives",5187
2015-02-01,"Hong Kong (SAR of China)","Visiting Friends or Relatives",4223
2015-03-01,"Hong Kong (SAR of China)","Visiting Friends or Relatives",5708
2015-04-01,"Hong Kong (SAR of China)","Visiting Friends or Relatives",4739
2015-05-01,"Hong Kong (SAR of China)","Visiting Friends or Relatives",4276
2015-06-01,"Hong Kong (SAR of China)","Visiting Friends or Relatives",3794
2015-07-01,"Hong Kong (SAR of China)","Visiting Friends or Relatives",3785
2015-08-01,"Hong Kong (SAR of China)","Visiting Friends or Relatives",3280
2015-09-01,"Hong Kong (SAR of China)","Visiting Friends or Relatives",3999
2015-10-01,"Hong Kong (SAR of China)","Visiting Friends or Relatives",4980
2015-11-01,"Hong Kong (SAR of China)","Visiting Friends or Relatives",7184
2015-12-01,"Hong Kong (SAR of China)","Visiting Friends or Relatives",7356
2016-01-01,"Hong Kong (SAR of China)","Visiting Friends or Relatives",4721
2016-02-01,"Hong Kong (SAR of China)","Visiting Friends or Relatives",3790
2016-03-01,"Hong Kong (SAR of China)","Visiting Friends or Relatives",5926
2016-04-01,"Hong Kong (SAR of China)","Visiting Friends or Relatives",4850
2016-05-01,"Hong Kong (SAR of China)","Visiting Friends or Relatives",4210
2016-06-01,"Hong Kong (SAR of China)","Visiting Friends or Relatives",4311
2016-07-01,"Hong Kong (SAR of China)","Visiting Friends or Relatives",3450
2016-08-01,"Hong Kong (SAR of China)","Visiting Friends or Relatives",3352
2016-09-01,"Hong Kong (SAR of China)","Visiting Friends or Relatives",4095
2016-10-01,"Hong Kong (SAR of China)","Visiting Friends or Relatives",5513
2016-11-01,"Hong Kong (SAR of China)","Visiting Friends or Relatives",5442
2016-12-01,"Hong Kong (SAR of China)","Visiting Friends or Relatives",8119
2017-01-01,"Hong Kong (SAR of China)","Visiting Friends or Relatives",5650
2017-02-01,"Hong Kong (SAR of China)","Visiting Friends or Relatives",4017
2017-03-01,"Hong Kong (SAR of China)","Visiting Friends or Relatives",5024
2017-04-01,"Hong Kong (SAR of China)","Visiting Friends or Relatives",5908
2017-05-01,"Hong Kong (SAR of China)","Visiting Friends or Relatives",5276
2017-06-01,"Hong Kong (SAR of China)","Visiting Friends or Relatives",3270
2005-01-01,"Indonesia","Business",2230
2005-02-01,"Indonesia","Business",2127
2005-03-01,"Indonesia","Business",2292
2005-04-01,"Indonesia","Business",3038
2005-05-01,"Indonesia","Business",2956
2005-06-01,"Indonesia","Business",2446
2005-07-01,"Indonesia","Business",2224
2005-08-01,"Indonesia","Business",2120
2005-09-01,"Indonesia","Business",2374
2005-10-01,"Indonesia","Business",2280
2005-11-01,"Indonesia","Business",2933
2005-12-01,"Indonesia","Business",1891
2006-01-01,"Indonesia","Business",1797
2006-02-01,"Indonesia","Business",2284
2006-03-01,"Indonesia","Business",2475
2006-04-01,"Indonesia","Business",2631
2006-05-01,"Indonesia","Business",2055
2006-06-01,"Indonesia","Business",2182
2006-07-01,"Indonesia","Business",2857
2006-08-01,"Indonesia","Business",2327
2006-09-01,"Indonesia","Business",2356
2006-10-01,"Indonesia","Business",2296
2006-11-01,"Indonesia","Business",2652
2006-12-01,"Indonesia","Business",1585
2007-01-01,"Indonesia","Business",2209
2007-02-01,"Indonesia","Business",2483
2007-03-01,"Indonesia","Business",2536
2007-04-01,"Indonesia","Business",2613
2007-05-01,"Indonesia","Business",3130
2007-06-01,"Indonesia","Business",2466
2007-07-01,"Indonesia","Business",3528
2007-08-01,"Indonesia","Business",2857
2007-09-01,"Indonesia","Business",3236
2007-10-01,"Indonesia","Business",3442
2007-11-01,"Indonesia","Business",3193
2007-12-01,"Indonesia","Business",2546
2008-01-01,"Indonesia","Business",2295
2008-02-01,"Indonesia","Business",2767
2008-03-01,"Indonesia","Business",4028
2008-04-01,"Indonesia","Business",3925
2008-05-01,"Indonesia","Business",4035
2008-06-01,"Indonesia","Business",3917
2008-07-01,"Indonesia","Business",3507
2008-08-01,"Indonesia","Business",3659
2008-09-01,"Indonesia","Business",3405
2008-10-01,"Indonesia","Business",4785
2008-11-01,"Indonesia","Business",3216
2008-12-01,"Indonesia","Business",3077
2009-01-01,"Indonesia","Business",3066
2009-02-01,"Indonesia","Business",3196
2009-03-01,"Indonesia","Business",4831
2009-04-01,"Indonesia","Business",3851
2009-05-01,"Indonesia","Business",4258
2009-06-01,"Indonesia","Business",4195
2009-07-01,"Indonesia","Business",3776
2009-08-01,"Indonesia","Business",3350
2009-09-01,"Indonesia","Business",3143
2009-10-01,"Indonesia","Business",4931
2009-11-01,"Indonesia","Business",4485
2009-12-01,"Indonesia","Business",2130
2010-01-01,"Indonesia","Business",2992
2010-02-01,"Indonesia","Business",3456
2010-03-01,"Indonesia","Business",5493
2010-04-01,"Indonesia","Business",4929
2010-05-01,"Indonesia","Business",4512
2010-06-01,"Indonesia","Business",5427
2010-07-01,"Indonesia","Business",5444
2010-08-01,"Indonesia","Business",4824
2010-09-01,"Indonesia","Business",4807
2010-10-01,"Indonesia","Business",6365
2010-11-01,"Indonesia","Business",6325
2010-12-01,"Indonesia","Business",2458
2011-01-01,"Indonesia","Business",4011
2011-02-01,"Indonesia","Business",4923
2011-03-01,"Indonesia","Business",6987
2011-04-01,"Indonesia","Business",4160
2011-05-01,"Indonesia","Business",6671
2011-06-01,"Indonesia","Business",5831
2011-07-01,"Indonesia","Business",4755
2011-08-01,"Indonesia","Business",5779
2011-09-01,"Indonesia","Business",5464
2011-10-01,"Indonesia","Business",6226
2011-11-01,"Indonesia","Business",7145
2011-12-01,"Indonesia","Business",2430
2012-01-01,"Indonesia","Business",4391
2012-02-01,"Indonesia","Business",5859
2012-03-01,"Indonesia","Business",7120
2012-04-01,"Indonesia","Business",4521
2012-05-01,"Indonesia","Business",6866
2012-06-01,"Indonesia","Business",5168
2012-07-01,"Indonesia","Business",5298
2012-08-01,"Indonesia","Business",4486
2012-09-01,"Indonesia","Business",5470
2012-10-01,"Indonesia","Business",6384
2012-11-01,"Indonesia","Business",6411
2012-12-01,"Indonesia","Business",2813
2013-01-01,"Indonesia","Business",4351
2013-02-01,"Indonesia","Business",5910
2013-03-01,"Indonesia","Business",5523
2013-04-01,"Indonesia","Business",4941
2013-05-01,"Indonesia","Business",7382
2013-06-01,"Indonesia","Business",6153
2013-07-01,"Indonesia","Business",5340
2013-08-01,"Indonesia","Business",5789
2013-09-01,"Indonesia","Business",6303
2013-10-01,"Indonesia","Business",7014
2013-11-01,"Indonesia","Business",6533
2013-12-01,"Indonesia","Business",3013
2014-01-01,"Indonesia","Business",5113
2014-02-01,"Indonesia","Business",6820
2014-03-01,"Indonesia","Business",7125
2014-04-01,"Indonesia","Business",4570
2014-05-01,"Indonesia","Business",7855
2014-06-01,"Indonesia","Business",4985
2014-07-01,"Indonesia","Business",5267
2014-08-01,"Indonesia","Business",7160
2014-09-01,"Indonesia","Business",7457
2014-10-01,"Indonesia","Business",7819
2014-11-01,"Indonesia","Business",7902
2014-12-01,"Indonesia","Business",3251
2015-01-01,"Indonesia","Business",5560
2015-02-01,"Indonesia","Business",6003
2015-03-01,"Indonesia","Business",7615
2015-04-01,"Indonesia","Business",5706
2015-05-01,"Indonesia","Business",7778
2015-06-01,"Indonesia","Business",7049
2015-07-01,"Indonesia","Business",4827
2015-08-01,"Indonesia","Business",6339
2015-09-01,"Indonesia","Business",6695
2015-10-01,"Indonesia","Business",8508
2015-11-01,"Indonesia","Business",6037
2015-12-01,"Indonesia","Business",2938
2016-01-01,"Indonesia","Business",5812
2016-02-01,"Indonesia","Business",6855
2016-03-01,"Indonesia","Business",7382
2016-04-01,"Indonesia","Business",8176
2016-05-01,"Indonesia","Business",9696
2016-06-01,"Indonesia","Business",8746
2016-07-01,"Indonesia","Business",7823
2016-08-01,"Indonesia","Business",8063
2016-09-01,"Indonesia","Business",9902
2016-10-01,"Indonesia","Business",11238
2016-11-01,"Indonesia","Business",9891
2016-12-01,"Indonesia","Business",3498
2017-01-01,"Indonesia","Business",6490
2017-02-01,"Indonesia","Business",7876
2017-03-01,"Indonesia","Business",9054
2017-04-01,"Indonesia","Business",7200
2017-05-01,"Indonesia","Business",10815
2017-06-01,"Indonesia","Business",6892
2005-01-01,"Indonesia","Education",198
2005-02-01,"Indonesia","Education",217
2005-03-01,"Indonesia","Education",188
2005-04-01,"Indonesia","Education",77
2005-05-01,"Indonesia","Education",66
2005-06-01,"Indonesia","Education",89
2005-07-01,"Indonesia","Education",159
2005-08-01,"Indonesia","Education",188
2005-09-01,"Indonesia","Education",204
2005-10-01,"Indonesia","Education",124
2005-11-01,"Indonesia","Education",71
2005-12-01,"Indonesia","Education",156
2006-01-01,"Indonesia","Education",176
2006-02-01,"Indonesia","Education",161
2006-03-01,"Indonesia","Education",54
2006-04-01,"Indonesia","Education",70
2006-05-01,"Indonesia","Education",129
2006-06-01,"Indonesia","Education",107
2006-07-01,"Indonesia","Education",190
2006-08-01,"Indonesia","Education",72
2006-09-01,"Indonesia","Education",52
2006-10-01,"Indonesia","Education",110
2006-11-01,"Indonesia","Education",102
2006-12-01,"Indonesia","Education",55
2007-01-01,"Indonesia","Education",176
2007-02-01,"Indonesia","Education",44
2007-03-01,"Indonesia","Education",58
2007-04-01,"Indonesia","Education",150
2007-05-01,"Indonesia","Education",18
2007-06-01,"Indonesia","Education",107
2007-07-01,"Indonesia","Education",76
2007-08-01,"Indonesia","Education",102
2007-09-01,"Indonesia","Education",124
2007-10-01,"Indonesia","Education",197
2007-11-01,"Indonesia","Education",154
2007-12-01,"Indonesia","Education",107
2008-01-01,"Indonesia","Education",171
2008-02-01,"Indonesia","Education",0
2008-03-01,"Indonesia","Education",24
2008-04-01,"Indonesia","Education",153
2008-05-01,"Indonesia","Education",63
2008-06-01,"Indonesia","Education",124
2008-07-01,"Indonesia","Education",147
2008-08-01,"Indonesia","Education",73
2008-09-01,"Indonesia","Education",154
2008-10-01,"Indonesia","Education",145
2008-11-01,"Indonesia","Education",57
2008-12-01,"Indonesia","Education",215
2009-01-01,"Indonesia","Education",95
2009-02-01,"Indonesia","Education",52
2009-03-01,"Indonesia","Education",51
2009-04-01,"Indonesia","Education",114
2009-05-01,"Indonesia","Education",215
2009-06-01,"Indonesia","Education",27
2009-07-01,"Indonesia","Education",168
2009-08-01,"Indonesia","Education",121
2009-09-01,"Indonesia","Education",396
2009-10-01,"Indonesia","Education",289
2009-11-01,"Indonesia","Education",153
2009-12-01,"Indonesia","Education",175
2010-01-01,"Indonesia","Education",249
2010-02-01,"Indonesia","Education",141
2010-03-01,"Indonesia","Education",119
2010-04-01,"Indonesia","Education",49
2010-05-01,"Indonesia","Education",135
2010-06-01,"Indonesia","Education",153
2010-07-01,"Indonesia","Education",300
2010-08-01,"Indonesia","Education",104
2010-09-01,"Indonesia","Education",232
2010-10-01,"Indonesia","Education",113
2010-11-01,"Indonesia","Education",328
2010-12-01,"Indonesia","Education",435
2011-01-01,"Indonesia","Education",328
2011-02-01,"Indonesia","Education",176
2011-03-01,"Indonesia","Education",28
2011-04-01,"Indonesia","Education",317
2011-05-01,"Indonesia","Education",144
2011-06-01,"Indonesia","Education",317
2011-07-01,"Indonesia","Education",236
2011-08-01,"Indonesia","Education",68
2011-09-01,"Indonesia","Education",544
2011-10-01,"Indonesia","Education",102
2011-11-01,"Indonesia","Education",274
2011-12-01,"Indonesia","Education",345
2012-01-01,"Indonesia","Education",207
2012-02-01,"Indonesia","Education",175
2012-03-01,"Indonesia","Education",283
2012-04-01,"Indonesia","Education",256
2012-05-01,"Indonesia","Education",11
2012-06-01,"Indonesia","Education",175
2012-07-01,"Indonesia","Education",395
2012-08-01,"Indonesia","Education",232
2012-09-01,"Indonesia","Education",446
2012-10-01,"Indonesia","Education",107
2012-11-01,"Indonesia","Education",175
2012-12-01,"Indonesia","Education",283
2013-01-01,"Indonesia","Education",299
2013-02-01,"Indonesia","Education",153
2013-03-01,"Indonesia","Education",133
2013-04-01,"Indonesia","Education",239
2013-05-01,"Indonesia","Education",205
2013-06-01,"Indonesia","Education",652
2013-07-01,"Indonesia","Education",431
2013-08-01,"Indonesia","Education",432
2013-09-01,"Indonesia","Education",671
2013-10-01,"Indonesia","Education",348
2013-11-01,"Indonesia","Education",245
2013-12-01,"Indonesia","Education",318
2014-01-01,"Indonesia","Education",260
2014-02-01,"Indonesia","Education",140
2014-03-01,"Indonesia","Education",205
2014-04-01,"Indonesia","Education",416
2014-05-01,"Indonesia","Education",116
2014-06-01,"Indonesia","Education",329
2014-07-01,"Indonesia","Education",528
2014-08-01,"Indonesia","Education",176
2014-09-01,"Indonesia","Education",748
2014-10-01,"Indonesia","Education",301
2014-11-01,"Indonesia","Education",670
2014-12-01,"Indonesia","Education",237
2015-01-01,"Indonesia","Education",484
2015-02-01,"Indonesia","Education",102
2015-03-01,"Indonesia","Education",473
2015-04-01,"Indonesia","Education",420
2015-05-01,"Indonesia","Education",255
2015-06-01,"Indonesia","Education",1091
2015-07-01,"Indonesia","Education",443
2015-08-01,"Indonesia","Education",362
2015-09-01,"Indonesia","Education",750
2015-10-01,"Indonesia","Education",524
2015-11-01,"Indonesia","Education",420
2015-12-01,"Indonesia","Education",255
2016-01-01,"Indonesia","Education",542
2016-02-01,"Indonesia","Education",181
2016-03-01,"Indonesia","Education",512
2016-04-01,"Indonesia","Education",481
2016-05-01,"Indonesia","Education",307
2016-06-01,"Indonesia","Education",994
2016-07-01,"Indonesia","Education",996
2016-08-01,"Indonesia","Education",521
2016-09-01,"Indonesia","Education",862
2016-10-01,"Indonesia","Education",529
2016-11-01,"Indonesia","Education",737
2016-12-01,"Indonesia","Education",249
2017-01-01,"Indonesia","Education",387
2017-02-01,"Indonesia","Education",316
2017-03-01,"Indonesia","Education",400
2017-04-01,"Indonesia","Education",876
2017-05-01,"Indonesia","Education",306
2017-06-01,"Indonesia","Education",445
2005-01-01,"Indonesia","Employment",1001
2005-02-01,"Indonesia","Employment",351
2005-03-01,"Indonesia","Employment",239
2005-04-01,"Indonesia","Employment",286
2005-05-01,"Indonesia","Employment",324
2005-06-01,"Indonesia","Employment",340
2005-07-01,"Indonesia","Employment",534
2005-08-01,"Indonesia","Employment",277
2005-09-01,"Indonesia","Employment",484
2005-10-01,"Indonesia","Employment",493
2005-11-01,"Indonesia","Employment",976
2005-12-01,"Indonesia","Employment",257
2006-01-01,"Indonesia","Employment",554
2006-02-01,"Indonesia","Employment",192
2006-03-01,"Indonesia","Employment",417
2006-04-01,"Indonesia","Employment",469
2006-05-01,"Indonesia","Employment",466
2006-06-01,"Indonesia","Employment",585
2006-07-01,"Indonesia","Employment",482
2006-08-01,"Indonesia","Employment",416
2006-09-01,"Indonesia","Employment",385
2006-10-01,"Indonesia","Employment",359
2006-11-01,"Indonesia","Employment",668
2006-12-01,"Indonesia","Employment",213
2007-01-01,"Indonesia","Employment",812
2007-02-01,"Indonesia","Employment",332
2007-03-01,"Indonesia","Employment",533
2007-04-01,"Indonesia","Employment",389
2007-05-01,"Indonesia","Employment",490
2007-06-01,"Indonesia","Employment",281
2007-07-01,"Indonesia","Employment",335
2007-08-01,"Indonesia","Employment",396
2007-09-01,"Indonesia","Employment",369
2007-10-01,"Indonesia","Employment",767
2007-11-01,"Indonesia","Employment",311
2007-12-01,"Indonesia","Employment",238
2008-01-01,"Indonesia","Employment",507
2008-02-01,"Indonesia","Employment",356
2008-03-01,"Indonesia","Employment",515
2008-04-01,"Indonesia","Employment",498
2008-05-01,"Indonesia","Employment",486
2008-06-01,"Indonesia","Employment",301
2008-07-01,"Indonesia","Employment",756
2008-08-01,"Indonesia","Employment",441
2008-09-01,"Indonesia","Employment",473
2008-10-01,"Indonesia","Employment",502
2008-11-01,"Indonesia","Employment",793
2008-12-01,"Indonesia","Employment",504
2009-01-01,"Indonesia","Employment",849
2009-02-01,"Indonesia","Employment",307
2009-03-01,"Indonesia","Employment",565
2009-04-01,"Indonesia","Employment",525
2009-05-01,"Indonesia","Employment",518
2009-06-01,"Indonesia","Employment",350
2009-07-01,"Indonesia","Employment",582
2009-08-01,"Indonesia","Employment",536
2009-09-01,"Indonesia","Employment",613
2009-10-01,"Indonesia","Employment",673
2009-11-01,"Indonesia","Employment",450
2009-12-01,"Indonesia","Employment",461
2010-01-01,"Indonesia","Employment",1111
2010-02-01,"Indonesia","Employment",483
2010-03-01,"Indonesia","Employment",376
2010-04-01,"Indonesia","Employment",444
2010-05-01,"Indonesia","Employment",539
2010-06-01,"Indonesia","Employment",475
2010-07-01,"Indonesia","Employment",583
2010-08-01,"Indonesia","Employment",542
2010-09-01,"Indonesia","Employment",431
2010-10-01,"Indonesia","Employment",583
2010-11-01,"Indonesia","Employment",868
2010-12-01,"Indonesia","Employment",422
2011-01-01,"Indonesia","Employment",496
2011-02-01,"Indonesia","Employment",683
2011-03-01,"Indonesia","Employment",317
2011-04-01,"Indonesia","Employment",659
2011-05-01,"Indonesia","Employment",557
2011-06-01,"Indonesia","Employment",932
2011-07-01,"Indonesia","Employment",666
2011-08-01,"Indonesia","Employment",432
2011-09-01,"Indonesia","Employment",781
2011-10-01,"Indonesia","Employment",720
2011-11-01,"Indonesia","Employment",679
2011-12-01,"Indonesia","Employment",508
2012-01-01,"Indonesia","Employment",1149
2012-02-01,"Indonesia","Employment",615
2012-03-01,"Indonesia","Employment",429
2012-04-01,"Indonesia","Employment",680
2012-05-01,"Indonesia","Employment",239
2012-06-01,"Indonesia","Employment",824
2012-07-01,"Indonesia","Employment",769
2012-08-01,"Indonesia","Employment",611
2012-09-01,"Indonesia","Employment",304
2012-10-01,"Indonesia","Employment",783
2012-11-01,"Indonesia","Employment",494
2012-12-01,"Indonesia","Employment",410
2013-01-01,"Indonesia","Employment",587
2013-02-01,"Indonesia","Employment",739
2013-03-01,"Indonesia","Employment",635
2013-04-01,"Indonesia","Employment",559
2013-05-01,"Indonesia","Employment",663
2013-06-01,"Indonesia","Employment",628
2013-07-01,"Indonesia","Employment",557
2013-08-01,"Indonesia","Employment",564
2013-09-01,"Indonesia","Employment",762
2013-10-01,"Indonesia","Employment",675
2013-11-01,"Indonesia","Employment",634
2013-12-01,"Indonesia","Employment",368
2014-01-01,"Indonesia","Employment",861
2014-02-01,"Indonesia","Employment",710
2014-03-01,"Indonesia","Employment",539
2014-04-01,"Indonesia","Employment",804
2014-05-01,"Indonesia","Employment",711
2014-06-01,"Indonesia","Employment",559
2014-07-01,"Indonesia","Employment",1234
2014-08-01,"Indonesia","Employment",444
2014-09-01,"Indonesia","Employment",775
2014-10-01,"Indonesia","Employment",1213
2014-11-01,"Indonesia","Employment",1198
2014-12-01,"Indonesia","Employment",963
2015-01-01,"Indonesia","Employment",1038
2015-02-01,"Indonesia","Employment",624
2015-03-01,"Indonesia","Employment",640
2015-04-01,"Indonesia","Employment",1330
2015-05-01,"Indonesia","Employment",1464
2015-06-01,"Indonesia","Employment",1401
2015-07-01,"Indonesia","Employment",1867
2015-08-01,"Indonesia","Employment",952
2015-09-01,"Indonesia","Employment",795
2015-10-01,"Indonesia","Employment",980
2015-11-01,"Indonesia","Employment",1257
2015-12-01,"Indonesia","Employment",1065
2016-01-01,"Indonesia","Employment",1386
2016-02-01,"Indonesia","Employment",1102
2016-03-01,"Indonesia","Employment",1146
2016-04-01,"Indonesia","Employment",646
2016-05-01,"Indonesia","Employment",1065
2016-06-01,"Indonesia","Employment",842
2016-07-01,"Indonesia","Employment",1317
2016-08-01,"Indonesia","Employment",990
2016-09-01,"Indonesia","Employment",931
2016-10-01,"Indonesia","Employment",1709
2016-11-01,"Indonesia","Employment",1449
2016-12-01,"Indonesia","Employment",1422
2017-01-01,"Indonesia","Employment",1900
2017-02-01,"Indonesia","Employment",994
2017-03-01,"Indonesia","Employment",1247
2017-04-01,"Indonesia","Employment",1116
2017-05-01,"Indonesia","Employment",974
2017-06-01,"Indonesia","Employment",603
2005-01-01,"Indonesia","Holiday",18853
2005-02-01,"Indonesia","Holiday",16242
2005-03-01,"Indonesia","Holiday",21499
2005-04-01,"Indonesia","Holiday",21227
2005-05-01,"Indonesia","Holiday",20899
2005-06-01,"Indonesia","Holiday",30330
2005-07-01,"Indonesia","Holiday",30191
2005-08-01,"Indonesia","Holiday",26146
2005-09-01,"Indonesia","Holiday",32560
2005-10-01,"Indonesia","Holiday",12490
2005-11-01,"Indonesia","Holiday",9151
2005-12-01,"Indonesia","Holiday",11196
2006-01-01,"Indonesia","Holiday",6737
2006-02-01,"Indonesia","Holiday",5886
2006-03-01,"Indonesia","Holiday",7771
2006-04-01,"Indonesia","Holiday",10212
2006-05-01,"Indonesia","Holiday",9014
2006-06-01,"Indonesia","Holiday",14733
2006-07-01,"Indonesia","Holiday",12838
2006-08-01,"Indonesia","Holiday",11485
2006-09-01,"Indonesia","Holiday",14806
2006-10-01,"Indonesia","Holiday",10233
2006-11-01,"Indonesia","Holiday",10812
2006-12-01,"Indonesia","Holiday",15850
2007-01-01,"Indonesia","Holiday",13132
2007-02-01,"Indonesia","Holiday",8821
2007-03-01,"Indonesia","Holiday",13756
2007-04-01,"Indonesia","Holiday",15814
2007-05-01,"Indonesia","Holiday",14117
2007-06-01,"Indonesia","Holiday",22419
2007-07-01,"Indonesia","Holiday",20028
2007-08-01,"Indonesia","Holiday",20177
2007-09-01,"Indonesia","Holiday",21454
2007-10-01,"Indonesia","Holiday",18861
2007-11-01,"Indonesia","Holiday",15328
2007-12-01,"Indonesia","Holiday",22911
2008-01-01,"Indonesia","Holiday",18767
2008-02-01,"Indonesia","Holiday",15574
2008-03-01,"Indonesia","Holiday",19890
2008-04-01,"Indonesia","Holiday",20856
2008-05-01,"Indonesia","Holiday",22996
2008-06-01,"Indonesia","Holiday",30961
2008-07-01,"Indonesia","Holiday",29931
2008-08-01,"Indonesia","Holiday",31446
2008-09-01,"Indonesia","Holiday",35110
2008-10-01,"Indonesia","Holiday",32496
2008-11-01,"Indonesia","Holiday",17958
2008-12-01,"Indonesia","Holiday",31787
2009-01-01,"Indonesia","Holiday",26984
2009-02-01,"Indonesia","Holiday",20560
2009-03-01,"Indonesia","Holiday",26030
2009-04-01,"Indonesia","Holiday",31304
2009-05-01,"Indonesia","Holiday",36368
2009-06-01,"Indonesia","Holiday",44527
2009-07-01,"Indonesia","Holiday",45954
2009-08-01,"Indonesia","Holiday",42175
2009-09-01,"Indonesia","Holiday",50107
2009-10-01,"Indonesia","Holiday",51367
2009-11-01,"Indonesia","Holiday",42356
2009-12-01,"Indonesia","Holiday",49614
2010-01-01,"Indonesia","Holiday",45749
2010-02-01,"Indonesia","Holiday",36087
2010-03-01,"Indonesia","Holiday",44386
2010-04-01,"Indonesia","Holiday",44399
2010-05-01,"Indonesia","Holiday",48973
2010-06-01,"Indonesia","Holiday",65178
2010-07-01,"Indonesia","Holiday",62803
2010-08-01,"Indonesia","Holiday",61815
2010-09-01,"Indonesia","Holiday",65137
2010-10-01,"Indonesia","Holiday",62973
2010-11-01,"Indonesia","Holiday",51148
2010-12-01,"Indonesia","Holiday",64840
2011-01-01,"Indonesia","Holiday",58200
2011-02-01,"Indonesia","Holiday",41568
2011-03-01,"Indonesia","Holiday",50239
2011-04-01,"Indonesia","Holiday",69026
2011-05-01,"Indonesia","Holiday",60257
2011-06-01,"Indonesia","Holiday",74618
2011-07-01,"Indonesia","Holiday",79803
2011-08-01,"Indonesia","Holiday",67143
2011-09-01,"Indonesia","Holiday",78278
2011-10-01,"Indonesia","Holiday",78305
2011-11-01,"Indonesia","Holiday",62969
2011-12-01,"Indonesia","Holiday",69617
2012-01-01,"Indonesia","Holiday",58835
2012-02-01,"Indonesia","Holiday",51084
2012-03-01,"Indonesia","Holiday",64024
2012-04-01,"Indonesia","Holiday",61564
2012-05-01,"Indonesia","Holiday",65526
2012-06-01,"Indonesia","Holiday",76990
2012-07-01,"Indonesia","Holiday",73927
2012-08-01,"Indonesia","Holiday",66491
2012-09-01,"Indonesia","Holiday",80922
2012-10-01,"Indonesia","Holiday",75301
2012-11-01,"Indonesia","Holiday",64804
2012-12-01,"Indonesia","Holiday",67575
2013-01-01,"Indonesia","Holiday",57428
2013-02-01,"Indonesia","Holiday",48780
2013-03-01,"Indonesia","Holiday",60923
2013-04-01,"Indonesia","Holiday",63013
2013-05-01,"Indonesia","Holiday",65303
2013-06-01,"Indonesia","Holiday",74750
2013-07-01,"Indonesia","Holiday",78825
2013-08-01,"Indonesia","Holiday",72928
2013-09-01,"Indonesia","Holiday",86157
2013-10-01,"Indonesia","Holiday",80064
2013-11-01,"Indonesia","Holiday",66393
2013-12-01,"Indonesia","Holiday",78802
2014-01-01,"Indonesia","Holiday",73624
2014-02-01,"Indonesia","Holiday",53400
2014-03-01,"Indonesia","Holiday",58647
2014-04-01,"Indonesia","Holiday",76517
2014-05-01,"Indonesia","Holiday",80864
2014-06-01,"Indonesia","Holiday",89204
2014-07-01,"Indonesia","Holiday",87956
2014-08-01,"Indonesia","Holiday",88992
2014-09-01,"Indonesia","Holiday",100857
2014-10-01,"Indonesia","Holiday",90524
2014-11-01,"Indonesia","Holiday",72104
2014-12-01,"Indonesia","Holiday",80706
2015-01-01,"Indonesia","Holiday",75067
2015-02-01,"Indonesia","Holiday",59299
2015-03-01,"Indonesia","Holiday",73039
2015-04-01,"Indonesia","Holiday",74001
2015-05-01,"Indonesia","Holiday",81388
2015-06-01,"Indonesia","Holiday",93532
2015-07-01,"Indonesia","Holiday",84250
2015-08-01,"Indonesia","Holiday",79633
2015-09-01,"Indonesia","Holiday",98079
2015-10-01,"Indonesia","Holiday",93245
2015-11-01,"Indonesia","Holiday",54246
2015-12-01,"Indonesia","Holiday",87161
2016-01-01,"Indonesia","Holiday",82564
2016-02-01,"Indonesia","Holiday",63184
2016-03-01,"Indonesia","Holiday",83240
2016-04-01,"Indonesia","Holiday",80645
2016-05-01,"Indonesia","Holiday",89358
2016-06-01,"Indonesia","Holiday",108885
2016-07-01,"Indonesia","Holiday",105510
2016-08-01,"Indonesia","Holiday",93554
2016-09-01,"Indonesia","Holiday",99827
2016-10-01,"Indonesia","Holiday",91717
2016-11-01,"Indonesia","Holiday",75743
2016-12-01,"Indonesia","Holiday",84385
2017-01-01,"Indonesia","Holiday",75677
2017-02-01,"Indonesia","Holiday",60371
2017-03-01,"Indonesia","Holiday",63830
2017-04-01,"Indonesia","Holiday",80038
2017-05-01,"Indonesia","Holiday",81373
2017-06-01,"Indonesia","Holiday",87560
2005-01-01,"Indonesia","Other",708
2005-02-01,"Indonesia","Other",299
2005-03-01,"Indonesia","Other",501
2005-04-01,"Indonesia","Other",352
2005-05-01,"Indonesia","Other",337
2005-06-01,"Indonesia","Other",452
2005-07-01,"Indonesia","Other",487
2005-08-01,"Indonesia","Other",794
2005-09-01,"Indonesia","Other",327
2005-10-01,"Indonesia","Other",273
2005-11-01,"Indonesia","Other",353
2005-12-01,"Indonesia","Other",480
2006-01-01,"Indonesia","Other",371
2006-02-01,"Indonesia","Other",69
2006-03-01,"Indonesia","Other",605
2006-04-01,"Indonesia","Other",590
2006-05-01,"Indonesia","Other",283
2006-06-01,"Indonesia","Other",205
2006-07-01,"Indonesia","Other",515
2006-08-01,"Indonesia","Other",311
2006-09-01,"Indonesia","Other",361
2006-10-01,"Indonesia","Other",377
2006-11-01,"Indonesia","Other",313
2006-12-01,"Indonesia","Other",427
2007-01-01,"Indonesia","Other",806
2007-02-01,"Indonesia","Other",211
2007-03-01,"Indonesia","Other",545
2007-04-01,"Indonesia","Other",211
2007-05-01,"Indonesia","Other",513
2007-06-01,"Indonesia","Other",261
2007-07-01,"Indonesia","Other",264
2007-08-01,"Indonesia","Other",190
2007-09-01,"Indonesia","Other",362
2007-10-01,"Indonesia","Other",259
2007-11-01,"Indonesia","Other",342
2007-12-01,"Indonesia","Other",381
2008-01-01,"Indonesia","Other",416
2008-02-01,"Indonesia","Other",310
2008-03-01,"Indonesia","Other",462
2008-04-01,"Indonesia","Other",352
2008-05-01,"Indonesia","Other",315
2008-06-01,"Indonesia","Other",395
2008-07-01,"Indonesia","Other",303
2008-08-01,"Indonesia","Other",850
2008-09-01,"Indonesia","Other",369
2008-10-01,"Indonesia","Other",712
2008-11-01,"Indonesia","Other",358
2008-12-01,"Indonesia","Other",491
2009-01-01,"Indonesia","Other",636
2009-02-01,"Indonesia","Other",151
2009-03-01,"Indonesia","Other",551
2009-04-01,"Indonesia","Other",439
2009-05-01,"Indonesia","Other",332
2009-06-01,"Indonesia","Other",631
2009-07-01,"Indonesia","Other",760
2009-08-01,"Indonesia","Other",472
2009-09-01,"Indonesia","Other",604
2009-10-01,"Indonesia","Other",749
2009-11-01,"Indonesia","Other",689
2009-12-01,"Indonesia","Other",322
2010-01-01,"Indonesia","Other",544
2010-02-01,"Indonesia","Other",321
2010-03-01,"Indonesia","Other",406
2010-04-01,"Indonesia","Other",630
2010-05-01,"Indonesia","Other",607
2010-06-01,"Indonesia","Other",431
2010-07-01,"Indonesia","Other",865
2010-08-01,"Indonesia","Other",313
2010-09-01,"Indonesia","Other",548
2010-10-01,"Indonesia","Other",649
2010-11-01,"Indonesia","Other",570
2010-12-01,"Indonesia","Other",349
2011-01-01,"Indonesia","Other",663
2011-02-01,"Indonesia","Other",860
2011-03-01,"Indonesia","Other",366
2011-04-01,"Indonesia","Other",894
2011-05-01,"Indonesia","Other",738
2011-06-01,"Indonesia","Other",631
2011-07-01,"Indonesia","Other",964
2011-08-01,"Indonesia","Other",744
2011-09-01,"Indonesia","Other",742
2011-10-01,"Indonesia","Other",932
2011-11-01,"Indonesia","Other",766
2011-12-01,"Indonesia","Other",358
2012-01-01,"Indonesia","Other",728
2012-02-01,"Indonesia","Other",714
2012-03-01,"Indonesia","Other",944
2012-04-01,"Indonesia","Other",1027
2012-05-01,"Indonesia","Other",297
2012-06-01,"Indonesia","Other",1294
2012-07-01,"Indonesia","Other",626
2012-08-01,"Indonesia","Other",851
2012-09-01,"Indonesia","Other",594
2012-10-01,"Indonesia","Other",689
2012-11-01,"Indonesia","Other",898
2012-12-01,"Indonesia","Other",797
2013-01-01,"Indonesia","Other",475
2013-02-01,"Indonesia","Other",672
2013-03-01,"Indonesia","Other",852
2013-04-01,"Indonesia","Other",441
2013-05-01,"Indonesia","Other",1111
2013-06-01,"Indonesia","Other",846
2013-07-01,"Indonesia","Other",892
2013-08-01,"Indonesia","Other",859
2013-09-01,"Indonesia","Other",542
2013-10-01,"Indonesia","Other",1137
2013-11-01,"Indonesia","Other",887
2013-12-01,"Indonesia","Other",339
2014-01-01,"Indonesia","Other",785
2014-02-01,"Indonesia","Other",732
2014-03-01,"Indonesia","Other",855
2014-04-01,"Indonesia","Other",815
2014-05-01,"Indonesia","Other",1246
2014-06-01,"Indonesia","Other",793
2014-07-01,"Indonesia","Other",798
2014-08-01,"Indonesia","Other",1165
2014-09-01,"Indonesia","Other",572
2014-10-01,"Indonesia","Other",1304
2014-11-01,"Indonesia","Other",1489
2014-12-01,"Indonesia","Other",1568
2015-01-01,"Indonesia","Other",785
2015-02-01,"Indonesia","Other",1226
2015-03-01,"Indonesia","Other",929
2015-04-01,"Indonesia","Other",903
2015-05-01,"Indonesia","Other",1159
2015-06-01,"Indonesia","Other",1720
2015-07-01,"Indonesia","Other",1328
2015-08-01,"Indonesia","Other",989
2015-09-01,"Indonesia","Other",428
2015-10-01,"Indonesia","Other",876
2015-11-01,"Indonesia","Other",737
2015-12-01,"Indonesia","Other",318
2016-01-01,"Indonesia","Other",492
2016-02-01,"Indonesia","Other",585
2016-03-01,"Indonesia","Other",880
2016-04-01,"Indonesia","Other",1318
2016-05-01,"Indonesia","Other",1302
2016-06-01,"Indonesia","Other",1005
2016-07-01,"Indonesia","Other",1206
2016-08-01,"Indonesia","Other",1205
2016-09-01,"Indonesia","Other",916
2016-10-01,"Indonesia","Other",956
2016-11-01,"Indonesia","Other",803
2016-12-01,"Indonesia","Other",996
2017-01-01,"Indonesia","Other",884
2017-02-01,"Indonesia","Other",623
2017-03-01,"Indonesia","Other",457
2017-04-01,"Indonesia","Other",1105
2017-05-01,"Indonesia","Other",827
2017-06-01,"Indonesia","Other",641
2005-01-01,"Indonesia","Visiting Friends or Relatives",2569
2005-02-01,"Indonesia","Visiting Friends or Relatives",1944
2005-03-01,"Indonesia","Visiting Friends or Relatives",2372
2005-04-01,"Indonesia","Visiting Friends or Relatives",1941
2005-05-01,"Indonesia","Visiting Friends or Relatives",1667
2005-06-01,"Indonesia","Visiting Friends or Relatives",2922
2005-07-01,"Indonesia","Visiting Friends or Relatives",2500
2005-08-01,"Indonesia","Visiting Friends or Relatives",2112
2005-09-01,"Indonesia","Visiting Friends or Relatives",2429
2005-10-01,"Indonesia","Visiting Friends or Relatives",1832
2005-11-01,"Indonesia","Visiting Friends or Relatives",2300
2005-12-01,"Indonesia","Visiting Friends or Relatives",3738
2006-01-01,"Indonesia","Visiting Friends or Relatives",2270
2006-02-01,"Indonesia","Visiting Friends or Relatives",1831
2006-03-01,"Indonesia","Visiting Friends or Relatives",2117
2006-04-01,"Indonesia","Visiting Friends or Relatives",2122
2006-05-01,"Indonesia","Visiting Friends or Relatives",1288
2006-06-01,"Indonesia","Visiting Friends or Relatives",2950
2006-07-01,"Indonesia","Visiting Friends or Relatives",2430
2006-08-01,"Indonesia","Visiting Friends or Relatives",1499
2006-09-01,"Indonesia","Visiting Friends or Relatives",1754
2006-10-01,"Indonesia","Visiting Friends or Relatives",2056
2006-11-01,"Indonesia","Visiting Friends or Relatives",2287
2006-12-01,"Indonesia","Visiting Friends or Relatives",4564
2007-01-01,"Indonesia","Visiting Friends or Relatives",1843
2007-02-01,"Indonesia","Visiting Friends or Relatives",1729
2007-03-01,"Indonesia","Visiting Friends or Relatives",2008
2007-04-01,"Indonesia","Visiting Friends or Relatives",2512
2007-05-01,"Indonesia","Visiting Friends or Relatives",2114
2007-06-01,"Indonesia","Visiting Friends or Relatives",3125
2007-07-01,"Indonesia","Visiting Friends or Relatives",3027
2007-08-01,"Indonesia","Visiting Friends or Relatives",2274
2007-09-01,"Indonesia","Visiting Friends or Relatives",2518
2007-10-01,"Indonesia","Visiting Friends or Relatives",3061
2007-11-01,"Indonesia","Visiting Friends or Relatives",3139
2007-12-01,"Indonesia","Visiting Friends or Relatives",6295
2008-01-01,"Indonesia","Visiting Friends or Relatives",3460
2008-02-01,"Indonesia","Visiting Friends or Relatives",2756
2008-03-01,"Indonesia","Visiting Friends or Relatives",3256
2008-04-01,"Indonesia","Visiting Friends or Relatives",2733
2008-05-01,"Indonesia","Visiting Friends or Relatives",2727
2008-06-01,"Indonesia","Visiting Friends or Relatives",3666
2008-07-01,"Indonesia","Visiting Friends or Relatives",4049
2008-08-01,"Indonesia","Visiting Friends or Relatives",3085
2008-09-01,"Indonesia","Visiting Friends or Relatives",4152
2008-10-01,"Indonesia","Visiting Friends or Relatives",3521
2008-11-01,"Indonesia","Visiting Friends or Relatives",3319
2008-12-01,"Indonesia","Visiting Friends or Relatives",7233
2009-01-01,"Indonesia","Visiting Friends or Relatives",4165
2009-02-01,"Indonesia","Visiting Friends or Relatives",2719
2009-03-01,"Indonesia","Visiting Friends or Relatives",3955
2009-04-01,"Indonesia","Visiting Friends or Relatives",4131
2009-05-01,"Indonesia","Visiting Friends or Relatives",3774
2009-06-01,"Indonesia","Visiting Friends or Relatives",5025
2009-07-01,"Indonesia","Visiting Friends or Relatives",4235
2009-08-01,"Indonesia","Visiting Friends or Relatives",3695
2009-09-01,"Indonesia","Visiting Friends or Relatives",5114
2009-10-01,"Indonesia","Visiting Friends or Relatives",4565
2009-11-01,"Indonesia","Visiting Friends or Relatives",3823
2009-12-01,"Indonesia","Visiting Friends or Relatives",8967
2010-01-01,"Indonesia","Visiting Friends or Relatives",4115
2010-02-01,"Indonesia","Visiting Friends or Relatives",4460
2010-03-01,"Indonesia","Visiting Friends or Relatives",4502
2010-04-01,"Indonesia","Visiting Friends or Relatives",4615
2010-05-01,"Indonesia","Visiting Friends or Relatives",4358
2010-06-01,"Indonesia","Visiting Friends or Relatives",6358
2010-07-01,"Indonesia","Visiting Friends or Relatives",5062
2010-08-01,"Indonesia","Visiting Friends or Relatives",4834
2010-09-01,"Indonesia","Visiting Friends or Relatives",5203
2010-10-01,"Indonesia","Visiting Friends or Relatives",5152
2010-11-01,"Indonesia","Visiting Friends or Relatives",4611
2010-12-01,"Indonesia","Visiting Friends or Relatives",8998
2011-01-01,"Indonesia","Visiting Friends or Relatives",5755
2011-02-01,"Indonesia","Visiting Friends or Relatives",5161
2011-03-01,"Indonesia","Visiting Friends or Relatives",5331
2011-04-01,"Indonesia","Visiting Friends or Relatives",5698
2011-05-01,"Indonesia","Visiting Friends or Relatives",4946
2011-06-01,"Indonesia","Visiting Friends or Relatives",6208
2011-07-01,"Indonesia","Visiting Friends or Relatives",5712
2011-08-01,"Indonesia","Visiting Friends or Relatives",5389
2011-09-01,"Indonesia","Visiting Friends or Relatives",5337
2011-10-01,"Indonesia","Visiting Friends or Relatives",5593
2011-11-01,"Indonesia","Visiting Friends or Relatives",5522
2011-12-01,"Indonesia","Visiting Friends or Relatives",10631
2012-01-01,"Indonesia","Visiting Friends or Relatives",6679
2012-02-01,"Indonesia","Visiting Friends or Relatives",4678
2012-03-01,"Indonesia","Visiting Friends or Relatives",6472
2012-04-01,"Indonesia","Visiting Friends or Relatives",6170
2012-05-01,"Indonesia","Visiting Friends or Relatives",5621
2012-06-01,"Indonesia","Visiting Friends or Relatives",6608
2012-07-01,"Indonesia","Visiting Friends or Relatives",6469
2012-08-01,"Indonesia","Visiting Friends or Relatives",5777
2012-09-01,"Indonesia","Visiting Friends or Relatives",6410
2012-10-01,"Indonesia","Visiting Friends or Relatives",5827
2012-11-01,"Indonesia","Visiting Friends or Relatives",5885
2012-12-01,"Indonesia","Visiting Friends or Relatives",11826
2013-01-01,"Indonesia","Visiting Friends or Relatives",6308
2013-02-01,"Indonesia","Visiting Friends or Relatives",6001
2013-03-01,"Indonesia","Visiting Friends or Relatives",6713
2013-04-01,"Indonesia","Visiting Friends or Relatives",6224
2013-05-01,"Indonesia","Visiting Friends or Relatives",6812
2013-06-01,"Indonesia","Visiting Friends or Relatives",7418
2013-07-01,"Indonesia","Visiting Friends or Relatives",6061
2013-08-01,"Indonesia","Visiting Friends or Relatives",6978
2013-09-01,"Indonesia","Visiting Friends or Relatives",6896
2013-10-01,"Indonesia","Visiting Friends or Relatives",6296
2013-11-01,"Indonesia","Visiting Friends or Relatives",7778
2013-12-01,"Indonesia","Visiting Friends or Relatives",11966
2014-01-01,"Indonesia","Visiting Friends or Relatives",9813
2014-02-01,"Indonesia","Visiting Friends or Relatives",7955
2014-03-01,"Indonesia","Visiting Friends or Relatives",6477
2014-04-01,"Indonesia","Visiting Friends or Relatives",8260
2014-05-01,"Indonesia","Visiting Friends or Relatives",8020
2014-06-01,"Indonesia","Visiting Friends or Relatives",8235
2014-07-01,"Indonesia","Visiting Friends or Relatives",8926
2014-08-01,"Indonesia","Visiting Friends or Relatives",8277
2014-09-01,"Indonesia","Visiting Friends or Relatives",9160
2014-10-01,"Indonesia","Visiting Friends or Relatives",9190
2014-11-01,"Indonesia","Visiting Friends or Relatives",7495
2014-12-01,"Indonesia","Visiting Friends or Relatives",14545
2015-01-01,"Indonesia","Visiting Friends or Relatives",8958
2015-02-01,"Indonesia","Visiting Friends or Relatives",8596
2015-03-01,"Indonesia","Visiting Friends or Relatives",8912
2015-04-01,"Indonesia","Visiting Friends or Relatives",8820
2015-05-01,"Indonesia","Visiting Friends or Relatives",8106
2015-06-01,"Indonesia","Visiting Friends or Relatives",11878
2015-07-01,"Indonesia","Visiting Friends or Relatives",11402
2015-08-01,"Indonesia","Visiting Friends or Relatives",9440
2015-09-01,"Indonesia","Visiting Friends or Relatives",11570
2015-10-01,"Indonesia","Visiting Friends or Relatives",11935
2015-11-01,"Indonesia","Visiting Friends or Relatives",8921
2015-12-01,"Indonesia","Visiting Friends or Relatives",16102
2016-01-01,"Indonesia","Visiting Friends or Relatives",10954
2016-02-01,"Indonesia","Visiting Friends or Relatives",9518
2016-03-01,"Indonesia","Visiting Friends or Relatives",12342
2016-04-01,"Indonesia","Visiting Friends or Relatives",10542
2016-05-01,"Indonesia","Visiting Friends or Relatives",10886
2016-06-01,"Indonesia","Visiting Friends or Relatives",14308
2016-07-01,"Indonesia","Visiting Friends or Relatives",14222
2016-08-01,"Indonesia","Visiting Friends or Relatives",12845
2016-09-01,"Indonesia","Visiting Friends or Relatives",13866
2016-10-01,"Indonesia","Visiting Friends or Relatives",12563
2016-11-01,"Indonesia","Visiting Friends or Relatives",11474
2016-12-01,"Indonesia","Visiting Friends or Relatives",20303
2017-01-01,"Indonesia","Visiting Friends or Relatives",14770
2017-02-01,"Indonesia","Visiting Friends or Relatives",9597
2017-03-01,"Indonesia","Visiting Friends or Relatives",13633
2017-04-01,"Indonesia","Visiting Friends or Relatives",14284
2017-05-01,"Indonesia","Visiting Friends or Relatives",12856
2017-06-01,"Indonesia","Visiting Friends or Relatives",16646
2005-01-01,"Malaysia","Business",2457
2005-02-01,"Malaysia","Business",3245
2005-03-01,"Malaysia","Business",2726
2005-04-01,"Malaysia","Business",2230
2005-05-01,"Malaysia","Business",3437
2005-06-01,"Malaysia","Business",1890
2005-07-01,"Malaysia","Business",3179
2005-08-01,"Malaysia","Business",2846
2005-09-01,"Malaysia","Business",3172
2005-10-01,"Malaysia","Business",2187
2005-11-01,"Malaysia","Business",2279
2005-12-01,"Malaysia","Business",1589
2006-01-01,"Malaysia","Business",1926
2006-02-01,"Malaysia","Business",3355
2006-03-01,"Malaysia","Business",2875
2006-04-01,"Malaysia","Business",2834
2006-05-01,"Malaysia","Business",3770
2006-06-01,"Malaysia","Business",2591
2006-07-01,"Malaysia","Business",3093
2006-08-01,"Malaysia","Business",2956
2006-09-01,"Malaysia","Business",3297
2006-10-01,"Malaysia","Business",2528
2006-11-01,"Malaysia","Business",3317
2006-12-01,"Malaysia","Business",1874
2007-01-01,"Malaysia","Business",2177
2007-02-01,"Malaysia","Business",2831
2007-03-01,"Malaysia","Business",4637
2007-04-01,"Malaysia","Business",3357
2007-05-01,"Malaysia","Business",3690
2007-06-01,"Malaysia","Business",3518
2007-07-01,"Malaysia","Business",3285
2007-08-01,"Malaysia","Business",3627
2007-09-01,"Malaysia","Business",2832
2007-10-01,"Malaysia","Business",3194
2007-11-01,"Malaysia","Business",3899
2007-12-01,"Malaysia","Business",2055
2008-01-01,"Malaysia","Business",2604
2008-02-01,"Malaysia","Business",2802
2008-03-01,"Malaysia","Business",3975
2008-04-01,"Malaysia","Business",2801
2008-05-01,"Malaysia","Business",3292
2008-06-01,"Malaysia","Business",3771
2008-07-01,"Malaysia","Business",3379
2008-08-01,"Malaysia","Business",3254
2008-09-01,"Malaysia","Business",2559
2008-10-01,"Malaysia","Business",3184
2008-11-01,"Malaysia","Business",3364
2008-12-01,"Malaysia","Business",1815
2009-01-01,"Malaysia","Business",2058
2009-02-01,"Malaysia","Business",3070
2009-03-01,"Malaysia","Business",3393
2009-04-01,"Malaysia","Business",2925
2009-05-01,"Malaysia","Business",3729
2009-06-01,"Malaysia","Business",3143
2009-07-01,"Malaysia","Business",2175
2009-08-01,"Malaysia","Business",3707
2009-09-01,"Malaysia","Business",2587
2009-10-01,"Malaysia","Business",3811
2009-11-01,"Malaysia","Business",3374
2009-12-01,"Malaysia","Business",2189
2010-01-01,"Malaysia","Business",2187
2010-02-01,"Malaysia","Business",3042
2010-03-01,"Malaysia","Business",3626
2010-04-01,"Malaysia","Business",3448
2010-05-01,"Malaysia","Business",3808
2010-06-01,"Malaysia","Business",3047
2010-07-01,"Malaysia","Business",3676
2010-08-01,"Malaysia","Business",3793
2010-09-01,"Malaysia","Business",3090
2010-10-01,"Malaysia","Business",4592
2010-11-01,"Malaysia","Business",3624
2010-12-01,"Malaysia","Business",1840
2011-01-01,"Malaysia","Business",3149
2011-02-01,"Malaysia","Business",2918
2011-03-01,"Malaysia","Business",3658
2011-04-01,"Malaysia","Business",3732
2011-05-01,"Malaysia","Business",3637
2011-06-01,"Malaysia","Business",2877
2011-07-01,"Malaysia","Business",3241
2011-08-01,"Malaysia","Business",2813
2011-09-01,"Malaysia","Business",4290
2011-10-01,"Malaysia","Business",4025
2011-11-01,"Malaysia","Business",4739
2011-12-01,"Malaysia","Business",2290
2012-01-01,"Malaysia","Business",2204
2012-02-01,"Malaysia","Business",3374
2012-03-01,"Malaysia","Business",3932
2012-04-01,"Malaysia","Business",3431
2012-05-01,"Malaysia","Business",4770
2012-06-01,"Malaysia","Business",3946
2012-07-01,"Malaysia","Business",3402
2012-08-01,"Malaysia","Business",3309
2012-09-01,"Malaysia","Business",3540
2012-10-01,"Malaysia","Business",3577
2012-11-01,"Malaysia","Business",2794
2012-12-01,"Malaysia","Business",2759
2013-01-01,"Malaysia","Business",2898
2013-02-01,"Malaysia","Business",3164
2013-03-01,"Malaysia","Business",3779
2013-04-01,"Malaysia","Business",2832
2013-05-01,"Malaysia","Business",3384
2013-06-01,"Malaysia","Business",4202
2013-07-01,"Malaysia","Business",2553
2013-08-01,"Malaysia","Business",3525
2013-09-01,"Malaysia","Business",4023
2013-10-01,"Malaysia","Business",3699
2013-11-01,"Malaysia","Business",3995
2013-12-01,"Malaysia","Business",2019
2014-01-01,"Malaysia","Business",2769
2014-02-01,"Malaysia","Business",3843
2014-03-01,"Malaysia","Business",3713
2014-04-01,"Malaysia","Business",4085
2014-05-01,"Malaysia","Business",4928
2014-06-01,"Malaysia","Business",3817
2014-07-01,"Malaysia","Business",2497
2014-08-01,"Malaysia","Business",4499
2014-09-01,"Malaysia","Business",3313
2014-10-01,"Malaysia","Business",3089
2014-11-01,"Malaysia","Business",3848
2014-12-01,"Malaysia","Business",2267
2015-01-01,"Malaysia","Business",2653
2015-02-01,"Malaysia","Business",2788
2015-03-01,"Malaysia","Business",3604
2015-04-01,"Malaysia","Business",2966
2015-05-01,"Malaysia","Business",3465
2015-06-01,"Malaysia","Business",2984
2015-07-01,"Malaysia","Business",2668
2015-08-01,"Malaysia","Business",2969
2015-09-01,"Malaysia","Business",3135
2015-10-01,"Malaysia","Business",3610
2015-11-01,"Malaysia","Business",3409
2015-12-01,"Malaysia","Business",1780
2016-01-01,"Malaysia","Business",2629
2016-02-01,"Malaysia","Business",3324
2016-03-01,"Malaysia","Business",2858
2016-04-01,"Malaysia","Business",2894
2016-05-01,"Malaysia","Business",3106
2016-06-01,"Malaysia","Business",2844
2016-07-01,"Malaysia","Business",3283
2016-08-01,"Malaysia","Business",2898
2016-09-01,"Malaysia","Business",4066
2016-10-01,"Malaysia","Business",3712
2016-11-01,"Malaysia","Business",4052
2016-12-01,"Malaysia","Business",1796
2017-01-01,"Malaysia","Business",2507
2017-02-01,"Malaysia","Business",2930
2017-03-01,"Malaysia","Business",3618
2017-04-01,"Malaysia","Business",3142
2017-05-01,"Malaysia","Business",3072
2017-06-01,"Malaysia","Business",3078
2005-01-01,"Malaysia","Education",34
2005-02-01,"Malaysia","Education",5
2005-03-01,"Malaysia","Education",21
2005-04-01,"Malaysia","Education",104
2005-05-01,"Malaysia","Education",4
2005-06-01,"Malaysia","Education",147
2005-07-01,"Malaysia","Education",158
2005-08-01,"Malaysia","Education",74
2005-09-01,"Malaysia","Education",105
2005-10-01,"Malaysia","Education",72
2005-11-01,"Malaysia","Education",77
2005-12-01,"Malaysia","Education",102
2006-01-01,"Malaysia","Education",85
2006-02-01,"Malaysia","Education",78
2006-03-01,"Malaysia","Education",71
2006-04-01,"Malaysia","Education",272
2006-05-01,"Malaysia","Education",0
2006-06-01,"Malaysia","Education",143
2006-07-01,"Malaysia","Education",314
2006-08-01,"Malaysia","Education",169
2006-09-01,"Malaysia","Education",53
2006-10-01,"Malaysia","Education",107
2006-11-01,"Malaysia","Education",20
2006-12-01,"Malaysia","Education",49
2007-01-01,"Malaysia","Education",111
2007-02-01,"Malaysia","Education",22
2007-03-01,"Malaysia","Education",39
2007-04-01,"Malaysia","Education",206
2007-05-01,"Malaysia","Education",73
2007-06-01,"Malaysia","Education",559
2007-07-01,"Malaysia","Education",255
2007-08-01,"Malaysia","Education",34
2007-09-01,"Malaysia","Education",170
2007-10-01,"Malaysia","Education",51
2007-11-01,"Malaysia","Education",75
2007-12-01,"Malaysia","Education",51
2008-01-01,"Malaysia","Education",102
2008-02-01,"Malaysia","Education",170
2008-03-01,"Malaysia","Education",57
2008-04-01,"Malaysia","Education",61
2008-05-01,"Malaysia","Education",62
2008-06-01,"Malaysia","Education",153
2008-07-01,"Malaysia","Education",102
2008-08-01,"Malaysia","Education",34
2008-09-01,"Malaysia","Education",370
2008-10-01,"Malaysia","Education",153
2008-11-01,"Malaysia","Education",120
2008-12-01,"Malaysia","Education",122
2009-01-01,"Malaysia","Education",164
2009-02-01,"Malaysia","Education",69
2009-03-01,"Malaysia","Education",102
2009-04-01,"Malaysia","Education",325
2009-05-01,"Malaysia","Education",162
2009-06-01,"Malaysia","Education",534
2009-07-01,"Malaysia","Education",289
2009-08-01,"Malaysia","Education",0
2009-09-01,"Malaysia","Education",263
2009-10-01,"Malaysia","Education",102
2009-11-01,"Malaysia","Education",289
2009-12-01,"Malaysia","Education",204
2010-01-01,"Malaysia","Education",239
2010-02-01,"Malaysia","Education",96
2010-03-01,"Malaysia","Education",73
2010-04-01,"Malaysia","Education",313
2010-05-01,"Malaysia","Education",204
2010-06-01,"Malaysia","Education",381
2010-07-01,"Malaysia","Education",51
2010-08-01,"Malaysia","Education",68
2010-09-01,"Malaysia","Education",420
2010-10-01,"Malaysia","Education",18
2010-11-01,"Malaysia","Education",102
2010-12-01,"Malaysia","Education",173
2011-01-01,"Malaysia","Education",153
2011-02-01,"Malaysia","Education",136
2011-03-01,"Malaysia","Education",119
2011-04-01,"Malaysia","Education",119
2011-05-01,"Malaysia","Education",51
2011-06-01,"Malaysia","Education",194
2011-07-01,"Malaysia","Education",153
2011-08-01,"Malaysia","Education",137
2011-09-01,"Malaysia","Education",291
2011-10-01,"Malaysia","Education",51
2011-11-01,"Malaysia","Education",153
2011-12-01,"Malaysia","Education",221
2012-01-01,"Malaysia","Education",357
2012-02-01,"Malaysia","Education",68
2012-03-01,"Malaysia","Education",172
2012-04-01,"Malaysia","Education",248
2012-05-01,"Malaysia","Education",113
2012-06-01,"Malaysia","Education",505
2012-07-01,"Malaysia","Education",77
2012-08-01,"Malaysia","Education",290
2012-09-01,"Malaysia","Education",478
2012-10-01,"Malaysia","Education",194
2012-11-01,"Malaysia","Education",320
2012-12-01,"Malaysia","Education",256
2013-01-01,"Malaysia","Education",170
2013-02-01,"Malaysia","Education",136
2013-03-01,"Malaysia","Education",323
2013-04-01,"Malaysia","Education",272
2013-05-01,"Malaysia","Education",1
2013-06-01,"Malaysia","Education",421
2013-07-01,"Malaysia","Education",69
2013-08-01,"Malaysia","Education",112
2013-09-01,"Malaysia","Education",168
2013-10-01,"Malaysia","Education",220
2013-11-01,"Malaysia","Education",355
2013-12-01,"Malaysia","Education",447
2014-01-01,"Malaysia","Education",137
2014-02-01,"Malaysia","Education",153
2014-03-01,"Malaysia","Education",130
2014-04-01,"Malaysia","Education",187
2014-05-01,"Malaysia","Education",17
2014-06-01,"Malaysia","Education",307
2014-07-01,"Malaysia","Education",153
2014-08-01,"Malaysia","Education",133
2014-09-01,"Malaysia","Education",206
2014-10-01,"Malaysia","Education",102
2014-11-01,"Malaysia","Education",62
2014-12-01,"Malaysia","Education",204
2015-01-01,"Malaysia","Education",153
2015-02-01,"Malaysia","Education",62
2015-03-01,"Malaysia","Education",138
2015-04-01,"Malaysia","Education",125
2015-05-01,"Malaysia","Education",51
2015-06-01,"Malaysia","Education",403
2015-07-01,"Malaysia","Education",153
2015-08-01,"Malaysia","Education",177
2015-09-01,"Malaysia","Education",229
2015-10-01,"Malaysia","Education",44
2015-11-01,"Malaysia","Education",188
2015-12-01,"Malaysia","Education",153
2016-01-01,"Malaysia","Education",205
2016-02-01,"Malaysia","Education",109
2016-03-01,"Malaysia","Education",185
2016-04-01,"Malaysia","Education",205
2016-05-01,"Malaysia","Education",0
2016-06-01,"Malaysia","Education",154
2016-07-01,"Malaysia","Education",341
2016-08-01,"Malaysia","Education",36
2016-09-01,"Malaysia","Education",469
2016-10-01,"Malaysia","Education",255
2016-11-01,"Malaysia","Education",312
2016-12-01,"Malaysia","Education",273
2017-01-01,"Malaysia","Education",280
2017-02-01,"Malaysia","Education",112
2017-03-01,"Malaysia","Education",64
2017-04-01,"Malaysia","Education",102
2017-05-01,"Malaysia","Education",16
2017-06-01,"Malaysia","Education",299
2005-01-01,"Malaysia","Employment",343
2005-02-01,"Malaysia","Employment",487
2005-03-01,"Malaysia","Employment",147
2005-04-01,"Malaysia","Employment",288
2005-05-01,"Malaysia","Employment",310
2005-06-01,"Malaysia","Employment",299
2005-07-01,"Malaysia","Employment",224
2005-08-01,"Malaysia","Employment",372
2005-09-01,"Malaysia","Employment",286
2005-10-01,"Malaysia","Employment",132
2005-11-01,"Malaysia","Employment",361
2005-12-01,"Malaysia","Employment",214
2006-01-01,"Malaysia","Employment",380
2006-02-01,"Malaysia","Employment",498
2006-03-01,"Malaysia","Employment",170
2006-04-01,"Malaysia","Employment",359
2006-05-01,"Malaysia","Employment",247
2006-06-01,"Malaysia","Employment",285
2006-07-01,"Malaysia","Employment",207
2006-08-01,"Malaysia","Employment",138
2006-09-01,"Malaysia","Employment",110
2006-10-01,"Malaysia","Employment",479
2006-11-01,"Malaysia","Employment",178
2006-12-01,"Malaysia","Employment",346
2007-01-01,"Malaysia","Employment",516
2007-02-01,"Malaysia","Employment",289
2007-03-01,"Malaysia","Employment",459
2007-04-01,"Malaysia","Employment",298
2007-05-01,"Malaysia","Employment",226
2007-06-01,"Malaysia","Employment",388
2007-07-01,"Malaysia","Employment",363
2007-08-01,"Malaysia","Employment",224
2007-09-01,"Malaysia","Employment",324
2007-10-01,"Malaysia","Employment",501
2007-11-01,"Malaysia","Employment",303
2007-12-01,"Malaysia","Employment",398
2008-01-01,"Malaysia","Employment",398
2008-02-01,"Malaysia","Employment",301
2008-03-01,"Malaysia","Employment",386
2008-04-01,"Malaysia","Employment",166
2008-05-01,"Malaysia","Employment",209
2008-06-01,"Malaysia","Employment",416
2008-07-01,"Malaysia","Employment",184
2008-08-01,"Malaysia","Employment",371
2008-09-01,"Malaysia","Employment",286
2008-10-01,"Malaysia","Employment",342
2008-11-01,"Malaysia","Employment",296
2008-12-01,"Malaysia","Employment",224
2009-01-01,"Malaysia","Employment",651
2009-02-01,"Malaysia","Employment",357
2009-03-01,"Malaysia","Employment",473
2009-04-01,"Malaysia","Employment",511
2009-05-01,"Malaysia","Employment",223
2009-06-01,"Malaysia","Employment",385
2009-07-01,"Malaysia","Employment",160
2009-08-01,"Malaysia","Employment",421
2009-09-01,"Malaysia","Employment",661
2009-10-01,"Malaysia","Employment",639
2009-11-01,"Malaysia","Employment",436
2009-12-01,"Malaysia","Employment",279
2010-01-01,"Malaysia","Employment",478
2010-02-01,"Malaysia","Employment",340
2010-03-01,"Malaysia","Employment",211
2010-04-01,"Malaysia","Employment",348
2010-05-01,"Malaysia","Employment",391
2010-06-01,"Malaysia","Employment",224
2010-07-01,"Malaysia","Employment",149
2010-08-01,"Malaysia","Employment",371
2010-09-01,"Malaysia","Employment",434
2010-10-01,"Malaysia","Employment",150
2010-11-01,"Malaysia","Employment",501
2010-12-01,"Malaysia","Employment",347
2011-01-01,"Malaysia","Employment",272
2011-02-01,"Malaysia","Employment",279
2011-03-01,"Malaysia","Employment",361
2011-04-01,"Malaysia","Employment",358
2011-05-01,"Malaysia","Employment",218
2011-06-01,"Malaysia","Employment",254
2011-07-01,"Malaysia","Employment",289
2011-08-01,"Malaysia","Employment",257
2011-09-01,"Malaysia","Employment",487
2011-10-01,"Malaysia","Employment",399
2011-11-01,"Malaysia","Employment",471
2011-12-01,"Malaysia","Employment",438
2012-01-01,"Malaysia","Employment",493
2012-02-01,"Malaysia","Employment",487
2012-03-01,"Malaysia","Employment",364
2012-04-01,"Malaysia","Employment",503
2012-05-01,"Malaysia","Employment",487
2012-06-01,"Malaysia","Employment",323
2012-07-01,"Malaysia","Employment",599
2012-08-01,"Malaysia","Employment",435
2012-09-01,"Malaysia","Employment",469
2012-10-01,"Malaysia","Employment",143
2012-11-01,"Malaysia","Employment",276
2012-12-01,"Malaysia","Employment",286
2013-01-01,"Malaysia","Employment",680
2013-02-01,"Malaysia","Employment",453
2013-03-01,"Malaysia","Employment",268
2013-04-01,"Malaysia","Employment",349
2013-05-01,"Malaysia","Employment",382
2013-06-01,"Malaysia","Employment",433
2013-07-01,"Malaysia","Employment",266
2013-08-01,"Malaysia","Employment",512
2013-09-01,"Malaysia","Employment",570
2013-10-01,"Malaysia","Employment",622
2013-11-01,"Malaysia","Employment",328
2013-12-01,"Malaysia","Employment",292
2014-01-01,"Malaysia","Employment",405
2014-02-01,"Malaysia","Employment",514
2014-03-01,"Malaysia","Employment",495
2014-04-01,"Malaysia","Employment",376
2014-05-01,"Malaysia","Employment",536
2014-06-01,"Malaysia","Employment",348
2014-07-01,"Malaysia","Employment",379
2014-08-01,"Malaysia","Employment",563
2014-09-01,"Malaysia","Employment",384
2014-10-01,"Malaysia","Employment",287
2014-11-01,"Malaysia","Employment",388
2014-12-01,"Malaysia","Employment",597
2015-01-01,"Malaysia","Employment",791
2015-02-01,"Malaysia","Employment",453
2015-03-01,"Malaysia","Employment",562
2015-04-01,"Malaysia","Employment",653
2015-05-01,"Malaysia","Employment",267
2015-06-01,"Malaysia","Employment",595
2015-07-01,"Malaysia","Employment",427
2015-08-01,"Malaysia","Employment",525
2015-09-01,"Malaysia","Employment",299
2015-10-01,"Malaysia","Employment",510
2015-11-01,"Malaysia","Employment",431
2015-12-01,"Malaysia","Employment",256
2016-01-01,"Malaysia","Employment",667
2016-02-01,"Malaysia","Employment",453
2016-03-01,"Malaysia","Employment",390
2016-04-01,"Malaysia","Employment",317
2016-05-01,"Malaysia","Employment",371
2016-06-01,"Malaysia","Employment",366
2016-07-01,"Malaysia","Employment",622
2016-08-01,"Malaysia","Employment",344
2016-09-01,"Malaysia","Employment",449
2016-10-01,"Malaysia","Employment",556
2016-11-01,"Malaysia","Employment",466
2016-12-01,"Malaysia","Employment",480
2017-01-01,"Malaysia","Employment",662
2017-02-01,"Malaysia","Employment",366
2017-03-01,"Malaysia","Employment",186
2017-04-01,"Malaysia","Employment",557
2017-05-01,"Malaysia","Employment",340
2017-06-01,"Malaysia","Employment",316
2005-01-01,"Malaysia","Holiday",5823
2005-02-01,"Malaysia","Holiday",5069
2005-03-01,"Malaysia","Holiday",8108
2005-04-01,"Malaysia","Holiday",7122
2005-05-01,"Malaysia","Holiday",3953
2005-06-01,"Malaysia","Holiday",7037
2005-07-01,"Malaysia","Holiday",8436
2005-08-01,"Malaysia","Holiday",4904
2005-09-01,"Malaysia","Holiday",8650
2005-10-01,"Malaysia","Holiday",7389
2005-11-01,"Malaysia","Holiday",5976
2005-12-01,"Malaysia","Holiday",9620
2006-01-01,"Malaysia","Holiday",6983
2006-02-01,"Malaysia","Holiday",5259
2006-03-01,"Malaysia","Holiday",7344
2006-04-01,"Malaysia","Holiday",7594
2006-05-01,"Malaysia","Holiday",4958
2006-06-01,"Malaysia","Holiday",7239
2006-07-01,"Malaysia","Holiday",7581
2006-08-01,"Malaysia","Holiday",5593
2006-09-01,"Malaysia","Holiday",9469
2006-10-01,"Malaysia","Holiday",7322
2006-11-01,"Malaysia","Holiday",5131
2006-12-01,"Malaysia","Holiday",12082
2007-01-01,"Malaysia","Holiday",8018
2007-02-01,"Malaysia","Holiday",5118
2007-03-01,"Malaysia","Holiday",7122
2007-04-01,"Malaysia","Holiday",6303
2007-05-01,"Malaysia","Holiday",4399
2007-06-01,"Malaysia","Holiday",7785
2007-07-01,"Malaysia","Holiday",10110
2007-08-01,"Malaysia","Holiday",6180
2007-09-01,"Malaysia","Holiday",10091
2007-10-01,"Malaysia","Holiday",8428
2007-11-01,"Malaysia","Holiday",6892
2007-12-01,"Malaysia","Holiday",12349
2008-01-01,"Malaysia","Holiday",8791
2008-02-01,"Malaysia","Holiday",6103
2008-03-01,"Malaysia","Holiday",8349
2008-04-01,"Malaysia","Holiday",7427
2008-05-01,"Malaysia","Holiday",7308
2008-06-01,"Malaysia","Holiday",9758
2008-07-01,"Malaysia","Holiday",9980
2008-08-01,"Malaysia","Holiday",7822
2008-09-01,"Malaysia","Holiday",9232
2008-10-01,"Malaysia","Holiday",7610
2008-11-01,"Malaysia","Holiday",7391
2008-12-01,"Malaysia","Holiday",14588
2009-01-01,"Malaysia","Holiday",8899
2009-02-01,"Malaysia","Holiday",6379
2009-03-01,"Malaysia","Holiday",7934
2009-04-01,"Malaysia","Holiday",10555
2009-05-01,"Malaysia","Holiday",7600
2009-06-01,"Malaysia","Holiday",10418
2009-07-01,"Malaysia","Holiday",13765
2009-08-01,"Malaysia","Holiday",10055
2009-09-01,"Malaysia","Holiday",12724
2009-10-01,"Malaysia","Holiday",14433
2009-11-01,"Malaysia","Holiday",9524
2009-12-01,"Malaysia","Holiday",15695
2010-01-01,"Malaysia","Holiday",12145
2010-02-01,"Malaysia","Holiday",10255
2010-03-01,"Malaysia","Holiday",14215
2010-04-01,"Malaysia","Holiday",10304
2010-05-01,"Malaysia","Holiday",7545
2010-06-01,"Malaysia","Holiday",12459
2010-07-01,"Malaysia","Holiday",12726
2010-08-01,"Malaysia","Holiday",9660
2010-09-01,"Malaysia","Holiday",15165
2010-10-01,"Malaysia","Holiday",12762
2010-11-01,"Malaysia","Holiday",8486
2010-12-01,"Malaysia","Holiday",15210
2011-01-01,"Malaysia","Holiday",13528
2011-02-01,"Malaysia","Holiday",7984
2011-03-01,"Malaysia","Holiday",9653
2011-04-01,"Malaysia","Holiday",16358
2011-05-01,"Malaysia","Holiday",9305
2011-06-01,"Malaysia","Holiday",10521
2011-07-01,"Malaysia","Holiday",15368
2011-08-01,"Malaysia","Holiday",9014
2011-09-01,"Malaysia","Holiday",13223
2011-10-01,"Malaysia","Holiday",12737
2011-11-01,"Malaysia","Holiday",9696
2011-12-01,"Malaysia","Holiday",16333
2012-01-01,"Malaysia","Holiday",11824
2012-02-01,"Malaysia","Holiday",6793
2012-03-01,"Malaysia","Holiday",10832
2012-04-01,"Malaysia","Holiday",12362
2012-05-01,"Malaysia","Holiday",7862
2012-06-01,"Malaysia","Holiday",13842
2012-07-01,"Malaysia","Holiday",14266
2012-08-01,"Malaysia","Holiday",8900
2012-09-01,"Malaysia","Holiday",13921
2012-10-01,"Malaysia","Holiday",12408
2012-11-01,"Malaysia","Holiday",9280
2012-12-01,"Malaysia","Holiday",18261
2013-01-01,"Malaysia","Holiday",11748
2013-02-01,"Malaysia","Holiday",8967
2013-03-01,"Malaysia","Holiday",13579
2013-04-01,"Malaysia","Holiday",10222
2013-05-01,"Malaysia","Holiday",8638
2013-06-01,"Malaysia","Holiday",12483
2013-07-01,"Malaysia","Holiday",15111
2013-08-01,"Malaysia","Holiday",11484
2013-09-01,"Malaysia","Holiday",15491
2013-10-01,"Malaysia","Holiday",12180
2013-11-01,"Malaysia","Holiday",12082
2013-12-01,"Malaysia","Holiday",21847
2014-01-01,"Malaysia","Holiday",16874
2014-02-01,"Malaysia","Holiday",9393
2014-03-01,"Malaysia","Holiday",12770
2014-04-01,"Malaysia","Holiday",19527
2014-05-01,"Malaysia","Holiday",10337
2014-06-01,"Malaysia","Holiday",13674
2014-07-01,"Malaysia","Holiday",14601
2014-08-01,"Malaysia","Holiday",10807
2014-09-01,"Malaysia","Holiday",15071
2014-10-01,"Malaysia","Holiday",11273
2014-11-01,"Malaysia","Holiday",9222
2014-12-01,"Malaysia","Holiday",20813
2015-01-01,"Malaysia","Holiday",11876
2015-02-01,"Malaysia","Holiday",9657
2015-03-01,"Malaysia","Holiday",9615
2015-04-01,"Malaysia","Holiday",9833
2015-05-01,"Malaysia","Holiday",7038
2015-06-01,"Malaysia","Holiday",10307
2015-07-01,"Malaysia","Holiday",11759
2015-08-01,"Malaysia","Holiday",8728
2015-09-01,"Malaysia","Holiday",12539
2015-10-01,"Malaysia","Holiday",10684
2015-11-01,"Malaysia","Holiday",9005
2015-12-01,"Malaysia","Holiday",18599
2016-01-01,"Malaysia","Holiday",12307
2016-02-01,"Malaysia","Holiday",9285
2016-03-01,"Malaysia","Holiday",11983
2016-04-01,"Malaysia","Holiday",9836
2016-05-01,"Malaysia","Holiday",6723
2016-06-01,"Malaysia","Holiday",11300
2016-07-01,"Malaysia","Holiday",12479
2016-08-01,"Malaysia","Holiday",8995
2016-09-01,"Malaysia","Holiday",14259
2016-10-01,"Malaysia","Holiday",11517
2016-11-01,"Malaysia","Holiday",9094
2016-12-01,"Malaysia","Holiday",17732
2017-01-01,"Malaysia","Holiday",15534
2017-02-01,"Malaysia","Holiday",8553
2017-03-01,"Malaysia","Holiday",9915
2017-04-01,"Malaysia","Holiday",13944
2017-05-01,"Malaysia","Holiday",7992
2017-06-01,"Malaysia","Holiday",13101
2005-01-01,"Malaysia","Other",372
2005-02-01,"Malaysia","Other",460
2005-03-01,"Malaysia","Other",193
2005-04-01,"Malaysia","Other",132
2005-05-01,"Malaysia","Other",316
2005-06-01,"Malaysia","Other",200
2005-07-01,"Malaysia","Other",85
2005-08-01,"Malaysia","Other",289
2005-09-01,"Malaysia","Other",235
2005-10-01,"Malaysia","Other",333
2005-11-01,"Malaysia","Other",310
2005-12-01,"Malaysia","Other",93
2006-01-01,"Malaysia","Other",160
2006-02-01,"Malaysia","Other",307
2006-03-01,"Malaysia","Other",113
2006-04-01,"Malaysia","Other",307
2006-05-01,"Malaysia","Other",311
2006-06-01,"Malaysia","Other",237
2006-07-01,"Malaysia","Other",192
2006-08-01,"Malaysia","Other",267
2006-09-01,"Malaysia","Other",259
2006-10-01,"Malaysia","Other",310
2006-11-01,"Malaysia","Other",326
2006-12-01,"Malaysia","Other",223
2007-01-01,"Malaysia","Other",233
2007-02-01,"Malaysia","Other",181
2007-03-01,"Malaysia","Other",336
2007-04-01,"Malaysia","Other",332
2007-05-01,"Malaysia","Other",305
2007-06-01,"Malaysia","Other",353
2007-07-01,"Malaysia","Other",332
2007-08-01,"Malaysia","Other",403
2007-09-01,"Malaysia","Other",254
2007-10-01,"Malaysia","Other",158
2007-11-01,"Malaysia","Other",255
2007-12-01,"Malaysia","Other",210
2008-01-01,"Malaysia","Other",315
2008-02-01,"Malaysia","Other",126
2008-03-01,"Malaysia","Other",453
2008-04-01,"Malaysia","Other",140
2008-05-01,"Malaysia","Other",256
2008-06-01,"Malaysia","Other",204
2008-07-01,"Malaysia","Other",298
2008-08-01,"Malaysia","Other",327
2008-09-01,"Malaysia","Other",180
2008-10-01,"Malaysia","Other",397
2008-11-01,"Malaysia","Other",534
2008-12-01,"Malaysia","Other",289
2009-01-01,"Malaysia","Other",230
2009-02-01,"Malaysia","Other",152
2009-03-01,"Malaysia","Other",357
2009-04-01,"Malaysia","Other",392
2009-05-01,"Malaysia","Other",408
2009-06-01,"Malaysia","Other",332
2009-07-01,"Malaysia","Other",508
2009-08-01,"Malaysia","Other",288
2009-09-01,"Malaysia","Other",427
2009-10-01,"Malaysia","Other",432
2009-11-01,"Malaysia","Other",589
2009-12-01,"Malaysia","Other",405
2010-01-01,"Malaysia","Other",358
2010-02-01,"Malaysia","Other",292
2010-03-01,"Malaysia","Other",265
2010-04-01,"Malaysia","Other",436
2010-05-01,"Malaysia","Other",443
2010-06-01,"Malaysia","Other",513
2010-07-01,"Malaysia","Other",236
2010-08-01,"Malaysia","Other",267
2010-09-01,"Malaysia","Other",136
2010-10-01,"Malaysia","Other",306
2010-11-01,"Malaysia","Other",531
2010-12-01,"Malaysia","Other",234
2011-01-01,"Malaysia","Other",464
2011-02-01,"Malaysia","Other",194
2011-03-01,"Malaysia","Other",319
2011-04-01,"Malaysia","Other",425
2011-05-01,"Malaysia","Other",585
2011-06-01,"Malaysia","Other",426
2011-07-01,"Malaysia","Other",654
2011-08-01,"Malaysia","Other",248
2011-09-01,"Malaysia","Other",453
2011-10-01,"Malaysia","Other",280
2011-11-01,"Malaysia","Other",477
2011-12-01,"Malaysia","Other",324
2012-01-01,"Malaysia","Other",262
2012-02-01,"Malaysia","Other",143
2012-03-01,"Malaysia","Other",205
2012-04-01,"Malaysia","Other",296
2012-05-01,"Malaysia","Other",137
2012-06-01,"Malaysia","Other",438
2012-07-01,"Malaysia","Other",362
2012-08-01,"Malaysia","Other",311
2012-09-01,"Malaysia","Other",412
2012-10-01,"Malaysia","Other",428
2012-11-01,"Malaysia","Other",290
2012-12-01,"Malaysia","Other",334
2013-01-01,"Malaysia","Other",375
2013-02-01,"Malaysia","Other",97
2013-03-01,"Malaysia","Other",437
2013-04-01,"Malaysia","Other",472
2013-05-01,"Malaysia","Other",410
2013-06-01,"Malaysia","Other",419
2013-07-01,"Malaysia","Other",340
2013-08-01,"Malaysia","Other",315
2013-09-01,"Malaysia","Other",187
2013-10-01,"Malaysia","Other",312
2013-11-01,"Malaysia","Other",187
2013-12-01,"Malaysia","Other",290
2014-01-01,"Malaysia","Other",476
2014-02-01,"Malaysia","Other",260
2014-03-01,"Malaysia","Other",537
2014-04-01,"Malaysia","Other",542
2014-05-01,"Malaysia","Other",233
2014-06-01,"Malaysia","Other",279
2014-07-01,"Malaysia","Other",195
2014-08-01,"Malaysia","Other",356
2014-09-01,"Malaysia","Other",352
2014-10-01,"Malaysia","Other",590
2014-11-01,"Malaysia","Other",466
2014-12-01,"Malaysia","Other",604
2015-01-01,"Malaysia","Other",367
2015-02-01,"Malaysia","Other",269
2015-03-01,"Malaysia","Other",424
2015-04-01,"Malaysia","Other",210
2015-05-01,"Malaysia","Other",177
2015-06-01,"Malaysia","Other",434
2015-07-01,"Malaysia","Other",282
2015-08-01,"Malaysia","Other",156
2015-09-01,"Malaysia","Other",173
2015-10-01,"Malaysia","Other",363
2015-11-01,"Malaysia","Other",222
2015-12-01,"Malaysia","Other",310
2016-01-01,"Malaysia","Other",213
2016-02-01,"Malaysia","Other",119
2016-03-01,"Malaysia","Other",269
2016-04-01,"Malaysia","Other",361
2016-05-01,"Malaysia","Other",374
2016-06-01,"Malaysia","Other",194
2016-07-01,"Malaysia","Other",403
2016-08-01,"Malaysia","Other",284
2016-09-01,"Malaysia","Other",631
2016-10-01,"Malaysia","Other",385
2016-11-01,"Malaysia","Other",366
2016-12-01,"Malaysia","Other",64
2017-01-01,"Malaysia","Other",449
2017-02-01,"Malaysia","Other",215
2017-03-01,"Malaysia","Other",306
2017-04-01,"Malaysia","Other",321
2017-05-01,"Malaysia","Other",378
2017-06-01,"Malaysia","Other",152
2005-01-01,"Malaysia","Visiting Friends or Relatives",3641
2005-02-01,"Malaysia","Visiting Friends or Relatives",3388
2005-03-01,"Malaysia","Visiting Friends or Relatives",3569
2005-04-01,"Malaysia","Visiting Friends or Relatives",2505
2005-05-01,"Malaysia","Visiting Friends or Relatives",2276
2005-06-01,"Malaysia","Visiting Friends or Relatives",3297
2005-07-01,"Malaysia","Visiting Friends or Relatives",2347
2005-08-01,"Malaysia","Visiting Friends or Relatives",2346
2005-09-01,"Malaysia","Visiting Friends or Relatives",2817
2005-10-01,"Malaysia","Visiting Friends or Relatives",2431
2005-11-01,"Malaysia","Visiting Friends or Relatives",3452
2005-12-01,"Malaysia","Visiting Friends or Relatives",6678
2006-01-01,"Malaysia","Visiting Friends or Relatives",5575
2006-02-01,"Malaysia","Visiting Friends or Relatives",2034
2006-03-01,"Malaysia","Visiting Friends or Relatives",3008
2006-04-01,"Malaysia","Visiting Friends or Relatives",2527
2006-05-01,"Malaysia","Visiting Friends or Relatives",2292
2006-06-01,"Malaysia","Visiting Friends or Relatives",3388
2006-07-01,"Malaysia","Visiting Friends or Relatives",2538
2006-08-01,"Malaysia","Visiting Friends or Relatives",2298
2006-09-01,"Malaysia","Visiting Friends or Relatives",3151
2006-10-01,"Malaysia","Visiting Friends or Relatives",2322
2006-11-01,"Malaysia","Visiting Friends or Relatives",2851
2006-12-01,"Malaysia","Visiting Friends or Relatives",6914
2007-01-01,"Malaysia","Visiting Friends or Relatives",3650
2007-02-01,"Malaysia","Visiting Friends or Relatives",4608
2007-03-01,"Malaysia","Visiting Friends or Relatives",3793
2007-04-01,"Malaysia","Visiting Friends or Relatives",2289
2007-05-01,"Malaysia","Visiting Friends or Relatives",2520
2007-06-01,"Malaysia","Visiting Friends or Relatives",3218
2007-07-01,"Malaysia","Visiting Friends or Relatives",3506
2007-08-01,"Malaysia","Visiting Friends or Relatives",2940
2007-09-01,"Malaysia","Visiting Friends or Relatives",3284
2007-10-01,"Malaysia","Visiting Friends or Relatives",2740
2007-11-01,"Malaysia","Visiting Friends or Relatives",3060
2007-12-01,"Malaysia","Visiting Friends or Relatives",8039
2008-01-01,"Malaysia","Visiting Friends or Relatives",3497
2008-02-01,"Malaysia","Visiting Friends or Relatives",3757
2008-03-01,"Malaysia","Visiting Friends or Relatives",4062
2008-04-01,"Malaysia","Visiting Friends or Relatives",2732
2008-05-01,"Malaysia","Visiting Friends or Relatives",1981
2008-06-01,"Malaysia","Visiting Friends or Relatives",2632
2008-07-01,"Malaysia","Visiting Friends or Relatives",3523
2008-08-01,"Malaysia","Visiting Friends or Relatives",2189
2008-09-01,"Malaysia","Visiting Friends or Relatives",3044
2008-10-01,"Malaysia","Visiting Friends or Relatives",2309
2008-11-01,"Malaysia","Visiting Friends or Relatives",3976
2008-12-01,"Malaysia","Visiting Friends or Relatives",8880
2009-01-01,"Malaysia","Visiting Friends or Relatives",6941
2009-02-01,"Malaysia","Visiting Friends or Relatives",3044
2009-03-01,"Malaysia","Visiting Friends or Relatives",3349
2009-04-01,"Malaysia","Visiting Friends or Relatives",5011
2009-05-01,"Malaysia","Visiting Friends or Relatives",3582
2009-06-01,"Malaysia","Visiting Friends or Relatives",3946
2009-07-01,"Malaysia","Visiting Friends or Relatives",4094
2009-08-01,"Malaysia","Visiting Friends or Relatives",3672
2009-09-01,"Malaysia","Visiting Friends or Relatives",4218
2009-10-01,"Malaysia","Visiting Friends or Relatives",5194
2009-11-01,"Malaysia","Visiting Friends or Relatives",4299
2009-12-01,"Malaysia","Visiting Friends or Relatives",9521
2010-01-01,"Malaysia","Visiting Friends or Relatives",4408
2010-02-01,"Malaysia","Visiting Friends or Relatives",6650
2010-03-01,"Malaysia","Visiting Friends or Relatives",5706
2010-04-01,"Malaysia","Visiting Friends or Relatives",3816
2010-05-01,"Malaysia","Visiting Friends or Relatives",4301
2010-06-01,"Malaysia","Visiting Friends or Relatives",4783
2010-07-01,"Malaysia","Visiting Friends or Relatives",4152
2010-08-01,"Malaysia","Visiting Friends or Relatives",3776
2010-09-01,"Malaysia","Visiting Friends or Relatives",4880
2010-10-01,"Malaysia","Visiting Friends or Relatives",4091
2010-11-01,"Malaysia","Visiting Friends or Relatives",4135
2010-12-01,"Malaysia","Visiting Friends or Relatives",8751
2011-01-01,"Malaysia","Visiting Friends or Relatives",8030
2011-02-01,"Malaysia","Visiting Friends or Relatives",3991
2011-03-01,"Malaysia","Visiting Friends or Relatives",4936
2011-04-01,"Malaysia","Visiting Friends or Relatives",5828
2011-05-01,"Malaysia","Visiting Friends or Relatives",3311
2011-06-01,"Malaysia","Visiting Friends or Relatives",4410
2011-07-01,"Malaysia","Visiting Friends or Relatives",4327
2011-08-01,"Malaysia","Visiting Friends or Relatives",3912
2011-09-01,"Malaysia","Visiting Friends or Relatives",4576
2011-10-01,"Malaysia","Visiting Friends or Relatives",3816
2011-11-01,"Malaysia","Visiting Friends or Relatives",4801
2011-12-01,"Malaysia","Visiting Friends or Relatives",10365
2012-01-01,"Malaysia","Visiting Friends or Relatives",9529
2012-02-01,"Malaysia","Visiting Friends or Relatives",3467
2012-03-01,"Malaysia","Visiting Friends or Relatives",5250
2012-04-01,"Malaysia","Visiting Friends or Relatives",5992
2012-05-01,"Malaysia","Visiting Friends or Relatives",4239
2012-06-01,"Malaysia","Visiting Friends or Relatives",4960
2012-07-01,"Malaysia","Visiting Friends or Relatives",5466
2012-08-01,"Malaysia","Visiting Friends or Relatives",4444
2012-09-01,"Malaysia","Visiting Friends or Relatives",5057
2012-10-01,"Malaysia","Visiting Friends or Relatives",4200
2012-11-01,"Malaysia","Visiting Friends or Relatives",5936
2012-12-01,"Malaysia","Visiting Friends or Relatives",10298
2013-01-01,"Malaysia","Visiting Friends or Relatives",5403
2013-02-01,"Malaysia","Visiting Friends or Relatives",7030
2013-03-01,"Malaysia","Visiting Friends or Relatives",6654
2013-04-01,"Malaysia","Visiting Friends or Relatives",5102
2013-05-01,"Malaysia","Visiting Friends or Relatives",4967
2013-06-01,"Malaysia","Visiting Friends or Relatives",4800
2013-07-01,"Malaysia","Visiting Friends or Relatives",5227
2013-08-01,"Malaysia","Visiting Friends or Relatives",5714
2013-09-01,"Malaysia","Visiting Friends or Relatives",5441
2013-10-01,"Malaysia","Visiting Friends or Relatives",3988
2013-11-01,"Malaysia","Visiting Friends or Relatives",6128
2013-12-01,"Malaysia","Visiting Friends or Relatives",11089
2014-01-01,"Malaysia","Visiting Friends or Relatives",11188
2014-02-01,"Malaysia","Visiting Friends or Relatives",3554
2014-03-01,"Malaysia","Visiting Friends or Relatives",5853
2014-04-01,"Malaysia","Visiting Friends or Relatives",6274
2014-05-01,"Malaysia","Visiting Friends or Relatives",6227
2014-06-01,"Malaysia","Visiting Friends or Relatives",5481
2014-07-01,"Malaysia","Visiting Friends or Relatives",6573
2014-08-01,"Malaysia","Visiting Friends or Relatives",4450
2014-09-01,"Malaysia","Visiting Friends or Relatives",6062
2014-10-01,"Malaysia","Visiting Friends or Relatives",5442
2014-11-01,"Malaysia","Visiting Friends or Relatives",6060
2014-12-01,"Malaysia","Visiting Friends or Relatives",11894
2015-01-01,"Malaysia","Visiting Friends or Relatives",6084
2015-02-01,"Malaysia","Visiting Friends or Relatives",9533
2015-03-01,"Malaysia","Visiting Friends or Relatives",6249
2015-04-01,"Malaysia","Visiting Friends or Relatives",6532
2015-05-01,"Malaysia","Visiting Friends or Relatives",4673
2015-06-01,"Malaysia","Visiting Friends or Relatives",6325
2015-07-01,"Malaysia","Visiting Friends or Relatives",5277
2015-08-01,"Malaysia","Visiting Friends or Relatives",4665
2015-09-01,"Malaysia","Visiting Friends or Relatives",6101
2015-10-01,"Malaysia","Visiting Friends or Relatives",5182
2015-11-01,"Malaysia","Visiting Friends or Relatives",4843
2015-12-01,"Malaysia","Visiting Friends or Relatives",12666
2016-01-01,"Malaysia","Visiting Friends or Relatives",7661
2016-02-01,"Malaysia","Visiting Friends or Relatives",6460
2016-03-01,"Malaysia","Visiting Friends or Relatives",7435
2016-04-01,"Malaysia","Visiting Friends or Relatives",5932
2016-05-01,"Malaysia","Visiting Friends or Relatives",5086
2016-06-01,"Malaysia","Visiting Friends or Relatives",5275
2016-07-01,"Malaysia","Visiting Friends or Relatives",6902
2016-08-01,"Malaysia","Visiting Friends or Relatives",4175
2016-09-01,"Malaysia","Visiting Friends or Relatives",6275
2016-10-01,"Malaysia","Visiting Friends or Relatives",5720
2016-11-01,"Malaysia","Visiting Friends or Relatives",5879
2016-12-01,"Malaysia","Visiting Friends or Relatives",11183
2017-01-01,"Malaysia","Visiting Friends or Relatives",12896
2017-02-01,"Malaysia","Visiting Friends or Relatives",4528
2017-03-01,"Malaysia","Visiting Friends or Relatives",6897
2017-04-01,"Malaysia","Visiting Friends or Relatives",6306
2017-05-01,"Malaysia","Visiting Friends or Relatives",4933
2017-06-01,"Malaysia","Visiting Friends or Relatives",6342
2005-01-01,"New Zealand","Business",10349
2005-02-01,"New Zealand","Business",14139
2005-03-01,"New Zealand","Business",16446
2005-04-01,"New Zealand","Business",17836
2005-05-01,"New Zealand","Business",18020
2005-06-01,"New Zealand","Business",13815
2005-07-01,"New Zealand","Business",14316
2005-08-01,"New Zealand","Business",16291
2005-09-01,"New Zealand","Business",15164
2005-10-01,"New Zealand","Business",15909
2005-11-01,"New Zealand","Business",17632
2005-12-01,"New Zealand","Business",9202
2006-01-01,"New Zealand","Business",9676
2006-02-01,"New Zealand","Business",16552
2006-03-01,"New Zealand","Business",16194
2006-04-01,"New Zealand","Business",16237
2006-05-01,"New Zealand","Business",17429
2006-06-01,"New Zealand","Business",14575
2006-07-01,"New Zealand","Business",14624
2006-08-01,"New Zealand","Business",17048
2006-09-01,"New Zealand","Business",16918
2006-10-01,"New Zealand","Business",18208
2006-11-01,"New Zealand","Business",16236
2006-12-01,"New Zealand","Business",10167
2007-01-01,"New Zealand","Business",10593
2007-02-01,"New Zealand","Business",14836
2007-03-01,"New Zealand","Business",18561
2007-04-01,"New Zealand","Business",14683
2007-05-01,"New Zealand","Business",18217
2007-06-01,"New Zealand","Business",14103
2007-07-01,"New Zealand","Business",16904
2007-08-01,"New Zealand","Business",17171
2007-09-01,"New Zealand","Business",15062
2007-10-01,"New Zealand","Business",16733
2007-11-01,"New Zealand","Business",16613
2007-12-01,"New Zealand","Business",10482
2008-01-01,"New Zealand","Business",11597
2008-02-01,"New Zealand","Business",16361
2008-03-01,"New Zealand","Business",15684
2008-04-01,"New Zealand","Business",15966
2008-05-01,"New Zealand","Business",13405
2008-06-01,"New Zealand","Business",14503
2008-07-01,"New Zealand","Business",15271
2008-08-01,"New Zealand","Business",17718
2008-09-01,"New Zealand","Business",16017
2008-10-01,"New Zealand","Business",14059
2008-11-01,"New Zealand","Business",16822
2008-12-01,"New Zealand","Business",9243
2009-01-01,"New Zealand","Business",8319
2009-02-01,"New Zealand","Business",15348
2009-03-01,"New Zealand","Business",17646
2009-04-01,"New Zealand","Business",9816
2009-05-01,"New Zealand","Business",12302
2009-06-01,"New Zealand","Business",11505
2009-07-01,"New Zealand","Business",13024
2009-08-01,"New Zealand","Business",16503
2009-09-01,"New Zealand","Business",14607
2009-10-01,"New Zealand","Business",14096
2009-11-01,"New Zealand","Business",18285
2009-12-01,"New Zealand","Business",9749
2010-01-01,"New Zealand","Business",9765
2010-02-01,"New Zealand","Business",14851
2010-03-01,"New Zealand","Business",19266
2010-04-01,"New Zealand","Business",14847
2010-05-01,"New Zealand","Business",16078
2010-06-01,"New Zealand","Business",13389
2010-07-01,"New Zealand","Business",15053
2010-08-01,"New Zealand","Business",17120
2010-09-01,"New Zealand","Business",14728
2010-10-01,"New Zealand","Business",19165
2010-11-01,"New Zealand","Business",17837
2010-12-01,"New Zealand","Business",10120
2011-01-01,"New Zealand","Business",11357
2011-02-01,"New Zealand","Business",17354
2011-03-01,"New Zealand","Business",17761
2011-04-01,"New Zealand","Business",13246
2011-05-01,"New Zealand","Business",15681
2011-06-01,"New Zealand","Business",13874
2011-07-01,"New Zealand","Business",13438
2011-08-01,"New Zealand","Business",15721
2011-09-01,"New Zealand","Business",14512
2011-10-01,"New Zealand","Business",17544
2011-11-01,"New Zealand","Business",20396
2011-12-01,"New Zealand","Business",9500
2012-01-01,"New Zealand","Business",9130
2012-02-01,"New Zealand","Business",17155
2012-03-01,"New Zealand","Business",17224
2012-04-01,"New Zealand","Business",14498
2012-05-01,"New Zealand","Business",15212
2012-06-01,"New Zealand","Business",13719
2012-07-01,"New Zealand","Business",14715
2012-08-01,"New Zealand","Business",17504
2012-09-01,"New Zealand","Business",14056
2012-10-01,"New Zealand","Business",17548
2012-11-01,"New Zealand","Business",15436
2012-12-01,"New Zealand","Business",9132
2013-01-01,"New Zealand","Business",8992
2013-02-01,"New Zealand","Business",15817
2013-03-01,"New Zealand","Business",16373
2013-04-01,"New Zealand","Business",15846
2013-05-01,"New Zealand","Business",16669
2013-06-01,"New Zealand","Business",13179
2013-07-01,"New Zealand","Business",14793
2013-08-01,"New Zealand","Business",16955
2013-09-01,"New Zealand","Business",15452
2013-10-01,"New Zealand","Business",15639
2013-11-01,"New Zealand","Business",18718
2013-12-01,"New Zealand","Business",11256
2014-01-01,"New Zealand","Business",10267
2014-02-01,"New Zealand","Business",18041
2014-03-01,"New Zealand","Business",18319
2014-04-01,"New Zealand","Business",12919
2014-05-01,"New Zealand","Business",15238
2014-06-01,"New Zealand","Business",15839
2014-07-01,"New Zealand","Business",12446
2014-08-01,"New Zealand","Business",17951
2014-09-01,"New Zealand","Business",16657
2014-10-01,"New Zealand","Business",17248
2014-11-01,"New Zealand","Business",19637
2014-12-01,"New Zealand","Business",10538
2015-01-01,"New Zealand","Business",12915
2015-02-01,"New Zealand","Business",16374
2015-03-01,"New Zealand","Business",21157
2015-04-01,"New Zealand","Business",15488
2015-05-01,"New Zealand","Business",16034
2015-06-01,"New Zealand","Business",16538
2015-07-01,"New Zealand","Business",14578
2015-08-01,"New Zealand","Business",17299
2015-09-01,"New Zealand","Business",16900
2015-10-01,"New Zealand","Business",16298
2015-11-01,"New Zealand","Business",21866
2015-12-01,"New Zealand","Business",9992
2016-01-01,"New Zealand","Business",11240
2016-02-01,"New Zealand","Business",19079
2016-03-01,"New Zealand","Business",16086
2016-04-01,"New Zealand","Business",17583
2016-05-01,"New Zealand","Business",17383
2016-06-01,"New Zealand","Business",13855
2016-07-01,"New Zealand","Business",15106
2016-08-01,"New Zealand","Business",18845
2016-09-01,"New Zealand","Business",18045
2016-10-01,"New Zealand","Business",18457
2016-11-01,"New Zealand","Business",18791
2016-12-01,"New Zealand","Business",10300
2017-01-01,"New Zealand","Business",12432
2017-02-01,"New Zealand","Business",19111
2017-03-01,"New Zealand","Business",19670
2017-04-01,"New Zealand","Business",16193
2017-05-01,"New Zealand","Business",16585
2017-06-01,"New Zealand","Business",13320
2005-01-01,"New Zealand","Education",464
2005-02-01,"New Zealand","Education",317
2005-03-01,"New Zealand","Education",144
2005-04-01,"New Zealand","Education",765
2005-05-01,"New Zealand","Education",401
2005-06-01,"New Zealand","Education",730
2005-07-01,"New Zealand","Education",902
2005-08-01,"New Zealand","Education",493
2005-09-01,"New Zealand","Education",692
2005-10-01,"New Zealand","Education",266
2005-11-01,"New Zealand","Education",563
2005-12-01,"New Zealand","Education",210
2006-01-01,"New Zealand","Education",446
2006-02-01,"New Zealand","Education",711
2006-03-01,"New Zealand","Education",351
2006-04-01,"New Zealand","Education",1060
2006-05-01,"New Zealand","Education",167
2006-06-01,"New Zealand","Education",1086
2006-07-01,"New Zealand","Education",758
2006-08-01,"New Zealand","Education",551
2006-09-01,"New Zealand","Education",918
2006-10-01,"New Zealand","Education",507
2006-11-01,"New Zealand","Education",471
2006-12-01,"New Zealand","Education",229
2007-01-01,"New Zealand","Education",322
2007-02-01,"New Zealand","Education",183
2007-03-01,"New Zealand","Education",397
2007-04-01,"New Zealand","Education",790
2007-05-01,"New Zealand","Education",315
2007-06-01,"New Zealand","Education",1069
2007-07-01,"New Zealand","Education",511
2007-08-01,"New Zealand","Education",519
2007-09-01,"New Zealand","Education",609
2007-10-01,"New Zealand","Education",715
2007-11-01,"New Zealand","Education",566
2007-12-01,"New Zealand","Education",255
2008-01-01,"New Zealand","Education",555
2008-02-01,"New Zealand","Education",493
2008-03-01,"New Zealand","Education",213
2008-04-01,"New Zealand","Education",404
2008-05-01,"New Zealand","Education",365
2008-06-01,"New Zealand","Education",494
2008-07-01,"New Zealand","Education",779
2008-08-01,"New Zealand","Education",458
2008-09-01,"New Zealand","Education",756
2008-10-01,"New Zealand","Education",394
2008-11-01,"New Zealand","Education",501
2008-12-01,"New Zealand","Education",204
2009-01-01,"New Zealand","Education",297
2009-02-01,"New Zealand","Education",338
2009-03-01,"New Zealand","Education",339
2009-04-01,"New Zealand","Education",854
2009-05-01,"New Zealand","Education",172
2009-06-01,"New Zealand","Education",991
2009-07-01,"New Zealand","Education",687
2009-08-01,"New Zealand","Education",391
2009-09-01,"New Zealand","Education",788
2009-10-01,"New Zealand","Education",398
2009-11-01,"New Zealand","Education",517
2009-12-01,"New Zealand","Education",532
2010-01-01,"New Zealand","Education",484
2010-02-01,"New Zealand","Education",288
2010-03-01,"New Zealand","Education",899
2010-04-01,"New Zealand","Education",674
2010-05-01,"New Zealand","Education",286
2010-06-01,"New Zealand","Education",1043
2010-07-01,"New Zealand","Education",845
2010-08-01,"New Zealand","Education",654
2010-09-01,"New Zealand","Education",761
2010-10-01,"New Zealand","Education",582
2010-11-01,"New Zealand","Education",563
2010-12-01,"New Zealand","Education",110
2011-01-01,"New Zealand","Education",601
2011-02-01,"New Zealand","Education",583
2011-03-01,"New Zealand","Education",274
2011-04-01,"New Zealand","Education",776
2011-05-01,"New Zealand","Education",466
2011-06-01,"New Zealand","Education",561
2011-07-01,"New Zealand","Education",587
2011-08-01,"New Zealand","Education",229
2011-09-01,"New Zealand","Education",349
2011-10-01,"New Zealand","Education",316
2011-11-01,"New Zealand","Education",748
2011-12-01,"New Zealand","Education",328
2012-01-01,"New Zealand","Education",457
2012-02-01,"New Zealand","Education",516
2012-03-01,"New Zealand","Education",585
2012-04-01,"New Zealand","Education",354
2012-05-01,"New Zealand","Education",277
2012-06-01,"New Zealand","Education",1362
2012-07-01,"New Zealand","Education",1008
2012-08-01,"New Zealand","Education",533
2012-09-01,"New Zealand","Education",988
2012-10-01,"New Zealand","Education",153
2012-11-01,"New Zealand","Education",755
2012-12-01,"New Zealand","Education",421
2013-01-01,"New Zealand","Education",533
2013-02-01,"New Zealand","Education",275
2013-03-01,"New Zealand","Education",412
2013-04-01,"New Zealand","Education",403
2013-05-01,"New Zealand","Education",421
2013-06-01,"New Zealand","Education",469
2013-07-01,"New Zealand","Education",626
2013-08-01,"New Zealand","Education",623
2013-09-01,"New Zealand","Education",778
2013-10-01,"New Zealand","Education",328
2013-11-01,"New Zealand","Education",956
2013-12-01,"New Zealand","Education",674
2014-01-01,"New Zealand","Education",674
2014-02-01,"New Zealand","Education",441
2014-03-01,"New Zealand","Education",361
2014-04-01,"New Zealand","Education",710
2014-05-01,"New Zealand","Education",145
2014-06-01,"New Zealand","Education",298
2014-07-01,"New Zealand","Education",675
2014-08-01,"New Zealand","Education",539
2014-09-01,"New Zealand","Education",917
2014-10-01,"New Zealand","Education",92
2014-11-01,"New Zealand","Education",593
2014-12-01,"New Zealand","Education",644
2015-01-01,"New Zealand","Education",1074
2015-02-01,"New Zealand","Education",498
2015-03-01,"New Zealand","Education",432
2015-04-01,"New Zealand","Education",449
2015-05-01,"New Zealand","Education",287
2015-06-01,"New Zealand","Education",633
2015-07-01,"New Zealand","Education",711
2015-08-01,"New Zealand","Education",333
2015-09-01,"New Zealand","Education",850
2015-10-01,"New Zealand","Education",450
2015-11-01,"New Zealand","Education",1010
2015-12-01,"New Zealand","Education",432
2016-01-01,"New Zealand","Education",1244
2016-02-01,"New Zealand","Education",593
2016-03-01,"New Zealand","Education",607
2016-04-01,"New Zealand","Education",697
2016-05-01,"New Zealand","Education",292
2016-06-01,"New Zealand","Education",707
2016-07-01,"New Zealand","Education",649
2016-08-01,"New Zealand","Education",496
2016-09-01,"New Zealand","Education",1281
2016-10-01,"New Zealand","Education",400
2016-11-01,"New Zealand","Education",884
2016-12-01,"New Zealand","Education",717
2017-01-01,"New Zealand","Education",1228
2017-02-01,"New Zealand","Education",506
2017-03-01,"New Zealand","Education",690
2017-04-01,"New Zealand","Education",666
2017-05-01,"New Zealand","Education",205
2017-06-01,"New Zealand","Education",1065
2005-01-01,"New Zealand","Employment",995
2005-02-01,"New Zealand","Employment",527
2005-03-01,"New Zealand","Employment",418
2005-04-01,"New Zealand","Employment",793
2005-05-01,"New Zealand","Employment",816
2005-06-01,"New Zealand","Employment",761
2005-07-01,"New Zealand","Employment",402
2005-08-01,"New Zealand","Employment",430
2005-09-01,"New Zealand","Employment",529
2005-10-01,"New Zealand","Employment",757
2005-11-01,"New Zealand","Employment",650
2005-12-01,"New Zealand","Employment",497
2006-01-01,"New Zealand","Employment",878
2006-02-01,"New Zealand","Employment",846
2006-03-01,"New Zealand","Employment",744
2006-04-01,"New Zealand","Employment",606
2006-05-01,"New Zealand","Employment",479
2006-06-01,"New Zealand","Employment",715
2006-07-01,"New Zealand","Employment",884
2006-08-01,"New Zealand","Employment",683
2006-09-01,"New Zealand","Employment",447
2006-10-01,"New Zealand","Employment",557
2006-11-01,"New Zealand","Employment",344
2006-12-01,"New Zealand","Employment",686
2007-01-01,"New Zealand","Employment",1028
2007-02-01,"New Zealand","Employment",788
2007-03-01,"New Zealand","Employment",963
2007-04-01,"New Zealand","Employment",969
2007-05-01,"New Zealand","Employment",726
2007-06-01,"New Zealand","Employment",801
2007-07-01,"New Zealand","Employment",562
2007-08-01,"New Zealand","Employment",931
2007-09-01,"New Zealand","Employment",695
2007-10-01,"New Zealand","Employment",491
2007-11-01,"New Zealand","Employment",978
2007-12-01,"New Zealand","Employment",984
2008-01-01,"New Zealand","Employment",1543
2008-02-01,"New Zealand","Employment",601
2008-03-01,"New Zealand","Employment",1020
2008-04-01,"New Zealand","Employment",715
2008-05-01,"New Zealand","Employment",894
2008-06-01,"New Zealand","Employment",562
2008-07-01,"New Zealand","Employment",1103
2008-08-01,"New Zealand","Employment",840
2008-09-01,"New Zealand","Employment",813
2008-10-01,"New Zealand","Employment",1019
2008-11-01,"New Zealand","Employment",436
2008-12-01,"New Zealand","Employment",732
2009-01-01,"New Zealand","Employment",1168
2009-02-01,"New Zealand","Employment",1015
2009-03-01,"New Zealand","Employment",983
2009-04-01,"New Zealand","Employment",385
2009-05-01,"New Zealand","Employment",879
2009-06-01,"New Zealand","Employment",845
2009-07-01,"New Zealand","Employment",695
2009-08-01,"New Zealand","Employment",543
2009-09-01,"New Zealand","Employment",479
2009-10-01,"New Zealand","Employment",545
2009-11-01,"New Zealand","Employment",427
2009-12-01,"New Zealand","Employment",554
2010-01-01,"New Zealand","Employment",915
2010-02-01,"New Zealand","Employment",1064
2010-03-01,"New Zealand","Employment",1014
2010-04-01,"New Zealand","Employment",807
2010-05-01,"New Zealand","Employment",832
2010-06-01,"New Zealand","Employment",535
2010-07-01,"New Zealand","Employment",553
2010-08-01,"New Zealand","Employment",861
2010-09-01,"New Zealand","Employment",793
2010-10-01,"New Zealand","Employment",606
2010-11-01,"New Zealand","Employment",765
2010-12-01,"New Zealand","Employment",962
2011-01-01,"New Zealand","Employment",764
2011-02-01,"New Zealand","Employment",920
2011-03-01,"New Zealand","Employment",570
2011-04-01,"New Zealand","Employment",539
2011-05-01,"New Zealand","Employment",886
2011-06-01,"New Zealand","Employment",832
2011-07-01,"New Zealand","Employment",918
2011-08-01,"New Zealand","Employment",1267
2011-09-01,"New Zealand","Employment",797
2011-10-01,"New Zealand","Employment",968
2011-11-01,"New Zealand","Employment",667
2011-12-01,"New Zealand","Employment",628
2012-01-01,"New Zealand","Employment",923
2012-02-01,"New Zealand","Employment",865
2012-03-01,"New Zealand","Employment",774
2012-04-01,"New Zealand","Employment",644
2012-05-01,"New Zealand","Employment",569
2012-06-01,"New Zealand","Employment",564
2012-07-01,"New Zealand","Employment",368
2012-08-01,"New Zealand","Employment",710
2012-09-01,"New Zealand","Employment",854
2012-10-01,"New Zealand","Employment",885
2012-11-01,"New Zealand","Employment",587
2012-12-01,"New Zealand","Employment",722
2013-01-01,"New Zealand","Employment",1011
2013-02-01,"New Zealand","Employment",717
2013-03-01,"New Zealand","Employment",1125
2013-04-01,"New Zealand","Employment",553
2013-05-01,"New Zealand","Employment",812
2013-06-01,"New Zealand","Employment",667
2013-07-01,"New Zealand","Employment",894
2013-08-01,"New Zealand","Employment",649
2013-09-01,"New Zealand","Employment",891
2013-10-01,"New Zealand","Employment",1039
2013-11-01,"New Zealand","Employment",1158
2013-12-01,"New Zealand","Employment",830
2014-01-01,"New Zealand","Employment",1322
2014-02-01,"New Zealand","Employment",1176
2014-03-01,"New Zealand","Employment",1140
2014-04-01,"New Zealand","Employment",708
2014-05-01,"New Zealand","Employment",988
2014-06-01,"New Zealand","Employment",950
2014-07-01,"New Zealand","Employment",589
2014-08-01,"New Zealand","Employment",614
2014-09-01,"New Zealand","Employment",1005
2014-10-01,"New Zealand","Employment",1292
2014-11-01,"New Zealand","Employment",1319
2014-12-01,"New Zealand","Employment",1034
2015-01-01,"New Zealand","Employment",1103
2015-02-01,"New Zealand","Employment",1201
2015-03-01,"New Zealand","Employment",1615
2015-04-01,"New Zealand","Employment",1620
2015-05-01,"New Zealand","Employment",1183
2015-06-01,"New Zealand","Employment",1857
2015-07-01,"New Zealand","Employment",1765
2015-08-01,"New Zealand","Employment",1403
2015-09-01,"New Zealand","Employment",922
2015-10-01,"New Zealand","Employment",1033
2015-11-01,"New Zealand","Employment",1714
2015-12-01,"New Zealand","Employment",1731
2016-01-01,"New Zealand","Employment",1436
2016-02-01,"New Zealand","Employment",1384
2016-03-01,"New Zealand","Employment",1609
2016-04-01,"New Zealand","Employment",811
2016-05-01,"New Zealand","Employment",926
2016-06-01,"New Zealand","Employment",1193
2016-07-01,"New Zealand","Employment",987
2016-08-01,"New Zealand","Employment",1965
2016-09-01,"New Zealand","Employment",1369
2016-10-01,"New Zealand","Employment",1736
2016-11-01,"New Zealand","Employment",1422
2016-12-01,"New Zealand","Employment",1939
2017-01-01,"New Zealand","Employment",2350
2017-02-01,"New Zealand","Employment",1854
2017-03-01,"New Zealand","Employment",1710
2017-04-01,"New Zealand","Employment",1471
2017-05-01,"New Zealand","Employment",1311
2017-06-01,"New Zealand","Employment",1287
2005-01-01,"New Zealand","Holiday",33676
2005-02-01,"New Zealand","Holiday",30367
2005-03-01,"New Zealand","Holiday",35279
2005-04-01,"New Zealand","Holiday",26013
2005-05-01,"New Zealand","Holiday",13153
2005-06-01,"New Zealand","Holiday",20778
2005-07-01,"New Zealand","Holiday",26194
2005-08-01,"New Zealand","Holiday",26269
2005-09-01,"New Zealand","Holiday",38869
2005-10-01,"New Zealand","Holiday",23363
2005-11-01,"New Zealand","Holiday",21680
2005-12-01,"New Zealand","Holiday",49010
2006-01-01,"New Zealand","Holiday",35985
2006-02-01,"New Zealand","Holiday",28117
2006-03-01,"New Zealand","Holiday",32049
2006-04-01,"New Zealand","Holiday",31024
2006-05-01,"New Zealand","Holiday",14246
2006-06-01,"New Zealand","Holiday",17989
2006-07-01,"New Zealand","Holiday",28960
2006-08-01,"New Zealand","Holiday",31438
2006-09-01,"New Zealand","Holiday",36746
2006-10-01,"New Zealand","Holiday",26590
2006-11-01,"New Zealand","Holiday",26620
2006-12-01,"New Zealand","Holiday",50594
2007-01-01,"New Zealand","Holiday",32527
2007-02-01,"New Zealand","Holiday",31707
2007-03-01,"New Zealand","Holiday",35346
2007-04-01,"New Zealand","Holiday",30306
2007-05-01,"New Zealand","Holiday",17138
2007-06-01,"New Zealand","Holiday",21840
2007-07-01,"New Zealand","Holiday",36272
2007-08-01,"New Zealand","Holiday",36710
2007-09-01,"New Zealand","Holiday",41955
2007-10-01,"New Zealand","Holiday",27139
2007-11-01,"New Zealand","Holiday",31398
2007-12-01,"New Zealand","Holiday",53163
2008-01-01,"New Zealand","Holiday",40445
2008-02-01,"New Zealand","Holiday",38703
2008-03-01,"New Zealand","Holiday",40016
2008-04-01,"New Zealand","Holiday",27934
2008-05-01,"New Zealand","Holiday",18681
2008-06-01,"New Zealand","Holiday",25385
2008-07-01,"New Zealand","Holiday",35428
2008-08-01,"New Zealand","Holiday",35922
2008-09-01,"New Zealand","Holiday",37316
2008-10-01,"New Zealand","Holiday",28510
2008-11-01,"New Zealand","Holiday",30297
2008-12-01,"New Zealand","Holiday",60911
2009-01-01,"New Zealand","Holiday",38012
2009-02-01,"New Zealand","Holiday",35378
2009-03-01,"New Zealand","Holiday",35883
2009-04-01,"New Zealand","Holiday",39211
2009-05-01,"New Zealand","Holiday",26144
2009-06-01,"New Zealand","Holiday",25960
2009-07-01,"New Zealand","Holiday",48531
2009-08-01,"New Zealand","Holiday",43960
2009-09-01,"New Zealand","Holiday",46687
2009-10-01,"New Zealand","Holiday",38146
2009-11-01,"New Zealand","Holiday",35894
2009-12-01,"New Zealand","Holiday",66679
2010-01-01,"New Zealand","Holiday",46772
2010-02-01,"New Zealand","Holiday",39573
2010-03-01,"New Zealand","Holiday",46501
2010-04-01,"New Zealand","Holiday",39910
2010-05-01,"New Zealand","Holiday",21453
2010-06-01,"New Zealand","Holiday",34722
2010-07-01,"New Zealand","Holiday",53035
2010-08-01,"New Zealand","Holiday",41743
2010-09-01,"New Zealand","Holiday",48154
2010-10-01,"New Zealand","Holiday",31408
2010-11-01,"New Zealand","Holiday",34683
2010-12-01,"New Zealand","Holiday",68668
2011-01-01,"New Zealand","Holiday",47600
2011-02-01,"New Zealand","Holiday",40242
2011-03-01,"New Zealand","Holiday",38797
2011-04-01,"New Zealand","Holiday",44884
2011-05-01,"New Zealand","Holiday",20930
2011-06-01,"New Zealand","Holiday",26561
2011-07-01,"New Zealand","Holiday",46477
2011-08-01,"New Zealand","Holiday",44281
2011-09-01,"New Zealand","Holiday",53646
2011-10-01,"New Zealand","Holiday",44413
2011-11-01,"New Zealand","Holiday",34527
2011-12-01,"New Zealand","Holiday",73960
2012-01-01,"New Zealand","Holiday",47797
2012-02-01,"New Zealand","Holiday",37350
2012-03-01,"New Zealand","Holiday",42599
2012-04-01,"New Zealand","Holiday",40089
2012-05-01,"New Zealand","Holiday",20208
2012-06-01,"New Zealand","Holiday",33790
2012-07-01,"New Zealand","Holiday",44922
2012-08-01,"New Zealand","Holiday",40795
2012-09-01,"New Zealand","Holiday",44346
2012-10-01,"New Zealand","Holiday",29258
2012-11-01,"New Zealand","Holiday",37539
2012-12-01,"New Zealand","Holiday",73215
2013-01-01,"New Zealand","Holiday",48493
2013-02-01,"New Zealand","Holiday",37827
2013-03-01,"New Zealand","Holiday",49297
2013-04-01,"New Zealand","Holiday",41978
2013-05-01,"New Zealand","Holiday",24004
2013-06-01,"New Zealand","Holiday",37724
2013-07-01,"New Zealand","Holiday",47195
2013-08-01,"New Zealand","Holiday",46123
2013-09-01,"New Zealand","Holiday",48865
2013-10-01,"New Zealand","Holiday",35017
2013-11-01,"New Zealand","Holiday",45654
2013-12-01,"New Zealand","Holiday",81666
2014-01-01,"New Zealand","Holiday",52709
2014-02-01,"New Zealand","Holiday",45584
2014-03-01,"New Zealand","Holiday",48498
2014-04-01,"New Zealand","Holiday",49737
2014-05-01,"New Zealand","Holiday",24268
2014-06-01,"New Zealand","Holiday",35392
2014-07-01,"New Zealand","Holiday",52426
2014-08-01,"New Zealand","Holiday",47736
2014-09-01,"New Zealand","Holiday",48820
2014-10-01,"New Zealand","Holiday",39345
2014-11-01,"New Zealand","Holiday",44638
2014-12-01,"New Zealand","Holiday",78715
2015-01-01,"New Zealand","Holiday",60567
2015-02-01,"New Zealand","Holiday",48466
2015-03-01,"New Zealand","Holiday",46401
2015-04-01,"New Zealand","Holiday",48237
2015-05-01,"New Zealand","Holiday",26093
2015-06-01,"New Zealand","Holiday",37999
2015-07-01,"New Zealand","Holiday",50212
2015-08-01,"New Zealand","Holiday",46125
2015-09-01,"New Zealand","Holiday",55106
2015-10-01,"New Zealand","Holiday",46345
2015-11-01,"New Zealand","Holiday",50064
2015-12-01,"New Zealand","Holiday",91042
2016-01-01,"New Zealand","Holiday",67114
2016-02-01,"New Zealand","Holiday",54398
2016-03-01,"New Zealand","Holiday",63997
2016-04-01,"New Zealand","Holiday",45215
2016-05-01,"New Zealand","Holiday",28985
2016-06-01,"New Zealand","Holiday",44469
2016-07-01,"New Zealand","Holiday",58258
2016-08-01,"New Zealand","Holiday",54612
2016-09-01,"New Zealand","Holiday",63783
2016-10-01,"New Zealand","Holiday",49010
2016-11-01,"New Zealand","Holiday",51743
2016-12-01,"New Zealand","Holiday",99750
2017-01-01,"New Zealand","Holiday",70876
2017-02-01,"New Zealand","Holiday",59503
2017-03-01,"New Zealand","Holiday",59677
2017-04-01,"New Zealand","Holiday",68119
2017-05-01,"New Zealand","Holiday",34531
2017-06-01,"New Zealand","Holiday",50922
2005-01-01,"New Zealand","Other",1491
2005-02-01,"New Zealand","Other",955
2005-03-01,"New Zealand","Other",1418
2005-04-01,"New Zealand","Other",1622
2005-05-01,"New Zealand","Other",1133
2005-06-01,"New Zealand","Other",1318
2005-07-01,"New Zealand","Other",1237
2005-08-01,"New Zealand","Other",1392
2005-09-01,"New Zealand","Other",1548
2005-10-01,"New Zealand","Other",1300
2005-11-01,"New Zealand","Other",857
2005-12-01,"New Zealand","Other",941
2006-01-01,"New Zealand","Other",1557
2006-02-01,"New Zealand","Other",1285
2006-03-01,"New Zealand","Other",1773
2006-04-01,"New Zealand","Other",1597
2006-05-01,"New Zealand","Other",858
2006-06-01,"New Zealand","Other",1611
2006-07-01,"New Zealand","Other",713
2006-08-01,"New Zealand","Other",1010
2006-09-01,"New Zealand","Other",1229
2006-10-01,"New Zealand","Other",1614
2006-11-01,"New Zealand","Other",1503
2006-12-01,"New Zealand","Other",855
2007-01-01,"New Zealand","Other",1484
2007-02-01,"New Zealand","Other",1685
2007-03-01,"New Zealand","Other",1962
2007-04-01,"New Zealand","Other",1544
2007-05-01,"New Zealand","Other",1466
2007-06-01,"New Zealand","Other",1191
2007-07-01,"New Zealand","Other",1093
2007-08-01,"New Zealand","Other",1225
2007-09-01,"New Zealand","Other",1396
2007-10-01,"New Zealand","Other",1452
2007-11-01,"New Zealand","Other",1248
2007-12-01,"New Zealand","Other",918
2008-01-01,"New Zealand","Other",1887
2008-02-01,"New Zealand","Other",1358
2008-03-01,"New Zealand","Other",2266
2008-04-01,"New Zealand","Other",1543
2008-05-01,"New Zealand","Other",1612
2008-06-01,"New Zealand","Other",951
2008-07-01,"New Zealand","Other",1307
2008-08-01,"New Zealand","Other",1072
2008-09-01,"New Zealand","Other",2058
2008-10-01,"New Zealand","Other",1479
2008-11-01,"New Zealand","Other",1261
2008-12-01,"New Zealand","Other",1321
2009-01-01,"New Zealand","Other",1661
2009-02-01,"New Zealand","Other",1026
2009-03-01,"New Zealand","Other",1031
2009-04-01,"New Zealand","Other",1437
2009-05-01,"New Zealand","Other",1313
2009-06-01,"New Zealand","Other",1574
2009-07-01,"New Zealand","Other",1340
2009-08-01,"New Zealand","Other",1269
2009-09-01,"New Zealand","Other",1869
2009-10-01,"New Zealand","Other",1596
2009-11-01,"New Zealand","Other",1268
2009-12-01,"New Zealand","Other",1194
2010-01-01,"New Zealand","Other",1431
2010-02-01,"New Zealand","Other",1736
2010-03-01,"New Zealand","Other",2176
2010-04-01,"New Zealand","Other",1517
2010-05-01,"New Zealand","Other",1229
2010-06-01,"New Zealand","Other",1559
2010-07-01,"New Zealand","Other",1351
2010-08-01,"New Zealand","Other",1779
2010-09-01,"New Zealand","Other",1029
2010-10-01,"New Zealand","Other",1668
2010-11-01,"New Zealand","Other",1634
2010-12-01,"New Zealand","Other",849
2011-01-01,"New Zealand","Other",2001
2011-02-01,"New Zealand","Other",1942
2011-03-01,"New Zealand","Other",1335
2011-04-01,"New Zealand","Other",1751
2011-05-01,"New Zealand","Other",1116
2011-06-01,"New Zealand","Other",1132
2011-07-01,"New Zealand","Other",1366
2011-08-01,"New Zealand","Other",1983
2011-09-01,"New Zealand","Other",1759
2011-10-01,"New Zealand","Other",2846
2011-11-01,"New Zealand","Other",1870
2011-12-01,"New Zealand","Other",1237
2012-01-01,"New Zealand","Other",2177
2012-02-01,"New Zealand","Other",1931
2012-03-01,"New Zealand","Other",1592
2012-04-01,"New Zealand","Other",1771
2012-05-01,"New Zealand","Other",1685
2012-06-01,"New Zealand","Other",1436
2012-07-01,"New Zealand","Other",1576
2012-08-01,"New Zealand","Other",1447
2012-09-01,"New Zealand","Other",1734
2012-10-01,"New Zealand","Other",2166
2012-11-01,"New Zealand","Other",1822
2012-12-01,"New Zealand","Other",1802
2013-01-01,"New Zealand","Other",2264
2013-02-01,"New Zealand","Other",2109
2013-03-01,"New Zealand","Other",1632
2013-04-01,"New Zealand","Other",1441
2013-05-01,"New Zealand","Other",1268
2013-06-01,"New Zealand","Other",1432
2013-07-01,"New Zealand","Other",1830
2013-08-01,"New Zealand","Other",1523
2013-09-01,"New Zealand","Other",1567
2013-10-01,"New Zealand","Other",1655
2013-11-01,"New Zealand","Other",1435
2013-12-01,"New Zealand","Other",1267
2014-01-01,"New Zealand","Other",2276
2014-02-01,"New Zealand","Other",1908
2014-03-01,"New Zealand","Other",1318
2014-04-01,"New Zealand","Other",1586
2014-05-01,"New Zealand","Other",1520
2014-06-01,"New Zealand","Other",1345
2014-07-01,"New Zealand","Other",1762
2014-08-01,"New Zealand","Other",1677
2014-09-01,"New Zealand","Other",1784
2014-10-01,"New Zealand","Other",2013
2014-11-01,"New Zealand","Other",1878
2014-12-01,"New Zealand","Other",2781
2015-01-01,"New Zealand","Other",2650
2015-02-01,"New Zealand","Other",2330
2015-03-01,"New Zealand","Other",1854
2015-04-01,"New Zealand","Other",2418
2015-05-01,"New Zealand","Other",1260
2015-06-01,"New Zealand","Other",1362
2015-07-01,"New Zealand","Other",1814
2015-08-01,"New Zealand","Other",956
2015-09-01,"New Zealand","Other",1825
2015-10-01,"New Zealand","Other",1416
2015-11-01,"New Zealand","Other",1325
2015-12-01,"New Zealand","Other",874
2016-01-01,"New Zealand","Other",1578
2016-02-01,"New Zealand","Other",1609
2016-03-01,"New Zealand","Other",1874
2016-04-01,"New Zealand","Other",2240
2016-05-01,"New Zealand","Other",1251
2016-06-01,"New Zealand","Other",1577
2016-07-01,"New Zealand","Other",1655
2016-08-01,"New Zealand","Other",1881
2016-09-01,"New Zealand","Other",1996
2016-10-01,"New Zealand","Other",1706
2016-11-01,"New Zealand","Other",1504
2016-12-01,"New Zealand","Other",2064
2017-01-01,"New Zealand","Other",1831
2017-02-01,"New Zealand","Other",1233
2017-03-01,"New Zealand","Other",1645
2017-04-01,"New Zealand","Other",2378
2017-05-01,"New Zealand","Other",1289
2017-06-01,"New Zealand","Other",1108
2005-01-01,"New Zealand","Visiting Friends or Relatives",23879
2005-02-01,"New Zealand","Visiting Friends or Relatives",23114
2005-03-01,"New Zealand","Visiting Friends or Relatives",29135
2005-04-01,"New Zealand","Visiting Friends or Relatives",21997
2005-05-01,"New Zealand","Visiting Friends or Relatives",17822
2005-06-01,"New Zealand","Visiting Friends or Relatives",18300
2005-07-01,"New Zealand","Visiting Friends or Relatives",17705
2005-08-01,"New Zealand","Visiting Friends or Relatives",17005
2005-09-01,"New Zealand","Visiting Friends or Relatives",22047
2005-10-01,"New Zealand","Visiting Friends or Relatives",19138
2005-11-01,"New Zealand","Visiting Friends or Relatives",19933
2005-12-01,"New Zealand","Visiting Friends or Relatives",49485
2006-01-01,"New Zealand","Visiting Friends or Relatives",23841
2006-02-01,"New Zealand","Visiting Friends or Relatives",24690
2006-03-01,"New Zealand","Visiting Friends or Relatives",24762
2006-04-01,"New Zealand","Visiting Friends or Relatives",25131
2006-05-01,"New Zealand","Visiting Friends or Relatives",17539
2006-06-01,"New Zealand","Visiting Friends or Relatives",18615
2006-07-01,"New Zealand","Visiting Friends or Relatives",16882
2006-08-01,"New Zealand","Visiting Friends or Relatives",18769
2006-09-01,"New Zealand","Visiting Friends or Relatives",21760
2006-10-01,"New Zealand","Visiting Friends or Relatives",21238
2006-11-01,"New Zealand","Visiting Friends or Relatives",22231
2006-12-01,"New Zealand","Visiting Friends or Relatives",53959
2007-01-01,"New Zealand","Visiting Friends or Relatives",24206
2007-02-01,"New Zealand","Visiting Friends or Relatives",26912
2007-03-01,"New Zealand","Visiting Friends or Relatives",26148
2007-04-01,"New Zealand","Visiting Friends or Relatives",26712
2007-05-01,"New Zealand","Visiting Friends or Relatives",18487
2007-06-01,"New Zealand","Visiting Friends or Relatives",19587
2007-07-01,"New Zealand","Visiting Friends or Relatives",17910
2007-08-01,"New Zealand","Visiting Friends or Relatives",18954
2007-09-01,"New Zealand","Visiting Friends or Relatives",20000
2007-10-01,"New Zealand","Visiting Friends or Relatives",19950
2007-11-01,"New Zealand","Visiting Friends or Relatives",21514
2007-12-01,"New Zealand","Visiting Friends or Relatives",53729
2008-01-01,"New Zealand","Visiting Friends or Relatives",23790
2008-02-01,"New Zealand","Visiting Friends or Relatives",25129
2008-03-01,"New Zealand","Visiting Friends or Relatives",27863
2008-04-01,"New Zealand","Visiting Friends or Relatives",23216
2008-05-01,"New Zealand","Visiting Friends or Relatives",19718
2008-06-01,"New Zealand","Visiting Friends or Relatives",17494
2008-07-01,"New Zealand","Visiting Friends or Relatives",19514
2008-08-01,"New Zealand","Visiting Friends or Relatives",19657
2008-09-01,"New Zealand","Visiting Friends or Relatives",20676
2008-10-01,"New Zealand","Visiting Friends or Relatives",22437
2008-11-01,"New Zealand","Visiting Friends or Relatives",23465
2008-12-01,"New Zealand","Visiting Friends or Relatives",54295
2009-01-01,"New Zealand","Visiting Friends or Relatives",28803
2009-02-01,"New Zealand","Visiting Friends or Relatives",29392
2009-03-01,"New Zealand","Visiting Friends or Relatives",28741
2009-04-01,"New Zealand","Visiting Friends or Relatives",33147
2009-05-01,"New Zealand","Visiting Friends or Relatives",25016
2009-06-01,"New Zealand","Visiting Friends or Relatives",21418
2009-07-01,"New Zealand","Visiting Friends or Relatives",24503
2009-08-01,"New Zealand","Visiting Friends or Relatives",23145
2009-09-01,"New Zealand","Visiting Friends or Relatives",26004
2009-10-01,"New Zealand","Visiting Friends or Relatives",26279
2009-11-01,"New Zealand","Visiting Friends or Relatives",24840
2009-12-01,"New Zealand","Visiting Friends or Relatives",62839
2010-01-01,"New Zealand","Visiting Friends or Relatives",30929
2010-02-01,"New Zealand","Visiting Friends or Relatives",30006
2010-03-01,"New Zealand","Visiting Friends or Relatives",33205
2010-04-01,"New Zealand","Visiting Friends or Relatives",31112
2010-05-01,"New Zealand","Visiting Friends or Relatives",22648
2010-06-01,"New Zealand","Visiting Friends or Relatives",22951
2010-07-01,"New Zealand","Visiting Friends or Relatives",24659
2010-08-01,"New Zealand","Visiting Friends or Relatives",22311
2010-09-01,"New Zealand","Visiting Friends or Relatives",28559
2010-10-01,"New Zealand","Visiting Friends or Relatives",26423
2010-11-01,"New Zealand","Visiting Friends or Relatives",26361
2010-12-01,"New Zealand","Visiting Friends or Relatives",65825
2011-01-01,"New Zealand","Visiting Friends or Relatives",32371
2011-02-01,"New Zealand","Visiting Friends or Relatives",32682
2011-03-01,"New Zealand","Visiting Friends or Relatives",33319
2011-04-01,"New Zealand","Visiting Friends or Relatives",36994
2011-05-01,"New Zealand","Visiting Friends or Relatives",22356
2011-06-01,"New Zealand","Visiting Friends or Relatives",23798
2011-07-01,"New Zealand","Visiting Friends or Relatives",26275
2011-08-01,"New Zealand","Visiting Friends or Relatives",24621
2011-09-01,"New Zealand","Visiting Friends or Relatives",30486
2011-10-01,"New Zealand","Visiting Friends or Relatives",26506
2011-11-01,"New Zealand","Visiting Friends or Relatives",30632
2011-12-01,"New Zealand","Visiting Friends or Relatives",67931
2012-01-01,"New Zealand","Visiting Friends or Relatives",34463
2012-02-01,"New Zealand","Visiting Friends or Relatives",35008
2012-03-01,"New Zealand","Visiting Friends or Relatives",35008
2012-04-01,"New Zealand","Visiting Friends or Relatives",34027
2012-05-01,"New Zealand","Visiting Friends or Relatives",26498
2012-06-01,"New Zealand","Visiting Friends or Relatives",28436
2012-07-01,"New Zealand","Visiting Friends or Relatives",25010
2012-08-01,"New Zealand","Visiting Friends or Relatives",27871
2012-09-01,"New Zealand","Visiting Friends or Relatives",29246
2012-10-01,"New Zealand","Visiting Friends or Relatives",28237
2012-11-01,"New Zealand","Visiting Friends or Relatives",36459
2012-12-01,"New Zealand","Visiting Friends or Relatives",66007
2013-01-01,"New Zealand","Visiting Friends or Relatives",31633
2013-02-01,"New Zealand","Visiting Friends or Relatives",32853
2013-03-01,"New Zealand","Visiting Friends or Relatives",41187
2013-04-01,"New Zealand","Visiting Friends or Relatives",31718
2013-05-01,"New Zealand","Visiting Friends or Relatives",29291
2013-06-01,"New Zealand","Visiting Friends or Relatives",26738
2013-07-01,"New Zealand","Visiting Friends or Relatives",27213
2013-08-01,"New Zealand","Visiting Friends or Relatives",26525
2013-09-01,"New Zealand","Visiting Friends or Relatives",30509
2013-10-01,"New Zealand","Visiting Friends or Relatives",29068
2013-11-01,"New Zealand","Visiting Friends or Relatives",31554
2013-12-01,"New Zealand","Visiting Friends or Relatives",67336
2014-01-01,"New Zealand","Visiting Friends or Relatives",35634
2014-02-01,"New Zealand","Visiting Friends or Relatives",34801
2014-03-01,"New Zealand","Visiting Friends or Relatives",30505
2014-04-01,"New Zealand","Visiting Friends or Relatives",37008
2014-05-01,"New Zealand","Visiting Friends or Relatives",26885
2014-06-01,"New Zealand","Visiting Friends or Relatives",25875
2014-07-01,"New Zealand","Visiting Friends or Relatives",27451
2014-08-01,"New Zealand","Visiting Friends or Relatives",26236
2014-09-01,"New Zealand","Visiting Friends or Relatives",30372
2014-10-01,"New Zealand","Visiting Friends or Relatives",30710
2014-11-01,"New Zealand","Visiting Friends or Relatives",31372
2014-12-01,"New Zealand","Visiting Friends or Relatives",70844
2015-01-01,"New Zealand","Visiting Friends or Relatives",41418
2015-02-01,"New Zealand","Visiting Friends or Relatives",35918
2015-03-01,"New Zealand","Visiting Friends or Relatives",38337
2015-04-01,"New Zealand","Visiting Friends or Relatives",36745
2015-05-01,"New Zealand","Visiting Friends or Relatives",27839
2015-06-01,"New Zealand","Visiting Friends or Relatives",29249
2015-07-01,"New Zealand","Visiting Friends or Relatives",30441
2015-08-01,"New Zealand","Visiting Friends or Relatives",26925
2015-09-01,"New Zealand","Visiting Friends or Relatives",31457
2015-10-01,"New Zealand","Visiting Friends or Relatives",32022
2015-11-01,"New Zealand","Visiting Friends or Relatives",33863
2015-12-01,"New Zealand","Visiting Friends or Relatives",71596
2016-01-01,"New Zealand","Visiting Friends or Relatives",39649
2016-02-01,"New Zealand","Visiting Friends or Relatives",36671
2016-03-01,"New Zealand","Visiting Friends or Relatives",42623
2016-04-01,"New Zealand","Visiting Friends or Relatives",30945
2016-05-01,"New Zealand","Visiting Friends or Relatives",26086
2016-06-01,"New Zealand","Visiting Friends or Relatives",28119
2016-07-01,"New Zealand","Visiting Friends or Relatives",29025
2016-08-01,"New Zealand","Visiting Friends or Relatives",25905
2016-09-01,"New Zealand","Visiting Friends or Relatives",34114
2016-10-01,"New Zealand","Visiting Friends or Relatives",29998
2016-11-01,"New Zealand","Visiting Friends or Relatives",31690
2016-12-01,"New Zealand","Visiting Friends or Relatives",72463
2017-01-01,"New Zealand","Visiting Friends or Relatives",39757
2017-02-01,"New Zealand","Visiting Friends or Relatives",33920
2017-03-01,"New Zealand","Visiting Friends or Relatives",38412
2017-04-01,"New Zealand","Visiting Friends or Relatives",35792
2017-05-01,"New Zealand","Visiting Friends or Relatives",24390
2017-06-01,"New Zealand","Visiting Friends or Relatives",29195
2005-01-01,"Other Asia","Business",6707
2005-02-01,"Other Asia","Business",7851
2005-03-01,"Other Asia","Business",8664
2005-04-01,"Other Asia","Business",8954
2005-05-01,"Other Asia","Business",9037
2005-06-01,"Other Asia","Business",7270
2005-07-01,"Other Asia","Business",7674
2005-08-01,"Other Asia","Business",7682
2005-09-01,"Other Asia","Business",9581
2005-10-01,"Other Asia","Business",9875
2005-11-01,"Other Asia","Business",9617
2005-12-01,"Other Asia","Business",5395
2006-01-01,"Other Asia","Business",6861
2006-02-01,"Other Asia","Business",8732
2006-03-01,"Other Asia","Business",9145
2006-04-01,"Other Asia","Business",7409
2006-05-01,"Other Asia","Business",10068
2006-06-01,"Other Asia","Business",8520
2006-07-01,"Other Asia","Business",8997
2006-08-01,"Other Asia","Business",7649
2006-09-01,"Other Asia","Business",9289
2006-10-01,"Other Asia","Business",11054
2006-11-01,"Other Asia","Business",11045
2006-12-01,"Other Asia","Business",6459
2007-01-01,"Other Asia","Business",8227
2007-02-01,"Other Asia","Business",8545
2007-03-01,"Other Asia","Business",10671
2007-04-01,"Other Asia","Business",8698
2007-05-01,"Other Asia","Business",9228
2007-06-01,"Other Asia","Business",9355
2007-07-01,"Other Asia","Business",9111
2007-08-01,"Other Asia","Business",7843
2007-09-01,"Other Asia","Business",10678
2007-10-01,"Other Asia","Business",10077
2007-11-01,"Other Asia","Business",11194
2007-12-01,"Other Asia","Business",6346
2008-01-01,"Other Asia","Business",9011
2008-02-01,"Other Asia","Business",11144
2008-03-01,"Other Asia","Business",11281
2008-04-01,"Other Asia","Business",10079
2008-05-01,"Other Asia","Business",9638
2008-06-01,"Other Asia","Business",8258
2008-07-01,"Other Asia","Business",9283
2008-08-01,"Other Asia","Business",8828
2008-09-01,"Other Asia","Business",9193
2008-10-01,"Other Asia","Business",10527
2008-11-01,"Other Asia","Business",12086
2008-12-01,"Other Asia","Business",5028
2009-01-01,"Other Asia","Business",6407
2009-02-01,"Other Asia","Business",8636
2009-03-01,"Other Asia","Business",10052
2009-04-01,"Other Asia","Business",7744
2009-05-01,"Other Asia","Business",8027
2009-06-01,"Other Asia","Business",6710
2009-07-01,"Other Asia","Business",7013
2009-08-01,"Other Asia","Business",7629
2009-09-01,"Other Asia","Business",8162
2009-10-01,"Other Asia","Business",10852
2009-11-01,"Other Asia","Business",9815
2009-12-01,"Other Asia","Business",4955
2010-01-01,"Other Asia","Business",8268
2010-02-01,"Other Asia","Business",8428
2010-03-01,"Other Asia","Business",9888
2010-04-01,"Other Asia","Business",8824
2010-05-01,"Other Asia","Business",8794
2010-06-01,"Other Asia","Business",7837
2010-07-01,"Other Asia","Business",6601
2010-08-01,"Other Asia","Business",8728
2010-09-01,"Other Asia","Business",10119
2010-10-01,"Other Asia","Business",11189
2010-11-01,"Other Asia","Business",10649
2010-12-01,"Other Asia","Business",5509
2011-01-01,"Other Asia","Business",9827
2011-02-01,"Other Asia","Business",9471
2011-03-01,"Other Asia","Business",9298
2011-04-01,"Other Asia","Business",7800
2011-05-01,"Other Asia","Business",8250
2011-06-01,"Other Asia","Business",8531
2011-07-01,"Other Asia","Business",8847
2011-08-01,"Other Asia","Business",7069
2011-09-01,"Other Asia","Business",9812
2011-10-01,"Other Asia","Business",11254
2011-11-01,"Other Asia","Business",12066
2011-12-01,"Other Asia","Business",6535
2012-01-01,"Other Asia","Business",9474
2012-02-01,"Other Asia","Business",11421
2012-03-01,"Other Asia","Business",10412
2012-04-01,"Other Asia","Business",9391
2012-05-01,"Other Asia","Business",11589
2012-06-01,"Other Asia","Business",8694
2012-07-01,"Other Asia","Business",8369
2012-08-01,"Other Asia","Business",8558
2012-09-01,"Other Asia","Business",10768
2012-10-01,"Other Asia","Business",11269
2012-11-01,"Other Asia","Business",11374
2012-12-01,"Other Asia","Business",7403
2013-01-01,"Other Asia","Business",8928
2013-02-01,"Other Asia","Business",8730
2013-03-01,"Other Asia","Business",10436
2013-04-01,"Other Asia","Business",9787
2013-05-01,"Other Asia","Business",9467
2013-06-01,"Other Asia","Business",8328
2013-07-01,"Other Asia","Business",8659
2013-08-01,"Other Asia","Business",10099
2013-09-01,"Other Asia","Business",12444
2013-10-01,"Other Asia","Business",12817
2013-11-01,"Other Asia","Business",14029
2013-12-01,"Other Asia","Business",7795
2014-01-01,"Other Asia","Business",8988
2014-02-01,"Other Asia","Business",13111
2014-03-01,"Other Asia","Business",14132
2014-04-01,"Other Asia","Business",10827
2014-05-01,"Other Asia","Business",11444
2014-06-01,"Other Asia","Business",9610
2014-07-01,"Other Asia","Business",9743
2014-08-01,"Other Asia","Business",8973
2014-09-01,"Other Asia","Business",11274
2014-10-01,"Other Asia","Business",14939
2014-11-01,"Other Asia","Business",14957
2014-12-01,"Other Asia","Business",6852
2015-01-01,"Other Asia","Business",10330
2015-02-01,"Other Asia","Business",11828
2015-03-01,"Other Asia","Business",15061
2015-04-01,"Other Asia","Business",10486
2015-05-01,"Other Asia","Business",11836
2015-06-01,"Other Asia","Business",8382
2015-07-01,"Other Asia","Business",10495
2015-08-01,"Other Asia","Business",10428
2015-09-01,"Other Asia","Business",10601
2015-10-01,"Other Asia","Business",13647
2015-11-01,"Other Asia","Business",16049
2015-12-01,"Other Asia","Business",8989
2016-01-01,"Other Asia","Business",11057
2016-02-01,"Other Asia","Business",11795
2016-03-01,"Other Asia","Business",13442
2016-04-01,"Other Asia","Business",12810
2016-05-01,"Other Asia","Business",13469
2016-06-01,"Other Asia","Business",9580
2016-07-01,"Other Asia","Business",11969
2016-08-01,"Other Asia","Business",11229
2016-09-01,"Other Asia","Business",13685
2016-10-01,"Other Asia","Business",16265
2016-11-01,"Other Asia","Business",16023
2016-12-01,"Other Asia","Business",8892
2017-01-01,"Other Asia","Business",13029
2017-02-01,"Other Asia","Business",17346
2017-03-01,"Other Asia","Business",17726
2017-04-01,"Other Asia","Business",16768
2017-05-01,"Other Asia","Business",15658
2017-06-01,"Other Asia","Business",12689
2005-01-01,"Other Asia","Education",480
2005-02-01,"Other Asia","Education",219
2005-03-01,"Other Asia","Education",426
2005-04-01,"Other Asia","Education",1117
2005-05-01,"Other Asia","Education",280
2005-06-01,"Other Asia","Education",700
2005-07-01,"Other Asia","Education",757
2005-08-01,"Other Asia","Education",476
2005-09-01,"Other Asia","Education",3568
2005-10-01,"Other Asia","Education",572
2005-11-01,"Other Asia","Education",623
2005-12-01,"Other Asia","Education",576
2006-01-01,"Other Asia","Education",335
2006-02-01,"Other Asia","Education",234
2006-03-01,"Other Asia","Education",502
2006-04-01,"Other Asia","Education",541
2006-05-01,"Other Asia","Education",285
2006-06-01,"Other Asia","Education",513
2006-07-01,"Other Asia","Education",362
2006-08-01,"Other Asia","Education",519
2006-09-01,"Other Asia","Education",2477
2006-10-01,"Other Asia","Education",989
2006-11-01,"Other Asia","Education",569
2006-12-01,"Other Asia","Education",955
2007-01-01,"Other Asia","Education",591
2007-02-01,"Other Asia","Education",407
2007-03-01,"Other Asia","Education",705
2007-04-01,"Other Asia","Education",571
2007-05-01,"Other Asia","Education",436
2007-06-01,"Other Asia","Education",1023
2007-07-01,"Other Asia","Education",498
2007-08-01,"Other Asia","Education",561
2007-09-01,"Other Asia","Education",3245
2007-10-01,"Other Asia","Education",631
2007-11-01,"Other Asia","Education",834
2007-12-01,"Other Asia","Education",993
2008-01-01,"Other Asia","Education",376
2008-02-01,"Other Asia","Education",163
2008-03-01,"Other Asia","Education",346
2008-04-01,"Other Asia","Education",741
2008-05-01,"Other Asia","Education",189
2008-06-01,"Other Asia","Education",475
2008-07-01,"Other Asia","Education",493
2008-08-01,"Other Asia","Education",367
2008-09-01,"Other Asia","Education",3063
2008-10-01,"Other Asia","Education",904
2008-11-01,"Other Asia","Education",795
2008-12-01,"Other Asia","Education",1170
2009-01-01,"Other Asia","Education",744
2009-02-01,"Other Asia","Education",303
2009-03-01,"Other Asia","Education",438
2009-04-01,"Other Asia","Education",941
2009-05-01,"Other Asia","Education",343
2009-06-01,"Other Asia","Education",519
2009-07-01,"Other Asia","Education",523
2009-08-01,"Other Asia","Education",366
2009-09-01,"Other Asia","Education",2027
2009-10-01,"Other Asia","Education",503
2009-11-01,"Other Asia","Education",1332
2009-12-01,"Other Asia","Education",789
2010-01-01,"Other Asia","Education",585
2010-02-01,"Other Asia","Education",519
2010-03-01,"Other Asia","Education",763
2010-04-01,"Other Asia","Education",792
2010-05-01,"Other Asia","Education",409
2010-06-01,"Other Asia","Education",888
2010-07-01,"Other Asia","Education",300
2010-08-01,"Other Asia","Education",866
2010-09-01,"Other Asia","Education",2901
2010-10-01,"Other Asia","Education",582
2010-11-01,"Other Asia","Education",1195
2010-12-01,"Other Asia","Education",1009
2011-01-01,"Other Asia","Education",641
2011-02-01,"Other Asia","Education",320
2011-03-01,"Other Asia","Education",665
2011-04-01,"Other Asia","Education",550
2011-05-01,"Other Asia","Education",173
2011-06-01,"Other Asia","Education",203
2011-07-01,"Other Asia","Education",582
2011-08-01,"Other Asia","Education",488
2011-09-01,"Other Asia","Education",1086
2011-10-01,"Other Asia","Education",657
2011-11-01,"Other Asia","Education",932
2011-12-01,"Other Asia","Education",950
2012-01-01,"Other Asia","Education",829
2012-02-01,"Other Asia","Education",259
2012-03-01,"Other Asia","Education",642
2012-04-01,"Other Asia","Education",779
2012-05-01,"Other Asia","Education",446
2012-06-01,"Other Asia","Education",1001
2012-07-01,"Other Asia","Education",664
2012-08-01,"Other Asia","Education",510
2012-09-01,"Other Asia","Education",2866
2012-10-01,"Other Asia","Education",345
2012-11-01,"Other Asia","Education",1418
2012-12-01,"Other Asia","Education",1220
2013-01-01,"Other Asia","Education",1245
2013-02-01,"Other Asia","Education",170
2013-03-01,"Other Asia","Education",844
2013-04-01,"Other Asia","Education",666
2013-05-01,"Other Asia","Education",301
2013-06-01,"Other Asia","Education",894
2013-07-01,"Other Asia","Education",597
2013-08-01,"Other Asia","Education",776
2013-09-01,"Other Asia","Education",2178
2013-10-01,"Other Asia","Education",334
2013-11-01,"Other Asia","Education",1063
2013-12-01,"Other Asia","Education",1255
2014-01-01,"Other Asia","Education",610
2014-02-01,"Other Asia","Education",577
2014-03-01,"Other Asia","Education",385
2014-04-01,"Other Asia","Education",1377
2014-05-01,"Other Asia","Education",446
2014-06-01,"Other Asia","Education",951
2014-07-01,"Other Asia","Education",578
2014-08-01,"Other Asia","Education",788
2014-09-01,"Other Asia","Education",3862
2014-10-01,"Other Asia","Education",643
2014-11-01,"Other Asia","Education",1554
2014-12-01,"Other Asia","Education",1121
2015-01-01,"Other Asia","Education",696
2015-02-01,"Other Asia","Education",658
2015-03-01,"Other Asia","Education",915
2015-04-01,"Other Asia","Education",1006
2015-05-01,"Other Asia","Education",157
2015-06-01,"Other Asia","Education",1071
2015-07-01,"Other Asia","Education",901
2015-08-01,"Other Asia","Education",542
2015-09-01,"Other Asia","Education",2482
2015-10-01,"Other Asia","Education",640
2015-11-01,"Other Asia","Education",1087
2015-12-01,"Other Asia","Education",599
2016-01-01,"Other Asia","Education",1130
2016-02-01,"Other Asia","Education",588
2016-03-01,"Other Asia","Education",627
2016-04-01,"Other Asia","Education",1613
2016-05-01,"Other Asia","Education",694
2016-06-01,"Other Asia","Education",1454
2016-07-01,"Other Asia","Education",1299
2016-08-01,"Other Asia","Education",910
2016-09-01,"Other Asia","Education",4256
2016-10-01,"Other Asia","Education",1175
2016-11-01,"Other Asia","Education",1642
2016-12-01,"Other Asia","Education",1550
2017-01-01,"Other Asia","Education",1652
2017-02-01,"Other Asia","Education",755
2017-03-01,"Other Asia","Education",1152
2017-04-01,"Other Asia","Education",1309
2017-05-01,"Other Asia","Education",366
2017-06-01,"Other Asia","Education",1580
2005-01-01,"Other Asia","Employment",2150
2005-02-01,"Other Asia","Employment",1453
2005-03-01,"Other Asia","Employment",1252
2005-04-01,"Other Asia","Employment",1387
2005-05-01,"Other Asia","Employment",1341
2005-06-01,"Other Asia","Employment",847
2005-07-01,"Other Asia","Employment",1654
2005-08-01,"Other Asia","Employment",1387
2005-09-01,"Other Asia","Employment",995
2005-10-01,"Other Asia","Employment",1172
2005-11-01,"Other Asia","Employment",1245
2005-12-01,"Other Asia","Employment",1112
2006-01-01,"Other Asia","Employment",1590
2006-02-01,"Other Asia","Employment",1579
2006-03-01,"Other Asia","Employment",1090
2006-04-01,"Other Asia","Employment",719
2006-05-01,"Other Asia","Employment",1016
2006-06-01,"Other Asia","Employment",866
2006-07-01,"Other Asia","Employment",1489
2006-08-01,"Other Asia","Employment",1009
2006-09-01,"Other Asia","Employment",1192
2006-10-01,"Other Asia","Employment",1650
2006-11-01,"Other Asia","Employment",865
2006-12-01,"Other Asia","Employment",899
2007-01-01,"Other Asia","Employment",2629
2007-02-01,"Other Asia","Employment",1260
2007-03-01,"Other Asia","Employment",1700
2007-04-01,"Other Asia","Employment",1119
2007-05-01,"Other Asia","Employment",1298
2007-06-01,"Other Asia","Employment",760
2007-07-01,"Other Asia","Employment",878
2007-08-01,"Other Asia","Employment",1094
2007-09-01,"Other Asia","Employment",1227
2007-10-01,"Other Asia","Employment",1254
2007-11-01,"Other Asia","Employment",708
2007-12-01,"Other Asia","Employment",1010
2008-01-01,"Other Asia","Employment",2074
2008-02-01,"Other Asia","Employment",994
2008-03-01,"Other Asia","Employment",1344
2008-04-01,"Other Asia","Employment",1074
2008-05-01,"Other Asia","Employment",1138
2008-06-01,"Other Asia","Employment",921
2008-07-01,"Other Asia","Employment",1388
2008-08-01,"Other Asia","Employment",1345
2008-09-01,"Other Asia","Employment",1087
2008-10-01,"Other Asia","Employment",1393
2008-11-01,"Other Asia","Employment",1478
2008-12-01,"Other Asia","Employment",1223
2009-01-01,"Other Asia","Employment",1928
2009-02-01,"Other Asia","Employment",1203
2009-03-01,"Other Asia","Employment",1068
2009-04-01,"Other Asia","Employment",1309
2009-05-01,"Other Asia","Employment",725
2009-06-01,"Other Asia","Employment",1061
2009-07-01,"Other Asia","Employment",1552
2009-08-01,"Other Asia","Employment",1096
2009-09-01,"Other Asia","Employment",1076
2009-10-01,"Other Asia","Employment",900
2009-11-01,"Other Asia","Employment",1254
2009-12-01,"Other Asia","Employment",864
2010-01-01,"Other Asia","Employment",1762
2010-02-01,"Other Asia","Employment",1473
2010-03-01,"Other Asia","Employment",1515
2010-04-01,"Other Asia","Employment",1232
2010-05-01,"Other Asia","Employment",803
2010-06-01,"Other Asia","Employment",564
2010-07-01,"Other Asia","Employment",1632
2010-08-01,"Other Asia","Employment",1010
2010-09-01,"Other Asia","Employment",1409
2010-10-01,"Other Asia","Employment",929
2010-11-01,"Other Asia","Employment",948
2010-12-01,"Other Asia","Employment",842
2011-01-01,"Other Asia","Employment",1802
2011-02-01,"Other Asia","Employment",1193
2011-03-01,"Other Asia","Employment",1501
2011-04-01,"Other Asia","Employment",820
2011-05-01,"Other Asia","Employment",1055
2011-06-01,"Other Asia","Employment",909
2011-07-01,"Other Asia","Employment",1162
2011-08-01,"Other Asia","Employment",1197
2011-09-01,"Other Asia","Employment",1045
2011-10-01,"Other Asia","Employment",739
2011-11-01,"Other Asia","Employment",1181
2011-12-01,"Other Asia","Employment",647
2012-01-01,"Other Asia","Employment",1977
2012-02-01,"Other Asia","Employment",1276
2012-03-01,"Other Asia","Employment",946
2012-04-01,"Other Asia","Employment",1091
2012-05-01,"Other Asia","Employment",873
2012-06-01,"Other Asia","Employment",923
2012-07-01,"Other Asia","Employment",1258
2012-08-01,"Other Asia","Employment",1400
2012-09-01,"Other Asia","Employment",983
2012-10-01,"Other Asia","Employment",1255
2012-11-01,"Other Asia","Employment",1403
2012-12-01,"Other Asia","Employment",1048
2013-01-01,"Other Asia","Employment",2271
2013-02-01,"Other Asia","Employment",1255
2013-03-01,"Other Asia","Employment",1115
2013-04-01,"Other Asia","Employment",1279
2013-05-01,"Other Asia","Employment",1136
2013-06-01,"Other Asia","Employment",1027
2013-07-01,"Other Asia","Employment",1276
2013-08-01,"Other Asia","Employment",744
2013-09-01,"Other Asia","Employment",1090
2013-10-01,"Other Asia","Employment",1337
2013-11-01,"Other Asia","Employment",1906
2013-12-01,"Other Asia","Employment",1593
2014-01-01,"Other Asia","Employment",2244
2014-02-01,"Other Asia","Employment",1131
2014-03-01,"Other Asia","Employment",862
2014-04-01,"Other Asia","Employment",1604
2014-05-01,"Other Asia","Employment",1094
2014-06-01,"Other Asia","Employment",936
2014-07-01,"Other Asia","Employment",777
2014-08-01,"Other Asia","Employment",1044
2014-09-01,"Other Asia","Employment",1318
2014-10-01,"Other Asia","Employment",1655
2014-11-01,"Other Asia","Employment",1470
2014-12-01,"Other Asia","Employment",1787
2015-01-01,"Other Asia","Employment",1832
2015-02-01,"Other Asia","Employment",1992
2015-03-01,"Other Asia","Employment",931
2015-04-01,"Other Asia","Employment",1353
2015-05-01,"Other Asia","Employment",1953
2015-06-01,"Other Asia","Employment",1511
2015-07-01,"Other Asia","Employment",1975
2015-08-01,"Other Asia","Employment",2158
2015-09-01,"Other Asia","Employment",1471
2015-10-01,"Other Asia","Employment",1866
2015-11-01,"Other Asia","Employment",2341
2015-12-01,"Other Asia","Employment",2206
2016-01-01,"Other Asia","Employment",2349
2016-02-01,"Other Asia","Employment",1839
2016-03-01,"Other Asia","Employment",1610
2016-04-01,"Other Asia","Employment",1538
2016-05-01,"Other Asia","Employment",1360
2016-06-01,"Other Asia","Employment",1191
2016-07-01,"Other Asia","Employment",1301
2016-08-01,"Other Asia","Employment",1362
2016-09-01,"Other Asia","Employment",1237
2016-10-01,"Other Asia","Employment",2122
2016-11-01,"Other Asia","Employment",2357
2016-12-01,"Other Asia","Employment",2851
2017-01-01,"Other Asia","Employment",3566
2017-02-01,"Other Asia","Employment",1765
2017-03-01,"Other Asia","Employment",1125
2017-04-01,"Other Asia","Employment",2063
2017-05-01,"Other Asia","Employment",1589
2017-06-01,"Other Asia","Employment",1621
2005-01-01,"Other Asia","Holiday",17489
2005-02-01,"Other Asia","Holiday",14817
2005-03-01,"Other Asia","Holiday",18987
2005-04-01,"Other Asia","Holiday",13520
2005-05-01,"Other Asia","Holiday",9113
2005-06-01,"Other Asia","Holiday",13732
2005-07-01,"Other Asia","Holiday",11579
2005-08-01,"Other Asia","Holiday",10000
2005-09-01,"Other Asia","Holiday",18967
2005-10-01,"Other Asia","Holiday",18758
2005-11-01,"Other Asia","Holiday",17111
2005-12-01,"Other Asia","Holiday",37034
2006-01-01,"Other Asia","Holiday",20038
2006-02-01,"Other Asia","Holiday",19236
2006-03-01,"Other Asia","Holiday",16804
2006-04-01,"Other Asia","Holiday",18002
2006-05-01,"Other Asia","Holiday",9831
2006-06-01,"Other Asia","Holiday",14588
2006-07-01,"Other Asia","Holiday",11840
2006-08-01,"Other Asia","Holiday",11393
2006-09-01,"Other Asia","Holiday",21253
2006-10-01,"Other Asia","Holiday",19516
2006-11-01,"Other Asia","Holiday",21255
2006-12-01,"Other Asia","Holiday",41694
2007-01-01,"Other Asia","Holiday",29072
2007-02-01,"Other Asia","Holiday",22462
2007-03-01,"Other Asia","Holiday",25529
2007-04-01,"Other Asia","Holiday",23228
2007-05-01,"Other Asia","Holiday",13495
2007-06-01,"Other Asia","Holiday",18108
2007-07-01,"Other Asia","Holiday",16715
2007-08-01,"Other Asia","Holiday",15763
2007-09-01,"Other Asia","Holiday",27697
2007-10-01,"Other Asia","Holiday",24057
2007-11-01,"Other Asia","Holiday",26726
2007-12-01,"Other Asia","Holiday",49511
2008-01-01,"Other Asia","Holiday",37257
2008-02-01,"Other Asia","Holiday",29825
2008-03-01,"Other Asia","Holiday",28755
2008-04-01,"Other Asia","Holiday",21883
2008-05-01,"Other Asia","Holiday",19224
2008-06-01,"Other Asia","Holiday",21357
2008-07-01,"Other Asia","Holiday",20496
2008-08-01,"Other Asia","Holiday",17970
2008-09-01,"Other Asia","Holiday",31386
2008-10-01,"Other Asia","Holiday",28613
2008-11-01,"Other Asia","Holiday",28302
2008-12-01,"Other Asia","Holiday",49700
2009-01-01,"Other Asia","Holiday",34396
2009-02-01,"Other Asia","Holiday",26708
2009-03-01,"Other Asia","Holiday",24569
2009-04-01,"Other Asia","Holiday",27243
2009-05-01,"Other Asia","Holiday",18399
2009-06-01,"Other Asia","Holiday",22331
2009-07-01,"Other Asia","Holiday",20956
2009-08-01,"Other Asia","Holiday",17613
2009-09-01,"Other Asia","Holiday",30167
2009-10-01,"Other Asia","Holiday",32262
2009-11-01,"Other Asia","Holiday",35646
2009-12-01,"Other Asia","Holiday",62719
2010-01-01,"Other Asia","Holiday",42753
2010-02-01,"Other Asia","Holiday",31101
2010-03-01,"Other Asia","Holiday",38631
2010-04-01,"Other Asia","Holiday",28980
2010-05-01,"Other Asia","Holiday",22368
2010-06-01,"Other Asia","Holiday",28549
2010-07-01,"Other Asia","Holiday",22762
2010-08-01,"Other Asia","Holiday",20103
2010-09-01,"Other Asia","Holiday",39359
2010-10-01,"Other Asia","Holiday",32127
2010-11-01,"Other Asia","Holiday",36986
2010-12-01,"Other Asia","Holiday",74557
2011-01-01,"Other Asia","Holiday",49151
2011-02-01,"Other Asia","Holiday",38246
2011-03-01,"Other Asia","Holiday",30156
2011-04-01,"Other Asia","Holiday",36762
2011-05-01,"Other Asia","Holiday",20088
2011-06-01,"Other Asia","Holiday",26792
2011-07-01,"Other Asia","Holiday",26273
2011-08-01,"Other Asia","Holiday",21743
2011-09-01,"Other Asia","Holiday",39002
2011-10-01,"Other Asia","Holiday",35052
2011-11-01,"Other Asia","Holiday",39043
2011-12-01,"Other Asia","Holiday",70509
2012-01-01,"Other Asia","Holiday",47204
2012-02-01,"Other Asia","Holiday",38705
2012-03-01,"Other Asia","Holiday",42686
2012-04-01,"Other Asia","Holiday",40381
2012-05-01,"Other Asia","Holiday",26499
2012-06-01,"Other Asia","Holiday",35850
2012-07-01,"Other Asia","Holiday",30766
2012-08-01,"Other Asia","Holiday",24529
2012-09-01,"Other Asia","Holiday",43432
2012-10-01,"Other Asia","Holiday",39216
2012-11-01,"Other Asia","Holiday",46277
2012-12-01,"Other Asia","Holiday",85298
2013-01-01,"Other Asia","Holiday",62100
2013-02-01,"Other Asia","Holiday",44710
2013-03-01,"Other Asia","Holiday",52333
2013-04-01,"Other Asia","Holiday",46665
2013-05-01,"Other Asia","Holiday",34274
2013-06-01,"Other Asia","Holiday",37270
2013-07-01,"Other Asia","Holiday",37335
2013-08-01,"Other Asia","Holiday",29297
2013-09-01,"Other Asia","Holiday",51641
2013-10-01,"Other Asia","Holiday",45489
2013-11-01,"Other Asia","Holiday",52989
2013-12-01,"Other Asia","Holiday",100422
2014-01-01,"Other Asia","Holiday",74537
2014-02-01,"Other Asia","Holiday",52826
2014-03-01,"Other Asia","Holiday",48243
2014-04-01,"Other Asia","Holiday",69754
2014-05-01,"Other Asia","Holiday",37650
2014-06-01,"Other Asia","Holiday",44994
2014-07-01,"Other Asia","Holiday",41028
2014-08-01,"Other Asia","Holiday",32207
2014-09-01,"Other Asia","Holiday",61166
2014-10-01,"Other Asia","Holiday",48829
2014-11-01,"Other Asia","Holiday",55616
2014-12-01,"Other Asia","Holiday",105312
2015-01-01,"Other Asia","Holiday",81609
2015-02-01,"Other Asia","Holiday",50666
2015-03-01,"Other Asia","Holiday",63241
2015-04-01,"Other Asia","Holiday",60227
2015-05-01,"Other Asia","Holiday",41488
2015-06-01,"Other Asia","Holiday",46997
2015-07-01,"Other Asia","Holiday",41586
2015-08-01,"Other Asia","Holiday",36849
2015-09-01,"Other Asia","Holiday",67986
2015-10-01,"Other Asia","Holiday",56674
2015-11-01,"Other Asia","Holiday",63704
2015-12-01,"Other Asia","Holiday",123020
2016-01-01,"Other Asia","Holiday",91964
2016-02-01,"Other Asia","Holiday",62824
2016-03-01,"Other Asia","Holiday",78151
2016-04-01,"Other Asia","Holiday",69557
2016-05-01,"Other Asia","Holiday",47182
2016-06-01,"Other Asia","Holiday",56898
2016-07-01,"Other Asia","Holiday",52663
2016-08-01,"Other Asia","Holiday",41925
2016-09-01,"Other Asia","Holiday",73106
2016-10-01,"Other Asia","Holiday",66692
2016-11-01,"Other Asia","Holiday",71920
2016-12-01,"Other Asia","Holiday",134550
2017-01-01,"Other Asia","Holiday",99079
2017-02-01,"Other Asia","Holiday",73257
2017-03-01,"Other Asia","Holiday",75107
2017-04-01,"Other Asia","Holiday",96646
2017-05-01,"Other Asia","Holiday",55193
2017-06-01,"Other Asia","Holiday",62993
2005-01-01,"Other Asia","Other",1021
2005-02-01,"Other Asia","Other",1116
2005-03-01,"Other Asia","Other",701
2005-04-01,"Other Asia","Other",1273
2005-05-01,"Other Asia","Other",1596
2005-06-01,"Other Asia","Other",880
2005-07-01,"Other Asia","Other",1256
2005-08-01,"Other Asia","Other",1312
2005-09-01,"Other Asia","Other",1184
2005-10-01,"Other Asia","Other",913
2005-11-01,"Other Asia","Other",1571
2005-12-01,"Other Asia","Other",1270
2006-01-01,"Other Asia","Other",1156
2006-02-01,"Other Asia","Other",1275
2006-03-01,"Other Asia","Other",1165
2006-04-01,"Other Asia","Other",1087
2006-05-01,"Other Asia","Other",1034
2006-06-01,"Other Asia","Other",812
2006-07-01,"Other Asia","Other",1082
2006-08-01,"Other Asia","Other",539
2006-09-01,"Other Asia","Other",1170
2006-10-01,"Other Asia","Other",1022
2006-11-01,"Other Asia","Other",1201
2006-12-01,"Other Asia","Other",987
2007-01-01,"Other Asia","Other",1147
2007-02-01,"Other Asia","Other",1283
2007-03-01,"Other Asia","Other",1209
2007-04-01,"Other Asia","Other",1402
2007-05-01,"Other Asia","Other",702
2007-06-01,"Other Asia","Other",1208
2007-07-01,"Other Asia","Other",1143
2007-08-01,"Other Asia","Other",854
2007-09-01,"Other Asia","Other",1438
2007-10-01,"Other Asia","Other",1339
2007-11-01,"Other Asia","Other",1225
2007-12-01,"Other Asia","Other",1158
2008-01-01,"Other Asia","Other",1127
2008-02-01,"Other Asia","Other",969
2008-03-01,"Other Asia","Other",1601
2008-04-01,"Other Asia","Other",1025
2008-05-01,"Other Asia","Other",811
2008-06-01,"Other Asia","Other",968
2008-07-01,"Other Asia","Other",1176
2008-08-01,"Other Asia","Other",1798
2008-09-01,"Other Asia","Other",1268
2008-10-01,"Other Asia","Other",1620
2008-11-01,"Other Asia","Other",1280
2008-12-01,"Other Asia","Other",1181
2009-01-01,"Other Asia","Other",1744
2009-02-01,"Other Asia","Other",1483
2009-03-01,"Other Asia","Other",895
2009-04-01,"Other Asia","Other",1335
2009-05-01,"Other Asia","Other",865
2009-06-01,"Other Asia","Other",865
2009-07-01,"Other Asia","Other",838
2009-08-01,"Other Asia","Other",1534
2009-09-01,"Other Asia","Other",1412
2009-10-01,"Other Asia","Other",1561
2009-11-01,"Other Asia","Other",1518
2009-12-01,"Other Asia","Other",974
2010-01-01,"Other Asia","Other",1761
2010-02-01,"Other Asia","Other",1336
2010-03-01,"Other Asia","Other",1332
2010-04-01,"Other Asia","Other",1520
2010-05-01,"Other Asia","Other",751
2010-06-01,"Other Asia","Other",1285
2010-07-01,"Other Asia","Other",1499
2010-08-01,"Other Asia","Other",1271
2010-09-01,"Other Asia","Other",1875
2010-10-01,"Other Asia","Other",1868
2010-11-01,"Other Asia","Other",1215
2010-12-01,"Other Asia","Other",1232
2011-01-01,"Other Asia","Other",1461
2011-02-01,"Other Asia","Other",1223
2011-03-01,"Other Asia","Other",1173
2011-04-01,"Other Asia","Other",1093
2011-05-01,"Other Asia","Other",1095
2011-06-01,"Other Asia","Other",963
2011-07-01,"Other Asia","Other",1162
2011-08-01,"Other Asia","Other",992
2011-09-01,"Other Asia","Other",1202
2011-10-01,"Other Asia","Other",1208
2011-11-01,"Other Asia","Other",1708
2011-12-01,"Other Asia","Other",1576
2012-01-01,"Other Asia","Other",1232
2012-02-01,"Other Asia","Other",1436
2012-03-01,"Other Asia","Other",1483
2012-04-01,"Other Asia","Other",1669
2012-05-01,"Other Asia","Other",1013
2012-06-01,"Other Asia","Other",1229
2012-07-01,"Other Asia","Other",1616
2012-08-01,"Other Asia","Other",1333
2012-09-01,"Other Asia","Other",1032
2012-10-01,"Other Asia","Other",1273
2012-11-01,"Other Asia","Other",1668
2012-12-01,"Other Asia","Other",1282
2013-01-01,"Other Asia","Other",1427
2013-02-01,"Other Asia","Other",1209
2013-03-01,"Other Asia","Other",1440
2013-04-01,"Other Asia","Other",1244
2013-05-01,"Other Asia","Other",1076
2013-06-01,"Other Asia","Other",1098
2013-07-01,"Other Asia","Other",1838
2013-08-01,"Other Asia","Other",1333
2013-09-01,"Other Asia","Other",1369
2013-10-01,"Other Asia","Other",1249
2013-11-01,"Other Asia","Other",1975
2013-12-01,"Other Asia","Other",1597
2014-01-01,"Other Asia","Other",1445
2014-02-01,"Other Asia","Other",1431
2014-03-01,"Other Asia","Other",1500
2014-04-01,"Other Asia","Other",1716
2014-05-01,"Other Asia","Other",1744
2014-06-01,"Other Asia","Other",1237
2014-07-01,"Other Asia","Other",1213
2014-08-01,"Other Asia","Other",968
2014-09-01,"Other Asia","Other",1561
2014-10-01,"Other Asia","Other",1821
2014-11-01,"Other Asia","Other",2669
2014-12-01,"Other Asia","Other",3053
2015-01-01,"Other Asia","Other",2634
2015-02-01,"Other Asia","Other",1790
2015-03-01,"Other Asia","Other",2723
2015-04-01,"Other Asia","Other",1943
2015-05-01,"Other Asia","Other",1638
2015-06-01,"Other Asia","Other",1577
2015-07-01,"Other Asia","Other",1340
2015-08-01,"Other Asia","Other",1520
2015-09-01,"Other Asia","Other",1277
2015-10-01,"Other Asia","Other",1427
2015-11-01,"Other Asia","Other",1728
2015-12-01,"Other Asia","Other",1573
2016-01-01,"Other Asia","Other",1890
2016-02-01,"Other Asia","Other",1337
2016-03-01,"Other Asia","Other",1590
2016-04-01,"Other Asia","Other",1864
2016-05-01,"Other Asia","Other",1128
2016-06-01,"Other Asia","Other",1104
2016-07-01,"Other Asia","Other",1582
2016-08-01,"Other Asia","Other",1742
2016-09-01,"Other Asia","Other",1444
2016-10-01,"Other Asia","Other",1791
2016-11-01,"Other Asia","Other",1891
2016-12-01,"Other Asia","Other",2789
2017-01-01,"Other Asia","Other",2258
2017-02-01,"Other Asia","Other",1730
2017-03-01,"Other Asia","Other",1586
2017-04-01,"Other Asia","Other",1609
2017-05-01,"Other Asia","Other",1268
2017-06-01,"Other Asia","Other",1259
2005-01-01,"Other Asia","Visiting Friends or Relatives",18351
2005-02-01,"Other Asia","Visiting Friends or Relatives",15369
2005-03-01,"Other Asia","Visiting Friends or Relatives",18257
2005-04-01,"Other Asia","Visiting Friends or Relatives",13887
2005-05-01,"Other Asia","Visiting Friends or Relatives",13626
2005-06-01,"Other Asia","Visiting Friends or Relatives",16186
2005-07-01,"Other Asia","Visiting Friends or Relatives",12505
2005-08-01,"Other Asia","Visiting Friends or Relatives",11384
2005-09-01,"Other Asia","Visiting Friends or Relatives",17044
2005-10-01,"Other Asia","Visiting Friends or Relatives",16946
2005-11-01,"Other Asia","Visiting Friends or Relatives",23310
2005-12-01,"Other Asia","Visiting Friends or Relatives",39021
2006-01-01,"Other Asia","Visiting Friends or Relatives",19412
2006-02-01,"Other Asia","Visiting Friends or Relatives",15125
2006-03-01,"Other Asia","Visiting Friends or Relatives",16909
2006-04-01,"Other Asia","Visiting Friends or Relatives",17258
2006-05-01,"Other Asia","Visiting Friends or Relatives",12193
2006-06-01,"Other Asia","Visiting Friends or Relatives",15170
2006-07-01,"Other Asia","Visiting Friends or Relatives",13413
2006-08-01,"Other Asia","Visiting Friends or Relatives",11935
2006-09-01,"Other Asia","Visiting Friends or Relatives",16652
2006-10-01,"Other Asia","Visiting Friends or Relatives",15244
2006-11-01,"Other Asia","Visiting Friends or Relatives",25106
2006-12-01,"Other Asia","Visiting Friends or Relatives",40949
2007-01-01,"Other Asia","Visiting Friends or Relatives",18886
2007-02-01,"Other Asia","Visiting Friends or Relatives",16904
2007-03-01,"Other Asia","Visiting Friends or Relatives",19187
2007-04-01,"Other Asia","Visiting Friends or Relatives",17067
2007-05-01,"Other Asia","Visiting Friends or Relatives",15279
2007-06-01,"Other Asia","Visiting Friends or Relatives",17203
2007-07-01,"Other Asia","Visiting Friends or Relatives",13677
2007-08-01,"Other Asia","Visiting Friends or Relatives",11118
2007-09-01,"Other Asia","Visiting Friends or Relatives",14688
2007-10-01,"Other Asia","Visiting Friends or Relatives",15533
2007-11-01,"Other Asia","Visiting Friends or Relatives",22083
2007-12-01,"Other Asia","Visiting Friends or Relatives",41315
2008-01-01,"Other Asia","Visiting Friends or Relatives",18676
2008-02-01,"Other Asia","Visiting Friends or Relatives",16193
2008-03-01,"Other Asia","Visiting Friends or Relatives",18517
2008-04-01,"Other Asia","Visiting Friends or Relatives",15314
2008-05-01,"Other Asia","Visiting Friends or Relatives",13592
2008-06-01,"Other Asia","Visiting Friends or Relatives",15760
2008-07-01,"Other Asia","Visiting Friends or Relatives",12685
2008-08-01,"Other Asia","Visiting Friends or Relatives",12034
2008-09-01,"Other Asia","Visiting Friends or Relatives",16493
2008-10-01,"Other Asia","Visiting Friends or Relatives",16709
2008-11-01,"Other Asia","Visiting Friends or Relatives",23337
2008-12-01,"Other Asia","Visiting Friends or Relatives",42906
2009-01-01,"Other Asia","Visiting Friends or Relatives",20194
2009-02-01,"Other Asia","Visiting Friends or Relatives",17677
2009-03-01,"Other Asia","Visiting Friends or Relatives",19285
2009-04-01,"Other Asia","Visiting Friends or Relatives",21676
2009-05-01,"Other Asia","Visiting Friends or Relatives",16304
2009-06-01,"Other Asia","Visiting Friends or Relatives",16064
2009-07-01,"Other Asia","Visiting Friends or Relatives",14903
2009-08-01,"Other Asia","Visiting Friends or Relatives",14139
2009-09-01,"Other Asia","Visiting Friends or Relatives",21129
2009-10-01,"Other Asia","Visiting Friends or Relatives",21111
2009-11-01,"Other Asia","Visiting Friends or Relatives",29294
2009-12-01,"Other Asia","Visiting Friends or Relatives",49841
2010-01-01,"Other Asia","Visiting Friends or Relatives",22624
2010-02-01,"Other Asia","Visiting Friends or Relatives",20750
2010-03-01,"Other Asia","Visiting Friends or Relatives",24359
2010-04-01,"Other Asia","Visiting Friends or Relatives",17345
2010-05-01,"Other Asia","Visiting Friends or Relatives",16675
2010-06-01,"Other Asia","Visiting Friends or Relatives",22608
2010-07-01,"Other Asia","Visiting Friends or Relatives",17639
2010-08-01,"Other Asia","Visiting Friends or Relatives",15048
2010-09-01,"Other Asia","Visiting Friends or Relatives",23242
2010-10-01,"Other Asia","Visiting Friends or Relatives",21695
2010-11-01,"Other Asia","Visiting Friends or Relatives",31897
2010-12-01,"Other Asia","Visiting Friends or Relatives",57963
2011-01-01,"Other Asia","Visiting Friends or Relatives",29065
2011-02-01,"Other Asia","Visiting Friends or Relatives",22814
2011-03-01,"Other Asia","Visiting Friends or Relatives",19679
2011-04-01,"Other Asia","Visiting Friends or Relatives",25249
2011-05-01,"Other Asia","Visiting Friends or Relatives",17981
2011-06-01,"Other Asia","Visiting Friends or Relatives",21788
2011-07-01,"Other Asia","Visiting Friends or Relatives",18469
2011-08-01,"Other Asia","Visiting Friends or Relatives",16234
2011-09-01,"Other Asia","Visiting Friends or Relatives",25963
2011-10-01,"Other Asia","Visiting Friends or Relatives",24167
2011-11-01,"Other Asia","Visiting Friends or Relatives",35604
2011-12-01,"Other Asia","Visiting Friends or Relatives",58972
2012-01-01,"Other Asia","Visiting Friends or Relatives",31432
2012-02-01,"Other Asia","Visiting Friends or Relatives",26985
2012-03-01,"Other Asia","Visiting Friends or Relatives",28135
2012-04-01,"Other Asia","Visiting Friends or Relatives",26808
2012-05-01,"Other Asia","Visiting Friends or Relatives",18614
2012-06-01,"Other Asia","Visiting Friends or Relatives",25172
2012-07-01,"Other Asia","Visiting Friends or Relatives",22038
2012-08-01,"Other Asia","Visiting Friends or Relatives",19027
2012-09-01,"Other Asia","Visiting Friends or Relatives",28093
2012-10-01,"Other Asia","Visiting Friends or Relatives",26559
2012-11-01,"Other Asia","Visiting Friends or Relatives",40970
2012-12-01,"Other Asia","Visiting Friends or Relatives",56690
2013-01-01,"Other Asia","Visiting Friends or Relatives",30881
2013-02-01,"Other Asia","Visiting Friends or Relatives",25733
2013-03-01,"Other Asia","Visiting Friends or Relatives",31080
2013-04-01,"Other Asia","Visiting Friends or Relatives",28044
2013-05-01,"Other Asia","Visiting Friends or Relatives",23427
2013-06-01,"Other Asia","Visiting Friends or Relatives",26132
2013-07-01,"Other Asia","Visiting Friends or Relatives",20771
2013-08-01,"Other Asia","Visiting Friends or Relatives",21978
2013-09-01,"Other Asia","Visiting Friends or Relatives",28142
2013-10-01,"Other Asia","Visiting Friends or Relatives",28383
2013-11-01,"Other Asia","Visiting Friends or Relatives",40720
2013-12-01,"Other Asia","Visiting Friends or Relatives",62888
2014-01-01,"Other Asia","Visiting Friends or Relatives",39452
2014-02-01,"Other Asia","Visiting Friends or Relatives",25304
2014-03-01,"Other Asia","Visiting Friends or Relatives",26172
2014-04-01,"Other Asia","Visiting Friends or Relatives",34283
2014-05-01,"Other Asia","Visiting Friends or Relatives",21797
2014-06-01,"Other Asia","Visiting Friends or Relatives",26753
2014-07-01,"Other Asia","Visiting Friends or Relatives",20967
2014-08-01,"Other Asia","Visiting Friends or Relatives",21340
2014-09-01,"Other Asia","Visiting Friends or Relatives",31195
2014-10-01,"Other Asia","Visiting Friends or Relatives",29115
2014-11-01,"Other Asia","Visiting Friends or Relatives",44573
2014-12-01,"Other Asia","Visiting Friends or Relatives",78301
2015-01-01,"Other Asia","Visiting Friends or Relatives",41755
2015-02-01,"Other Asia","Visiting Friends or Relatives",31214
2015-03-01,"Other Asia","Visiting Friends or Relatives",35282
2015-04-01,"Other Asia","Visiting Friends or Relatives",33530
2015-05-01,"Other Asia","Visiting Friends or Relatives",28079
2015-06-01,"Other Asia","Visiting Friends or Relatives",27593
2015-07-01,"Other Asia","Visiting Friends or Relatives",26961
2015-08-01,"Other Asia","Visiting Friends or Relatives",24150
2015-09-01,"Other Asia","Visiting Friends or Relatives",33821
2015-10-01,"Other Asia","Visiting Friends or Relatives",31902
2015-11-01,"Other Asia","Visiting Friends or Relatives",43832
2015-12-01,"Other Asia","Visiting Friends or Relatives",85397
2016-01-01,"Other Asia","Visiting Friends or Relatives",45630
2016-02-01,"Other Asia","Visiting Friends or Relatives",31543
2016-03-01,"Other Asia","Visiting Friends or Relatives",40760
2016-04-01,"Other Asia","Visiting Friends or Relatives",34455
2016-05-01,"Other Asia","Visiting Friends or Relatives",25436
2016-06-01,"Other Asia","Visiting Friends or Relatives",28230
2016-07-01,"Other Asia","Visiting Friends or Relatives",27740
2016-08-01,"Other Asia","Visiting Friends or Relatives",23434
2016-09-01,"Other Asia","Visiting Friends or Relatives",34510
2016-10-01,"Other Asia","Visiting Friends or Relatives",34737
2016-11-01,"Other Asia","Visiting Friends or Relatives",44481
2016-12-01,"Other Asia","Visiting Friends or Relatives",90171
2017-01-01,"Other Asia","Visiting Friends or Relatives",50626
2017-02-01,"Other Asia","Visiting Friends or Relatives",33420
2017-03-01,"Other Asia","Visiting Friends or Relatives",33712
2017-04-01,"Other Asia","Visiting Friends or Relatives",39910
2017-05-01,"Other Asia","Visiting Friends or Relatives",25851
2017-06-01,"Other Asia","Visiting Friends or Relatives",30871
2005-01-01,"Other Europe","Business",4831
2005-02-01,"Other Europe","Business",5363
2005-03-01,"Other Europe","Business",5248
2005-04-01,"Other Europe","Business",9026
2005-05-01,"Other Europe","Business",9771
2005-06-01,"Other Europe","Business",9438
2005-07-01,"Other Europe","Business",5542
2005-08-01,"Other Europe","Business",7464
2005-09-01,"Other Europe","Business",8949
2005-10-01,"Other Europe","Business",7192
2005-11-01,"Other Europe","Business",7447
2005-12-01,"Other Europe","Business",2919
2006-01-01,"Other Europe","Business",5908
2006-02-01,"Other Europe","Business",6307
2006-03-01,"Other Europe","Business",7181
2006-04-01,"Other Europe","Business",6757
2006-05-01,"Other Europe","Business",9964
2006-06-01,"Other Europe","Business",10293
2006-07-01,"Other Europe","Business",5190
2006-08-01,"Other Europe","Business",5976
2006-09-01,"Other Europe","Business",9915
2006-10-01,"Other Europe","Business",7768
2006-11-01,"Other Europe","Business",5870
2006-12-01,"Other Europe","Business",2745
2007-01-01,"Other Europe","Business",4435
2007-02-01,"Other Europe","Business",5414
2007-03-01,"Other Europe","Business",6738
2007-04-01,"Other Europe","Business",7954
2007-05-01,"Other Europe","Business",8856
2007-06-01,"Other Europe","Business",11812
2007-07-01,"Other Europe","Business",6522
2007-08-01,"Other Europe","Business",6904
2007-09-01,"Other Europe","Business",11441
2007-10-01,"Other Europe","Business",8000
2007-11-01,"Other Europe","Business",6128
2007-12-01,"Other Europe","Business",2433
2008-01-01,"Other Europe","Business",4322
2008-02-01,"Other Europe","Business",4560
2008-03-01,"Other Europe","Business",6644
2008-04-01,"Other Europe","Business",7457
2008-05-01,"Other Europe","Business",11922
2008-06-01,"Other Europe","Business",11941
2008-07-01,"Other Europe","Business",6254
2008-08-01,"Other Europe","Business",6909
2008-09-01,"Other Europe","Business",11414
2008-10-01,"Other Europe","Business",7855
2008-11-01,"Other Europe","Business",5505
2008-12-01,"Other Europe","Business",2263
2009-01-01,"Other Europe","Business",3511
2009-02-01,"Other Europe","Business",3732
2009-03-01,"Other Europe","Business",4948
2009-04-01,"Other Europe","Business",5441
2009-05-01,"Other Europe","Business",8206
2009-06-01,"Other Europe","Business",8536
2009-07-01,"Other Europe","Business",6523
2009-08-01,"Other Europe","Business",6648
2009-09-01,"Other Europe","Business",10062
2009-10-01,"Other Europe","Business",7114
2009-11-01,"Other Europe","Business",4784
2009-12-01,"Other Europe","Business",3445
2010-01-01,"Other Europe","Business",5012
2010-02-01,"Other Europe","Business",4504
2010-03-01,"Other Europe","Business",7013
2010-04-01,"Other Europe","Business",6964
2010-05-01,"Other Europe","Business",8351
2010-06-01,"Other Europe","Business",10198
2010-07-01,"Other Europe","Business",5941
2010-08-01,"Other Europe","Business",7662
2010-09-01,"Other Europe","Business",10601
2010-10-01,"Other Europe","Business",9188
2010-11-01,"Other Europe","Business",5597
2010-12-01,"Other Europe","Business",2507
2011-01-01,"Other Europe","Business",5188
2011-02-01,"Other Europe","Business",4903
2011-03-01,"Other Europe","Business",5975
2011-04-01,"Other Europe","Business",7188
2011-05-01,"Other Europe","Business",11097
2011-06-01,"Other Europe","Business",11299
2011-07-01,"Other Europe","Business",7947
2011-08-01,"Other Europe","Business",8066
2011-09-01,"Other Europe","Business",12069
2011-10-01,"Other Europe","Business",7345
2011-11-01,"Other Europe","Business",5697
2011-12-01,"Other Europe","Business",3075
2012-01-01,"Other Europe","Business",4614
2012-02-01,"Other Europe","Business",4573
2012-03-01,"Other Europe","Business",6172
2012-04-01,"Other Europe","Business",6668
2012-05-01,"Other Europe","Business",9275
2012-06-01,"Other Europe","Business",12884
2012-07-01,"Other Europe","Business",6186
2012-08-01,"Other Europe","Business",8139
2012-09-01,"Other Europe","Business",12545
2012-10-01,"Other Europe","Business",7053
2012-11-01,"Other Europe","Business",6576
2012-12-01,"Other Europe","Business",3110
2013-01-01,"Other Europe","Business",4298
2013-02-01,"Other Europe","Business",3788
2013-03-01,"Other Europe","Business",5997
2013-04-01,"Other Europe","Business",8252
2013-05-01,"Other Europe","Business",10971
2013-06-01,"Other Europe","Business",12919
2013-07-01,"Other Europe","Business",6390
2013-08-01,"Other Europe","Business",7767
2013-09-01,"Other Europe","Business",11650
2013-10-01,"Other Europe","Business",7934
2013-11-01,"Other Europe","Business",6360
2013-12-01,"Other Europe","Business",3062
2014-01-01,"Other Europe","Business",4942
2014-02-01,"Other Europe","Business",5444
2014-03-01,"Other Europe","Business",7262
2014-04-01,"Other Europe","Business",6413
2014-05-01,"Other Europe","Business",12647
2014-06-01,"Other Europe","Business",10410
2014-07-01,"Other Europe","Business",7576
2014-08-01,"Other Europe","Business",7615
2014-09-01,"Other Europe","Business",11711
2014-10-01,"Other Europe","Business",6654
2014-11-01,"Other Europe","Business",5436
2014-12-01,"Other Europe","Business",2706
2015-01-01,"Other Europe","Business",4692
2015-02-01,"Other Europe","Business",4990
2015-03-01,"Other Europe","Business",6782
2015-04-01,"Other Europe","Business",8624
2015-05-01,"Other Europe","Business",11558
2015-06-01,"Other Europe","Business",12240
2015-07-01,"Other Europe","Business",6111
2015-08-01,"Other Europe","Business",9222
2015-09-01,"Other Europe","Business",12521
2015-10-01,"Other Europe","Business",8793
2015-11-01,"Other Europe","Business",6360
2015-12-01,"Other Europe","Business",2883
2016-01-01,"Other Europe","Business",5182
2016-02-01,"Other Europe","Business",5373
2016-03-01,"Other Europe","Business",6776
2016-04-01,"Other Europe","Business",6993
2016-05-01,"Other Europe","Business",11893
2016-06-01,"Other Europe","Business",14303
2016-07-01,"Other Europe","Business",9486
2016-08-01,"Other Europe","Business",9473
2016-09-01,"Other Europe","Business",14338
2016-10-01,"Other Europe","Business",8176
2016-11-01,"Other Europe","Business",5149
2016-12-01,"Other Europe","Business",3538
2017-01-01,"Other Europe","Business",4547
2017-02-01,"Other Europe","Business",5397
2017-03-01,"Other Europe","Business",8472
2017-04-01,"Other Europe","Business",6534
2017-05-01,"Other Europe","Business",16509
2017-06-01,"Other Europe","Business",14583
2005-01-01,"Other Europe","Education",1388
2005-02-01,"Other Europe","Education",212
2005-03-01,"Other Europe","Education",407
2005-04-01,"Other Europe","Education",853
2005-05-01,"Other Europe","Education",319
2005-06-01,"Other Europe","Education",916
2005-07-01,"Other Europe","Education",896
2005-08-01,"Other Europe","Education",744
2005-09-01,"Other Europe","Education",2119
2005-10-01,"Other Europe","Education",279
2005-11-01,"Other Europe","Education",1240
2005-12-01,"Other Europe","Education",933
2006-01-01,"Other Europe","Education",1969
2006-02-01,"Other Europe","Education",142
2006-03-01,"Other Europe","Education",741
2006-04-01,"Other Europe","Education",1210
2006-05-01,"Other Europe","Education",749
2006-06-01,"Other Europe","Education",1579
2006-07-01,"Other Europe","Education",436
2006-08-01,"Other Europe","Education",941
2006-09-01,"Other Europe","Education",2279
2006-10-01,"Other Europe","Education",624
2006-11-01,"Other Europe","Education",1251
2006-12-01,"Other Europe","Education",1274
2007-01-01,"Other Europe","Education",1078
2007-02-01,"Other Europe","Education",269
2007-03-01,"Other Europe","Education",732
2007-04-01,"Other Europe","Education",910
2007-05-01,"Other Europe","Education",669
2007-06-01,"Other Europe","Education",1378
2007-07-01,"Other Europe","Education",1241
2007-08-01,"Other Europe","Education",1040
2007-09-01,"Other Europe","Education",1555
2007-10-01,"Other Europe","Education",345
2007-11-01,"Other Europe","Education",868
2007-12-01,"Other Europe","Education",907
2008-01-01,"Other Europe","Education",1174
2008-02-01,"Other Europe","Education",214
2008-03-01,"Other Europe","Education",696
2008-04-01,"Other Europe","Education",1170
2008-05-01,"Other Europe","Education",470
2008-06-01,"Other Europe","Education",1244
2008-07-01,"Other Europe","Education",1319
2008-08-01,"Other Europe","Education",668
2008-09-01,"Other Europe","Education",2486
2008-10-01,"Other Europe","Education",374
2008-11-01,"Other Europe","Education",1584
2008-12-01,"Other Europe","Education",1174
2009-01-01,"Other Europe","Education",1144
2009-02-01,"Other Europe","Education",209
2009-03-01,"Other Europe","Education",581
2009-04-01,"Other Europe","Education",1416
2009-05-01,"Other Europe","Education",386
2009-06-01,"Other Europe","Education",815
2009-07-01,"Other Europe","Education",773
2009-08-01,"Other Europe","Education",992
2009-09-01,"Other Europe","Education",1873
2009-10-01,"Other Europe","Education",576
2009-11-01,"Other Europe","Education",1195
2009-12-01,"Other Europe","Education",750
2010-01-01,"Other Europe","Education",1177
2010-02-01,"Other Europe","Education",173
2010-03-01,"Other Europe","Education",1124
2010-04-01,"Other Europe","Education",879
2010-05-01,"Other Europe","Education",685
2010-06-01,"Other Europe","Education",1142
2010-07-01,"Other Europe","Education",861
2010-08-01,"Other Europe","Education",1387
2010-09-01,"Other Europe","Education",1647
2010-10-01,"Other Europe","Education",426
2010-11-01,"Other Europe","Education",1591
2010-12-01,"Other Europe","Education",1215
2011-01-01,"Other Europe","Education",1567
2011-02-01,"Other Europe","Education",357
2011-03-01,"Other Europe","Education",529
2011-04-01,"Other Europe","Education",1723
2011-05-01,"Other Europe","Education",532
2011-06-01,"Other Europe","Education",1375
2011-07-01,"Other Europe","Education",1117
2011-08-01,"Other Europe","Education",1342
2011-09-01,"Other Europe","Education",2245
2011-10-01,"Other Europe","Education",605
2011-11-01,"Other Europe","Education",1526
2011-12-01,"Other Europe","Education",1243
2012-01-01,"Other Europe","Education",2060
2012-02-01,"Other Europe","Education",391
2012-03-01,"Other Europe","Education",1361
2012-04-01,"Other Europe","Education",1182
2012-05-01,"Other Europe","Education",293
2012-06-01,"Other Europe","Education",1604
2012-07-01,"Other Europe","Education",525
2012-08-01,"Other Europe","Education",1043
2012-09-01,"Other Europe","Education",2514
2012-10-01,"Other Europe","Education",363
2012-11-01,"Other Europe","Education",1531
2012-12-01,"Other Europe","Education",1189
2013-01-01,"Other Europe","Education",1260
2013-02-01,"Other Europe","Education",326
2013-03-01,"Other Europe","Education",690
2013-04-01,"Other Europe","Education",2197
2013-05-01,"Other Europe","Education",586
2013-06-01,"Other Europe","Education",1854
2013-07-01,"Other Europe","Education",950
2013-08-01,"Other Europe","Education",1072
2013-09-01,"Other Europe","Education",2819
2013-10-01,"Other Europe","Education",568
2013-11-01,"Other Europe","Education",1390
2013-12-01,"Other Europe","Education",1151
2014-01-01,"Other Europe","Education",1097
2014-02-01,"Other Europe","Education",316
2014-03-01,"Other Europe","Education",698
2014-04-01,"Other Europe","Education",2200
2014-05-01,"Other Europe","Education",477
2014-06-01,"Other Europe","Education",1951
2014-07-01,"Other Europe","Education",948
2014-08-01,"Other Europe","Education",1206
2014-09-01,"Other Europe","Education",2902
2014-10-01,"Other Europe","Education",440
2014-11-01,"Other Europe","Education",666
2014-12-01,"Other Europe","Education",1010
2015-01-01,"Other Europe","Education",1456
2015-02-01,"Other Europe","Education",256
2015-03-01,"Other Europe","Education",1176
2015-04-01,"Other Europe","Education",1325
2015-05-01,"Other Europe","Education",267
2015-06-01,"Other Europe","Education",1734
2015-07-01,"Other Europe","Education",1206
2015-08-01,"Other Europe","Education",1477
2015-09-01,"Other Europe","Education",2019
2015-10-01,"Other Europe","Education",201
2015-11-01,"Other Europe","Education",1540
2015-12-01,"Other Europe","Education",1107
2016-01-01,"Other Europe","Education",1309
2016-02-01,"Other Europe","Education",291
2016-03-01,"Other Europe","Education",691
2016-04-01,"Other Europe","Education",1565
2016-05-01,"Other Europe","Education",420
2016-06-01,"Other Europe","Education",2507
2016-07-01,"Other Europe","Education",1538
2016-08-01,"Other Europe","Education",1234
2016-09-01,"Other Europe","Education",2299
2016-10-01,"Other Europe","Education",456
2016-11-01,"Other Europe","Education",1449
2016-12-01,"Other Europe","Education",1659
2017-01-01,"Other Europe","Education",1570
2017-02-01,"Other Europe","Education",472
2017-03-01,"Other Europe","Education",705
2017-04-01,"Other Europe","Education",1392
2017-05-01,"Other Europe","Education",474
2017-06-01,"Other Europe","Education",2703
2005-01-01,"Other Europe","Employment",767
2005-02-01,"Other Europe","Employment",368
2005-03-01,"Other Europe","Employment",547
2005-04-01,"Other Europe","Employment",563
2005-05-01,"Other Europe","Employment",568
2005-06-01,"Other Europe","Employment",363
2005-07-01,"Other Europe","Employment",281
2005-08-01,"Other Europe","Employment",680
2005-09-01,"Other Europe","Employment",407
2005-10-01,"Other Europe","Employment",307
2005-11-01,"Other Europe","Employment",702
2005-12-01,"Other Europe","Employment",397
2006-01-01,"Other Europe","Employment",904
2006-02-01,"Other Europe","Employment",437
2006-03-01,"Other Europe","Employment",495
2006-04-01,"Other Europe","Employment",327
2006-05-01,"Other Europe","Employment",638
2006-06-01,"Other Europe","Employment",298
2006-07-01,"Other Europe","Employment",212
2006-08-01,"Other Europe","Employment",569
2006-09-01,"Other Europe","Employment",807
2006-10-01,"Other Europe","Employment",423
2006-11-01,"Other Europe","Employment",350
2006-12-01,"Other Europe","Employment",275
2007-01-01,"Other Europe","Employment",1098
2007-02-01,"Other Europe","Employment",496
2007-03-01,"Other Europe","Employment",546
2007-04-01,"Other Europe","Employment",682
2007-05-01,"Other Europe","Employment",722
2007-06-01,"Other Europe","Employment",576
2007-07-01,"Other Europe","Employment",625
2007-08-01,"Other Europe","Employment",708
2007-09-01,"Other Europe","Employment",766
2007-10-01,"Other Europe","Employment",392
2007-11-01,"Other Europe","Employment",467
2007-12-01,"Other Europe","Employment",412
2008-01-01,"Other Europe","Employment",859
2008-02-01,"Other Europe","Employment",660
2008-03-01,"Other Europe","Employment",589
2008-04-01,"Other Europe","Employment",620
2008-05-01,"Other Europe","Employment",640
2008-06-01,"Other Europe","Employment",968
2008-07-01,"Other Europe","Employment",563
2008-08-01,"Other Europe","Employment",891
2008-09-01,"Other Europe","Employment",416
2008-10-01,"Other Europe","Employment",485
2008-11-01,"Other Europe","Employment",470
2008-12-01,"Other Europe","Employment",820
2009-01-01,"Other Europe","Employment",980
2009-02-01,"Other Europe","Employment",380
2009-03-01,"Other Europe","Employment",653
2009-04-01,"Other Europe","Employment",498
2009-05-01,"Other Europe","Employment",639
2009-06-01,"Other Europe","Employment",890
2009-07-01,"Other Europe","Employment",659
2009-08-01,"Other Europe","Employment",708
2009-09-01,"Other Europe","Employment",939
2009-10-01,"Other Europe","Employment",485
2009-11-01,"Other Europe","Employment",546
2009-12-01,"Other Europe","Employment",720
2010-01-01,"Other Europe","Employment",1182
2010-02-01,"Other Europe","Employment",443
2010-03-01,"Other Europe","Employment",697
2010-04-01,"Other Europe","Employment",541
2010-05-01,"Other Europe","Employment",655
2010-06-01,"Other Europe","Employment",426
2010-07-01,"Other Europe","Employment",350
2010-08-01,"Other Europe","Employment",869
2010-09-01,"Other Europe","Employment",715
2010-10-01,"Other Europe","Employment",555
2010-11-01,"Other Europe","Employment",690
2010-12-01,"Other Europe","Employment",479
2011-01-01,"Other Europe","Employment",1874
2011-02-01,"Other Europe","Employment",561
2011-03-01,"Other Europe","Employment",624
2011-04-01,"Other Europe","Employment",528
2011-05-01,"Other Europe","Employment",421
2011-06-01,"Other Europe","Employment",507
2011-07-01,"Other Europe","Employment",659
2011-08-01,"Other Europe","Employment",880
2011-09-01,"Other Europe","Employment",555
2011-10-01,"Other Europe","Employment",806
2011-11-01,"Other Europe","Employment",538
2011-12-01,"Other Europe","Employment",500
2012-01-01,"Other Europe","Employment",1336
2012-02-01,"Other Europe","Employment",519
2012-03-01,"Other Europe","Employment",328
2012-04-01,"Other Europe","Employment",563
2012-05-01,"Other Europe","Employment",719
2012-06-01,"Other Europe","Employment",862
2012-07-01,"Other Europe","Employment",823
2012-08-01,"Other Europe","Employment",607
2012-09-01,"Other Europe","Employment",601
2012-10-01,"Other Europe","Employment",479
2012-11-01,"Other Europe","Employment",384
2012-12-01,"Other Europe","Employment",515
2013-01-01,"Other Europe","Employment",1051
2013-02-01,"Other Europe","Employment",675
2013-03-01,"Other Europe","Employment",521
2013-04-01,"Other Europe","Employment",630
2013-05-01,"Other Europe","Employment",531
2013-06-01,"Other Europe","Employment",777
2013-07-01,"Other Europe","Employment",866
2013-08-01,"Other Europe","Employment",659
2013-09-01,"Other Europe","Employment",430
2013-10-01,"Other Europe","Employment",600
2013-11-01,"Other Europe","Employment",435
2013-12-01,"Other Europe","Employment",775
2014-01-01,"Other Europe","Employment",940
2014-02-01,"Other Europe","Employment",487
2014-03-01,"Other Europe","Employment",384
2014-04-01,"Other Europe","Employment",633
2014-05-01,"Other Europe","Employment",814
2014-06-01,"Other Europe","Employment",885
2014-07-01,"Other Europe","Employment",697
2014-08-01,"Other Europe","Employment",841
2014-09-01,"Other Europe","Employment",692
2014-10-01,"Other Europe","Employment",470
2014-11-01,"Other Europe","Employment",715
2014-12-01,"Other Europe","Employment",643
2015-01-01,"Other Europe","Employment",1007
2015-02-01,"Other Europe","Employment",376
2015-03-01,"Other Europe","Employment",485
2015-04-01,"Other Europe","Employment",964
2015-05-01,"Other Europe","Employment",1865
2015-06-01,"Other Europe","Employment",2038
2015-07-01,"Other Europe","Employment",2129
2015-08-01,"Other Europe","Employment",1887
2015-09-01,"Other Europe","Employment",797
2015-10-01,"Other Europe","Employment",450
2015-11-01,"Other Europe","Employment",752
2015-12-01,"Other Europe","Employment",926
2016-01-01,"Other Europe","Employment",1109
2016-02-01,"Other Europe","Employment",723
2016-03-01,"Other Europe","Employment",496
2016-04-01,"Other Europe","Employment",898
2016-05-01,"Other Europe","Employment",958
2016-06-01,"Other Europe","Employment",1442
2016-07-01,"Other Europe","Employment",1485
2016-08-01,"Other Europe","Employment",1300
2016-09-01,"Other Europe","Employment",840
2016-10-01,"Other Europe","Employment",885
2016-11-01,"Other Europe","Employment",624
2016-12-01,"Other Europe","Employment",1127
2017-01-01,"Other Europe","Employment",1347
2017-02-01,"Other Europe","Employment",532
2017-03-01,"Other Europe","Employment",738
2017-04-01,"Other Europe","Employment",503
2017-05-01,"Other Europe","Employment",1404
2017-06-01,"Other Europe","Employment",1733
2005-01-01,"Other Europe","Holiday",6303
2005-02-01,"Other Europe","Holiday",4210
2005-03-01,"Other Europe","Holiday",9898
2005-04-01,"Other Europe","Holiday",16715
2005-05-01,"Other Europe","Holiday",36752
2005-06-01,"Other Europe","Holiday",38116
2005-07-01,"Other Europe","Holiday",29680
2005-08-01,"Other Europe","Holiday",29199
2005-09-01,"Other Europe","Holiday",34428
2005-10-01,"Other Europe","Holiday",11526
2005-11-01,"Other Europe","Holiday",6993
2005-12-01,"Other Europe","Holiday",20362
2006-01-01,"Other Europe","Holiday",6792
2006-02-01,"Other Europe","Holiday",5156
2006-03-01,"Other Europe","Holiday",10196
2006-04-01,"Other Europe","Holiday",19467
2006-05-01,"Other Europe","Holiday",39666
2006-06-01,"Other Europe","Holiday",59195
2006-07-01,"Other Europe","Holiday",33758
2006-08-01,"Other Europe","Holiday",32259
2006-09-01,"Other Europe","Holiday",38283
2006-10-01,"Other Europe","Holiday",12886
2006-11-01,"Other Europe","Holiday",7756
2006-12-01,"Other Europe","Holiday",21317
2007-01-01,"Other Europe","Holiday",8111
2007-02-01,"Other Europe","Holiday",5088
2007-03-01,"Other Europe","Holiday",13573
2007-04-01,"Other Europe","Holiday",23171
2007-05-01,"Other Europe","Holiday",40838
2007-06-01,"Other Europe","Holiday",52727
2007-07-01,"Other Europe","Holiday",32787
2007-08-01,"Other Europe","Holiday",33039
2007-09-01,"Other Europe","Holiday",50589
2007-10-01,"Other Europe","Holiday",19313
2007-11-01,"Other Europe","Holiday",7937
2007-12-01,"Other Europe","Holiday",24417
2008-01-01,"Other Europe","Holiday",8903
2008-02-01,"Other Europe","Holiday",6254
2008-03-01,"Other Europe","Holiday",11825
2008-04-01,"Other Europe","Holiday",25327
2008-05-01,"Other Europe","Holiday",42959
2008-06-01,"Other Europe","Holiday",50367
2008-07-01,"Other Europe","Holiday",34686
2008-08-01,"Other Europe","Holiday",35779
2008-09-01,"Other Europe","Holiday",47265
2008-10-01,"Other Europe","Holiday",17290
2008-11-01,"Other Europe","Holiday",9696
2008-12-01,"Other Europe","Holiday",24784
2009-01-01,"Other Europe","Holiday",7684
2009-02-01,"Other Europe","Holiday",4954
2009-03-01,"Other Europe","Holiday",9541
2009-04-01,"Other Europe","Holiday",21073
2009-05-01,"Other Europe","Holiday",36551
2009-06-01,"Other Europe","Holiday",46662
2009-07-01,"Other Europe","Holiday",42881
2009-08-01,"Other Europe","Holiday",34968
2009-09-01,"Other Europe","Holiday",44284
2009-10-01,"Other Europe","Holiday",16858
2009-11-01,"Other Europe","Holiday",10138
2009-12-01,"Other Europe","Holiday",23893
2010-01-01,"Other Europe","Holiday",9729
2010-02-01,"Other Europe","Holiday",5848
2010-03-01,"Other Europe","Holiday",13854
2010-04-01,"Other Europe","Holiday",24347
2010-05-01,"Other Europe","Holiday",43992
2010-06-01,"Other Europe","Holiday",69919
2010-07-01,"Other Europe","Holiday",42000
2010-08-01,"Other Europe","Holiday",41271
2010-09-01,"Other Europe","Holiday",55631
2010-10-01,"Other Europe","Holiday",16029
2010-11-01,"Other Europe","Holiday",9149
2010-12-01,"Other Europe","Holiday",28197
2011-01-01,"Other Europe","Holiday",8897
2011-02-01,"Other Europe","Holiday",6459
2011-03-01,"Other Europe","Holiday",12591
2011-04-01,"Other Europe","Holiday",38109
2011-05-01,"Other Europe","Holiday",52210
2011-06-01,"Other Europe","Holiday",79084
2011-07-01,"Other Europe","Holiday",52763
2011-08-01,"Other Europe","Holiday",55014
2011-09-01,"Other Europe","Holiday",65045
2011-10-01,"Other Europe","Holiday",20097
2011-11-01,"Other Europe","Holiday",10074
2011-12-01,"Other Europe","Holiday",31764
2012-01-01,"Other Europe","Holiday",12726
2012-02-01,"Other Europe","Holiday",7554
2012-03-01,"Other Europe","Holiday",19607
2012-04-01,"Other Europe","Holiday",31477
2012-05-01,"Other Europe","Holiday",60668
2012-06-01,"Other Europe","Holiday",89661
2012-07-01,"Other Europe","Holiday",53470
2012-08-01,"Other Europe","Holiday",54511
2012-09-01,"Other Europe","Holiday",69545
2012-10-01,"Other Europe","Holiday",20990
2012-11-01,"Other Europe","Holiday",13593
2012-12-01,"Other Europe","Holiday",35563
2013-01-01,"Other Europe","Holiday",11773
2013-02-01,"Other Europe","Holiday",8622
2013-03-01,"Other Europe","Holiday",19463
2013-04-01,"Other Europe","Holiday",35563
2013-05-01,"Other Europe","Holiday",62349
2013-06-01,"Other Europe","Holiday",96529
2013-07-01,"Other Europe","Holiday",66588
2013-08-01,"Other Europe","Holiday",60625
2013-09-01,"Other Europe","Holiday",76807
2013-10-01,"Other Europe","Holiday",21087
2013-11-01,"Other Europe","Holiday",14275
2013-12-01,"Other Europe","Holiday",44876
2014-01-01,"Other Europe","Holiday",13104
2014-02-01,"Other Europe","Holiday",8441
2014-03-01,"Other Europe","Holiday",17096
2014-04-01,"Other Europe","Holiday",44788
2014-05-01,"Other Europe","Holiday",66707
2014-06-01,"Other Europe","Holiday",105487
2014-07-01,"Other Europe","Holiday",79891
2014-08-01,"Other Europe","Holiday",76854
2014-09-01,"Other Europe","Holiday",75222
2014-10-01,"Other Europe","Holiday",20288
2014-11-01,"Other Europe","Holiday",13522
2014-12-01,"Other Europe","Holiday",44706
2015-01-01,"Other Europe","Holiday",12502
2015-02-01,"Other Europe","Holiday",8413
2015-03-01,"Other Europe","Holiday",21568
2015-04-01,"Other Europe","Holiday",40008
2015-05-01,"Other Europe","Holiday",65403
2015-06-01,"Other Europe","Holiday",109350
2015-07-01,"Other Europe","Holiday",76887
2015-08-01,"Other Europe","Holiday",72658
2015-09-01,"Other Europe","Holiday",75331
2015-10-01,"Other Europe","Holiday",23079
2015-11-01,"Other Europe","Holiday",14549
2015-12-01,"Other Europe","Holiday",46014
2016-01-01,"Other Europe","Holiday",12710
2016-02-01,"Other Europe","Holiday",8299
2016-03-01,"Other Europe","Holiday",20636
2016-04-01,"Other Europe","Holiday",37758
2016-05-01,"Other Europe","Holiday",63478
2016-06-01,"Other Europe","Holiday",115502
2016-07-01,"Other Europe","Holiday",84864
2016-08-01,"Other Europe","Holiday",74774
2016-09-01,"Other Europe","Holiday",79646
2016-10-01,"Other Europe","Holiday",25796
2016-11-01,"Other Europe","Holiday",14450
2016-12-01,"Other Europe","Holiday",45734
2017-01-01,"Other Europe","Holiday",17444
2017-02-01,"Other Europe","Holiday",11457
2017-03-01,"Other Europe","Holiday",21705
2017-04-01,"Other Europe","Holiday",43862
2017-05-01,"Other Europe","Holiday",71367
2017-06-01,"Other Europe","Holiday",121066
2005-01-01,"Other Europe","Other",865
2005-02-01,"Other Europe","Other",531
2005-03-01,"Other Europe","Other",617
2005-04-01,"Other Europe","Other",856
2005-05-01,"Other Europe","Other",1077
2005-06-01,"Other Europe","Other",1349
2005-07-01,"Other Europe","Other",1171
2005-08-01,"Other Europe","Other",1188
2005-09-01,"Other Europe","Other",688
2005-10-01,"Other Europe","Other",690
2005-11-01,"Other Europe","Other",524
2005-12-01,"Other Europe","Other",482
2006-01-01,"Other Europe","Other",749
2006-02-01,"Other Europe","Other",507
2006-03-01,"Other Europe","Other",540
2006-04-01,"Other Europe","Other",1285
2006-05-01,"Other Europe","Other",1074
2006-06-01,"Other Europe","Other",1325
2006-07-01,"Other Europe","Other",647
2006-08-01,"Other Europe","Other",823
2006-09-01,"Other Europe","Other",1061
2006-10-01,"Other Europe","Other",1158
2006-11-01,"Other Europe","Other",357
2006-12-01,"Other Europe","Other",303
2007-01-01,"Other Europe","Other",1045
2007-02-01,"Other Europe","Other",488
2007-03-01,"Other Europe","Other",914
2007-04-01,"Other Europe","Other",855
2007-05-01,"Other Europe","Other",560
2007-06-01,"Other Europe","Other",989
2007-07-01,"Other Europe","Other",1054
2007-08-01,"Other Europe","Other",861
2007-09-01,"Other Europe","Other",761
2007-10-01,"Other Europe","Other",911
2007-11-01,"Other Europe","Other",375
2007-12-01,"Other Europe","Other",411
2008-01-01,"Other Europe","Other",801
2008-02-01,"Other Europe","Other",580
2008-03-01,"Other Europe","Other",1030
2008-04-01,"Other Europe","Other",1034
2008-05-01,"Other Europe","Other",610
2008-06-01,"Other Europe","Other",1604
2008-07-01,"Other Europe","Other",1330
2008-08-01,"Other Europe","Other",460
2008-09-01,"Other Europe","Other",1458
2008-10-01,"Other Europe","Other",546
2008-11-01,"Other Europe","Other",949
2008-12-01,"Other Europe","Other",377
2009-01-01,"Other Europe","Other",995
2009-02-01,"Other Europe","Other",715
2009-03-01,"Other Europe","Other",659
2009-04-01,"Other Europe","Other",822
2009-05-01,"Other Europe","Other",1017
2009-06-01,"Other Europe","Other",1345
2009-07-01,"Other Europe","Other",1228
2009-08-01,"Other Europe","Other",1093
2009-09-01,"Other Europe","Other",1056
2009-10-01,"Other Europe","Other",503
2009-11-01,"Other Europe","Other",494
2009-12-01,"Other Europe","Other",402
2010-01-01,"Other Europe","Other",952
2010-02-01,"Other Europe","Other",564
2010-03-01,"Other Europe","Other",1305
2010-04-01,"Other Europe","Other",710
2010-05-01,"Other Europe","Other",1006
2010-06-01,"Other Europe","Other",1370
2010-07-01,"Other Europe","Other",1145
2010-08-01,"Other Europe","Other",828
2010-09-01,"Other Europe","Other",931
2010-10-01,"Other Europe","Other",1151
2010-11-01,"Other Europe","Other",535
2010-12-01,"Other Europe","Other",743
2011-01-01,"Other Europe","Other",1020
2011-02-01,"Other Europe","Other",580
2011-03-01,"Other Europe","Other",942
2011-04-01,"Other Europe","Other",912
2011-05-01,"Other Europe","Other",1070
2011-06-01,"Other Europe","Other",1063
2011-07-01,"Other Europe","Other",1189
2011-08-01,"Other Europe","Other",1688
2011-09-01,"Other Europe","Other",1134
2011-10-01,"Other Europe","Other",716
2011-11-01,"Other Europe","Other",860
2011-12-01,"Other Europe","Other",547
2012-01-01,"Other Europe","Other",670
2012-02-01,"Other Europe","Other",533
2012-03-01,"Other Europe","Other",724
2012-04-01,"Other Europe","Other",1115
2012-05-01,"Other Europe","Other",1054
2012-06-01,"Other Europe","Other",1185
2012-07-01,"Other Europe","Other",964
2012-08-01,"Other Europe","Other",1361
2012-09-01,"Other Europe","Other",1335
2012-10-01,"Other Europe","Other",594
2012-11-01,"Other Europe","Other",702
2012-12-01,"Other Europe","Other",315
2013-01-01,"Other Europe","Other",544
2013-02-01,"Other Europe","Other",605
2013-03-01,"Other Europe","Other",609
2013-04-01,"Other Europe","Other",902
2013-05-01,"Other Europe","Other",996
2013-06-01,"Other Europe","Other",1481
2013-07-01,"Other Europe","Other",1078
2013-08-01,"Other Europe","Other",1132
2013-09-01,"Other Europe","Other",1242
2013-10-01,"Other Europe","Other",948
2013-11-01,"Other Europe","Other",680
2013-12-01,"Other Europe","Other",828
2014-01-01,"Other Europe","Other",916
2014-02-01,"Other Europe","Other",639
2014-03-01,"Other Europe","Other",687
2014-04-01,"Other Europe","Other",1012
2014-05-01,"Other Europe","Other",958
2014-06-01,"Other Europe","Other",1091
2014-07-01,"Other Europe","Other",1206
2014-08-01,"Other Europe","Other",886
2014-09-01,"Other Europe","Other",1100
2014-10-01,"Other Europe","Other",751
2014-11-01,"Other Europe","Other",826
2014-12-01,"Other Europe","Other",748
2015-01-01,"Other Europe","Other",1177
2015-02-01,"Other Europe","Other",821
2015-03-01,"Other Europe","Other",858
2015-04-01,"Other Europe","Other",932
2015-05-01,"Other Europe","Other",1957
2015-06-01,"Other Europe","Other",1827
2015-07-01,"Other Europe","Other",1261
2015-08-01,"Other Europe","Other",933
2015-09-01,"Other Europe","Other",838
2015-10-01,"Other Europe","Other",522
2015-11-01,"Other Europe","Other",501
2015-12-01,"Other Europe","Other",618
2016-01-01,"Other Europe","Other",822
2016-02-01,"Other Europe","Other",683
2016-03-01,"Other Europe","Other",710
2016-04-01,"Other Europe","Other",852
2016-05-01,"Other Europe","Other",673
2016-06-01,"Other Europe","Other",1742
2016-07-01,"Other Europe","Other",1710
2016-08-01,"Other Europe","Other",982
2016-09-01,"Other Europe","Other",878
2016-10-01,"Other Europe","Other",809
2016-11-01,"Other Europe","Other",568
2016-12-01,"Other Europe","Other",525
2017-01-01,"Other Europe","Other",696
2017-02-01,"Other Europe","Other",391
2017-03-01,"Other Europe","Other",804
2017-04-01,"Other Europe","Other",1194
2017-05-01,"Other Europe","Other",960
2017-06-01,"Other Europe","Other",1557
2005-01-01,"Other Europe","Visiting Friends or Relatives",4950
2005-02-01,"Other Europe","Visiting Friends or Relatives",4413
2005-03-01,"Other Europe","Visiting Friends or Relatives",7951
2005-04-01,"Other Europe","Visiting Friends or Relatives",10153
2005-05-01,"Other Europe","Visiting Friends or Relatives",22598
2005-06-01,"Other Europe","Visiting Friends or Relatives",26102
2005-07-01,"Other Europe","Visiting Friends or Relatives",20991
2005-08-01,"Other Europe","Visiting Friends or Relatives",14651
2005-09-01,"Other Europe","Visiting Friends or Relatives",13457
2005-10-01,"Other Europe","Visiting Friends or Relatives",5509
2005-11-01,"Other Europe","Visiting Friends or Relatives",5577
2005-12-01,"Other Europe","Visiting Friends or Relatives",14617
2006-01-01,"Other Europe","Visiting Friends or Relatives",5188
2006-02-01,"Other Europe","Visiting Friends or Relatives",3652
2006-03-01,"Other Europe","Visiting Friends or Relatives",6640
2006-04-01,"Other Europe","Visiting Friends or Relatives",10714
2006-05-01,"Other Europe","Visiting Friends or Relatives",22494
2006-06-01,"Other Europe","Visiting Friends or Relatives",27796
2006-07-01,"Other Europe","Visiting Friends or Relatives",20548
2006-08-01,"Other Europe","Visiting Friends or Relatives",15181
2006-09-01,"Other Europe","Visiting Friends or Relatives",12585
2006-10-01,"Other Europe","Visiting Friends or Relatives",6620
2006-11-01,"Other Europe","Visiting Friends or Relatives",6929
2006-12-01,"Other Europe","Visiting Friends or Relatives",17168
2007-01-01,"Other Europe","Visiting Friends or Relatives",4241
2007-02-01,"Other Europe","Visiting Friends or Relatives",5000
2007-03-01,"Other Europe","Visiting Friends or Relatives",8062
2007-04-01,"Other Europe","Visiting Friends or Relatives",9691
2007-05-01,"Other Europe","Visiting Friends or Relatives",20552
2007-06-01,"Other Europe","Visiting Friends or Relatives",26898
2007-07-01,"Other Europe","Visiting Friends or Relatives",18440
2007-08-01,"Other Europe","Visiting Friends or Relatives",12815
2007-09-01,"Other Europe","Visiting Friends or Relatives",12846
2007-10-01,"Other Europe","Visiting Friends or Relatives",6186
2007-11-01,"Other Europe","Visiting Friends or Relatives",5588
2007-12-01,"Other Europe","Visiting Friends or Relatives",15093
2008-01-01,"Other Europe","Visiting Friends or Relatives",3679
2008-02-01,"Other Europe","Visiting Friends or Relatives",3379
2008-03-01,"Other Europe","Visiting Friends or Relatives",6388
2008-04-01,"Other Europe","Visiting Friends or Relatives",9086
2008-05-01,"Other Europe","Visiting Friends or Relatives",17232
2008-06-01,"Other Europe","Visiting Friends or Relatives",22594
2008-07-01,"Other Europe","Visiting Friends or Relatives",17703
2008-08-01,"Other Europe","Visiting Friends or Relatives",12982
2008-09-01,"Other Europe","Visiting Friends or Relatives",12492
2008-10-01,"Other Europe","Visiting Friends or Relatives",6255
2008-11-01,"Other Europe","Visiting Friends or Relatives",5064
2008-12-01,"Other Europe","Visiting Friends or Relatives",16250
2009-01-01,"Other Europe","Visiting Friends or Relatives",4094
2009-02-01,"Other Europe","Visiting Friends or Relatives",3817
2009-03-01,"Other Europe","Visiting Friends or Relatives",6433
2009-04-01,"Other Europe","Visiting Friends or Relatives",9190
2009-05-01,"Other Europe","Visiting Friends or Relatives",18742
2009-06-01,"Other Europe","Visiting Friends or Relatives",23967
2009-07-01,"Other Europe","Visiting Friends or Relatives",19464
2009-08-01,"Other Europe","Visiting Friends or Relatives",15112
2009-09-01,"Other Europe","Visiting Friends or Relatives",13687
2009-10-01,"Other Europe","Visiting Friends or Relatives",6944
2009-11-01,"Other Europe","Visiting Friends or Relatives",5272
2009-12-01,"Other Europe","Visiting Friends or Relatives",15467
2010-01-01,"Other Europe","Visiting Friends or Relatives",4418
2010-02-01,"Other Europe","Visiting Friends or Relatives",3500
2010-03-01,"Other Europe","Visiting Friends or Relatives",7094
2010-04-01,"Other Europe","Visiting Friends or Relatives",7903
2010-05-01,"Other Europe","Visiting Friends or Relatives",18257
2010-06-01,"Other Europe","Visiting Friends or Relatives",26759
2010-07-01,"Other Europe","Visiting Friends or Relatives",20558
2010-08-01,"Other Europe","Visiting Friends or Relatives",14924
2010-09-01,"Other Europe","Visiting Friends or Relatives",15382
2010-10-01,"Other Europe","Visiting Friends or Relatives",6810
2010-11-01,"Other Europe","Visiting Friends or Relatives",5736
2010-12-01,"Other Europe","Visiting Friends or Relatives",14711
2011-01-01,"Other Europe","Visiting Friends or Relatives",4109
2011-02-01,"Other Europe","Visiting Friends or Relatives",4121
2011-03-01,"Other Europe","Visiting Friends or Relatives",6227
2011-04-01,"Other Europe","Visiting Friends or Relatives",12657
2011-05-01,"Other Europe","Visiting Friends or Relatives",17081
2011-06-01,"Other Europe","Visiting Friends or Relatives",27856
2011-07-01,"Other Europe","Visiting Friends or Relatives",21859
2011-08-01,"Other Europe","Visiting Friends or Relatives",15773
2011-09-01,"Other Europe","Visiting Friends or Relatives",14758
2011-10-01,"Other Europe","Visiting Friends or Relatives",5634
2011-11-01,"Other Europe","Visiting Friends or Relatives",5484
2011-12-01,"Other Europe","Visiting Friends or Relatives",17005
2012-01-01,"Other Europe","Visiting Friends or Relatives",4472
2012-02-01,"Other Europe","Visiting Friends or Relatives",4509
2012-03-01,"Other Europe","Visiting Friends or Relatives",7679
2012-04-01,"Other Europe","Visiting Friends or Relatives",11289
2012-05-01,"Other Europe","Visiting Friends or Relatives",17845
2012-06-01,"Other Europe","Visiting Friends or Relatives",29326
2012-07-01,"Other Europe","Visiting Friends or Relatives",22168
2012-08-01,"Other Europe","Visiting Friends or Relatives",16513
2012-09-01,"Other Europe","Visiting Friends or Relatives",14611
2012-10-01,"Other Europe","Visiting Friends or Relatives",7188
2012-11-01,"Other Europe","Visiting Friends or Relatives",5608
2012-12-01,"Other Europe","Visiting Friends or Relatives",20169
2013-01-01,"Other Europe","Visiting Friends or Relatives",4898
2013-02-01,"Other Europe","Visiting Friends or Relatives",4718
2013-03-01,"Other Europe","Visiting Friends or Relatives",7520
2013-04-01,"Other Europe","Visiting Friends or Relatives",11432
2013-05-01,"Other Europe","Visiting Friends or Relatives",19814
2013-06-01,"Other Europe","Visiting Friends or Relatives",31045
2013-07-01,"Other Europe","Visiting Friends or Relatives",25355
2013-08-01,"Other Europe","Visiting Friends or Relatives",18691
2013-09-01,"Other Europe","Visiting Friends or Relatives",17884
2013-10-01,"Other Europe","Visiting Friends or Relatives",7269
2013-11-01,"Other Europe","Visiting Friends or Relatives",6830
2013-12-01,"Other Europe","Visiting Friends or Relatives",20365
2014-01-01,"Other Europe","Visiting Friends or Relatives",4696
2014-02-01,"Other Europe","Visiting Friends or Relatives",5405
2014-03-01,"Other Europe","Visiting Friends or Relatives",6484
2014-04-01,"Other Europe","Visiting Friends or Relatives",12719
2014-05-01,"Other Europe","Visiting Friends or Relatives",19546
2014-06-01,"Other Europe","Visiting Friends or Relatives",30125
2014-07-01,"Other Europe","Visiting Friends or Relatives",24141
2014-08-01,"Other Europe","Visiting Friends or Relatives",19415
2014-09-01,"Other Europe","Visiting Friends or Relatives",16576
2014-10-01,"Other Europe","Visiting Friends or Relatives",7603
2014-11-01,"Other Europe","Visiting Friends or Relatives",6562
2014-12-01,"Other Europe","Visiting Friends or Relatives",21843
2015-01-01,"Other Europe","Visiting Friends or Relatives",6246
2015-02-01,"Other Europe","Visiting Friends or Relatives",5256
2015-03-01,"Other Europe","Visiting Friends or Relatives",9692
2015-04-01,"Other Europe","Visiting Friends or Relatives",11227
2015-05-01,"Other Europe","Visiting Friends or Relatives",20602
2015-06-01,"Other Europe","Visiting Friends or Relatives",33905
2015-07-01,"Other Europe","Visiting Friends or Relatives",30340
2015-08-01,"Other Europe","Visiting Friends or Relatives",20702
2015-09-01,"Other Europe","Visiting Friends or Relatives",20483
2015-10-01,"Other Europe","Visiting Friends or Relatives",7290
2015-11-01,"Other Europe","Visiting Friends or Relatives",6986
2015-12-01,"Other Europe","Visiting Friends or Relatives",22592
2016-01-01,"Other Europe","Visiting Friends or Relatives",5918
2016-02-01,"Other Europe","Visiting Friends or Relatives",4150
2016-03-01,"Other Europe","Visiting Friends or Relatives",10564
2016-04-01,"Other Europe","Visiting Friends or Relatives",11296
2016-05-01,"Other Europe","Visiting Friends or Relatives",19085
2016-06-01,"Other Europe","Visiting Friends or Relatives",32928
2016-07-01,"Other Europe","Visiting Friends or Relatives",27617
2016-08-01,"Other Europe","Visiting Friends or Relatives",20196
2016-09-01,"Other Europe","Visiting Friends or Relatives",18697
2016-10-01,"Other Europe","Visiting Friends or Relatives",9176
2016-11-01,"Other Europe","Visiting Friends or Relatives",7291
2016-12-01,"Other Europe","Visiting Friends or Relatives",24859
2017-01-01,"Other Europe","Visiting Friends or Relatives",7103
2017-02-01,"Other Europe","Visiting Friends or Relatives",5451
2017-03-01,"Other Europe","Visiting Friends or Relatives",9976
2017-04-01,"Other Europe","Visiting Friends or Relatives",13858
2017-05-01,"Other Europe","Visiting Friends or Relatives",21429
2017-06-01,"Other Europe","Visiting Friends or Relatives",34529
2005-01-01,"Other World","Business",7314
2005-02-01,"Other World","Business",7074
2005-03-01,"Other World","Business",5906
2005-04-01,"Other World","Business",8464
2005-05-01,"Other World","Business",8536
2005-06-01,"Other World","Business",7276
2005-07-01,"Other World","Business",8253
2005-08-01,"Other World","Business",8404
2005-09-01,"Other World","Business",9583
2005-10-01,"Other World","Business",8288
2005-11-01,"Other World","Business",8900
2005-12-01,"Other World","Business",4994
2006-01-01,"Other World","Business",6373
2006-02-01,"Other World","Business",6880
2006-03-01,"Other World","Business",8316
2006-04-01,"Other World","Business",7285
2006-05-01,"Other World","Business",10218
2006-06-01,"Other World","Business",8273
2006-07-01,"Other World","Business",7852
2006-08-01,"Other World","Business",8234
2006-09-01,"Other World","Business",10547
2006-10-01,"Other World","Business",8589
2006-11-01,"Other World","Business",9397
2006-12-01,"Other World","Business",4709
2007-01-01,"Other World","Business",7781
2007-02-01,"Other World","Business",8111
2007-03-01,"Other World","Business",9174
2007-04-01,"Other World","Business",8531
2007-05-01,"Other World","Business",9432
2007-06-01,"Other World","Business",9275
2007-07-01,"Other World","Business",12025
2007-08-01,"Other World","Business",11155
2007-09-01,"Other World","Business",11582
2007-10-01,"Other World","Business",14659
2007-11-01,"Other World","Business",13268
2007-12-01,"Other World","Business",7835
2008-01-01,"Other World","Business",12142
2008-02-01,"Other World","Business",12274
2008-03-01,"Other World","Business",14029
2008-04-01,"Other World","Business",14697
2008-05-01,"Other World","Business",16186
2008-06-01,"Other World","Business",13538
2008-07-01,"Other World","Business",13590
2008-08-01,"Other World","Business",13117
2008-09-01,"Other World","Business",12968
2008-10-01,"Other World","Business",12694
2008-11-01,"Other World","Business",13136
2008-12-01,"Other World","Business",6707
2009-01-01,"Other World","Business",10451
2009-02-01,"Other World","Business",11172
2009-03-01,"Other World","Business",13784
2009-04-01,"Other World","Business",10376
2009-05-01,"Other World","Business",14537
2009-06-01,"Other World","Business",10856
2009-07-01,"Other World","Business",10359
2009-08-01,"Other World","Business",11187
2009-09-01,"Other World","Business",12870
2009-10-01,"Other World","Business",13818
2009-11-01,"Other World","Business",12543
2009-12-01,"Other World","Business",7702
2010-01-01,"Other World","Business",11146
2010-02-01,"Other World","Business",11245
2010-03-01,"Other World","Business",13082
2010-04-01,"Other World","Business",11281
2010-05-01,"Other World","Business",14109
2010-06-01,"Other World","Business",10585
2010-07-01,"Other World","Business",11300
2010-08-01,"Other World","Business",12285
2010-09-01,"Other World","Business",9732
2010-10-01,"Other World","Business",13868
2010-11-01,"Other World","Business",13134
2010-12-01,"Other World","Business",7593
2011-01-01,"Other World","Business",10820
2011-02-01,"Other World","Business",11273
2011-03-01,"Other World","Business",13692
2011-04-01,"Other World","Business",10047
2011-05-01,"Other World","Business",14135
2011-06-01,"Other World","Business",12160
2011-07-01,"Other World","Business",11324
2011-08-01,"Other World","Business",12150
2011-09-01,"Other World","Business",11796
2011-10-01,"Other World","Business",12433
2011-11-01,"Other World","Business",12939
2011-12-01,"Other World","Business",6486
2012-01-01,"Other World","Business",9379
2012-02-01,"Other World","Business",12139
2012-03-01,"Other World","Business",14156
2012-04-01,"Other World","Business",13825
2012-05-01,"Other World","Business",14590
2012-06-01,"Other World","Business",12321
2012-07-01,"Other World","Business",11446
2012-08-01,"Other World","Business",11450
2012-09-01,"Other World","Business",12981
2012-10-01,"Other World","Business",14506
2012-11-01,"Other World","Business",12996
2012-12-01,"Other World","Business",6613
2013-01-01,"Other World","Business",13160
2013-02-01,"Other World","Business",13483
2013-03-01,"Other World","Business",12504
2013-04-01,"Other World","Business",13889
2013-05-01,"Other World","Business",15274
2013-06-01,"Other World","Business",12252
2013-07-01,"Other World","Business",14578
2013-08-01,"Other World","Business",12574
2013-09-01,"Other World","Business",13338
2013-10-01,"Other World","Business",14994
2013-11-01,"Other World","Business",12772
2013-12-01,"Other World","Business",7276
2014-01-01,"Other World","Business",10630
2014-02-01,"Other World","Business",12840
2014-03-01,"Other World","Business",14393
2014-04-01,"Other World","Business",11222
2014-05-01,"Other World","Business",15146
2014-06-01,"Other World","Business",13864
2014-07-01,"Other World","Business",12515
2014-08-01,"Other World","Business",12833
2014-09-01,"Other World","Business",13053
2014-10-01,"Other World","Business",14372
2014-11-01,"Other World","Business",15078
2014-12-01,"Other World","Business",7465
2015-01-01,"Other World","Business",10844
2015-02-01,"Other World","Business",11946
2015-03-01,"Other World","Business",14381
2015-04-01,"Other World","Business",13237
2015-05-01,"Other World","Business",16020
2015-06-01,"Other World","Business",12530
2015-07-01,"Other World","Business",11760
2015-08-01,"Other World","Business",12879
2015-09-01,"Other World","Business",12036
2015-10-01,"Other World","Business",13970
2015-11-01,"Other World","Business",13531
2015-12-01,"Other World","Business",7183
2016-01-01,"Other World","Business",11592
2016-02-01,"Other World","Business",12695
2016-03-01,"Other World","Business",11323
2016-04-01,"Other World","Business",16315
2016-05-01,"Other World","Business",17712
2016-06-01,"Other World","Business",13429
2016-07-01,"Other World","Business",14008
2016-08-01,"Other World","Business",13262
2016-09-01,"Other World","Business",14006
2016-10-01,"Other World","Business",15671
2016-11-01,"Other World","Business",16218
2016-12-01,"Other World","Business",8113
2017-01-01,"Other World","Business",12323
2017-02-01,"Other World","Business",14538
2017-03-01,"Other World","Business",16618
2017-04-01,"Other World","Business",14989
2017-05-01,"Other World","Business",19608
2017-06-01,"Other World","Business",14445
2005-01-01,"Other World","Education",638
2005-02-01,"Other World","Education",394
2005-03-01,"Other World","Education",253
2005-04-01,"Other World","Education",516
2005-05-01,"Other World","Education",262
2005-06-01,"Other World","Education",562
2005-07-01,"Other World","Education",645
2005-08-01,"Other World","Education",655
2005-09-01,"Other World","Education",1226
2005-10-01,"Other World","Education",450
2005-11-01,"Other World","Education",583
2005-12-01,"Other World","Education",558
2006-01-01,"Other World","Education",775
2006-02-01,"Other World","Education",289
2006-03-01,"Other World","Education",377
2006-04-01,"Other World","Education",799
2006-05-01,"Other World","Education",425
2006-06-01,"Other World","Education",1153
2006-07-01,"Other World","Education",628
2006-08-01,"Other World","Education",693
2006-09-01,"Other World","Education",783
2006-10-01,"Other World","Education",419
2006-11-01,"Other World","Education",675
2006-12-01,"Other World","Education",608
2007-01-01,"Other World","Education",768
2007-02-01,"Other World","Education",259
2007-03-01,"Other World","Education",477
2007-04-01,"Other World","Education",497
2007-05-01,"Other World","Education",296
2007-06-01,"Other World","Education",800
2007-07-01,"Other World","Education",1296
2007-08-01,"Other World","Education",2058
2007-09-01,"Other World","Education",1350
2007-10-01,"Other World","Education",981
2007-11-01,"Other World","Education",1447
2007-12-01,"Other World","Education",1127
2008-01-01,"Other World","Education",1827
2008-02-01,"Other World","Education",849
2008-03-01,"Other World","Education",381
2008-04-01,"Other World","Education",1219
2008-05-01,"Other World","Education",557
2008-06-01,"Other World","Education",1366
2008-07-01,"Other World","Education",1680
2008-08-01,"Other World","Education",1717
2008-09-01,"Other World","Education",1281
2008-10-01,"Other World","Education",787
2008-11-01,"Other World","Education",1077
2008-12-01,"Other World","Education",1217
2009-01-01,"Other World","Education",1558
2009-02-01,"Other World","Education",371
2009-03-01,"Other World","Education",582
2009-04-01,"Other World","Education",985
2009-05-01,"Other World","Education",709
2009-06-01,"Other World","Education",1061
2009-07-01,"Other World","Education",1232
2009-08-01,"Other World","Education",1877
2009-09-01,"Other World","Education",1307
2009-10-01,"Other World","Education",1125
2009-11-01,"Other World","Education",1003
2009-12-01,"Other World","Education",1300
2010-01-01,"Other World","Education",1388
2010-02-01,"Other World","Education",734
2010-03-01,"Other World","Education",698
2010-04-01,"Other World","Education",1176
2010-05-01,"Other World","Education",341
2010-06-01,"Other World","Education",1085
2010-07-01,"Other World","Education",1630
2010-08-01,"Other World","Education",1940
2010-09-01,"Other World","Education",2209
2010-10-01,"Other World","Education",1099
2010-11-01,"Other World","Education",929
2010-12-01,"Other World","Education",1296
2011-01-01,"Other World","Education",1460
2011-02-01,"Other World","Education",480
2011-03-01,"Other World","Education",455
2011-04-01,"Other World","Education",980
2011-05-01,"Other World","Education",622
2011-06-01,"Other World","Education",965
2011-07-01,"Other World","Education",2056
2011-08-01,"Other World","Education",1934
2011-09-01,"Other World","Education",1638
2011-10-01,"Other World","Education",600
2011-11-01,"Other World","Education",1321
2011-12-01,"Other World","Education",1256
2012-01-01,"Other World","Education",2407
2012-02-01,"Other World","Education",719
2012-03-01,"Other World","Education",853
2012-04-01,"Other World","Education",1110
2012-05-01,"Other World","Education",595
2012-06-01,"Other World","Education",1366
2012-07-01,"Other World","Education",1864
2012-08-01,"Other World","Education",1727
2012-09-01,"Other World","Education",2207
2012-10-01,"Other World","Education",673
2012-11-01,"Other World","Education",1481
2012-12-01,"Other World","Education",1158
2013-01-01,"Other World","Education",2043
2013-02-01,"Other World","Education",825
2013-03-01,"Other World","Education",827
2013-04-01,"Other World","Education",1669
2013-05-01,"Other World","Education",607
2013-06-01,"Other World","Education",1507
2013-07-01,"Other World","Education",1752
2013-08-01,"Other World","Education",1799
2013-09-01,"Other World","Education",2086
2013-10-01,"Other World","Education",962
2013-11-01,"Other World","Education",1618
2013-12-01,"Other World","Education",1175
2014-01-01,"Other World","Education",2001
2014-02-01,"Other World","Education",1053
2014-03-01,"Other World","Education",603
2014-04-01,"Other World","Education",2070
2014-05-01,"Other World","Education",702
2014-06-01,"Other World","Education",1317
2014-07-01,"Other World","Education",1344
2014-08-01,"Other World","Education",1620
2014-09-01,"Other World","Education",1870
2014-10-01,"Other World","Education",825
2014-11-01,"Other World","Education",1146
2014-12-01,"Other World","Education",774
2015-01-01,"Other World","Education",1101
2015-02-01,"Other World","Education",665
2015-03-01,"Other World","Education",1173
2015-04-01,"Other World","Education",1693
2015-05-01,"Other World","Education",458
2015-06-01,"Other World","Education",1482
2015-07-01,"Other World","Education",1284
2015-08-01,"Other World","Education",1715
2015-09-01,"Other World","Education",1816
2015-10-01,"Other World","Education",656
2015-11-01,"Other World","Education",1442
2015-12-01,"Other World","Education",1352
2016-01-01,"Other World","Education",2341
2016-02-01,"Other World","Education",783
2016-03-01,"Other World","Education",623
2016-04-01,"Other World","Education",1068
2016-05-01,"Other World","Education",760
2016-06-01,"Other World","Education",2265
2016-07-01,"Other World","Education",1696
2016-08-01,"Other World","Education",2601
2016-09-01,"Other World","Education",2287
2016-10-01,"Other World","Education",573
2016-11-01,"Other World","Education",2131
2016-12-01,"Other World","Education",1346
2017-01-01,"Other World","Education",2373
2017-02-01,"Other World","Education",774
2017-03-01,"Other World","Education",788
2017-04-01,"Other World","Education",1423
2017-05-01,"Other World","Education",816
2017-06-01,"Other World","Education",1976
2005-01-01,"Other World","Employment",3062
2005-02-01,"Other World","Employment",2306
2005-03-01,"Other World","Employment",1921
2005-04-01,"Other World","Employment",1741
2005-05-01,"Other World","Employment",2498
2005-06-01,"Other World","Employment",1741
2005-07-01,"Other World","Employment",2843
2005-08-01,"Other World","Employment",1936
2005-09-01,"Other World","Employment",2023
2005-10-01,"Other World","Employment",2139
2005-11-01,"Other World","Employment",2295
2005-12-01,"Other World","Employment",2298
2006-01-01,"Other World","Employment",3256
2006-02-01,"Other World","Employment",1737
2006-03-01,"Other World","Employment",2025
2006-04-01,"Other World","Employment",2187
2006-05-01,"Other World","Employment",2603
2006-06-01,"Other World","Employment",2421
2006-07-01,"Other World","Employment",3146
2006-08-01,"Other World","Employment",2644
2006-09-01,"Other World","Employment",2076
2006-10-01,"Other World","Employment",2708
2006-11-01,"Other World","Employment",2627
2006-12-01,"Other World","Employment",2013
2007-01-01,"Other World","Employment",3678
2007-02-01,"Other World","Employment",3161
2007-03-01,"Other World","Employment",2517
2007-04-01,"Other World","Employment",2642
2007-05-01,"Other World","Employment",2517
2007-06-01,"Other World","Employment",2036
2007-07-01,"Other World","Employment",4145
2007-08-01,"Other World","Employment",3734
2007-09-01,"Other World","Employment",3616
2007-10-01,"Other World","Employment",4268
2007-11-01,"Other World","Employment",3601
2007-12-01,"Other World","Employment",3546
2008-01-01,"Other World","Employment",5293
2008-02-01,"Other World","Employment",3507
2008-03-01,"Other World","Employment",4960
2008-04-01,"Other World","Employment",4014
2008-05-01,"Other World","Employment",3590
2008-06-01,"Other World","Employment",3738
2008-07-01,"Other World","Employment",3751
2008-08-01,"Other World","Employment",4265
2008-09-01,"Other World","Employment",3599
2008-10-01,"Other World","Employment",3752
2008-11-01,"Other World","Employment",4252
2008-12-01,"Other World","Employment",3725
2009-01-01,"Other World","Employment",6120
2009-02-01,"Other World","Employment",3575
2009-03-01,"Other World","Employment",3925
2009-04-01,"Other World","Employment",3820
2009-05-01,"Other World","Employment",4269
2009-06-01,"Other World","Employment",3319
2009-07-01,"Other World","Employment",4496
2009-08-01,"Other World","Employment",3813
2009-09-01,"Other World","Employment",3622
2009-10-01,"Other World","Employment",3548
2009-11-01,"Other World","Employment",4206
2009-12-01,"Other World","Employment",4214
2010-01-01,"Other World","Employment",5452
2010-02-01,"Other World","Employment",3015
2010-03-01,"Other World","Employment",4044
2010-04-01,"Other World","Employment",4430
2010-05-01,"Other World","Employment",4415
2010-06-01,"Other World","Employment",4502
2010-07-01,"Other World","Employment",3883
2010-08-01,"Other World","Employment",4173
2010-09-01,"Other World","Employment",3335
2010-10-01,"Other World","Employment",3568
2010-11-01,"Other World","Employment",4585
2010-12-01,"Other World","Employment",3918
2011-01-01,"Other World","Employment",5132
2011-02-01,"Other World","Employment",4190
2011-03-01,"Other World","Employment",4048
2011-04-01,"Other World","Employment",3905
2011-05-01,"Other World","Employment",3618
2011-06-01,"Other World","Employment",3979
2011-07-01,"Other World","Employment",4925
2011-08-01,"Other World","Employment",4506
2011-09-01,"Other World","Employment",3799
2011-10-01,"Other World","Employment",4036
2011-11-01,"Other World","Employment",4145
2011-12-01,"Other World","Employment",3823
2012-01-01,"Other World","Employment",5869
2012-02-01,"Other World","Employment",4553
2012-03-01,"Other World","Employment",4053
2012-04-01,"Other World","Employment",4761
2012-05-01,"Other World","Employment",4317
2012-06-01,"Other World","Employment",4881
2012-07-01,"Other World","Employment",4357
2012-08-01,"Other World","Employment",4809
2012-09-01,"Other World","Employment",4631
2012-10-01,"Other World","Employment",5534
2012-11-01,"Other World","Employment",5236
2012-12-01,"Other World","Employment",4219
2013-01-01,"Other World","Employment",6766
2013-02-01,"Other World","Employment",4609
2013-03-01,"Other World","Employment",5151
2013-04-01,"Other World","Employment",6058
2013-05-01,"Other World","Employment",4383
2013-06-01,"Other World","Employment",5314
2013-07-01,"Other World","Employment",5031
2013-08-01,"Other World","Employment",5350
2013-09-01,"Other World","Employment",4304
2013-10-01,"Other World","Employment",6158
2013-11-01,"Other World","Employment",5793
2013-12-01,"Other World","Employment",5129
2014-01-01,"Other World","Employment",6916
2014-02-01,"Other World","Employment",5255
2014-03-01,"Other World","Employment",5110
2014-04-01,"Other World","Employment",5608
2014-05-01,"Other World","Employment",5800
2014-06-01,"Other World","Employment",5914
2014-07-01,"Other World","Employment",5289
2014-08-01,"Other World","Employment",6704
2014-09-01,"Other World","Employment",5541
2014-10-01,"Other World","Employment",5992
2014-11-01,"Other World","Employment",5948
2014-12-01,"Other World","Employment",5636
2015-01-01,"Other World","Employment",7879
2015-02-01,"Other World","Employment",4816
2015-03-01,"Other World","Employment",5517
2015-04-01,"Other World","Employment",5780
2015-05-01,"Other World","Employment",6048
2015-06-01,"Other World","Employment",5839
2015-07-01,"Other World","Employment",6197
2015-08-01,"Other World","Employment",5978
2015-09-01,"Other World","Employment",5167
2015-10-01,"Other World","Employment",4589
2015-11-01,"Other World","Employment",5980
2015-12-01,"Other World","Employment",4852
2016-01-01,"Other World","Employment",8430
2016-02-01,"Other World","Employment",4690
2016-03-01,"Other World","Employment",4631
2016-04-01,"Other World","Employment",5320
2016-05-01,"Other World","Employment",4987
2016-06-01,"Other World","Employment",5120
2016-07-01,"Other World","Employment",5665
2016-08-01,"Other World","Employment",5708
2016-09-01,"Other World","Employment",4882
2016-10-01,"Other World","Employment",5044
2016-11-01,"Other World","Employment",5910
2016-12-01,"Other World","Employment",4899
2017-01-01,"Other World","Employment",8125
2017-02-01,"Other World","Employment",4351
2017-03-01,"Other World","Employment",4852
2017-04-01,"Other World","Employment",6132
2017-05-01,"Other World","Employment",4170
2017-06-01,"Other World","Employment",4621
2005-01-01,"Other World","Holiday",21749
2005-02-01,"Other World","Holiday",13222
2005-03-01,"Other World","Holiday",17375
2005-04-01,"Other World","Holiday",18777
2005-05-01,"Other World","Holiday",22196
2005-06-01,"Other World","Holiday",22685
2005-07-01,"Other World","Holiday",22036
2005-08-01,"Other World","Holiday",19611
2005-09-01,"Other World","Holiday",26082
2005-10-01,"Other World","Holiday",17446
2005-11-01,"Other World","Holiday",21273
2005-12-01,"Other World","Holiday",33959
2006-01-01,"Other World","Holiday",19506
2006-02-01,"Other World","Holiday",14703
2006-03-01,"Other World","Holiday",19407
2006-04-01,"Other World","Holiday",22090
2006-05-01,"Other World","Holiday",25137
2006-06-01,"Other World","Holiday",25282
2006-07-01,"Other World","Holiday",21737
2006-08-01,"Other World","Holiday",20214
2006-09-01,"Other World","Holiday",28575
2006-10-01,"Other World","Holiday",22021
2006-11-01,"Other World","Holiday",20043
2006-12-01,"Other World","Holiday",35303
2007-01-01,"Other World","Holiday",21955
2007-02-01,"Other World","Holiday",14524
2007-03-01,"Other World","Holiday",20799
2007-04-01,"Other World","Holiday",23698
2007-05-01,"Other World","Holiday",28259
2007-06-01,"Other World","Holiday",28348
2007-07-01,"Other World","Holiday",38975
2007-08-01,"Other World","Holiday",38077
2007-09-01,"Other World","Holiday",42336
2007-10-01,"Other World","Holiday",31810
2007-11-01,"Other World","Holiday",35759
2007-12-01,"Other World","Holiday",51246
2008-01-01,"Other World","Holiday",41064
2008-02-01,"Other World","Holiday",25774
2008-03-01,"Other World","Holiday",35931
2008-04-01,"Other World","Holiday",42047
2008-05-01,"Other World","Holiday",43434
2008-06-01,"Other World","Holiday",46614
2008-07-01,"Other World","Holiday",43878
2008-08-01,"Other World","Holiday",45150
2008-09-01,"Other World","Holiday",39173
2008-10-01,"Other World","Holiday",34483
2008-11-01,"Other World","Holiday",38535
2008-12-01,"Other World","Holiday",52989
2009-01-01,"Other World","Holiday",40565
2009-02-01,"Other World","Holiday",25685
2009-03-01,"Other World","Holiday",35169
2009-04-01,"Other World","Holiday",40673
2009-05-01,"Other World","Holiday",41280
2009-06-01,"Other World","Holiday",46000
2009-07-01,"Other World","Holiday",46594
2009-08-01,"Other World","Holiday",45516
2009-09-01,"Other World","Holiday",43591
2009-10-01,"Other World","Holiday",37481
2009-11-01,"Other World","Holiday",42107
2009-12-01,"Other World","Holiday",52661
2010-01-01,"Other World","Holiday",43671
2010-02-01,"Other World","Holiday",26527
2010-03-01,"Other World","Holiday",37659
2010-04-01,"Other World","Holiday",38253
2010-05-01,"Other World","Holiday",43206
2010-06-01,"Other World","Holiday",45479
2010-07-01,"Other World","Holiday",44068
2010-08-01,"Other World","Holiday",44434
2010-09-01,"Other World","Holiday",51888
2010-10-01,"Other World","Holiday",36416
2010-11-01,"Other World","Holiday",40641
2010-12-01,"Other World","Holiday",55886
2011-01-01,"Other World","Holiday",38776
2011-02-01,"Other World","Holiday",23036
2011-03-01,"Other World","Holiday",30162
2011-04-01,"Other World","Holiday",43520
2011-05-01,"Other World","Holiday",44746
2011-06-01,"Other World","Holiday",47917
2011-07-01,"Other World","Holiday",46887
2011-08-01,"Other World","Holiday",47511
2011-09-01,"Other World","Holiday",49189
2011-10-01,"Other World","Holiday",34193
2011-11-01,"Other World","Holiday",41609
2011-12-01,"Other World","Holiday",57663
2012-01-01,"Other World","Holiday",38339
2012-02-01,"Other World","Holiday",25987
2012-03-01,"Other World","Holiday",37331
2012-04-01,"Other World","Holiday",45119
2012-05-01,"Other World","Holiday",51345
2012-06-01,"Other World","Holiday",57897
2012-07-01,"Other World","Holiday",46500
2012-08-01,"Other World","Holiday",54285
2012-09-01,"Other World","Holiday",52104
2012-10-01,"Other World","Holiday",41485
2012-11-01,"Other World","Holiday",44438
2012-12-01,"Other World","Holiday",65701
2013-01-01,"Other World","Holiday",45772
2013-02-01,"Other World","Holiday",31392
2013-03-01,"Other World","Holiday",40017
2013-04-01,"Other World","Holiday",48074
2013-05-01,"Other World","Holiday",52845
2013-06-01,"Other World","Holiday",58366
2013-07-01,"Other World","Holiday",54616
2013-08-01,"Other World","Holiday",55709
2013-09-01,"Other World","Holiday",56818
2013-10-01,"Other World","Holiday",42669
2013-11-01,"Other World","Holiday",48910
2013-12-01,"Other World","Holiday",66527
2014-01-01,"Other World","Holiday",46703
2014-02-01,"Other World","Holiday",32828
2014-03-01,"Other World","Holiday",39922
2014-04-01,"Other World","Holiday",54840
2014-05-01,"Other World","Holiday",53360
2014-06-01,"Other World","Holiday",70820
2014-07-01,"Other World","Holiday",59741
2014-08-01,"Other World","Holiday",62495
2014-09-01,"Other World","Holiday",59889
2014-10-01,"Other World","Holiday",42719
2014-11-01,"Other World","Holiday",47481
2014-12-01,"Other World","Holiday",67836
2015-01-01,"Other World","Holiday",46376
2015-02-01,"Other World","Holiday",31616
2015-03-01,"Other World","Holiday",40056
2015-04-01,"Other World","Holiday",55201
2015-05-01,"Other World","Holiday",53084
2015-06-01,"Other World","Holiday",58938
2015-07-01,"Other World","Holiday",60809
2015-08-01,"Other World","Holiday",62153
2015-09-01,"Other World","Holiday",58664
2015-10-01,"Other World","Holiday",42418
2015-11-01,"Other World","Holiday",51261
2015-12-01,"Other World","Holiday",78033
2016-01-01,"Other World","Holiday",59262
2016-02-01,"Other World","Holiday",37526
2016-03-01,"Other World","Holiday",48057
2016-04-01,"Other World","Holiday",55152
2016-05-01,"Other World","Holiday",58424
2016-06-01,"Other World","Holiday",71816
2016-07-01,"Other World","Holiday",71824
2016-08-01,"Other World","Holiday",72291
2016-09-01,"Other World","Holiday",67315
2016-10-01,"Other World","Holiday",50499
2016-11-01,"Other World","Holiday",57846
2016-12-01,"Other World","Holiday",89736
2017-01-01,"Other World","Holiday",64092
2017-02-01,"Other World","Holiday",40352
2017-03-01,"Other World","Holiday",53162
2017-04-01,"Other World","Holiday",70342
2017-05-01,"Other World","Holiday",72419
2017-06-01,"Other World","Holiday",82365
2005-01-01,"Other World","Other",2101
2005-02-01,"Other World","Other",500
2005-03-01,"Other World","Other",1151
2005-04-01,"Other World","Other",1030
2005-05-01,"Other World","Other",1012
2005-06-01,"Other World","Other",969
2005-07-01,"Other World","Other",1709
2005-08-01,"Other World","Other",1443
2005-09-01,"Other World","Other",1112
2005-10-01,"Other World","Other",1142
2005-11-01,"Other World","Other",1016
2005-12-01,"Other World","Other",1623
2006-01-01,"Other World","Other",1207
2006-02-01,"Other World","Other",1026
2006-03-01,"Other World","Other",1059
2006-04-01,"Other World","Other",1214
2006-05-01,"Other World","Other",1128
2006-06-01,"Other World","Other",1455
2006-07-01,"Other World","Other",1574
2006-08-01,"Other World","Other",1577
2006-09-01,"Other World","Other",1432
2006-10-01,"Other World","Other",938
2006-11-01,"Other World","Other",1308
2006-12-01,"Other World","Other",3790
2007-01-01,"Other World","Other",1412
2007-02-01,"Other World","Other",918
2007-03-01,"Other World","Other",1108
2007-04-01,"Other World","Other",1860
2007-05-01,"Other World","Other",971
2007-06-01,"Other World","Other",1030
2007-07-01,"Other World","Other",2236
2007-08-01,"Other World","Other",2456
2007-09-01,"Other World","Other",2475
2007-10-01,"Other World","Other",1649
2007-11-01,"Other World","Other",2934
2007-12-01,"Other World","Other",2511
2008-01-01,"Other World","Other",3438
2008-02-01,"Other World","Other",1502
2008-03-01,"Other World","Other",1496
2008-04-01,"Other World","Other",2038
2008-05-01,"Other World","Other",1796
2008-06-01,"Other World","Other",2071
2008-07-01,"Other World","Other",3156
2008-08-01,"Other World","Other",2849
2008-09-01,"Other World","Other",2310
2008-10-01,"Other World","Other",1495
2008-11-01,"Other World","Other",3071
2008-12-01,"Other World","Other",1345
2009-01-01,"Other World","Other",2974
2009-02-01,"Other World","Other",2028
2009-03-01,"Other World","Other",2203
2009-04-01,"Other World","Other",2468
2009-05-01,"Other World","Other",1753
2009-06-01,"Other World","Other",1891
2009-07-01,"Other World","Other",2468
2009-08-01,"Other World","Other",2699
2009-09-01,"Other World","Other",1982
2009-10-01,"Other World","Other",2395
2009-11-01,"Other World","Other",3416
2009-12-01,"Other World","Other",1991
2010-01-01,"Other World","Other",2905
2010-02-01,"Other World","Other",2072
2010-03-01,"Other World","Other",2438
2010-04-01,"Other World","Other",2516
2010-05-01,"Other World","Other",1812
2010-06-01,"Other World","Other",2343
2010-07-01,"Other World","Other",2709
2010-08-01,"Other World","Other",2159
2010-09-01,"Other World","Other",2100
2010-10-01,"Other World","Other",3104
2010-11-01,"Other World","Other",1987
2010-12-01,"Other World","Other",1452
2011-01-01,"Other World","Other",2120
2011-02-01,"Other World","Other",1788
2011-03-01,"Other World","Other",1471
2011-04-01,"Other World","Other",2842
2011-05-01,"Other World","Other",1976
2011-06-01,"Other World","Other",2202
2011-07-01,"Other World","Other",2382
2011-08-01,"Other World","Other",3164
2011-09-01,"Other World","Other",2779
2011-10-01,"Other World","Other",2389
2011-11-01,"Other World","Other",2154
2011-12-01,"Other World","Other",2336
2012-01-01,"Other World","Other",3333
2012-02-01,"Other World","Other",1820
2012-03-01,"Other World","Other",2332
2012-04-01,"Other World","Other",2862
2012-05-01,"Other World","Other",1757
2012-06-01,"Other World","Other",1760
2012-07-01,"Other World","Other",2807
2012-08-01,"Other World","Other",2938
2012-09-01,"Other World","Other",1739
2012-10-01,"Other World","Other",2763
2012-11-01,"Other World","Other",2372
2012-12-01,"Other World","Other",2136
2013-01-01,"Other World","Other",3183
2013-02-01,"Other World","Other",2045
2013-03-01,"Other World","Other",1746
2013-04-01,"Other World","Other",2048
2013-05-01,"Other World","Other",2810
2013-06-01,"Other World","Other",2028
2013-07-01,"Other World","Other",2827
2013-08-01,"Other World","Other",2811
2013-09-01,"Other World","Other",2258
2013-10-01,"Other World","Other",2763
2013-11-01,"Other World","Other",2184
2013-12-01,"Other World","Other",1915
2014-01-01,"Other World","Other",2509
2014-02-01,"Other World","Other",1956
2014-03-01,"Other World","Other",1761
2014-04-01,"Other World","Other",2854
2014-05-01,"Other World","Other",1671
2014-06-01,"Other World","Other",1678
2014-07-01,"Other World","Other",2271
2014-08-01,"Other World","Other",2195
2014-09-01,"Other World","Other",3197
2014-10-01,"Other World","Other",2196
2014-11-01,"Other World","Other",2720
2014-12-01,"Other World","Other",2669
2015-01-01,"Other World","Other",2656
2015-02-01,"Other World","Other",2170
2015-03-01,"Other World","Other",2696
2015-04-01,"Other World","Other",2228
2015-05-01,"Other World","Other",2740
2015-06-01,"Other World","Other",2844
2015-07-01,"Other World","Other",2928
2015-08-01,"Other World","Other",2415
2015-09-01,"Other World","Other",2843
2015-10-01,"Other World","Other",2040
2015-11-01,"Other World","Other",2097
2015-12-01,"Other World","Other",1387
2016-01-01,"Other World","Other",2526
2016-02-01,"Other World","Other",1587
2016-03-01,"Other World","Other",1377
2016-04-01,"Other World","Other",2739
2016-05-01,"Other World","Other",1690
2016-06-01,"Other World","Other",2171
2016-07-01,"Other World","Other",2359
2016-08-01,"Other World","Other",4033
2016-09-01,"Other World","Other",3021
2016-10-01,"Other World","Other",1892
2016-11-01,"Other World","Other",2032
2016-12-01,"Other World","Other",2239
2017-01-01,"Other World","Other",3180
2017-02-01,"Other World","Other",2165
2017-03-01,"Other World","Other",1743
2017-04-01,"Other World","Other",2296
2017-05-01,"Other World","Other",2077
2017-06-01,"Other World","Other",2101
2005-01-01,"Other World","Visiting Friends or Relatives",7542
2005-02-01,"Other World","Visiting Friends or Relatives",5738
2005-03-01,"Other World","Visiting Friends or Relatives",9967
2005-04-01,"Other World","Visiting Friends or Relatives",8136
2005-05-01,"Other World","Visiting Friends or Relatives",10654
2005-06-01,"Other World","Visiting Friends or Relatives",14512
2005-07-01,"Other World","Visiting Friends or Relatives",11110
2005-08-01,"Other World","Visiting Friends or Relatives",10289
2005-09-01,"Other World","Visiting Friends or Relatives",10698
2005-10-01,"Other World","Visiting Friends or Relatives",7804
2005-11-01,"Other World","Visiting Friends or Relatives",12625
2005-12-01,"Other World","Visiting Friends or Relatives",19695
2006-01-01,"Other World","Visiting Friends or Relatives",7352
2006-02-01,"Other World","Visiting Friends or Relatives",6032
2006-03-01,"Other World","Visiting Friends or Relatives",9434
2006-04-01,"Other World","Visiting Friends or Relatives",10634
2006-05-01,"Other World","Visiting Friends or Relatives",10580
2006-06-01,"Other World","Visiting Friends or Relatives",16993
2006-07-01,"Other World","Visiting Friends or Relatives",11742
2006-08-01,"Other World","Visiting Friends or Relatives",9454
2006-09-01,"Other World","Visiting Friends or Relatives",10248
2006-10-01,"Other World","Visiting Friends or Relatives",7539
2006-11-01,"Other World","Visiting Friends or Relatives",13046
2006-12-01,"Other World","Visiting Friends or Relatives",20635
2007-01-01,"Other World","Visiting Friends or Relatives",8318
2007-02-01,"Other World","Visiting Friends or Relatives",6450
2007-03-01,"Other World","Visiting Friends or Relatives",10147
2007-04-01,"Other World","Visiting Friends or Relatives",10184
2007-05-01,"Other World","Visiting Friends or Relatives",9422
2007-06-01,"Other World","Visiting Friends or Relatives",13969
2007-07-01,"Other World","Visiting Friends or Relatives",19191
2007-08-01,"Other World","Visiting Friends or Relatives",18909
2007-09-01,"Other World","Visiting Friends or Relatives",16683
2007-10-01,"Other World","Visiting Friends or Relatives",14486
2007-11-01,"Other World","Visiting Friends or Relatives",26513
2007-12-01,"Other World","Visiting Friends or Relatives",30427
2008-01-01,"Other World","Visiting Friends or Relatives",17791
2008-02-01,"Other World","Visiting Friends or Relatives",13686
2008-03-01,"Other World","Visiting Friends or Relatives",19518
2008-04-01,"Other World","Visiting Friends or Relatives",18542
2008-05-01,"Other World","Visiting Friends or Relatives",21026
2008-06-01,"Other World","Visiting Friends or Relatives",23469
2008-07-01,"Other World","Visiting Friends or Relatives",21533
2008-08-01,"Other World","Visiting Friends or Relatives",18623
2008-09-01,"Other World","Visiting Friends or Relatives",17600
2008-10-01,"Other World","Visiting Friends or Relatives",14235
2008-11-01,"Other World","Visiting Friends or Relatives",23538
2008-12-01,"Other World","Visiting Friends or Relatives",30646
2009-01-01,"Other World","Visiting Friends or Relatives",18890
2009-02-01,"Other World","Visiting Friends or Relatives",14833
2009-03-01,"Other World","Visiting Friends or Relatives",19492
2009-04-01,"Other World","Visiting Friends or Relatives",20084
2009-05-01,"Other World","Visiting Friends or Relatives",25196
2009-06-01,"Other World","Visiting Friends or Relatives",26722
2009-07-01,"Other World","Visiting Friends or Relatives",23650
2009-08-01,"Other World","Visiting Friends or Relatives",20635
2009-09-01,"Other World","Visiting Friends or Relatives",21519
2009-10-01,"Other World","Visiting Friends or Relatives",17569
2009-11-01,"Other World","Visiting Friends or Relatives",27099
2009-12-01,"Other World","Visiting Friends or Relatives",31916
2010-01-01,"Other World","Visiting Friends or Relatives",17129
2010-02-01,"Other World","Visiting Friends or Relatives",14210
2010-03-01,"Other World","Visiting Friends or Relatives",19882
2010-04-01,"Other World","Visiting Friends or Relatives",15827
2010-05-01,"Other World","Visiting Friends or Relatives",21609
2010-06-01,"Other World","Visiting Friends or Relatives",22043
2010-07-01,"Other World","Visiting Friends or Relatives",24221
2010-08-01,"Other World","Visiting Friends or Relatives",18229
2010-09-01,"Other World","Visiting Friends or Relatives",22010
2010-10-01,"Other World","Visiting Friends or Relatives",16718
2010-11-01,"Other World","Visiting Friends or Relatives",27410
2010-12-01,"Other World","Visiting Friends or Relatives",32882
2011-01-01,"Other World","Visiting Friends or Relatives",17389
2011-02-01,"Other World","Visiting Friends or Relatives",12244
2011-03-01,"Other World","Visiting Friends or Relatives",17341
2011-04-01,"Other World","Visiting Friends or Relatives",20267
2011-05-01,"Other World","Visiting Friends or Relatives",20599
2011-06-01,"Other World","Visiting Friends or Relatives",23268
2011-07-01,"Other World","Visiting Friends or Relatives",20468
2011-08-01,"Other World","Visiting Friends or Relatives",20735
2011-09-01,"Other World","Visiting Friends or Relatives",20667
2011-10-01,"Other World","Visiting Friends or Relatives",17552
2011-11-01,"Other World","Visiting Friends or Relatives",24595
2011-12-01,"Other World","Visiting Friends or Relatives",35338
2012-01-01,"Other World","Visiting Friends or Relatives",18876
2012-02-01,"Other World","Visiting Friends or Relatives",13740
2012-03-01,"Other World","Visiting Friends or Relatives",20657
2012-04-01,"Other World","Visiting Friends or Relatives",19814
2012-05-01,"Other World","Visiting Friends or Relatives",24586
2012-06-01,"Other World","Visiting Friends or Relatives",25499
2012-07-01,"Other World","Visiting Friends or Relatives",22413
2012-08-01,"Other World","Visiting Friends or Relatives",22456
2012-09-01,"Other World","Visiting Friends or Relatives",22600
2012-10-01,"Other World","Visiting Friends or Relatives",18846
2012-11-01,"Other World","Visiting Friends or Relatives",27711
2012-12-01,"Other World","Visiting Friends or Relatives",35756
2013-01-01,"Other World","Visiting Friends or Relatives",19065
2013-02-01,"Other World","Visiting Friends or Relatives",15733
2013-03-01,"Other World","Visiting Friends or Relatives",23228
2013-04-01,"Other World","Visiting Friends or Relatives",21029
2013-05-01,"Other World","Visiting Friends or Relatives",20634
2013-06-01,"Other World","Visiting Friends or Relatives",26791
2013-07-01,"Other World","Visiting Friends or Relatives",26000
2013-08-01,"Other World","Visiting Friends or Relatives",25691
2013-09-01,"Other World","Visiting Friends or Relatives",24428
2013-10-01,"Other World","Visiting Friends or Relatives",19865
2013-11-01,"Other World","Visiting Friends or Relatives",29076
2013-12-01,"Other World","Visiting Friends or Relatives",42167
2014-01-01,"Other World","Visiting Friends or Relatives",21392
2014-02-01,"Other World","Visiting Friends or Relatives",15280
2014-03-01,"Other World","Visiting Friends or Relatives",20910
2014-04-01,"Other World","Visiting Friends or Relatives",23581
2014-05-01,"Other World","Visiting Friends or Relatives",23337
2014-06-01,"Other World","Visiting Friends or Relatives",25970
2014-07-01,"Other World","Visiting Friends or Relatives",25747
2014-08-01,"Other World","Visiting Friends or Relatives",23794
2014-09-01,"Other World","Visiting Friends or Relatives",25061
2014-10-01,"Other World","Visiting Friends or Relatives",19786
2014-11-01,"Other World","Visiting Friends or Relatives",30844
2014-12-01,"Other World","Visiting Friends or Relatives",42306
2015-01-01,"Other World","Visiting Friends or Relatives",22994
2015-02-01,"Other World","Visiting Friends or Relatives",16241
2015-03-01,"Other World","Visiting Friends or Relatives",26978
2015-04-01,"Other World","Visiting Friends or Relatives",23806
2015-05-01,"Other World","Visiting Friends or Relatives",27343
2015-06-01,"Other World","Visiting Friends or Relatives",30004
2015-07-01,"Other World","Visiting Friends or Relatives",30849
2015-08-01,"Other World","Visiting Friends or Relatives",29788
2015-09-01,"Other World","Visiting Friends or Relatives",27116
2015-10-01,"Other World","Visiting Friends or Relatives",20425
2015-11-01,"Other World","Visiting Friends or Relatives",30011
2015-12-01,"Other World","Visiting Friends or Relatives",46592
2016-01-01,"Other World","Visiting Friends or Relatives",26677
2016-02-01,"Other World","Visiting Friends or Relatives",18025
2016-03-01,"Other World","Visiting Friends or Relatives",27029
2016-04-01,"Other World","Visiting Friends or Relatives",24397
2016-05-01,"Other World","Visiting Friends or Relatives",26963
2016-06-01,"Other World","Visiting Friends or Relatives",30579
2016-07-01,"Other World","Visiting Friends or Relatives",33553
2016-08-01,"Other World","Visiting Friends or Relatives",29073
2016-09-01,"Other World","Visiting Friends or Relatives",30523
2016-10-01,"Other World","Visiting Friends or Relatives",21793
2016-11-01,"Other World","Visiting Friends or Relatives",32651
2016-12-01,"Other World","Visiting Friends or Relatives",54688
2017-01-01,"Other World","Visiting Friends or Relatives",26953
2017-02-01,"Other World","Visiting Friends or Relatives",18732
2017-03-01,"Other World","Visiting Friends or Relatives",26283
2017-04-01,"Other World","Visiting Friends or Relatives",30853
2017-05-01,"Other World","Visiting Friends or Relatives",28619
2017-06-01,"Other World","Visiting Friends or Relatives",33667
2005-01-01,"Singapore","Business",4285
2005-02-01,"Singapore","Business",4850
2005-03-01,"Singapore","Business",4770
2005-04-01,"Singapore","Business",5128
2005-05-01,"Singapore","Business",5536
2005-06-01,"Singapore","Business",5045
2005-07-01,"Singapore","Business",5568
2005-08-01,"Singapore","Business",4848
2005-09-01,"Singapore","Business",6171
2005-10-01,"Singapore","Business",5291
2005-11-01,"Singapore","Business",6687
2005-12-01,"Singapore","Business",3158
2006-01-01,"Singapore","Business",4867
2006-02-01,"Singapore","Business",5446
2006-03-01,"Singapore","Business",6093
2006-04-01,"Singapore","Business",6276
2006-05-01,"Singapore","Business",6525
2006-06-01,"Singapore","Business",6340
2006-07-01,"Singapore","Business",6122
2006-08-01,"Singapore","Business",5786
2006-09-01,"Singapore","Business",5227
2006-10-01,"Singapore","Business",6390
2006-11-01,"Singapore","Business",7137
2006-12-01,"Singapore","Business",3862
2007-01-01,"Singapore","Business",5397
2007-02-01,"Singapore","Business",5607
2007-03-01,"Singapore","Business",6689
2007-04-01,"Singapore","Business",5869
2007-05-01,"Singapore","Business",6713
2007-06-01,"Singapore","Business",6216
2007-07-01,"Singapore","Business",5808
2007-08-01,"Singapore","Business",6114
2007-09-01,"Singapore","Business",5773
2007-10-01,"Singapore","Business",7710
2007-11-01,"Singapore","Business",5579
2007-12-01,"Singapore","Business",4027
2008-01-01,"Singapore","Business",6589
2008-02-01,"Singapore","Business",5496
2008-03-01,"Singapore","Business",5643
2008-04-01,"Singapore","Business",6945
2008-05-01,"Singapore","Business",7215
2008-06-01,"Singapore","Business",6953
2008-07-01,"Singapore","Business",5780
2008-08-01,"Singapore","Business",5684
2008-09-01,"Singapore","Business",5659
2008-10-01,"Singapore","Business",6984
2008-11-01,"Singapore","Business",6040
2008-12-01,"Singapore","Business",2642
2009-01-01,"Singapore","Business",4044
2009-02-01,"Singapore","Business",6106
2009-03-01,"Singapore","Business",6763
2009-04-01,"Singapore","Business",4259
2009-05-01,"Singapore","Business",5734
2009-06-01,"Singapore","Business",5040
2009-07-01,"Singapore","Business",4873
2009-08-01,"Singapore","Business",5529
2009-09-01,"Singapore","Business",5259
2009-10-01,"Singapore","Business",7033
2009-11-01,"Singapore","Business",5603
2009-12-01,"Singapore","Business",3351
2010-01-01,"Singapore","Business",5304
2010-02-01,"Singapore","Business",5789
2010-03-01,"Singapore","Business",6851
2010-04-01,"Singapore","Business",6939
2010-05-01,"Singapore","Business",7243
2010-06-01,"Singapore","Business",5727
2010-07-01,"Singapore","Business",6451
2010-08-01,"Singapore","Business",7152
2010-09-01,"Singapore","Business",5127
2010-10-01,"Singapore","Business",7051
2010-11-01,"Singapore","Business",7198
2010-12-01,"Singapore","Business",3321
2011-01-01,"Singapore","Business",5383
2011-02-01,"Singapore","Business",5788
2011-03-01,"Singapore","Business",8280
2011-04-01,"Singapore","Business",6541
2011-05-01,"Singapore","Business",8570
2011-06-01,"Singapore","Business",6878
2011-07-01,"Singapore","Business",6889
2011-08-01,"Singapore","Business",6866
2011-09-01,"Singapore","Business",7384
2011-10-01,"Singapore","Business",7398
2011-11-01,"Singapore","Business",7599
2011-12-01,"Singapore","Business",3703
2012-01-01,"Singapore","Business",5889
2012-02-01,"Singapore","Business",7810
2012-03-01,"Singapore","Business",6510
2012-04-01,"Singapore","Business",7168
2012-05-01,"Singapore","Business",7511
2012-06-01,"Singapore","Business",5470
2012-07-01,"Singapore","Business",6133
2012-08-01,"Singapore","Business",6614
2012-09-01,"Singapore","Business",7290
2012-10-01,"Singapore","Business",8661
2012-11-01,"Singapore","Business",7483
2012-12-01,"Singapore","Business",3266
2013-01-01,"Singapore","Business",5371
2013-02-01,"Singapore","Business",6526
2013-03-01,"Singapore","Business",7663
2013-04-01,"Singapore","Business",7212
2013-05-01,"Singapore","Business",7704
2013-06-01,"Singapore","Business",7405
2013-07-01,"Singapore","Business",7358
2013-08-01,"Singapore","Business",7416
2013-09-01,"Singapore","Business",8073
2013-10-01,"Singapore","Business",8796
2013-11-01,"Singapore","Business",8877
2013-12-01,"Singapore","Business",4638
2014-01-01,"Singapore","Business",5909
2014-02-01,"Singapore","Business",8200
2014-03-01,"Singapore","Business",9867
2014-04-01,"Singapore","Business",6157
2014-05-01,"Singapore","Business",10617
2014-06-01,"Singapore","Business",7162
2014-07-01,"Singapore","Business",6758
2014-08-01,"Singapore","Business",8317
2014-09-01,"Singapore","Business",7145
2014-10-01,"Singapore","Business",7299
2014-11-01,"Singapore","Business",7878
2014-12-01,"Singapore","Business",4251
2015-01-01,"Singapore","Business",5861
2015-02-01,"Singapore","Business",5694
2015-03-01,"Singapore","Business",8435
2015-04-01,"Singapore","Business",7421
2015-05-01,"Singapore","Business",7702
2015-06-01,"Singapore","Business",6854
2015-07-01,"Singapore","Business",6243
2015-08-01,"Singapore","Business",8287
2015-09-01,"Singapore","Business",6662
2015-10-01,"Singapore","Business",8056
2015-11-01,"Singapore","Business",9367
2015-12-01,"Singapore","Business",3846
2016-01-01,"Singapore","Business",6405
2016-02-01,"Singapore","Business",5809
2016-03-01,"Singapore","Business",6380
2016-04-01,"Singapore","Business",7229
2016-05-01,"Singapore","Business",8042
2016-06-01,"Singapore","Business",5851
2016-07-01,"Singapore","Business",5951
2016-08-01,"Singapore","Business",6458
2016-09-01,"Singapore","Business",6899
2016-10-01,"Singapore","Business",8339
2016-11-01,"Singapore","Business",7916
2016-12-01,"Singapore","Business",3881
2017-01-01,"Singapore","Business",5379
2017-02-01,"Singapore","Business",7281
2017-03-01,"Singapore","Business",7889
2017-04-01,"Singapore","Business",7631
2017-05-01,"Singapore","Business",7034
2017-06-01,"Singapore","Business",5987
2005-01-01,"Singapore","Education",180
2005-02-01,"Singapore","Education",98
2005-03-01,"Singapore","Education",172
2005-04-01,"Singapore","Education",119
2005-05-01,"Singapore","Education",89
2005-06-01,"Singapore","Education",346
2005-07-01,"Singapore","Education",332
2005-08-01,"Singapore","Education",68
2005-09-01,"Singapore","Education",167
2005-10-01,"Singapore","Education",215
2005-11-01,"Singapore","Education",196
2005-12-01,"Singapore","Education",161
2006-01-01,"Singapore","Education",207
2006-02-01,"Singapore","Education",95
2006-03-01,"Singapore","Education",313
2006-04-01,"Singapore","Education",309
2006-05-01,"Singapore","Education",60
2006-06-01,"Singapore","Education",217
2006-07-01,"Singapore","Education",400
2006-08-01,"Singapore","Education",160
2006-09-01,"Singapore","Education",237
2006-10-01,"Singapore","Education",176
2006-11-01,"Singapore","Education",123
2006-12-01,"Singapore","Education",250
2007-01-01,"Singapore","Education",294
2007-02-01,"Singapore","Education",87
2007-03-01,"Singapore","Education",69
2007-04-01,"Singapore","Education",108
2007-05-01,"Singapore","Education",109
2007-06-01,"Singapore","Education",175
2007-07-01,"Singapore","Education",239
2007-08-01,"Singapore","Education",255
2007-09-01,"Singapore","Education",187
2007-10-01,"Singapore","Education",75
2007-11-01,"Singapore","Education",269
2007-12-01,"Singapore","Education",248
2008-01-01,"Singapore","Education",213
2008-02-01,"Singapore","Education",153
2008-03-01,"Singapore","Education",96
2008-04-01,"Singapore","Education",274
2008-05-01,"Singapore","Education",227
2008-06-01,"Singapore","Education",228
2008-07-01,"Singapore","Education",117
2008-08-01,"Singapore","Education",181
2008-09-01,"Singapore","Education",14
2008-10-01,"Singapore","Education",6
2008-11-01,"Singapore","Education",82
2008-12-01,"Singapore","Education",224
2009-01-01,"Singapore","Education",513
2009-02-01,"Singapore","Education",65
2009-03-01,"Singapore","Education",113
2009-04-01,"Singapore","Education",329
2009-05-01,"Singapore","Education",92
2009-06-01,"Singapore","Education",135
2009-07-01,"Singapore","Education",181
2009-08-01,"Singapore","Education",53
2009-09-01,"Singapore","Education",162
2009-10-01,"Singapore","Education",440
2009-11-01,"Singapore","Education",367
2009-12-01,"Singapore","Education",105
2010-01-01,"Singapore","Education",524
2010-02-01,"Singapore","Education",80
2010-03-01,"Singapore","Education",381
2010-04-01,"Singapore","Education",307
2010-05-01,"Singapore","Education",204
2010-06-01,"Singapore","Education",234
2010-07-01,"Singapore","Education",402
2010-08-01,"Singapore","Education",228
2010-09-01,"Singapore","Education",422
2010-10-01,"Singapore","Education",154
2010-11-01,"Singapore","Education",382
2010-12-01,"Singapore","Education",161
2011-01-01,"Singapore","Education",460
2011-02-01,"Singapore","Education",127
2011-03-01,"Singapore","Education",85
2011-04-01,"Singapore","Education",341
2011-05-01,"Singapore","Education",297
2011-06-01,"Singapore","Education",329
2011-07-01,"Singapore","Education",276
2011-08-01,"Singapore","Education",157
2011-09-01,"Singapore","Education",336
2011-10-01,"Singapore","Education",277
2011-11-01,"Singapore","Education",269
2011-12-01,"Singapore","Education",266
2012-01-01,"Singapore","Education",157
2012-02-01,"Singapore","Education",187
2012-03-01,"Singapore","Education",343
2012-04-01,"Singapore","Education",112
2012-05-01,"Singapore","Education",163
2012-06-01,"Singapore","Education",171
2012-07-01,"Singapore","Education",370
2012-08-01,"Singapore","Education",114
2012-09-01,"Singapore","Education",352
2012-10-01,"Singapore","Education",127
2012-11-01,"Singapore","Education",310
2012-12-01,"Singapore","Education",184
2013-01-01,"Singapore","Education",211
2013-02-01,"Singapore","Education",116
2013-03-01,"Singapore","Education",205
2013-04-01,"Singapore","Education",102
2013-05-01,"Singapore","Education",87
2013-06-01,"Singapore","Education",360
2013-07-01,"Singapore","Education",556
2013-08-01,"Singapore","Education",195
2013-09-01,"Singapore","Education",252
2013-10-01,"Singapore","Education",247
2013-11-01,"Singapore","Education",408
2013-12-01,"Singapore","Education",298
2014-01-01,"Singapore","Education",161
2014-02-01,"Singapore","Education",229
2014-03-01,"Singapore","Education",446
2014-04-01,"Singapore","Education",326
2014-05-01,"Singapore","Education",281
2014-06-01,"Singapore","Education",93
2014-07-01,"Singapore","Education",24
2014-08-01,"Singapore","Education",307
2014-09-01,"Singapore","Education",412
2014-10-01,"Singapore","Education",206
2014-11-01,"Singapore","Education",220
2014-12-01,"Singapore","Education",232
2015-01-01,"Singapore","Education",244
2015-02-01,"Singapore","Education",131
2015-03-01,"Singapore","Education",187
2015-04-01,"Singapore","Education",289
2015-05-01,"Singapore","Education",129
2015-06-01,"Singapore","Education",462
2015-07-01,"Singapore","Education",244
2015-08-01,"Singapore","Education",232
2015-09-01,"Singapore","Education",191
2015-10-01,"Singapore","Education",218
2015-11-01,"Singapore","Education",362
2015-12-01,"Singapore","Education",256
2016-01-01,"Singapore","Education",257
2016-02-01,"Singapore","Education",178
2016-03-01,"Singapore","Education",321
2016-04-01,"Singapore","Education",121
2016-05-01,"Singapore","Education",229
2016-06-01,"Singapore","Education",348
2016-07-01,"Singapore","Education",553
2016-08-01,"Singapore","Education",339
2016-09-01,"Singapore","Education",348
2016-10-01,"Singapore","Education",76
2016-11-01,"Singapore","Education",444
2016-12-01,"Singapore","Education",325
2017-01-01,"Singapore","Education",443
2017-02-01,"Singapore","Education",147
2017-03-01,"Singapore","Education",165
2017-04-01,"Singapore","Education",236
2017-05-01,"Singapore","Education",186
2017-06-01,"Singapore","Education",307
2005-01-01,"Singapore","Employment",654
2005-02-01,"Singapore","Employment",363
2005-03-01,"Singapore","Employment",473
2005-04-01,"Singapore","Employment",406
2005-05-01,"Singapore","Employment",521
2005-06-01,"Singapore","Employment",557
2005-07-01,"Singapore","Employment",583
2005-08-01,"Singapore","Employment",482
2005-09-01,"Singapore","Employment",430
2005-10-01,"Singapore","Employment",631
2005-11-01,"Singapore","Employment",533
2005-12-01,"Singapore","Employment",394
2006-01-01,"Singapore","Employment",854
2006-02-01,"Singapore","Employment",402
2006-03-01,"Singapore","Employment",668
2006-04-01,"Singapore","Employment",597
2006-05-01,"Singapore","Employment",784
2006-06-01,"Singapore","Employment",653
2006-07-01,"Singapore","Employment",939
2006-08-01,"Singapore","Employment",627
2006-09-01,"Singapore","Employment",464
2006-10-01,"Singapore","Employment",697
2006-11-01,"Singapore","Employment",1480
2006-12-01,"Singapore","Employment",330
2007-01-01,"Singapore","Employment",1088
2007-02-01,"Singapore","Employment",645
2007-03-01,"Singapore","Employment",598
2007-04-01,"Singapore","Employment",989
2007-05-01,"Singapore","Employment",765
2007-06-01,"Singapore","Employment",545
2007-07-01,"Singapore","Employment",963
2007-08-01,"Singapore","Employment",888
2007-09-01,"Singapore","Employment",366
2007-10-01,"Singapore","Employment",597
2007-11-01,"Singapore","Employment",801
2007-12-01,"Singapore","Employment",785
2008-01-01,"Singapore","Employment",1238
2008-02-01,"Singapore","Employment",1051
2008-03-01,"Singapore","Employment",553
2008-04-01,"Singapore","Employment",589
2008-05-01,"Singapore","Employment",632
2008-06-01,"Singapore","Employment",672
2008-07-01,"Singapore","Employment",706
2008-08-01,"Singapore","Employment",620
2008-09-01,"Singapore","Employment",644
2008-10-01,"Singapore","Employment",631
2008-11-01,"Singapore","Employment",615
2008-12-01,"Singapore","Employment",778
2009-01-01,"Singapore","Employment",802
2009-02-01,"Singapore","Employment",622
2009-03-01,"Singapore","Employment",674
2009-04-01,"Singapore","Employment",1103
2009-05-01,"Singapore","Employment",1144
2009-06-01,"Singapore","Employment",811
2009-07-01,"Singapore","Employment",751
2009-08-01,"Singapore","Employment",846
2009-09-01,"Singapore","Employment",340
2009-10-01,"Singapore","Employment",720
2009-11-01,"Singapore","Employment",632
2009-12-01,"Singapore","Employment",1086
2010-01-01,"Singapore","Employment",1239
2010-02-01,"Singapore","Employment",520
2010-03-01,"Singapore","Employment",796
2010-04-01,"Singapore","Employment",282
2010-05-01,"Singapore","Employment",936
2010-06-01,"Singapore","Employment",683
2010-07-01,"Singapore","Employment",749
2010-08-01,"Singapore","Employment",816
2010-09-01,"Singapore","Employment",652
2010-10-01,"Singapore","Employment",649
2010-11-01,"Singapore","Employment",1018
2010-12-01,"Singapore","Employment",720
2011-01-01,"Singapore","Employment",1173
2011-02-01,"Singapore","Employment",1117
2011-03-01,"Singapore","Employment",767
2011-04-01,"Singapore","Employment",879
2011-05-01,"Singapore","Employment",622
2011-06-01,"Singapore","Employment",479
2011-07-01,"Singapore","Employment",910
2011-08-01,"Singapore","Employment",1139
2011-09-01,"Singapore","Employment",889
2011-10-01,"Singapore","Employment",1047
2011-11-01,"Singapore","Employment",732
2011-12-01,"Singapore","Employment",711
2012-01-01,"Singapore","Employment",1483
2012-02-01,"Singapore","Employment",650
2012-03-01,"Singapore","Employment",1048
2012-04-01,"Singapore","Employment",560
2012-05-01,"Singapore","Employment",587
2012-06-01,"Singapore","Employment",660
2012-07-01,"Singapore","Employment",863
2012-08-01,"Singapore","Employment",958
2012-09-01,"Singapore","Employment",626
2012-10-01,"Singapore","Employment",667
2012-11-01,"Singapore","Employment",767
2012-12-01,"Singapore","Employment",683
2013-01-01,"Singapore","Employment",1200
2013-02-01,"Singapore","Employment",740
2013-03-01,"Singapore","Employment",1299
2013-04-01,"Singapore","Employment",882
2013-05-01,"Singapore","Employment",875
2013-06-01,"Singapore","Employment",432
2013-07-01,"Singapore","Employment",957
2013-08-01,"Singapore","Employment",682
2013-09-01,"Singapore","Employment",765
2013-10-01,"Singapore","Employment",979
2013-11-01,"Singapore","Employment",769
2013-12-01,"Singapore","Employment",1054
2014-01-01,"Singapore","Employment",1050
2014-02-01,"Singapore","Employment",752
2014-03-01,"Singapore","Employment",1192
2014-04-01,"Singapore","Employment",760
2014-05-01,"Singapore","Employment",788
2014-06-01,"Singapore","Employment",408
2014-07-01,"Singapore","Employment",783
2014-08-01,"Singapore","Employment",808
2014-09-01,"Singapore","Employment",1029
2014-10-01,"Singapore","Employment",923
2014-11-01,"Singapore","Employment",900
2014-12-01,"Singapore","Employment",1277
2015-01-01,"Singapore","Employment",1456
2015-02-01,"Singapore","Employment",1107
2015-03-01,"Singapore","Employment",888
2015-04-01,"Singapore","Employment",801
2015-05-01,"Singapore","Employment",711
2015-06-01,"Singapore","Employment",886
2015-07-01,"Singapore","Employment",897
2015-08-01,"Singapore","Employment",1016
2015-09-01,"Singapore","Employment",478
2015-10-01,"Singapore","Employment",1126
2015-11-01,"Singapore","Employment",700
2015-12-01,"Singapore","Employment",640
2016-01-01,"Singapore","Employment",1087
2016-02-01,"Singapore","Employment",1010
2016-03-01,"Singapore","Employment",925
2016-04-01,"Singapore","Employment",955
2016-05-01,"Singapore","Employment",823
2016-06-01,"Singapore","Employment",689
2016-07-01,"Singapore","Employment",976
2016-08-01,"Singapore","Employment",651
2016-09-01,"Singapore","Employment",638
2016-10-01,"Singapore","Employment",788
2016-11-01,"Singapore","Employment",1148
2016-12-01,"Singapore","Employment",564
2017-01-01,"Singapore","Employment",1024
2017-02-01,"Singapore","Employment",722
2017-03-01,"Singapore","Employment",827
2017-04-01,"Singapore","Employment",667
2017-05-01,"Singapore","Employment",703
2017-06-01,"Singapore","Employment",495
2005-01-01,"Singapore","Holiday",6901
2005-02-01,"Singapore","Holiday",4351
2005-03-01,"Singapore","Holiday",5830
2005-04-01,"Singapore","Holiday",5875
2005-05-01,"Singapore","Holiday",3878
2005-06-01,"Singapore","Holiday",7175
2005-07-01,"Singapore","Holiday",6954
2005-08-01,"Singapore","Holiday",4973
2005-09-01,"Singapore","Holiday",7824
2005-10-01,"Singapore","Holiday",5753
2005-11-01,"Singapore","Holiday",5702
2005-12-01,"Singapore","Holiday",9017
2006-01-01,"Singapore","Holiday",6153
2006-02-01,"Singapore","Holiday",4730
2006-03-01,"Singapore","Holiday",7720
2006-04-01,"Singapore","Holiday",10399
2006-05-01,"Singapore","Holiday",4936
2006-06-01,"Singapore","Holiday",6543
2006-07-01,"Singapore","Holiday",8500
2006-08-01,"Singapore","Holiday",5807
2006-09-01,"Singapore","Holiday",6626
2006-10-01,"Singapore","Holiday",5846
2006-11-01,"Singapore","Holiday",4812
2006-12-01,"Singapore","Holiday",10678
2007-01-01,"Singapore","Holiday",5076
2007-02-01,"Singapore","Holiday",3884
2007-03-01,"Singapore","Holiday",6203
2007-04-01,"Singapore","Holiday",6816
2007-05-01,"Singapore","Holiday",5770
2007-06-01,"Singapore","Holiday",7824
2007-07-01,"Singapore","Holiday",9111
2007-08-01,"Singapore","Holiday",6807
2007-09-01,"Singapore","Holiday",8610
2007-10-01,"Singapore","Holiday",8706
2007-11-01,"Singapore","Holiday",6611
2007-12-01,"Singapore","Holiday",11377
2008-01-01,"Singapore","Holiday",6432
2008-02-01,"Singapore","Holiday",5522
2008-03-01,"Singapore","Holiday",8792
2008-04-01,"Singapore","Holiday",7681
2008-05-01,"Singapore","Holiday",7104
2008-06-01,"Singapore","Holiday",8081
2008-07-01,"Singapore","Holiday",7783
2008-08-01,"Singapore","Holiday",6564
2008-09-01,"Singapore","Holiday",8204
2008-10-01,"Singapore","Holiday",7775
2008-11-01,"Singapore","Holiday",6793
2008-12-01,"Singapore","Holiday",10932
2009-01-01,"Singapore","Holiday",8384
2009-02-01,"Singapore","Holiday",6327
2009-03-01,"Singapore","Holiday",7599
2009-04-01,"Singapore","Holiday",9479
2009-05-01,"Singapore","Holiday",7643
2009-06-01,"Singapore","Holiday",8912
2009-07-01,"Singapore","Holiday",10700
2009-08-01,"Singapore","Holiday",8142
2009-09-01,"Singapore","Holiday",11819
2009-10-01,"Singapore","Holiday",10206
2009-11-01,"Singapore","Holiday",11277
2009-12-01,"Singapore","Holiday",12906
2010-01-01,"Singapore","Holiday",9963
2010-02-01,"Singapore","Holiday",7308
2010-03-01,"Singapore","Holiday",8828
2010-04-01,"Singapore","Holiday",9480
2010-05-01,"Singapore","Holiday",9716
2010-06-01,"Singapore","Holiday",10661
2010-07-01,"Singapore","Holiday",11981
2010-08-01,"Singapore","Holiday",7275
2010-09-01,"Singapore","Holiday",13368
2010-10-01,"Singapore","Holiday",9106
2010-11-01,"Singapore","Holiday",8997
2010-12-01,"Singapore","Holiday",15133
2011-01-01,"Singapore","Holiday",11795
2011-02-01,"Singapore","Holiday",7693
2011-03-01,"Singapore","Holiday",10618
2011-04-01,"Singapore","Holiday",14441
2011-05-01,"Singapore","Holiday",8682
2011-06-01,"Singapore","Holiday",12388
2011-07-01,"Singapore","Holiday",14777
2011-08-01,"Singapore","Holiday",9338
2011-09-01,"Singapore","Holiday",14279
2011-10-01,"Singapore","Holiday",11100
2011-11-01,"Singapore","Holiday",10459
2011-12-01,"Singapore","Holiday",14686
2012-01-01,"Singapore","Holiday",11875
2012-02-01,"Singapore","Holiday",8842
2012-03-01,"Singapore","Holiday",9788
2012-04-01,"Singapore","Holiday",12415
2012-05-01,"Singapore","Holiday",8108
2012-06-01,"Singapore","Holiday",13644
2012-07-01,"Singapore","Holiday",14438
2012-08-01,"Singapore","Holiday",10776
2012-09-01,"Singapore","Holiday",17905
2012-10-01,"Singapore","Holiday",15832
2012-11-01,"Singapore","Holiday",12069
2012-12-01,"Singapore","Holiday",17603
2013-01-01,"Singapore","Holiday",13118
2013-02-01,"Singapore","Holiday",9073
2013-03-01,"Singapore","Holiday",17127
2013-04-01,"Singapore","Holiday",17135
2013-05-01,"Singapore","Holiday",12847
2013-06-01,"Singapore","Holiday",15464
2013-07-01,"Singapore","Holiday",19271
2013-08-01,"Singapore","Holiday",15270
2013-09-01,"Singapore","Holiday",25079
2013-10-01,"Singapore","Holiday",19495
2013-11-01,"Singapore","Holiday",16863
2013-12-01,"Singapore","Holiday",24244
2014-01-01,"Singapore","Holiday",22169
2014-02-01,"Singapore","Holiday",13620
2014-03-01,"Singapore","Holiday",16559
2014-04-01,"Singapore","Holiday",19866
2014-05-01,"Singapore","Holiday",14407
2014-06-01,"Singapore","Holiday",15305
2014-07-01,"Singapore","Holiday",20764
2014-08-01,"Singapore","Holiday",14348
2014-09-01,"Singapore","Holiday",21662
2014-10-01,"Singapore","Holiday",16404
2014-11-01,"Singapore","Holiday",17058
2014-12-01,"Singapore","Holiday",22934
2015-01-01,"Singapore","Holiday",20901
2015-02-01,"Singapore","Holiday",13659
2015-03-01,"Singapore","Holiday",14035
2015-04-01,"Singapore","Holiday",18956
2015-05-01,"Singapore","Holiday",13041
2015-06-01,"Singapore","Holiday",16600
2015-07-01,"Singapore","Holiday",17785
2015-08-01,"Singapore","Holiday",17523
2015-09-01,"Singapore","Holiday",27803
2015-10-01,"Singapore","Holiday",21807
2015-11-01,"Singapore","Holiday",19414
2015-12-01,"Singapore","Holiday",23983
2016-01-01,"Singapore","Holiday",20490
2016-02-01,"Singapore","Holiday",13159
2016-03-01,"Singapore","Holiday",20866
2016-04-01,"Singapore","Holiday",21753
2016-05-01,"Singapore","Holiday",11855
2016-06-01,"Singapore","Holiday",17985
2016-07-01,"Singapore","Holiday",23232
2016-08-01,"Singapore","Holiday",17535
2016-09-01,"Singapore","Holiday",24788
2016-10-01,"Singapore","Holiday",20221
2016-11-01,"Singapore","Holiday",19839
2016-12-01,"Singapore","Holiday",23725
2017-01-01,"Singapore","Holiday",22555
2017-02-01,"Singapore","Holiday",17939
2017-03-01,"Singapore","Holiday",20367
2017-04-01,"Singapore","Holiday",24821
2017-05-01,"Singapore","Holiday",17585
2017-06-01,"Singapore","Holiday",19720
2005-01-01,"Singapore","Other",532
2005-02-01,"Singapore","Other",259
2005-03-01,"Singapore","Other",433
2005-04-01,"Singapore","Other",326
2005-05-01,"Singapore","Other",196
2005-06-01,"Singapore","Other",431
2005-07-01,"Singapore","Other",220
2005-08-01,"Singapore","Other",145
2005-09-01,"Singapore","Other",611
2005-10-01,"Singapore","Other",310
2005-11-01,"Singapore","Other",390
2005-12-01,"Singapore","Other",293
2006-01-01,"Singapore","Other",637
2006-02-01,"Singapore","Other",274
2006-03-01,"Singapore","Other",231
2006-04-01,"Singapore","Other",477
2006-05-01,"Singapore","Other",215
2006-06-01,"Singapore","Other",428
2006-07-01,"Singapore","Other",554
2006-08-01,"Singapore","Other",206
2006-09-01,"Singapore","Other",470
2006-10-01,"Singapore","Other",214
2006-11-01,"Singapore","Other",411
2006-12-01,"Singapore","Other",340
2007-01-01,"Singapore","Other",516
2007-02-01,"Singapore","Other",257
2007-03-01,"Singapore","Other",344
2007-04-01,"Singapore","Other",415
2007-05-01,"Singapore","Other",307
2007-06-01,"Singapore","Other",326
2007-07-01,"Singapore","Other",516
2007-08-01,"Singapore","Other",554
2007-09-01,"Singapore","Other",242
2007-10-01,"Singapore","Other",505
2007-11-01,"Singapore","Other",561
2007-12-01,"Singapore","Other",263
2008-01-01,"Singapore","Other",489
2008-02-01,"Singapore","Other",375
2008-03-01,"Singapore","Other",294
2008-04-01,"Singapore","Other",446
2008-05-01,"Singapore","Other",344
2008-06-01,"Singapore","Other",397
2008-07-01,"Singapore","Other",389
2008-08-01,"Singapore","Other",266
2008-09-01,"Singapore","Other",345
2008-10-01,"Singapore","Other",353
2008-11-01,"Singapore","Other",448
2008-12-01,"Singapore","Other",351
2009-01-01,"Singapore","Other",980
2009-02-01,"Singapore","Other",230
2009-03-01,"Singapore","Other",532
2009-04-01,"Singapore","Other",465
2009-05-01,"Singapore","Other",465
2009-06-01,"Singapore","Other",375
2009-07-01,"Singapore","Other",877
2009-08-01,"Singapore","Other",170
2009-09-01,"Singapore","Other",535
2009-10-01,"Singapore","Other",668
2009-11-01,"Singapore","Other",439
2009-12-01,"Singapore","Other",436
2010-01-01,"Singapore","Other",501
2010-02-01,"Singapore","Other",502
2010-03-01,"Singapore","Other",417
2010-04-01,"Singapore","Other",585
2010-05-01,"Singapore","Other",421
2010-06-01,"Singapore","Other",330
2010-07-01,"Singapore","Other",522
2010-08-01,"Singapore","Other",690
2010-09-01,"Singapore","Other",398
2010-10-01,"Singapore","Other",232
2010-11-01,"Singapore","Other",712
2010-12-01,"Singapore","Other",318
2011-01-01,"Singapore","Other",754
2011-02-01,"Singapore","Other",457
2011-03-01,"Singapore","Other",606
2011-04-01,"Singapore","Other",620
2011-05-01,"Singapore","Other",171
2011-06-01,"Singapore","Other",352
2011-07-01,"Singapore","Other",655
2011-08-01,"Singapore","Other",310
2011-09-01,"Singapore","Other",417
2011-10-01,"Singapore","Other",562
2011-11-01,"Singapore","Other",659
2011-12-01,"Singapore","Other",404
2012-01-01,"Singapore","Other",355
2012-02-01,"Singapore","Other",457
2012-03-01,"Singapore","Other",469
2012-04-01,"Singapore","Other",498
2012-05-01,"Singapore","Other",486
2012-06-01,"Singapore","Other",275
2012-07-01,"Singapore","Other",490
2012-08-01,"Singapore","Other",298
2012-09-01,"Singapore","Other",445
2012-10-01,"Singapore","Other",440
2012-11-01,"Singapore","Other",1105
2012-12-01,"Singapore","Other",301
2013-01-01,"Singapore","Other",548
2013-02-01,"Singapore","Other",306
2013-03-01,"Singapore","Other",580
2013-04-01,"Singapore","Other",604
2013-05-01,"Singapore","Other",258
2013-06-01,"Singapore","Other",354
2013-07-01,"Singapore","Other",518
2013-08-01,"Singapore","Other",517
2013-09-01,"Singapore","Other",460
2013-10-01,"Singapore","Other",686
2013-11-01,"Singapore","Other",412
2013-12-01,"Singapore","Other",247
2014-01-01,"Singapore","Other",511
2014-02-01,"Singapore","Other",641
2014-03-01,"Singapore","Other",668
2014-04-01,"Singapore","Other",615
2014-05-01,"Singapore","Other",436
2014-06-01,"Singapore","Other",281
2014-07-01,"Singapore","Other",517
2014-08-01,"Singapore","Other",493
2014-09-01,"Singapore","Other",495
2014-10-01,"Singapore","Other",421
2014-11-01,"Singapore","Other",649
2014-12-01,"Singapore","Other",627
2015-01-01,"Singapore","Other",694
2015-02-01,"Singapore","Other",645
2015-03-01,"Singapore","Other",457
2015-04-01,"Singapore","Other",370
2015-05-01,"Singapore","Other",390
2015-06-01,"Singapore","Other",540
2015-07-01,"Singapore","Other",245
2015-08-01,"Singapore","Other",366
2015-09-01,"Singapore","Other",358
2015-10-01,"Singapore","Other",485
2015-11-01,"Singapore","Other",367
2015-12-01,"Singapore","Other",308
2016-01-01,"Singapore","Other",640
2016-02-01,"Singapore","Other",349
2016-03-01,"Singapore","Other",332
2016-04-01,"Singapore","Other",606
2016-05-01,"Singapore","Other",232
2016-06-01,"Singapore","Other",306
2016-07-01,"Singapore","Other",527
2016-08-01,"Singapore","Other",239
2016-09-01,"Singapore","Other",434
2016-10-01,"Singapore","Other",374
2016-11-01,"Singapore","Other",518
2016-12-01,"Singapore","Other",648
2017-01-01,"Singapore","Other",705
2017-02-01,"Singapore","Other",317
2017-03-01,"Singapore","Other",534
2017-04-01,"Singapore","Other",435
2017-05-01,"Singapore","Other",124
2017-06-01,"Singapore","Other",328
2005-01-01,"Singapore","Visiting Friends or Relatives",2944
2005-02-01,"Singapore","Visiting Friends or Relatives",2558
2005-03-01,"Singapore","Visiting Friends or Relatives",2518
2005-04-01,"Singapore","Visiting Friends or Relatives",2308
2005-05-01,"Singapore","Visiting Friends or Relatives",2067
2005-06-01,"Singapore","Visiting Friends or Relatives",3328
2005-07-01,"Singapore","Visiting Friends or Relatives",2640
2005-08-01,"Singapore","Visiting Friends or Relatives",2576
2005-09-01,"Singapore","Visiting Friends or Relatives",2153
2005-10-01,"Singapore","Visiting Friends or Relatives",2507
2005-11-01,"Singapore","Visiting Friends or Relatives",2842
2005-12-01,"Singapore","Visiting Friends or Relatives",5292
2006-01-01,"Singapore","Visiting Friends or Relatives",3341
2006-02-01,"Singapore","Visiting Friends or Relatives",1993
2006-03-01,"Singapore","Visiting Friends or Relatives",3691
2006-04-01,"Singapore","Visiting Friends or Relatives",2771
2006-05-01,"Singapore","Visiting Friends or Relatives",2081
2006-06-01,"Singapore","Visiting Friends or Relatives",3159
2006-07-01,"Singapore","Visiting Friends or Relatives",1887
2006-08-01,"Singapore","Visiting Friends or Relatives",1804
2006-09-01,"Singapore","Visiting Friends or Relatives",2415
2006-10-01,"Singapore","Visiting Friends or Relatives",2225
2006-11-01,"Singapore","Visiting Friends or Relatives",2177
2006-12-01,"Singapore","Visiting Friends or Relatives",5721
2007-01-01,"Singapore","Visiting Friends or Relatives",2113
2007-02-01,"Singapore","Visiting Friends or Relatives",2448
2007-03-01,"Singapore","Visiting Friends or Relatives",2891
2007-04-01,"Singapore","Visiting Friends or Relatives",2840
2007-05-01,"Singapore","Visiting Friends or Relatives",2582
2007-06-01,"Singapore","Visiting Friends or Relatives",3944
2007-07-01,"Singapore","Visiting Friends or Relatives",3573
2007-08-01,"Singapore","Visiting Friends or Relatives",2829
2007-09-01,"Singapore","Visiting Friends or Relatives",3328
2007-10-01,"Singapore","Visiting Friends or Relatives",2927
2007-11-01,"Singapore","Visiting Friends or Relatives",4110
2007-12-01,"Singapore","Visiting Friends or Relatives",6612
2008-01-01,"Singapore","Visiting Friends or Relatives",3209
2008-02-01,"Singapore","Visiting Friends or Relatives",3101
2008-03-01,"Singapore","Visiting Friends or Relatives",3524
2008-04-01,"Singapore","Visiting Friends or Relatives",3220
2008-05-01,"Singapore","Visiting Friends or Relatives",3536
2008-06-01,"Singapore","Visiting Friends or Relatives",3234
2008-07-01,"Singapore","Visiting Friends or Relatives",3244
2008-08-01,"Singapore","Visiting Friends or Relatives",2840
2008-09-01,"Singapore","Visiting Friends or Relatives",3592
2008-10-01,"Singapore","Visiting Friends or Relatives",3027
2008-11-01,"Singapore","Visiting Friends or Relatives",3199
2008-12-01,"Singapore","Visiting Friends or Relatives",6782
2009-01-01,"Singapore","Visiting Friends or Relatives",4646
2009-02-01,"Singapore","Visiting Friends or Relatives",3005
2009-03-01,"Singapore","Visiting Friends or Relatives",3523
2009-04-01,"Singapore","Visiting Friends or Relatives",4401
2009-05-01,"Singapore","Visiting Friends or Relatives",4154
2009-06-01,"Singapore","Visiting Friends or Relatives",4027
2009-07-01,"Singapore","Visiting Friends or Relatives",3212
2009-08-01,"Singapore","Visiting Friends or Relatives",3481
2009-09-01,"Singapore","Visiting Friends or Relatives",4361
2009-10-01,"Singapore","Visiting Friends or Relatives",4524
2009-11-01,"Singapore","Visiting Friends or Relatives",4220
2009-12-01,"Singapore","Visiting Friends or Relatives",8476
2010-01-01,"Singapore","Visiting Friends or Relatives",3484
2010-02-01,"Singapore","Visiting Friends or Relatives",4565
2010-03-01,"Singapore","Visiting Friends or Relatives",4038
2010-04-01,"Singapore","Visiting Friends or Relatives",4382
2010-05-01,"Singapore","Visiting Friends or Relatives",3754
2010-06-01,"Singapore","Visiting Friends or Relatives",4240
2010-07-01,"Singapore","Visiting Friends or Relatives",4676
2010-08-01,"Singapore","Visiting Friends or Relatives",3248
2010-09-01,"Singapore","Visiting Friends or Relatives",4051
2010-10-01,"Singapore","Visiting Friends or Relatives",4017
2010-11-01,"Singapore","Visiting Friends or Relatives",4312
2010-12-01,"Singapore","Visiting Friends or Relatives",8859
2011-01-01,"Singapore","Visiting Friends or Relatives",6002
2011-02-01,"Singapore","Visiting Friends or Relatives",3702
2011-03-01,"Singapore","Visiting Friends or Relatives",3037
2011-04-01,"Singapore","Visiting Friends or Relatives",5487
2011-05-01,"Singapore","Visiting Friends or Relatives",4152
2011-06-01,"Singapore","Visiting Friends or Relatives",4835
2011-07-01,"Singapore","Visiting Friends or Relatives",5556
2011-08-01,"Singapore","Visiting Friends or Relatives",4758
2011-09-01,"Singapore","Visiting Friends or Relatives",4557
2011-10-01,"Singapore","Visiting Friends or Relatives",4055
2011-11-01,"Singapore","Visiting Friends or Relatives",4650
2011-12-01,"Singapore","Visiting Friends or Relatives",8200
2012-01-01,"Singapore","Visiting Friends or Relatives",6574
2012-02-01,"Singapore","Visiting Friends or Relatives",3691
2012-03-01,"Singapore","Visiting Friends or Relatives",3934
2012-04-01,"Singapore","Visiting Friends or Relatives",4427
2012-05-01,"Singapore","Visiting Friends or Relatives",3590
2012-06-01,"Singapore","Visiting Friends or Relatives",5425
2012-07-01,"Singapore","Visiting Friends or Relatives",5415
2012-08-01,"Singapore","Visiting Friends or Relatives",5520
2012-09-01,"Singapore","Visiting Friends or Relatives",5962
2012-10-01,"Singapore","Visiting Friends or Relatives",5753
2012-11-01,"Singapore","Visiting Friends or Relatives",5770
2012-12-01,"Singapore","Visiting Friends or Relatives",7996
2013-01-01,"Singapore","Visiting Friends or Relatives",5789
2013-02-01,"Singapore","Visiting Friends or Relatives",4877
2013-03-01,"Singapore","Visiting Friends or Relatives",6246
2013-04-01,"Singapore","Visiting Friends or Relatives",4429
2013-05-01,"Singapore","Visiting Friends or Relatives",4997
2013-06-01,"Singapore","Visiting Friends or Relatives",5814
2013-07-01,"Singapore","Visiting Friends or Relatives",5890
2013-08-01,"Singapore","Visiting Friends or Relatives",4377
2013-09-01,"Singapore","Visiting Friends or Relatives",5637
2013-10-01,"Singapore","Visiting Friends or Relatives",4268
2013-11-01,"Singapore","Visiting Friends or Relatives",5167
2013-12-01,"Singapore","Visiting Friends or Relatives",8923
2014-01-01,"Singapore","Visiting Friends or Relatives",7927
2014-02-01,"Singapore","Visiting Friends or Relatives",3866
2014-03-01,"Singapore","Visiting Friends or Relatives",4569
2014-04-01,"Singapore","Visiting Friends or Relatives",6282
2014-05-01,"Singapore","Visiting Friends or Relatives",5069
2014-06-01,"Singapore","Visiting Friends or Relatives",6085
2014-07-01,"Singapore","Visiting Friends or Relatives",6441
2014-08-01,"Singapore","Visiting Friends or Relatives",5072
2014-09-01,"Singapore","Visiting Friends or Relatives",5648
2014-10-01,"Singapore","Visiting Friends or Relatives",4954
2014-11-01,"Singapore","Visiting Friends or Relatives",6160
2014-12-01,"Singapore","Visiting Friends or Relatives",10122
2015-01-01,"Singapore","Visiting Friends or Relatives",6797
2015-02-01,"Singapore","Visiting Friends or Relatives",6207
2015-03-01,"Singapore","Visiting Friends or Relatives",6611
2015-04-01,"Singapore","Visiting Friends or Relatives",7037
2015-05-01,"Singapore","Visiting Friends or Relatives",5269
2015-06-01,"Singapore","Visiting Friends or Relatives",6205
2015-07-01,"Singapore","Visiting Friends or Relatives",7023
2015-08-01,"Singapore","Visiting Friends or Relatives",6665
2015-09-01,"Singapore","Visiting Friends or Relatives",7391
2015-10-01,"Singapore","Visiting Friends or Relatives",6416
2015-11-01,"Singapore","Visiting Friends or Relatives",7008
2015-12-01,"Singapore","Visiting Friends or Relatives",9565
2016-01-01,"Singapore","Visiting Friends or Relatives",7080
2016-02-01,"Singapore","Visiting Friends or Relatives",6970
2016-03-01,"Singapore","Visiting Friends or Relatives",6619
2016-04-01,"Singapore","Visiting Friends or Relatives",6882
2016-05-01,"Singapore","Visiting Friends or Relatives",4876
2016-06-01,"Singapore","Visiting Friends or Relatives",5546
2016-07-01,"Singapore","Visiting Friends or Relatives",7809
2016-08-01,"Singapore","Visiting Friends or Relatives",6169
2016-09-01,"Singapore","Visiting Friends or Relatives",6782
2016-10-01,"Singapore","Visiting Friends or Relatives",6226
2016-11-01,"Singapore","Visiting Friends or Relatives",6742
2016-12-01,"Singapore","Visiting Friends or Relatives",11194
2017-01-01,"Singapore","Visiting Friends or Relatives",9440
2017-02-01,"Singapore","Visiting Friends or Relatives",6692
2017-03-01,"Singapore","Visiting Friends or Relatives",6867
2017-04-01,"Singapore","Visiting Friends or Relatives",8163
2017-05-01,"Singapore","Visiting Friends or Relatives",5438
2017-06-01,"Singapore","Visiting Friends or Relatives",7727
2005-01-01,"Thailand","Business",2090
2005-02-01,"Thailand","Business",2097
2005-03-01,"Thailand","Business",2817
2005-04-01,"Thailand","Business",2089
2005-05-01,"Thailand","Business",1986
2005-06-01,"Thailand","Business",2186
2005-07-01,"Thailand","Business",1698
2005-08-01,"Thailand","Business",3172
2005-09-01,"Thailand","Business",1713
2005-10-01,"Thailand","Business",2634
2005-11-01,"Thailand","Business",2437
2005-12-01,"Thailand","Business",1666
2006-01-01,"Thailand","Business",2267
2006-02-01,"Thailand","Business",2660
2006-03-01,"Thailand","Business",2633
2006-04-01,"Thailand","Business",2083
2006-05-01,"Thailand","Business",2503
2006-06-01,"Thailand","Business",3186
2006-07-01,"Thailand","Business",1720
2006-08-01,"Thailand","Business",2692
2006-09-01,"Thailand","Business",2867
2006-10-01,"Thailand","Business",2003
2006-11-01,"Thailand","Business",3059
2006-12-01,"Thailand","Business",2222
2007-01-01,"Thailand","Business",2271
2007-02-01,"Thailand","Business",2288
2007-03-01,"Thailand","Business",3526
2007-04-01,"Thailand","Business",2167
2007-05-01,"Thailand","Business",2369
2007-06-01,"Thailand","Business",3313
2007-07-01,"Thailand","Business",2999
2007-08-01,"Thailand","Business",4270
2007-09-01,"Thailand","Business",4441
2007-10-01,"Thailand","Business",4664
2007-11-01,"Thailand","Business",4712
2007-12-01,"Thailand","Business",2282
2008-01-01,"Thailand","Business",3107
2008-02-01,"Thailand","Business",3471
2008-03-01,"Thailand","Business",4056
2008-04-01,"Thailand","Business",4839
2008-05-01,"Thailand","Business",4358
2008-06-01,"Thailand","Business",4198
2008-07-01,"Thailand","Business",3174
2008-08-01,"Thailand","Business",3562
2008-09-01,"Thailand","Business",3170
2008-10-01,"Thailand","Business",3346
2008-11-01,"Thailand","Business",3609
2008-12-01,"Thailand","Business",1593
2009-01-01,"Thailand","Business",1825
2009-02-01,"Thailand","Business",3273
2009-03-01,"Thailand","Business",2380
2009-04-01,"Thailand","Business",2451
2009-05-01,"Thailand","Business",2195
2009-06-01,"Thailand","Business",2641
2009-07-01,"Thailand","Business",2492
2009-08-01,"Thailand","Business",2743
2009-09-01,"Thailand","Business",3011
2009-10-01,"Thailand","Business",3975
2009-11-01,"Thailand","Business",3486
2009-12-01,"Thailand","Business",1383
2010-01-01,"Thailand","Business",2897
2010-02-01,"Thailand","Business",2976
2010-03-01,"Thailand","Business",3765
2010-04-01,"Thailand","Business",2854
2010-05-01,"Thailand","Business",1709
2010-06-01,"Thailand","Business",2475
2010-07-01,"Thailand","Business",2380
2010-08-01,"Thailand","Business",2827
2010-09-01,"Thailand","Business",2653
2010-10-01,"Thailand","Business",4102
2010-11-01,"Thailand","Business",4082
2010-12-01,"Thailand","Business",1410
2011-01-01,"Thailand","Business",2842
2011-02-01,"Thailand","Business",3774
2011-03-01,"Thailand","Business",4372
2011-04-01,"Thailand","Business",3268
2011-05-01,"Thailand","Business",5109
2011-06-01,"Thailand","Business",3518
2011-07-01,"Thailand","Business",3404
2011-08-01,"Thailand","Business",3111
2011-09-01,"Thailand","Business",3559
2011-10-01,"Thailand","Business",4007
2011-11-01,"Thailand","Business",2696
2011-12-01,"Thailand","Business",1603
2012-01-01,"Thailand","Business",2687
2012-02-01,"Thailand","Business",4184
2012-03-01,"Thailand","Business",4037
2012-04-01,"Thailand","Business",4284
2012-05-01,"Thailand","Business",4415
2012-06-01,"Thailand","Business",3541
2012-07-01,"Thailand","Business",3919
2012-08-01,"Thailand","Business",3741
2012-09-01,"Thailand","Business",3739
2012-10-01,"Thailand","Business",4690
2012-11-01,"Thailand","Business",4327
2012-12-01,"Thailand","Business",2786
2013-01-01,"Thailand","Business",3758
2013-02-01,"Thailand","Business",3601
2013-03-01,"Thailand","Business",5447
2013-04-01,"Thailand","Business",4225
2013-05-01,"Thailand","Business",3824
2013-06-01,"Thailand","Business",3898
2013-07-01,"Thailand","Business",3741
2013-08-01,"Thailand","Business",3480
2013-09-01,"Thailand","Business",3433
2013-10-01,"Thailand","Business",5640
2013-11-01,"Thailand","Business",4700
2013-12-01,"Thailand","Business",2052
2014-01-01,"Thailand","Business",2989
2014-02-01,"Thailand","Business",3424
2014-03-01,"Thailand","Business",4228
2014-04-01,"Thailand","Business",3061
2014-05-01,"Thailand","Business",3407
2014-06-01,"Thailand","Business",3098
2014-07-01,"Thailand","Business",1953
2014-08-01,"Thailand","Business",3644
2014-09-01,"Thailand","Business",3420
2014-10-01,"Thailand","Business",4209
2014-11-01,"Thailand","Business",4012
2014-12-01,"Thailand","Business",1895
2015-01-01,"Thailand","Business",3110
2015-02-01,"Thailand","Business",3826
2015-03-01,"Thailand","Business",4425
2015-04-01,"Thailand","Business",4752
2015-05-01,"Thailand","Business",3041
2015-06-01,"Thailand","Business",3708
2015-07-01,"Thailand","Business",2737
2015-08-01,"Thailand","Business",3294
2015-09-01,"Thailand","Business",3027
2015-10-01,"Thailand","Business",4592
2015-11-01,"Thailand","Business",4335
2015-12-01,"Thailand","Business",1917
2016-01-01,"Thailand","Business",2610
2016-02-01,"Thailand","Business",3699
2016-03-01,"Thailand","Business",3772
2016-04-01,"Thailand","Business",4116
2016-05-01,"Thailand","Business",4474
2016-06-01,"Thailand","Business",3134
2016-07-01,"Thailand","Business",4650
2016-08-01,"Thailand","Business",3406
2016-09-01,"Thailand","Business",4742
2016-10-01,"Thailand","Business",4936
2016-11-01,"Thailand","Business",4372
2016-12-01,"Thailand","Business",2275
2017-01-01,"Thailand","Business",3591
2017-02-01,"Thailand","Business",5478
2017-03-01,"Thailand","Business",5886
2017-04-01,"Thailand","Business",4824
2017-05-01,"Thailand","Business",5638
2017-06-01,"Thailand","Business",4087
2005-01-01,"Thailand","Education",119
2005-02-01,"Thailand","Education",54
2005-03-01,"Thailand","Education",3
2005-04-01,"Thailand","Education",16
2005-05-01,"Thailand","Education",154
2005-06-01,"Thailand","Education",66
2005-07-01,"Thailand","Education",5
2005-08-01,"Thailand","Education",158
2005-09-01,"Thailand","Education",105
2005-10-01,"Thailand","Education",53
2005-11-01,"Thailand","Education",104
2005-12-01,"Thailand","Education",169
2006-01-01,"Thailand","Education",123
2006-02-01,"Thailand","Education",3
2006-03-01,"Thailand","Education",1
2006-04-01,"Thailand","Education",68
2006-05-01,"Thailand","Education",23
2006-06-01,"Thailand","Education",104
2006-07-01,"Thailand","Education",109
2006-08-01,"Thailand","Education",122
2006-09-01,"Thailand","Education",154
2006-10-01,"Thailand","Education",219
2006-11-01,"Thailand","Education",53
2006-12-01,"Thailand","Education",47
2007-01-01,"Thailand","Education",135
2007-02-01,"Thailand","Education",4
2007-03-01,"Thailand","Education",163
2007-04-01,"Thailand","Education",23
2007-05-01,"Thailand","Education",54
2007-06-01,"Thailand","Education",305
2007-07-01,"Thailand","Education",317
2007-08-01,"Thailand","Education",127
2007-09-01,"Thailand","Education",162
2007-10-01,"Thailand","Education",213
2007-11-01,"Thailand","Education",255
2007-12-01,"Thailand","Education",215
2008-01-01,"Thailand","Education",86
2008-02-01,"Thailand","Education",51
2008-03-01,"Thailand","Education",51
2008-04-01,"Thailand","Education",102
2008-05-01,"Thailand","Education",153
2008-06-01,"Thailand","Education",174
2008-07-01,"Thailand","Education",164
2008-08-01,"Thailand","Education",1
2008-09-01,"Thailand","Education",409
2008-10-01,"Thailand","Education",306
2008-11-01,"Thailand","Education",153
2008-12-01,"Thailand","Education",62
2009-01-01,"Thailand","Education",204
2009-02-01,"Thailand","Education",62
2009-03-01,"Thailand","Education",51
2009-04-01,"Thailand","Education",204
2009-05-01,"Thailand","Education",123
2009-06-01,"Thailand","Education",306
2009-07-01,"Thailand","Education",53
2009-08-01,"Thailand","Education",102
2009-09-01,"Thailand","Education",154
2009-10-01,"Thailand","Education",74
2009-11-01,"Thailand","Education",136
2009-12-01,"Thailand","Education",102
2010-01-01,"Thailand","Education",102
2010-02-01,"Thailand","Education",62
2010-03-01,"Thailand","Education",75
2010-04-01,"Thailand","Education",357
2010-05-01,"Thailand","Education",153
2010-06-01,"Thailand","Education",164
2010-07-01,"Thailand","Education",214
2010-08-01,"Thailand","Education",153
2010-09-01,"Thailand","Education",245
2010-10-01,"Thailand","Education",153
2010-11-01,"Thailand","Education",153
2010-12-01,"Thailand","Education",102
2011-01-01,"Thailand","Education",102
2011-02-01,"Thailand","Education",117
2011-03-01,"Thailand","Education",204
2011-04-01,"Thailand","Education",255
2011-05-01,"Thailand","Education",73
2011-06-01,"Thailand","Education",255
2011-07-01,"Thailand","Education",170
2011-08-01,"Thailand","Education",62
2011-09-01,"Thailand","Education",306
2011-10-01,"Thailand","Education",14
2011-11-01,"Thailand","Education",296
2011-12-01,"Thailand","Education",318
2012-01-01,"Thailand","Education",272
2012-02-01,"Thailand","Education",51
2012-03-01,"Thailand","Education",256
2012-04-01,"Thailand","Education",492
2012-05-01,"Thailand","Education",62
2012-06-01,"Thailand","Education",430
2012-07-01,"Thailand","Education",316
2012-08-01,"Thailand","Education",215
2012-09-01,"Thailand","Education",216
2012-10-01,"Thailand","Education",267
2012-11-01,"Thailand","Education",217
2012-12-01,"Thailand","Education",260
2013-01-01,"Thailand","Education",317
2013-02-01,"Thailand","Education",216
2013-03-01,"Thailand","Education",117
2013-04-01,"Thailand","Education",174
2013-05-01,"Thailand","Education",143
2013-06-01,"Thailand","Education",312
2013-07-01,"Thailand","Education",137
2013-08-01,"Thailand","Education",215
2013-09-01,"Thailand","Education",125
2013-10-01,"Thailand","Education",255
2013-11-01,"Thailand","Education",358
2013-12-01,"Thailand","Education",102
2014-01-01,"Thailand","Education",204
2014-02-01,"Thailand","Education",255
2014-03-01,"Thailand","Education",12
2014-04-01,"Thailand","Education",338
2014-05-01,"Thailand","Education",204
2014-06-01,"Thailand","Education",286
2014-07-01,"Thailand","Education",359
2014-08-01,"Thailand","Education",153
2014-09-01,"Thailand","Education",358
2014-10-01,"Thailand","Education",0
2014-11-01,"Thailand","Education",408
2014-12-01,"Thailand","Education",102
2015-01-01,"Thailand","Education",329
2015-02-01,"Thailand","Education",178
2015-03-01,"Thailand","Education",204
2015-04-01,"Thailand","Education",318
2015-05-01,"Thailand","Education",170
2015-06-01,"Thailand","Education",255
2015-07-01,"Thailand","Education",194
2015-08-01,"Thailand","Education",271
2015-09-01,"Thailand","Education",204
2015-10-01,"Thailand","Education",52
2015-11-01,"Thailand","Education",153
2015-12-01,"Thailand","Education",73
2016-01-01,"Thailand","Education",419
2016-02-01,"Thailand","Education",102
2016-03-01,"Thailand","Education",307
2016-04-01,"Thailand","Education",226
2016-05-01,"Thailand","Education",108
2016-06-01,"Thailand","Education",449
2016-07-01,"Thailand","Education",368
2016-08-01,"Thailand","Education",505
2016-09-01,"Thailand","Education",419
2016-10-01,"Thailand","Education",379
2016-11-01,"Thailand","Education",385
2016-12-01,"Thailand","Education",103
2017-01-01,"Thailand","Education",127
2017-02-01,"Thailand","Education",277
2017-03-01,"Thailand","Education",233
2017-04-01,"Thailand","Education",238
2017-05-01,"Thailand","Education",164
2017-06-01,"Thailand","Education",722
2005-01-01,"Thailand","Employment",479
2005-02-01,"Thailand","Employment",20
2005-03-01,"Thailand","Employment",147
2005-04-01,"Thailand","Employment",298
2005-05-01,"Thailand","Employment",168
2005-06-01,"Thailand","Employment",19
2005-07-01,"Thailand","Employment",103
2005-08-01,"Thailand","Employment",103
2005-09-01,"Thailand","Employment",138
2005-10-01,"Thailand","Employment",267
2005-11-01,"Thailand","Employment",232
2005-12-01,"Thailand","Employment",390
2006-01-01,"Thailand","Employment",139
2006-02-01,"Thailand","Employment",135
2006-03-01,"Thailand","Employment",55
2006-04-01,"Thailand","Employment",265
2006-05-01,"Thailand","Employment",214
2006-06-01,"Thailand","Employment",190
2006-07-01,"Thailand","Employment",218
2006-08-01,"Thailand","Employment",112
2006-09-01,"Thailand","Employment",194
2006-10-01,"Thailand","Employment",451
2006-11-01,"Thailand","Employment",121
2006-12-01,"Thailand","Employment",194
2007-01-01,"Thailand","Employment",436
2007-02-01,"Thailand","Employment",251
2007-03-01,"Thailand","Employment",195
2007-04-01,"Thailand","Employment",354
2007-05-01,"Thailand","Employment",192
2007-06-01,"Thailand","Employment",53
2007-07-01,"Thailand","Employment",191
2007-08-01,"Thailand","Employment",112
2007-09-01,"Thailand","Employment",324
2007-10-01,"Thailand","Employment",595
2007-11-01,"Thailand","Employment",366
2007-12-01,"Thailand","Employment",158
2008-01-01,"Thailand","Employment",188
2008-02-01,"Thailand","Employment",83
2008-03-01,"Thailand","Employment",400
2008-04-01,"Thailand","Employment",250
2008-05-01,"Thailand","Employment",431
2008-06-01,"Thailand","Employment",281
2008-07-01,"Thailand","Employment",392
2008-08-01,"Thailand","Employment",418
2008-09-01,"Thailand","Employment",77
2008-10-01,"Thailand","Employment",389
2008-11-01,"Thailand","Employment",347
2008-12-01,"Thailand","Employment",170
2009-01-01,"Thailand","Employment",426
2009-02-01,"Thailand","Employment",419
2009-03-01,"Thailand","Employment",344
2009-04-01,"Thailand","Employment",290
2009-05-01,"Thailand","Employment",347
2009-06-01,"Thailand","Employment",162
2009-07-01,"Thailand","Employment",215
2009-08-01,"Thailand","Employment",193
2009-09-01,"Thailand","Employment",360
2009-10-01,"Thailand","Employment",317
2009-11-01,"Thailand","Employment",215
2009-12-01,"Thailand","Employment",449
2010-01-01,"Thailand","Employment",210
2010-02-01,"Thailand","Employment",396
2010-03-01,"Thailand","Employment",214
2010-04-01,"Thailand","Employment",358
2010-05-01,"Thailand","Employment",184
2010-06-01,"Thailand","Employment",306
2010-07-01,"Thailand","Employment",521
2010-08-01,"Thailand","Employment",280
2010-09-01,"Thailand","Employment",145
2010-10-01,"Thailand","Employment",215
2010-11-01,"Thailand","Employment",301
2010-12-01,"Thailand","Employment",306
2011-01-01,"Thailand","Employment",386
2011-02-01,"Thailand","Employment",279
2011-03-01,"Thailand","Employment",226
2011-04-01,"Thailand","Employment",368
2011-05-01,"Thailand","Employment",117
2011-06-01,"Thailand","Employment",149
2011-07-01,"Thailand","Employment",257
2011-08-01,"Thailand","Employment",91
2011-09-01,"Thailand","Employment",419
2011-10-01,"Thailand","Employment",574
2011-11-01,"Thailand","Employment",268
2011-12-01,"Thailand","Employment",301
2012-01-01,"Thailand","Employment",600
2012-02-01,"Thailand","Employment",607
2012-03-01,"Thailand","Employment",342
2012-04-01,"Thailand","Employment",306
2012-05-01,"Thailand","Employment",328
2012-06-01,"Thailand","Employment",329
2012-07-01,"Thailand","Employment",358
2012-08-01,"Thailand","Employment",255
2012-09-01,"Thailand","Employment",235
2012-10-01,"Thailand","Employment",679
2012-11-01,"Thailand","Employment",324
2012-12-01,"Thailand","Employment",266
2013-01-01,"Thailand","Employment",721
2013-02-01,"Thailand","Employment",137
2013-03-01,"Thailand","Employment",414
2013-04-01,"Thailand","Employment",275
2013-05-01,"Thailand","Employment",266
2013-06-01,"Thailand","Employment",306
2013-07-01,"Thailand","Employment",204
2013-08-01,"Thailand","Employment",413
2013-09-01,"Thailand","Employment",168
2013-10-01,"Thailand","Employment",285
2013-11-01,"Thailand","Employment",417
2013-12-01,"Thailand","Employment",205
2014-01-01,"Thailand","Employment",535
2014-02-01,"Thailand","Employment",78
2014-03-01,"Thailand","Employment",409
2014-04-01,"Thailand","Employment",439
2014-05-01,"Thailand","Employment",237
2014-06-01,"Thailand","Employment",464
2014-07-01,"Thailand","Employment",359
2014-08-01,"Thailand","Employment",434
2014-09-01,"Thailand","Employment",329
2014-10-01,"Thailand","Employment",659
2014-11-01,"Thailand","Employment",574
2014-12-01,"Thailand","Employment",164
2015-01-01,"Thailand","Employment",837
2015-02-01,"Thailand","Employment",573
2015-03-01,"Thailand","Employment",787
2015-04-01,"Thailand","Employment",755
2015-05-01,"Thailand","Employment",517
2015-06-01,"Thailand","Employment",364
2015-07-01,"Thailand","Employment",1231
2015-08-01,"Thailand","Employment",772
2015-09-01,"Thailand","Employment",482
2015-10-01,"Thailand","Employment",250
2015-11-01,"Thailand","Employment",613
2015-12-01,"Thailand","Employment",493
2016-01-01,"Thailand","Employment",552
2016-02-01,"Thailand","Employment",479
2016-03-01,"Thailand","Employment",376
2016-04-01,"Thailand","Employment",298
2016-05-01,"Thailand","Employment",262
2016-06-01,"Thailand","Employment",527
2016-07-01,"Thailand","Employment",604
2016-08-01,"Thailand","Employment",512
2016-09-01,"Thailand","Employment",331
2016-10-01,"Thailand","Employment",618
2016-11-01,"Thailand","Employment",385
2016-12-01,"Thailand","Employment",983
2017-01-01,"Thailand","Employment",1013
2017-02-01,"Thailand","Employment",372
2017-03-01,"Thailand","Employment",457
2017-04-01,"Thailand","Employment",912
2017-05-01,"Thailand","Employment",310
2017-06-01,"Thailand","Employment",446
2005-01-01,"Thailand","Holiday",7750
2005-02-01,"Thailand","Holiday",6871
2005-03-01,"Thailand","Holiday",9356
2005-04-01,"Thailand","Holiday",9238
2005-05-01,"Thailand","Holiday",7684
2005-06-01,"Thailand","Holiday",12607
2005-07-01,"Thailand","Holiday",13060
2005-08-01,"Thailand","Holiday",12107
2005-09-01,"Thailand","Holiday",14469
2005-10-01,"Thailand","Holiday",20353
2005-11-01,"Thailand","Holiday",15479
2005-12-01,"Thailand","Holiday",19114
2006-01-01,"Thailand","Holiday",15366
2006-02-01,"Thailand","Holiday",13446
2006-03-01,"Thailand","Holiday",14344
2006-04-01,"Thailand","Holiday",19345
2006-05-01,"Thailand","Holiday",12602
2006-06-01,"Thailand","Holiday",20962
2006-07-01,"Thailand","Holiday",21723
2006-08-01,"Thailand","Holiday",18632
2006-09-01,"Thailand","Holiday",24474
2006-10-01,"Thailand","Holiday",25936
2006-11-01,"Thailand","Holiday",18405
2006-12-01,"Thailand","Holiday",25983
2007-01-01,"Thailand","Holiday",22306
2007-02-01,"Thailand","Holiday",18112
2007-03-01,"Thailand","Holiday",21701
2007-04-01,"Thailand","Holiday",27308
2007-05-01,"Thailand","Holiday",20202
2007-06-01,"Thailand","Holiday",26838
2007-07-01,"Thailand","Holiday",27283
2007-08-01,"Thailand","Holiday",24515
2007-09-01,"Thailand","Holiday",29698
2007-10-01,"Thailand","Holiday",27990
2007-11-01,"Thailand","Holiday",24426
2007-12-01,"Thailand","Holiday",28713
2008-01-01,"Thailand","Holiday",25104
2008-02-01,"Thailand","Holiday",20116
2008-03-01,"Thailand","Holiday",24558
2008-04-01,"Thailand","Holiday",30381
2008-05-01,"Thailand","Holiday",23351
2008-06-01,"Thailand","Holiday",28718
2008-07-01,"Thailand","Holiday",28266
2008-08-01,"Thailand","Holiday",27082
2008-09-01,"Thailand","Holiday",33461
2008-10-01,"Thailand","Holiday",29606
2008-11-01,"Thailand","Holiday",21453
2008-12-01,"Thailand","Holiday",28005
2009-01-01,"Thailand","Holiday",21717
2009-02-01,"Thailand","Holiday",21798
2009-03-01,"Thailand","Holiday",21050
2009-04-01,"Thailand","Holiday",32752
2009-05-01,"Thailand","Holiday",22020
2009-06-01,"Thailand","Holiday",26216
2009-07-01,"Thailand","Holiday",28349
2009-08-01,"Thailand","Holiday",25752
2009-09-01,"Thailand","Holiday",31409
2009-10-01,"Thailand","Holiday",31691
2009-11-01,"Thailand","Holiday",26903
2009-12-01,"Thailand","Holiday",39692
2010-01-01,"Thailand","Holiday",32098
2010-02-01,"Thailand","Holiday",25650
2010-03-01,"Thailand","Holiday",30268
2010-04-01,"Thailand","Holiday",33187
2010-05-01,"Thailand","Holiday",21358
2010-06-01,"Thailand","Holiday",29437
2010-07-01,"Thailand","Holiday",32182
2010-08-01,"Thailand","Holiday",25255
2010-09-01,"Thailand","Holiday",36623
2010-10-01,"Thailand","Holiday",35484
2010-11-01,"Thailand","Holiday",27174
2010-12-01,"Thailand","Holiday",42492
2011-01-01,"Thailand","Holiday",33640
2011-02-01,"Thailand","Holiday",30072
2011-03-01,"Thailand","Holiday",29919
2011-04-01,"Thailand","Holiday",46640
2011-05-01,"Thailand","Holiday",31116
2011-06-01,"Thailand","Holiday",38744
2011-07-01,"Thailand","Holiday",46756
2011-08-01,"Thailand","Holiday",38070
2011-09-01,"Thailand","Holiday",45637
2011-10-01,"Thailand","Holiday",45449
2011-11-01,"Thailand","Holiday",36501
2011-12-01,"Thailand","Holiday",49849
2012-01-01,"Thailand","Holiday",37446
2012-02-01,"Thailand","Holiday",34311
2012-03-01,"Thailand","Holiday",40294
2012-04-01,"Thailand","Holiday",51530
2012-05-01,"Thailand","Holiday",34817
2012-06-01,"Thailand","Holiday",49466
2012-07-01,"Thailand","Holiday",51791
2012-08-01,"Thailand","Holiday",40368
2012-09-01,"Thailand","Holiday",52423
2012-10-01,"Thailand","Holiday",48739
2012-11-01,"Thailand","Holiday",38995
2012-12-01,"Thailand","Holiday",48604
2013-01-01,"Thailand","Holiday",38616
2013-02-01,"Thailand","Holiday",32554
2013-03-01,"Thailand","Holiday",42085
2013-04-01,"Thailand","Holiday",47346
2013-05-01,"Thailand","Holiday",35227
2013-06-01,"Thailand","Holiday",47114
2013-07-01,"Thailand","Holiday",50864
2013-08-01,"Thailand","Holiday",38336
2013-09-01,"Thailand","Holiday",49853
2013-10-01,"Thailand","Holiday",46915
2013-11-01,"Thailand","Holiday",38840
2013-12-01,"Thailand","Holiday",49972
2014-01-01,"Thailand","Holiday",36888
2014-02-01,"Thailand","Holiday",32761
2014-03-01,"Thailand","Holiday",35007
2014-04-01,"Thailand","Holiday",53614
2014-05-01,"Thailand","Holiday",29787
2014-06-01,"Thailand","Holiday",44844
2014-07-01,"Thailand","Holiday",42269
2014-08-01,"Thailand","Holiday",34412
2014-09-01,"Thailand","Holiday",40954
2014-10-01,"Thailand","Holiday",39129
2014-11-01,"Thailand","Holiday",31958
2014-12-01,"Thailand","Holiday",41072
2015-01-01,"Thailand","Holiday",32841
2015-02-01,"Thailand","Holiday",26186
2015-03-01,"Thailand","Holiday",34714
2015-04-01,"Thailand","Holiday",39971
2015-05-01,"Thailand","Holiday",31903
2015-06-01,"Thailand","Holiday",43486
2015-07-01,"Thailand","Holiday",40647
2015-08-01,"Thailand","Holiday",33136
2015-09-01,"Thailand","Holiday",36902
2015-10-01,"Thailand","Holiday",38434
2015-11-01,"Thailand","Holiday",35020
2015-12-01,"Thailand","Holiday",38617
2016-01-01,"Thailand","Holiday",32953
2016-02-01,"Thailand","Holiday",26414
2016-03-01,"Thailand","Holiday",34024
2016-04-01,"Thailand","Holiday",37982
2016-05-01,"Thailand","Holiday",30849
2016-06-01,"Thailand","Holiday",37488
2016-07-01,"Thailand","Holiday",38182
2016-08-01,"Thailand","Holiday",30584
2016-09-01,"Thailand","Holiday",37197
2016-10-01,"Thailand","Holiday",35830
2016-11-01,"Thailand","Holiday",29392
2016-12-01,"Thailand","Holiday",36002
2017-01-01,"Thailand","Holiday",26758
2017-02-01,"Thailand","Holiday",26623
2017-03-01,"Thailand","Holiday",29897
2017-04-01,"Thailand","Holiday",44307
2017-05-01,"Thailand","Holiday",29987
2017-06-01,"Thailand","Holiday",38721
2005-01-01,"Thailand","Other",244
2005-02-01,"Thailand","Other",198
2005-03-01,"Thailand","Other",326
2005-04-01,"Thailand","Other",207
2005-05-01,"Thailand","Other",214
2005-06-01,"Thailand","Other",166
2005-07-01,"Thailand","Other",136
2005-08-01,"Thailand","Other",93
2005-09-01,"Thailand","Other",71
2005-10-01,"Thailand","Other",215
2005-11-01,"Thailand","Other",351
2005-12-01,"Thailand","Other",186
2006-01-01,"Thailand","Other",327
2006-02-01,"Thailand","Other",142
2006-03-01,"Thailand","Other",383
2006-04-01,"Thailand","Other",327
2006-05-01,"Thailand","Other",284
2006-06-01,"Thailand","Other",286
2006-07-01,"Thailand","Other",193
2006-08-01,"Thailand","Other",143
2006-09-01,"Thailand","Other",122
2006-10-01,"Thailand","Other",374
2006-11-01,"Thailand","Other",165
2006-12-01,"Thailand","Other",328
2007-01-01,"Thailand","Other",202
2007-02-01,"Thailand","Other",211
2007-03-01,"Thailand","Other",433
2007-04-01,"Thailand","Other",345
2007-05-01,"Thailand","Other",162
2007-06-01,"Thailand","Other",158
2007-07-01,"Thailand","Other",250
2007-08-01,"Thailand","Other",317
2007-09-01,"Thailand","Other",267
2007-10-01,"Thailand","Other",312
2007-11-01,"Thailand","Other",256
2007-12-01,"Thailand","Other",179
2008-01-01,"Thailand","Other",328
2008-02-01,"Thailand","Other",153
2008-03-01,"Thailand","Other",311
2008-04-01,"Thailand","Other",308
2008-05-01,"Thailand","Other",191
2008-06-01,"Thailand","Other",318
2008-07-01,"Thailand","Other",291
2008-08-01,"Thailand","Other",380
2008-09-01,"Thailand","Other",276
2008-10-01,"Thailand","Other",426
2008-11-01,"Thailand","Other",497
2008-12-01,"Thailand","Other",350
2009-01-01,"Thailand","Other",403
2009-02-01,"Thailand","Other",538
2009-03-01,"Thailand","Other",324
2009-04-01,"Thailand","Other",162
2009-05-01,"Thailand","Other",330
2009-06-01,"Thailand","Other",176
2009-07-01,"Thailand","Other",346
2009-08-01,"Thailand","Other",204
2009-09-01,"Thailand","Other",417
2009-10-01,"Thailand","Other",334
2009-11-01,"Thailand","Other",486
2009-12-01,"Thailand","Other",340
2010-01-01,"Thailand","Other",428
2010-02-01,"Thailand","Other",251
2010-03-01,"Thailand","Other",562
2010-04-01,"Thailand","Other",212
2010-05-01,"Thailand","Other",157
2010-06-01,"Thailand","Other",185
2010-07-01,"Thailand","Other",582
2010-08-01,"Thailand","Other",427
2010-09-01,"Thailand","Other",492
2010-10-01,"Thailand","Other",646
2010-11-01,"Thailand","Other",357
2010-12-01,"Thailand","Other",308
2011-01-01,"Thailand","Other",532
2011-02-01,"Thailand","Other",317
2011-03-01,"Thailand","Other",329
2011-04-01,"Thailand","Other",561
2011-05-01,"Thailand","Other",284
2011-06-01,"Thailand","Other",525
2011-07-01,"Thailand","Other",647
2011-08-01,"Thailand","Other",524
2011-09-01,"Thailand","Other",336
2011-10-01,"Thailand","Other",501
2011-11-01,"Thailand","Other",484
2011-12-01,"Thailand","Other",507
2012-01-01,"Thailand","Other",542
2012-02-01,"Thailand","Other",572
2012-03-01,"Thailand","Other",693
2012-04-01,"Thailand","Other",425
2012-05-01,"Thailand","Other",296
2012-06-01,"Thailand","Other",645
2012-07-01,"Thailand","Other",458
2012-08-01,"Thailand","Other",221
2012-09-01,"Thailand","Other",570
2012-10-01,"Thailand","Other",552
2012-11-01,"Thailand","Other",387
2012-12-01,"Thailand","Other",606
2013-01-01,"Thailand","Other",384
2013-02-01,"Thailand","Other",349
2013-03-01,"Thailand","Other",461
2013-04-01,"Thailand","Other",343
2013-05-01,"Thailand","Other",692
2013-06-01,"Thailand","Other",647
2013-07-01,"Thailand","Other",704
2013-08-01,"Thailand","Other",371
2013-09-01,"Thailand","Other",311
2013-10-01,"Thailand","Other",562
2013-11-01,"Thailand","Other",647
2013-12-01,"Thailand","Other",409
2014-01-01,"Thailand","Other",648
2014-02-01,"Thailand","Other",527
2014-03-01,"Thailand","Other",275
2014-04-01,"Thailand","Other",563
2014-05-01,"Thailand","Other",317
2014-06-01,"Thailand","Other",367
2014-07-01,"Thailand","Other",372
2014-08-01,"Thailand","Other",685
2014-09-01,"Thailand","Other",350
2014-10-01,"Thailand","Other",890
2014-11-01,"Thailand","Other",1068
2014-12-01,"Thailand","Other",481
2015-01-01,"Thailand","Other",777
2015-02-01,"Thailand","Other",436
2015-03-01,"Thailand","Other",973
2015-04-01,"Thailand","Other",828
2015-05-01,"Thailand","Other",393
2015-06-01,"Thailand","Other",391
2015-07-01,"Thailand","Other",264
2015-08-01,"Thailand","Other",411
2015-09-01,"Thailand","Other",63
2015-10-01,"Thailand","Other",160
2015-11-01,"Thailand","Other",663
2015-12-01,"Thailand","Other",219
2016-01-01,"Thailand","Other",265
2016-02-01,"Thailand","Other",541
2016-03-01,"Thailand","Other",646
2016-04-01,"Thailand","Other",658
2016-05-01,"Thailand","Other",318
2016-06-01,"Thailand","Other",601
2016-07-01,"Thailand","Other",369
2016-08-01,"Thailand","Other",548
2016-09-01,"Thailand","Other",481
2016-10-01,"Thailand","Other",603
2016-11-01,"Thailand","Other",688
2016-12-01,"Thailand","Other",325
2017-01-01,"Thailand","Other",392
2017-02-01,"Thailand","Other",396
2017-03-01,"Thailand","Other",492
2017-04-01,"Thailand","Other",666
2017-05-01,"Thailand","Other",368
2017-06-01,"Thailand","Other",319
2005-01-01,"Thailand","Visiting Friends or Relatives",1708
2005-02-01,"Thailand","Visiting Friends or Relatives",1041
2005-03-01,"Thailand","Visiting Friends or Relatives",2292
2005-04-01,"Thailand","Visiting Friends or Relatives",1636
2005-05-01,"Thailand","Visiting Friends or Relatives",940
2005-06-01,"Thailand","Visiting Friends or Relatives",1903
2005-07-01,"Thailand","Visiting Friends or Relatives",2086
2005-08-01,"Thailand","Visiting Friends or Relatives",1376
2005-09-01,"Thailand","Visiting Friends or Relatives",1261
2005-10-01,"Thailand","Visiting Friends or Relatives",1990
2005-11-01,"Thailand","Visiting Friends or Relatives",1936
2005-12-01,"Thailand","Visiting Friends or Relatives",3238
2006-01-01,"Thailand","Visiting Friends or Relatives",1313
2006-02-01,"Thailand","Visiting Friends or Relatives",1340
2006-03-01,"Thailand","Visiting Friends or Relatives",1917
2006-04-01,"Thailand","Visiting Friends or Relatives",2300
2006-05-01,"Thailand","Visiting Friends or Relatives",1675
2006-06-01,"Thailand","Visiting Friends or Relatives",1186
2006-07-01,"Thailand","Visiting Friends or Relatives",1264
2006-08-01,"Thailand","Visiting Friends or Relatives",1155
2006-09-01,"Thailand","Visiting Friends or Relatives",1731
2006-10-01,"Thailand","Visiting Friends or Relatives",1768
2006-11-01,"Thailand","Visiting Friends or Relatives",2140
2006-12-01,"Thailand","Visiting Friends or Relatives",3703
2007-01-01,"Thailand","Visiting Friends or Relatives",1659
2007-02-01,"Thailand","Visiting Friends or Relatives",1650
2007-03-01,"Thailand","Visiting Friends or Relatives",1914
2007-04-01,"Thailand","Visiting Friends or Relatives",2462
2007-05-01,"Thailand","Visiting Friends or Relatives",1663
2007-06-01,"Thailand","Visiting Friends or Relatives",1750
2007-07-01,"Thailand","Visiting Friends or Relatives",2866
2007-08-01,"Thailand","Visiting Friends or Relatives",2397
2007-09-01,"Thailand","Visiting Friends or Relatives",2462
2007-10-01,"Thailand","Visiting Friends or Relatives",2677
2007-11-01,"Thailand","Visiting Friends or Relatives",3327
2007-12-01,"Thailand","Visiting Friends or Relatives",4727
2008-01-01,"Thailand","Visiting Friends or Relatives",2664
2008-02-01,"Thailand","Visiting Friends or Relatives",3152
2008-03-01,"Thailand","Visiting Friends or Relatives",3770
2008-04-01,"Thailand","Visiting Friends or Relatives",3230
2008-05-01,"Thailand","Visiting Friends or Relatives",3172
2008-06-01,"Thailand","Visiting Friends or Relatives",2453
2008-07-01,"Thailand","Visiting Friends or Relatives",3265
2008-08-01,"Thailand","Visiting Friends or Relatives",2998
2008-09-01,"Thailand","Visiting Friends or Relatives",2853
2008-10-01,"Thailand","Visiting Friends or Relatives",3021
2008-11-01,"Thailand","Visiting Friends or Relatives",1995
2008-12-01,"Thailand","Visiting Friends or Relatives",6681
2009-01-01,"Thailand","Visiting Friends or Relatives",3280
2009-02-01,"Thailand","Visiting Friends or Relatives",2746
2009-03-01,"Thailand","Visiting Friends or Relatives",2708
2009-04-01,"Thailand","Visiting Friends or Relatives",5079
2009-05-01,"Thailand","Visiting Friends or Relatives",2925
2009-06-01,"Thailand","Visiting Friends or Relatives",3399
2009-07-01,"Thailand","Visiting Friends or Relatives",3176
2009-08-01,"Thailand","Visiting Friends or Relatives",3250
2009-09-01,"Thailand","Visiting Friends or Relatives",3381
2009-10-01,"Thailand","Visiting Friends or Relatives",2950
2009-11-01,"Thailand","Visiting Friends or Relatives",2941
2009-12-01,"Thailand","Visiting Friends or Relatives",6904
2010-01-01,"Thailand","Visiting Friends or Relatives",3629
2010-02-01,"Thailand","Visiting Friends or Relatives",3827
2010-03-01,"Thailand","Visiting Friends or Relatives",3441
2010-04-01,"Thailand","Visiting Friends or Relatives",3743
2010-05-01,"Thailand","Visiting Friends or Relatives",2634
2010-06-01,"Thailand","Visiting Friends or Relatives",3038
2010-07-01,"Thailand","Visiting Friends or Relatives",2972
2010-08-01,"Thailand","Visiting Friends or Relatives",3082
2010-09-01,"Thailand","Visiting Friends or Relatives",3106
2010-10-01,"Thailand","Visiting Friends or Relatives",3064
2010-11-01,"Thailand","Visiting Friends or Relatives",3615
2010-12-01,"Thailand","Visiting Friends or Relatives",6253
2011-01-01,"Thailand","Visiting Friends or Relatives",3386
2011-02-01,"Thailand","Visiting Friends or Relatives",3293
2011-03-01,"Thailand","Visiting Friends or Relatives",4329
2011-04-01,"Thailand","Visiting Friends or Relatives",4800
2011-05-01,"Thailand","Visiting Friends or Relatives",3298
2011-06-01,"Thailand","Visiting Friends or Relatives",3229
2011-07-01,"Thailand","Visiting Friends or Relatives",3970
2011-08-01,"Thailand","Visiting Friends or Relatives",3831
2011-09-01,"Thailand","Visiting Friends or Relatives",3299
2011-10-01,"Thailand","Visiting Friends or Relatives",3581
2011-11-01,"Thailand","Visiting Friends or Relatives",3489
2011-12-01,"Thailand","Visiting Friends or Relatives",6741
2012-01-01,"Thailand","Visiting Friends or Relatives",4042
2012-02-01,"Thailand","Visiting Friends or Relatives",3734
2012-03-01,"Thailand","Visiting Friends or Relatives",4267
2012-04-01,"Thailand","Visiting Friends or Relatives",5141
2012-05-01,"Thailand","Visiting Friends or Relatives",3843
2012-06-01,"Thailand","Visiting Friends or Relatives",4374
2012-07-01,"Thailand","Visiting Friends or Relatives",4652
2012-08-01,"Thailand","Visiting Friends or Relatives",3285
2012-09-01,"Thailand","Visiting Friends or Relatives",4136
2012-10-01,"Thailand","Visiting Friends or Relatives",4859
2012-11-01,"Thailand","Visiting Friends or Relatives",5064
2012-12-01,"Thailand","Visiting Friends or Relatives",7699
2013-01-01,"Thailand","Visiting Friends or Relatives",4671
2013-02-01,"Thailand","Visiting Friends or Relatives",3835
2013-03-01,"Thailand","Visiting Friends or Relatives",5748
2013-04-01,"Thailand","Visiting Friends or Relatives",5655
2013-05-01,"Thailand","Visiting Friends or Relatives",3808
2013-06-01,"Thailand","Visiting Friends or Relatives",4793
2013-07-01,"Thailand","Visiting Friends or Relatives",3895
2013-08-01,"Thailand","Visiting Friends or Relatives",4007
2013-09-01,"Thailand","Visiting Friends or Relatives",4458
2013-10-01,"Thailand","Visiting Friends or Relatives",5184
2013-11-01,"Thailand","Visiting Friends or Relatives",5090
2013-12-01,"Thailand","Visiting Friends or Relatives",9500
2014-01-01,"Thailand","Visiting Friends or Relatives",4975
2014-02-01,"Thailand","Visiting Friends or Relatives",3834
2014-03-01,"Thailand","Visiting Friends or Relatives",4438
2014-04-01,"Thailand","Visiting Friends or Relatives",5903
2014-05-01,"Thailand","Visiting Friends or Relatives",3791
2014-06-01,"Thailand","Visiting Friends or Relatives",4880
2014-07-01,"Thailand","Visiting Friends or Relatives",5190
2014-08-01,"Thailand","Visiting Friends or Relatives",4685
2014-09-01,"Thailand","Visiting Friends or Relatives",5249
2014-10-01,"Thailand","Visiting Friends or Relatives",5606
2014-11-01,"Thailand","Visiting Friends or Relatives",6259
2014-12-01,"Thailand","Visiting Friends or Relatives",8758
2015-01-01,"Thailand","Visiting Friends or Relatives",5565
2015-02-01,"Thailand","Visiting Friends or Relatives",4635
2015-03-01,"Thailand","Visiting Friends or Relatives",6598
2015-04-01,"Thailand","Visiting Friends or Relatives",6278
2015-05-01,"Thailand","Visiting Friends or Relatives",4767
2015-06-01,"Thailand","Visiting Friends or Relatives",5782
2015-07-01,"Thailand","Visiting Friends or Relatives",5381
2015-08-01,"Thailand","Visiting Friends or Relatives",4545
2015-09-01,"Thailand","Visiting Friends or Relatives",4934
2015-10-01,"Thailand","Visiting Friends or Relatives",6262
2015-11-01,"Thailand","Visiting Friends or Relatives",6123
2015-12-01,"Thailand","Visiting Friends or Relatives",9194
2016-01-01,"Thailand","Visiting Friends or Relatives",5342
2016-02-01,"Thailand","Visiting Friends or Relatives",4836
2016-03-01,"Thailand","Visiting Friends or Relatives",7123
2016-04-01,"Thailand","Visiting Friends or Relatives",7443
2016-05-01,"Thailand","Visiting Friends or Relatives",4568
2016-06-01,"Thailand","Visiting Friends or Relatives",6633
2016-07-01,"Thailand","Visiting Friends or Relatives",6557
2016-08-01,"Thailand","Visiting Friends or Relatives",5190
2016-09-01,"Thailand","Visiting Friends or Relatives",6351
2016-10-01,"Thailand","Visiting Friends or Relatives",6082
2016-11-01,"Thailand","Visiting Friends or Relatives",6454
2016-12-01,"Thailand","Visiting Friends or Relatives",9581
2017-01-01,"Thailand","Visiting Friends or Relatives",5507
2017-02-01,"Thailand","Visiting Friends or Relatives",5658
2017-03-01,"Thailand","Visiting Friends or Relatives",7096
2017-04-01,"Thailand","Visiting Friends or Relatives",8025
2017-05-01,"Thailand","Visiting Friends or Relatives",6309
2017-06-01,"Thailand","Visiting Friends or Relatives",7159
2005-01-01,"USA","Business",12923
2005-02-01,"USA","Business",8876
2005-03-01,"USA","Business",10879
2005-04-01,"USA","Business",10600
2005-05-01,"USA","Business",11061
2005-06-01,"USA","Business",11126
2005-07-01,"USA","Business",8647
2005-08-01,"USA","Business",8197
2005-09-01,"USA","Business",11046
2005-10-01,"USA","Business",12167
2005-11-01,"USA","Business",8682
2005-12-01,"USA","Business",5454
2006-01-01,"USA","Business",10620
2006-02-01,"USA","Business",10864
2006-03-01,"USA","Business",11742
2006-04-01,"USA","Business",11223
2006-05-01,"USA","Business",11468
2006-06-01,"USA","Business",8628
2006-07-01,"USA","Business",10166
2006-08-01,"USA","Business",7112
2006-09-01,"USA","Business",10831
2006-10-01,"USA","Business",12856
2006-11-01,"USA","Business",10495
2006-12-01,"USA","Business",5124
2007-01-01,"USA","Business",10287
2007-02-01,"USA","Business",9197
2007-03-01,"USA","Business",11816
2007-04-01,"USA","Business",10757
2007-05-01,"USA","Business",12756
2007-06-01,"USA","Business",11602
2007-07-01,"USA","Business",7334
2007-08-01,"USA","Business",9516
2007-09-01,"USA","Business",12014
2007-10-01,"USA","Business",12168
2007-11-01,"USA","Business",10936
2007-12-01,"USA","Business",4692
2008-01-01,"USA","Business",10446
2008-02-01,"USA","Business",9624
2008-03-01,"USA","Business",12185
2008-04-01,"USA","Business",11364
2008-05-01,"USA","Business",12646
2008-06-01,"USA","Business",11886
2008-07-01,"USA","Business",8849
2008-08-01,"USA","Business",8817
2008-09-01,"USA","Business",11837
2008-10-01,"USA","Business",11866
2008-11-01,"USA","Business",9702
2008-12-01,"USA","Business",3975
2009-01-01,"USA","Business",7852
2009-02-01,"USA","Business",7325
2009-03-01,"USA","Business",9018
2009-04-01,"USA","Business",8372
2009-05-01,"USA","Business",9123
2009-06-01,"USA","Business",9303
2009-07-01,"USA","Business",9184
2009-08-01,"USA","Business",8900
2009-09-01,"USA","Business",10193
2009-10-01,"USA","Business",11135
2009-11-01,"USA","Business",10659
2009-12-01,"USA","Business",4851
2010-01-01,"USA","Business",9097
2010-02-01,"USA","Business",9325
2010-03-01,"USA","Business",10986
2010-04-01,"USA","Business",12626
2010-05-01,"USA","Business",13033
2010-06-01,"USA","Business",12813
2010-07-01,"USA","Business",11984
2010-08-01,"USA","Business",8607
2010-09-01,"USA","Business",11404
2010-10-01,"USA","Business",15999
2010-11-01,"USA","Business",12131
2010-12-01,"USA","Business",6212
2011-01-01,"USA","Business",9872
2011-02-01,"USA","Business",11090
2011-03-01,"USA","Business",14168
2011-04-01,"USA","Business",12141
2011-05-01,"USA","Business",14725
2011-06-01,"USA","Business",13588
2011-07-01,"USA","Business",10559
2011-08-01,"USA","Business",10906
2011-09-01,"USA","Business",14725
2011-10-01,"USA","Business",15765
2011-11-01,"USA","Business",11337
2011-12-01,"USA","Business",6050
2012-01-01,"USA","Business",12116
2012-02-01,"USA","Business",12188
2012-03-01,"USA","Business",13511
2012-04-01,"USA","Business",13355
2012-05-01,"USA","Business",14817
2012-06-01,"USA","Business",12883
2012-07-01,"USA","Business",12202
2012-08-01,"USA","Business",12132
2012-09-01,"USA","Business",15282
2012-10-01,"USA","Business",15893
2012-11-01,"USA","Business",13015
2012-12-01,"USA","Business",5651
2013-01-01,"USA","Business",11055
2013-02-01,"USA","Business",13015
2013-03-01,"USA","Business",11792
2013-04-01,"USA","Business",15686
2013-05-01,"USA","Business",14638
2013-06-01,"USA","Business",13589
2013-07-01,"USA","Business",9592
2013-08-01,"USA","Business",9495
2013-09-01,"USA","Business",15054
2013-10-01,"USA","Business",13941
2013-11-01,"USA","Business",13037
2013-12-01,"USA","Business",5636
2014-01-01,"USA","Business",12509
2014-02-01,"USA","Business",12762
2014-03-01,"USA","Business",16233
2014-04-01,"USA","Business",12439
2014-05-01,"USA","Business",17272
2014-06-01,"USA","Business",13744
2014-07-01,"USA","Business",11552
2014-08-01,"USA","Business",11734
2014-09-01,"USA","Business",13859
2014-10-01,"USA","Business",17352
2014-11-01,"USA","Business",15125
2014-12-01,"USA","Business",6333
2015-01-01,"USA","Business",13199
2015-02-01,"USA","Business",12280
2015-03-01,"USA","Business",13309
2015-04-01,"USA","Business",13908
2015-05-01,"USA","Business",16084
2015-06-01,"USA","Business",14093
2015-07-01,"USA","Business",12670
2015-08-01,"USA","Business",12464
2015-09-01,"USA","Business",14610
2015-10-01,"USA","Business",17307
2015-11-01,"USA","Business",12358
2015-12-01,"USA","Business",4986
2016-01-01,"USA","Business",13553
2016-02-01,"USA","Business",11943
2016-03-01,"USA","Business",12097
2016-04-01,"USA","Business",15832
2016-05-01,"USA","Business",13494
2016-06-01,"USA","Business",13750
2016-07-01,"USA","Business",12545
2016-08-01,"USA","Business",11559
2016-09-01,"USA","Business",15588
2016-10-01,"USA","Business",17779
2016-11-01,"USA","Business",15447
2016-12-01,"USA","Business",6303
2017-01-01,"USA","Business",13203
2017-02-01,"USA","Business",11713
2017-03-01,"USA","Business",16300
2017-04-01,"USA","Business",13388
2017-05-01,"USA","Business",18399
2017-06-01,"USA","Business",13701
2005-01-01,"USA","Education",917
2005-02-01,"USA","Education",185
2005-03-01,"USA","Education",475
2005-04-01,"USA","Education",394
2005-05-01,"USA","Education",337
2005-06-01,"USA","Education",448
2005-07-01,"USA","Education",937
2005-08-01,"USA","Education",1398
2005-09-01,"USA","Education",367
2005-10-01,"USA","Education",430
2005-11-01,"USA","Education",214
2005-12-01,"USA","Education",637
2006-01-01,"USA","Education",1012
2006-02-01,"USA","Education",309
2006-03-01,"USA","Education",347
2006-04-01,"USA","Education",328
2006-05-01,"USA","Education",107
2006-06-01,"USA","Education",642
2006-07-01,"USA","Education",438
2006-08-01,"USA","Education",1261
2006-09-01,"USA","Education",654
2006-10-01,"USA","Education",115
2006-11-01,"USA","Education",262
2006-12-01,"USA","Education",711
2007-01-01,"USA","Education",1019
2007-02-01,"USA","Education",59
2007-03-01,"USA","Education",258
2007-04-01,"USA","Education",340
2007-05-01,"USA","Education",503
2007-06-01,"USA","Education",375
2007-07-01,"USA","Education",382
2007-08-01,"USA","Education",1109
2007-09-01,"USA","Education",331
2007-10-01,"USA","Education",371
2007-11-01,"USA","Education",124
2007-12-01,"USA","Education",640
2008-01-01,"USA","Education",1122
2008-02-01,"USA","Education",153
2008-03-01,"USA","Education",309
2008-04-01,"USA","Education",428
2008-05-01,"USA","Education",326
2008-06-01,"USA","Education",472
2008-07-01,"USA","Education",667
2008-08-01,"USA","Education",1085
2008-09-01,"USA","Education",483
2008-10-01,"USA","Education",174
2008-11-01,"USA","Education",316
2008-12-01,"USA","Education",565
2009-01-01,"USA","Education",1105
2009-02-01,"USA","Education",55
2009-03-01,"USA","Education",105
2009-04-01,"USA","Education",425
2009-05-01,"USA","Education",120
2009-06-01,"USA","Education",476
2009-07-01,"USA","Education",726
2009-08-01,"USA","Education",1232
2009-09-01,"USA","Education",732
2009-10-01,"USA","Education",261
2009-11-01,"USA","Education",262
2009-12-01,"USA","Education",781
2010-01-01,"USA","Education",913
2010-02-01,"USA","Education",146
2010-03-01,"USA","Education",360
2010-04-01,"USA","Education",515
2010-05-01,"USA","Education",474
2010-06-01,"USA","Education",756
2010-07-01,"USA","Education",785
2010-08-01,"USA","Education",1534
2010-09-01,"USA","Education",1147
2010-10-01,"USA","Education",489
2010-11-01,"USA","Education",216
2010-12-01,"USA","Education",634
2011-01-01,"USA","Education",1413
2011-02-01,"USA","Education",176
2011-03-01,"USA","Education",684
2011-04-01,"USA","Education",1189
2011-05-01,"USA","Education",386
2011-06-01,"USA","Education",697
2011-07-01,"USA","Education",1412
2011-08-01,"USA","Education",1383
2011-09-01,"USA","Education",659
2011-10-01,"USA","Education",414
2011-11-01,"USA","Education",474
2011-12-01,"USA","Education",942
2012-01-01,"USA","Education",1490
2012-02-01,"USA","Education",263
2012-03-01,"USA","Education",422
2012-04-01,"USA","Education",875
2012-05-01,"USA","Education",629
2012-06-01,"USA","Education",1502
2012-07-01,"USA","Education",892
2012-08-01,"USA","Education",1218
2012-09-01,"USA","Education",830
2012-10-01,"USA","Education",733
2012-11-01,"USA","Education",633
2012-12-01,"USA","Education",530
2013-01-01,"USA","Education",1568
2013-02-01,"USA","Education",653
2013-03-01,"USA","Education",227
2013-04-01,"USA","Education",698
2013-05-01,"USA","Education",429
2013-06-01,"USA","Education",1255
2013-07-01,"USA","Education",1086
2013-08-01,"USA","Education",1674
2013-09-01,"USA","Education",1535
2013-10-01,"USA","Education",437
2013-11-01,"USA","Education",543
2013-12-01,"USA","Education",1018
2014-01-01,"USA","Education",1178
2014-02-01,"USA","Education",411
2014-03-01,"USA","Education",631
2014-04-01,"USA","Education",1154
2014-05-01,"USA","Education",425
2014-06-01,"USA","Education",1329
2014-07-01,"USA","Education",1029
2014-08-01,"USA","Education",1864
2014-09-01,"USA","Education",1061
2014-10-01,"USA","Education",468
2014-11-01,"USA","Education",841
2014-12-01,"USA","Education",1227
2015-01-01,"USA","Education",2026
2015-02-01,"USA","Education",307
2015-03-01,"USA","Education",413
2015-04-01,"USA","Education",702
2015-05-01,"USA","Education",382
2015-06-01,"USA","Education",1070
2015-07-01,"USA","Education",876
2015-08-01,"USA","Education",1606
2015-09-01,"USA","Education",1277
2015-10-01,"USA","Education",606
2015-11-01,"USA","Education",439
2015-12-01,"USA","Education",386
2016-01-01,"USA","Education",1473
2016-02-01,"USA","Education",420
2016-03-01,"USA","Education",705
2016-04-01,"USA","Education",1040
2016-05-01,"USA","Education",466
2016-06-01,"USA","Education",1188
2016-07-01,"USA","Education",1427
2016-08-01,"USA","Education",1227
2016-09-01,"USA","Education",1508
2016-10-01,"USA","Education",497
2016-11-01,"USA","Education",759
2016-12-01,"USA","Education",665
2017-01-01,"USA","Education",1698
2017-02-01,"USA","Education",269
2017-03-01,"USA","Education",638
2017-04-01,"USA","Education",1301
2017-05-01,"USA","Education",313
2017-06-01,"USA","Education",1585
2005-01-01,"USA","Employment",835
2005-02-01,"USA","Employment",612
2005-03-01,"USA","Employment",686
2005-04-01,"USA","Employment",520
2005-05-01,"USA","Employment",1037
2005-06-01,"USA","Employment",1239
2005-07-01,"USA","Employment",502
2005-08-01,"USA","Employment",543
2005-09-01,"USA","Employment",584
2005-10-01,"USA","Employment",463
2005-11-01,"USA","Employment",1360
2005-12-01,"USA","Employment",1261
2006-01-01,"USA","Employment",861
2006-02-01,"USA","Employment",501
2006-03-01,"USA","Employment",656
2006-04-01,"USA","Employment",508
2006-05-01,"USA","Employment",1000
2006-06-01,"USA","Employment",1526
2006-07-01,"USA","Employment",567
2006-08-01,"USA","Employment",534
2006-09-01,"USA","Employment",395
2006-10-01,"USA","Employment",572
2006-11-01,"USA","Employment",922
2006-12-01,"USA","Employment",786
2007-01-01,"USA","Employment",885
2007-02-01,"USA","Employment",427
2007-03-01,"USA","Employment",753
2007-04-01,"USA","Employment",488
2007-05-01,"USA","Employment",1202
2007-06-01,"USA","Employment",1147
2007-07-01,"USA","Employment",657
2007-08-01,"USA","Employment",660
2007-09-01,"USA","Employment",663
2007-10-01,"USA","Employment",544
2007-11-01,"USA","Employment",1078
2007-12-01,"USA","Employment",946
2008-01-01,"USA","Employment",1691
2008-02-01,"USA","Employment",633
2008-03-01,"USA","Employment",904
2008-04-01,"USA","Employment",911
2008-05-01,"USA","Employment",993
2008-06-01,"USA","Employment",1059
2008-07-01,"USA","Employment",782
2008-08-01,"USA","Employment",1118
2008-09-01,"USA","Employment",910
2008-10-01,"USA","Employment",755
2008-11-01,"USA","Employment",712
2008-12-01,"USA","Employment",796
2009-01-01,"USA","Employment",1119
2009-02-01,"USA","Employment",523
2009-03-01,"USA","Employment",537
2009-04-01,"USA","Employment",582
2009-05-01,"USA","Employment",692
2009-06-01,"USA","Employment",889
2009-07-01,"USA","Employment",444
2009-08-01,"USA","Employment",988
2009-09-01,"USA","Employment",690
2009-10-01,"USA","Employment",631
2009-11-01,"USA","Employment",1263
2009-12-01,"USA","Employment",920
2010-01-01,"USA","Employment",1040
2010-02-01,"USA","Employment",778
2010-03-01,"USA","Employment",475
2010-04-01,"USA","Employment",384
2010-05-01,"USA","Employment",1159
2010-06-01,"USA","Employment",581
2010-07-01,"USA","Employment",800
2010-08-01,"USA","Employment",1158
2010-09-01,"USA","Employment",529
2010-10-01,"USA","Employment",845
2010-11-01,"USA","Employment",743
2010-12-01,"USA","Employment",810
2011-01-01,"USA","Employment",1839
2011-02-01,"USA","Employment",460
2011-03-01,"USA","Employment",603
2011-04-01,"USA","Employment",954
2011-05-01,"USA","Employment",1514
2011-06-01,"USA","Employment",1701
2011-07-01,"USA","Employment",728
2011-08-01,"USA","Employment",1057
2011-09-01,"USA","Employment",635
2011-10-01,"USA","Employment",511
2011-11-01,"USA","Employment",678
2011-12-01,"USA","Employment",653
2012-01-01,"USA","Employment",1210
2012-02-01,"USA","Employment",330
2012-03-01,"USA","Employment",1107
2012-04-01,"USA","Employment",1168
2012-05-01,"USA","Employment",1242
2012-06-01,"USA","Employment",1358
2012-07-01,"USA","Employment",542
2012-08-01,"USA","Employment",1029
2012-09-01,"USA","Employment",724
2012-10-01,"USA","Employment",559
2012-11-01,"USA","Employment",1040
2012-12-01,"USA","Employment",910
2013-01-01,"USA","Employment",2015
2013-02-01,"USA","Employment",693
2013-03-01,"USA","Employment",904
2013-04-01,"USA","Employment",578
2013-05-01,"USA","Employment",1062
2013-06-01,"USA","Employment",1144
2013-07-01,"USA","Employment",944
2013-08-01,"USA","Employment",861
2013-09-01,"USA","Employment",945
2013-10-01,"USA","Employment",686
2013-11-01,"USA","Employment",821
2013-12-01,"USA","Employment",1039
2014-01-01,"USA","Employment",1911
2014-02-01,"USA","Employment",1214
2014-03-01,"USA","Employment",744
2014-04-01,"USA","Employment",1337
2014-05-01,"USA","Employment",1235
2014-06-01,"USA","Employment",1305
2014-07-01,"USA","Employment",1004
2014-08-01,"USA","Employment",705
2014-09-01,"USA","Employment",950
2014-10-01,"USA","Employment",1051
2014-11-01,"USA","Employment",1321
2014-12-01,"USA","Employment",1186
2015-01-01,"USA","Employment",2098
2015-02-01,"USA","Employment",867
2015-03-01,"USA","Employment",1093
2015-04-01,"USA","Employment",1037
2015-05-01,"USA","Employment",1912
2015-06-01,"USA","Employment",1833
2015-07-01,"USA","Employment",1686
2015-08-01,"USA","Employment",1780
2015-09-01,"USA","Employment",874
2015-10-01,"USA","Employment",662
2015-11-01,"USA","Employment",1146
2015-12-01,"USA","Employment",1836
2016-01-01,"USA","Employment",1875
2016-02-01,"USA","Employment",1052
2016-03-01,"USA","Employment",1104
2016-04-01,"USA","Employment",1077
2016-05-01,"USA","Employment",2055
2016-06-01,"USA","Employment",974
2016-07-01,"USA","Employment",1154
2016-08-01,"USA","Employment",1070
2016-09-01,"USA","Employment",882
2016-10-01,"USA","Employment",1448
2016-11-01,"USA","Employment",876
2016-12-01,"USA","Employment",1521
2017-01-01,"USA","Employment",1875
2017-02-01,"USA","Employment",830
2017-03-01,"USA","Employment",1587
2017-04-01,"USA","Employment",1300
2017-05-01,"USA","Employment",1624
2017-06-01,"USA","Employment",1669
2005-01-01,"USA","Holiday",13643
2005-02-01,"USA","Holiday",8677
2005-03-01,"USA","Holiday",14595
2005-04-01,"USA","Holiday",15923
2005-05-01,"USA","Holiday",17202
2005-06-01,"USA","Holiday",19706
2005-07-01,"USA","Holiday",13439
2005-08-01,"USA","Holiday",16647
2005-09-01,"USA","Holiday",26331
2005-10-01,"USA","Holiday",15123
2005-11-01,"USA","Holiday",18525
2005-12-01,"USA","Holiday",28709
2006-01-01,"USA","Holiday",15718
2006-02-01,"USA","Holiday",9304
2006-03-01,"USA","Holiday",15420
2006-04-01,"USA","Holiday",20512
2006-05-01,"USA","Holiday",16713
2006-06-01,"USA","Holiday",20492
2006-07-01,"USA","Holiday",16362
2006-08-01,"USA","Holiday",16448
2006-09-01,"USA","Holiday",27365
2006-10-01,"USA","Holiday",16649
2006-11-01,"USA","Holiday",14219
2006-12-01,"USA","Holiday",26936
2007-01-01,"USA","Holiday",16791
2007-02-01,"USA","Holiday",11411
2007-03-01,"USA","Holiday",18382
2007-04-01,"USA","Holiday",22124
2007-05-01,"USA","Holiday",20258
2007-06-01,"USA","Holiday",19982
2007-07-01,"USA","Holiday",16646
2007-08-01,"USA","Holiday",19685
2007-09-01,"USA","Holiday",31639
2007-10-01,"USA","Holiday",19800
2007-11-01,"USA","Holiday",19522
2007-12-01,"USA","Holiday",33270
2008-01-01,"USA","Holiday",18021
2008-02-01,"USA","Holiday",14919
2008-03-01,"USA","Holiday",19568
2008-04-01,"USA","Holiday",23503
2008-05-01,"USA","Holiday",22060
2008-06-01,"USA","Holiday",20613
2008-07-01,"USA","Holiday",19200
2008-08-01,"USA","Holiday",23475
2008-09-01,"USA","Holiday",35913
2008-10-01,"USA","Holiday",20284
2008-11-01,"USA","Holiday",16787
2008-12-01,"USA","Holiday",32625
2009-01-01,"USA","Holiday",17496
2009-02-01,"USA","Holiday",11732
2009-03-01,"USA","Holiday",16321
2009-04-01,"USA","Holiday",28390
2009-05-01,"USA","Holiday",26272
2009-06-01,"USA","Holiday",27624
2009-07-01,"USA","Holiday",29185
2009-08-01,"USA","Holiday",28516
2009-09-01,"USA","Holiday",42541
2009-10-01,"USA","Holiday",35875
2009-11-01,"USA","Holiday",27188
2009-12-01,"USA","Holiday",40316
2010-01-01,"USA","Holiday",25400
2010-02-01,"USA","Holiday",17981
2010-03-01,"USA","Holiday",27390
2010-04-01,"USA","Holiday",36592
2010-05-01,"USA","Holiday",34101
2010-06-01,"USA","Holiday",41378
2010-07-01,"USA","Holiday",33563
2010-08-01,"USA","Holiday",37035
2010-09-01,"USA","Holiday",51811
2010-10-01,"USA","Holiday",38658
2010-11-01,"USA","Holiday",32532
2010-12-01,"USA","Holiday",52275
2011-01-01,"USA","Holiday",32096
2011-02-01,"USA","Holiday",26067
2011-03-01,"USA","Holiday",33751
2011-04-01,"USA","Holiday",52904
2011-05-01,"USA","Holiday",46777
2011-06-01,"USA","Holiday",51265
2011-07-01,"USA","Holiday",38247
2011-08-01,"USA","Holiday",46582
2011-09-01,"USA","Holiday",72009
2011-10-01,"USA","Holiday",42357
2011-11-01,"USA","Holiday",32502
2011-12-01,"USA","Holiday",62706
2012-01-01,"USA","Holiday",36293
2012-02-01,"USA","Holiday",30810
2012-03-01,"USA","Holiday",45352
2012-04-01,"USA","Holiday",47112
2012-05-01,"USA","Holiday",45195
2012-06-01,"USA","Holiday",54188
2012-07-01,"USA","Holiday",45059
2012-08-01,"USA","Holiday",49475
2012-09-01,"USA","Holiday",80954
2012-10-01,"USA","Holiday",44190
2012-11-01,"USA","Holiday",40908
2012-12-01,"USA","Holiday",71041
2013-01-01,"USA","Holiday",41632
2013-02-01,"USA","Holiday",32471
2013-03-01,"USA","Holiday",48597
2013-04-01,"USA","Holiday",53814
2013-05-01,"USA","Holiday",57823
2013-06-01,"USA","Holiday",66645
2013-07-01,"USA","Holiday",44221
2013-08-01,"USA","Holiday",61086
2013-09-01,"USA","Holiday",80045
2013-10-01,"USA","Holiday",52816
2013-11-01,"USA","Holiday",45474
2013-12-01,"USA","Holiday",72323
2014-01-01,"USA","Holiday",39569
2014-02-01,"USA","Holiday",31128
2014-03-01,"USA","Holiday",40665
2014-04-01,"USA","Holiday",62912
2014-05-01,"USA","Holiday",52089
2014-06-01,"USA","Holiday",61906
2014-07-01,"USA","Holiday",49039
2014-08-01,"USA","Holiday",59383
2014-09-01,"USA","Holiday",78600
2014-10-01,"USA","Holiday",55450
2014-11-01,"USA","Holiday",44777
2014-12-01,"USA","Holiday",76089
2015-01-01,"USA","Holiday",43691
2015-02-01,"USA","Holiday",30899
2015-03-01,"USA","Holiday",46760
2015-04-01,"USA","Holiday",56470
2015-05-01,"USA","Holiday",54796
2015-06-01,"USA","Holiday",64780
2015-07-01,"USA","Holiday",54636
2015-08-01,"USA","Holiday",62347
2015-09-01,"USA","Holiday",80969
2015-10-01,"USA","Holiday",58064
2015-11-01,"USA","Holiday",43912
2015-12-01,"USA","Holiday",77789
2016-01-01,"USA","Holiday",47594
2016-02-01,"USA","Holiday",34013
2016-03-01,"USA","Holiday",48378
2016-04-01,"USA","Holiday",64046
2016-05-01,"USA","Holiday",58391
2016-06-01,"USA","Holiday",65660
2016-07-01,"USA","Holiday",57768
2016-08-01,"USA","Holiday",57052
2016-09-01,"USA","Holiday",81099
2016-10-01,"USA","Holiday",61815
2016-11-01,"USA","Holiday",45225
2016-12-01,"USA","Holiday",76398
2017-01-01,"USA","Holiday",49476
2017-02-01,"USA","Holiday",30445
2017-03-01,"USA","Holiday",46071
2017-04-01,"USA","Holiday",64222
2017-05-01,"USA","Holiday",55084
2017-06-01,"USA","Holiday",71526
2005-01-01,"USA","Other",570
2005-02-01,"USA","Other",457
2005-03-01,"USA","Other",377
2005-04-01,"USA","Other",294
2005-05-01,"USA","Other",424
2005-06-01,"USA","Other",642
2005-07-01,"USA","Other",449
2005-08-01,"USA","Other",507
2005-09-01,"USA","Other",380
2005-10-01,"USA","Other",781
2005-11-01,"USA","Other",536
2005-12-01,"USA","Other",558
2006-01-01,"USA","Other",718
2006-02-01,"USA","Other",429
2006-03-01,"USA","Other",510
2006-04-01,"USA","Other",545
2006-05-01,"USA","Other",301
2006-06-01,"USA","Other",535
2006-07-01,"USA","Other",849
2006-08-01,"USA","Other",875
2006-09-01,"USA","Other",271
2006-10-01,"USA","Other",419
2006-11-01,"USA","Other",420
2006-12-01,"USA","Other",603
2007-01-01,"USA","Other",879
2007-02-01,"USA","Other",445
2007-03-01,"USA","Other",519
2007-04-01,"USA","Other",738
2007-05-01,"USA","Other",339
2007-06-01,"USA","Other",456
2007-07-01,"USA","Other",528
2007-08-01,"USA","Other",818
2007-09-01,"USA","Other",263
2007-10-01,"USA","Other",738
2007-11-01,"USA","Other",572
2007-12-01,"USA","Other",505
2008-01-01,"USA","Other",1092
2008-02-01,"USA","Other",162
2008-03-01,"USA","Other",588
2008-04-01,"USA","Other",629
2008-05-01,"USA","Other",666
2008-06-01,"USA","Other",680
2008-07-01,"USA","Other",504
2008-08-01,"USA","Other",859
2008-09-01,"USA","Other",639
2008-10-01,"USA","Other",634
2008-11-01,"USA","Other",660
2008-12-01,"USA","Other",673
2009-01-01,"USA","Other",569
2009-02-01,"USA","Other",112
2009-03-01,"USA","Other",538
2009-04-01,"USA","Other",873
2009-05-01,"USA","Other",574
2009-06-01,"USA","Other",537
2009-07-01,"USA","Other",1024
2009-08-01,"USA","Other",461
2009-09-01,"USA","Other",675
2009-10-01,"USA","Other",758
2009-11-01,"USA","Other",978
2009-12-01,"USA","Other",620
2010-01-01,"USA","Other",680
2010-02-01,"USA","Other",454
2010-03-01,"USA","Other",518
2010-04-01,"USA","Other",628
2010-05-01,"USA","Other",553
2010-06-01,"USA","Other",1016
2010-07-01,"USA","Other",880
2010-08-01,"USA","Other",886
2010-09-01,"USA","Other",581
2010-10-01,"USA","Other",1031
2010-11-01,"USA","Other",840
2010-12-01,"USA","Other",675
2011-01-01,"USA","Other",585
2011-02-01,"USA","Other",903
2011-03-01,"USA","Other",1153
2011-04-01,"USA","Other",785
2011-05-01,"USA","Other",942
2011-06-01,"USA","Other",754
2011-07-01,"USA","Other",1273
2011-08-01,"USA","Other",946
2011-09-01,"USA","Other",727
2011-10-01,"USA","Other",794
2011-11-01,"USA","Other",780
2011-12-01,"USA","Other",961
2012-01-01,"USA","Other",940
2012-02-01,"USA","Other",831
2012-03-01,"USA","Other",684
2012-04-01,"USA","Other",1171
2012-05-01,"USA","Other",913
2012-06-01,"USA","Other",751
2012-07-01,"USA","Other",1357
2012-08-01,"USA","Other",879
2012-09-01,"USA","Other",879
2012-10-01,"USA","Other",679
2012-11-01,"USA","Other",592
2012-12-01,"USA","Other",550
2013-01-01,"USA","Other",1081
2013-02-01,"USA","Other",769
2013-03-01,"USA","Other",588
2013-04-01,"USA","Other",921
2013-05-01,"USA","Other",707
2013-06-01,"USA","Other",614
2013-07-01,"USA","Other",1438
2013-08-01,"USA","Other",1121
2013-09-01,"USA","Other",622
2013-10-01,"USA","Other",629
2013-11-01,"USA","Other",737
2013-12-01,"USA","Other",1160
2014-01-01,"USA","Other",817
2014-02-01,"USA","Other",746
2014-03-01,"USA","Other",1132
2014-04-01,"USA","Other",862
2014-05-01,"USA","Other",752
2014-06-01,"USA","Other",762
2014-07-01,"USA","Other",676
2014-08-01,"USA","Other",1036
2014-09-01,"USA","Other",635
2014-10-01,"USA","Other",815
2014-11-01,"USA","Other",1077
2014-12-01,"USA","Other",1369
2015-01-01,"USA","Other",1036
2015-02-01,"USA","Other",1008
2015-03-01,"USA","Other",942
2015-04-01,"USA","Other",1164
2015-05-01,"USA","Other",1640
2015-06-01,"USA","Other",1141
2015-07-01,"USA","Other",2112
2015-08-01,"USA","Other",917
2015-09-01,"USA","Other",1198
2015-10-01,"USA","Other",1094
2015-11-01,"USA","Other",672
2015-12-01,"USA","Other",563
2016-01-01,"USA","Other",1270
2016-02-01,"USA","Other",794
2016-03-01,"USA","Other",747
2016-04-01,"USA","Other",1662
2016-05-01,"USA","Other",750
2016-06-01,"USA","Other",797
2016-07-01,"USA","Other",997
2016-08-01,"USA","Other",515
2016-09-01,"USA","Other",1018
2016-10-01,"USA","Other",1177
2016-11-01,"USA","Other",738
2016-12-01,"USA","Other",1028
2017-01-01,"USA","Other",1280
2017-02-01,"USA","Other",676
2017-03-01,"USA","Other",883
2017-04-01,"USA","Other",1226
2017-05-01,"USA","Other",736
2017-06-01,"USA","Other",757
2005-01-01,"USA","Visiting Friends or Relatives",3082
2005-02-01,"USA","Visiting Friends or Relatives",2798
2005-03-01,"USA","Visiting Friends or Relatives",6371
2005-04-01,"USA","Visiting Friends or Relatives",4893
2005-05-01,"USA","Visiting Friends or Relatives",6433
2005-06-01,"USA","Visiting Friends or Relatives",9726
2005-07-01,"USA","Visiting Friends or Relatives",7104
2005-08-01,"USA","Visiting Friends or Relatives",6450
2005-09-01,"USA","Visiting Friends or Relatives",7477
2005-10-01,"USA","Visiting Friends or Relatives",4547
2005-11-01,"USA","Visiting Friends or Relatives",6236
2005-12-01,"USA","Visiting Friends or Relatives",11938
2006-01-01,"USA","Visiting Friends or Relatives",3301
2006-02-01,"USA","Visiting Friends or Relatives",3069
2006-03-01,"USA","Visiting Friends or Relatives",4523
2006-04-01,"USA","Visiting Friends or Relatives",7039
2006-05-01,"USA","Visiting Friends or Relatives",6913
2006-06-01,"USA","Visiting Friends or Relatives",10951
2006-07-01,"USA","Visiting Friends or Relatives",7320
2006-08-01,"USA","Visiting Friends or Relatives",7166
2006-09-01,"USA","Visiting Friends or Relatives",7452
2006-10-01,"USA","Visiting Friends or Relatives",4516
2006-11-01,"USA","Visiting Friends or Relatives",6447
2006-12-01,"USA","Visiting Friends or Relatives",12554
2007-01-01,"USA","Visiting Friends or Relatives",3376
2007-02-01,"USA","Visiting Friends or Relatives",3777
2007-03-01,"USA","Visiting Friends or Relatives",4604
2007-04-01,"USA","Visiting Friends or Relatives",6151
2007-05-01,"USA","Visiting Friends or Relatives",6282
2007-06-01,"USA","Visiting Friends or Relatives",9422
2007-07-01,"USA","Visiting Friends or Relatives",6815
2007-08-01,"USA","Visiting Friends or Relatives",7706
2007-09-01,"USA","Visiting Friends or Relatives",7026
2007-10-01,"USA","Visiting Friends or Relatives",5786
2007-11-01,"USA","Visiting Friends or Relatives",6657
2007-12-01,"USA","Visiting Friends or Relatives",14669
2008-01-01,"USA","Visiting Friends or Relatives",3834
2008-02-01,"USA","Visiting Friends or Relatives",4452
2008-03-01,"USA","Visiting Friends or Relatives",6905
2008-04-01,"USA","Visiting Friends or Relatives",6459
2008-05-01,"USA","Visiting Friends or Relatives",6700
2008-06-01,"USA","Visiting Friends or Relatives",9540
2008-07-01,"USA","Visiting Friends or Relatives",6753
2008-08-01,"USA","Visiting Friends or Relatives",6723
2008-09-01,"USA","Visiting Friends or Relatives",8188
2008-10-01,"USA","Visiting Friends or Relatives",5207
2008-11-01,"USA","Visiting Friends or Relatives",6158
2008-12-01,"USA","Visiting Friends or Relatives",12003
2009-01-01,"USA","Visiting Friends or Relatives",3332
2009-02-01,"USA","Visiting Friends or Relatives",3978
2009-03-01,"USA","Visiting Friends or Relatives",5607
2009-04-01,"USA","Visiting Friends or Relatives",9513
2009-05-01,"USA","Visiting Friends or Relatives",9285
2009-06-01,"USA","Visiting Friends or Relatives",13788
2009-07-01,"USA","Visiting Friends or Relatives",10669
2009-08-01,"USA","Visiting Friends or Relatives",8197
2009-09-01,"USA","Visiting Friends or Relatives",9304
2009-10-01,"USA","Visiting Friends or Relatives",7814
2009-11-01,"USA","Visiting Friends or Relatives",7809
2009-12-01,"USA","Visiting Friends or Relatives",11877
2010-01-01,"USA","Visiting Friends or Relatives",5239
2010-02-01,"USA","Visiting Friends or Relatives",5501
2010-03-01,"USA","Visiting Friends or Relatives",7128
2010-04-01,"USA","Visiting Friends or Relatives",6741
2010-05-01,"USA","Visiting Friends or Relatives",9984
2010-06-01,"USA","Visiting Friends or Relatives",13215
2010-07-01,"USA","Visiting Friends or Relatives",8635
2010-08-01,"USA","Visiting Friends or Relatives",9662
2010-09-01,"USA","Visiting Friends or Relatives",9294
2010-10-01,"USA","Visiting Friends or Relatives",8341
2010-11-01,"USA","Visiting Friends or Relatives",9182
2010-12-01,"USA","Visiting Friends or Relatives",15177
2011-01-01,"USA","Visiting Friends or Relatives",5994
2011-02-01,"USA","Visiting Friends or Relatives",6195
2011-03-01,"USA","Visiting Friends or Relatives",7063
2011-04-01,"USA","Visiting Friends or Relatives",7696
2011-05-01,"USA","Visiting Friends or Relatives",10139
2011-06-01,"USA","Visiting Friends or Relatives",12293
2011-07-01,"USA","Visiting Friends or Relatives",9940
2011-08-01,"USA","Visiting Friends or Relatives",9407
2011-09-01,"USA","Visiting Friends or Relatives",10008
2011-10-01,"USA","Visiting Friends or Relatives",7814
2011-11-01,"USA","Visiting Friends or Relatives",8771
2011-12-01,"USA","Visiting Friends or Relatives",14643
2012-01-01,"USA","Visiting Friends or Relatives",6297
2012-02-01,"USA","Visiting Friends or Relatives",6653
2012-03-01,"USA","Visiting Friends or Relatives",9694
2012-04-01,"USA","Visiting Friends or Relatives",9247
2012-05-01,"USA","Visiting Friends or Relatives",11989
2012-06-01,"USA","Visiting Friends or Relatives",12627
2012-07-01,"USA","Visiting Friends or Relatives",9034
2012-08-01,"USA","Visiting Friends or Relatives",9327
2012-09-01,"USA","Visiting Friends or Relatives",10540
2012-10-01,"USA","Visiting Friends or Relatives",7707
2012-11-01,"USA","Visiting Friends or Relatives",10341
2012-12-01,"USA","Visiting Friends or Relatives",15160
2013-01-01,"USA","Visiting Friends or Relatives",6328
2013-02-01,"USA","Visiting Friends or Relatives",6267
2013-03-01,"USA","Visiting Friends or Relatives",9635
2013-04-01,"USA","Visiting Friends or Relatives",10383
2013-05-01,"USA","Visiting Friends or Relatives",11133
2013-06-01,"USA","Visiting Friends or Relatives",13054
2013-07-01,"USA","Visiting Friends or Relatives",8996
2013-08-01,"USA","Visiting Friends or Relatives",11171
2013-09-01,"USA","Visiting Friends or Relatives",11474
2013-10-01,"USA","Visiting Friends or Relatives",9596
2013-11-01,"USA","Visiting Friends or Relatives",8671
2013-12-01,"USA","Visiting Friends or Relatives",16351
2014-01-01,"USA","Visiting Friends or Relatives",6659
2014-02-01,"USA","Visiting Friends or Relatives",6234
2014-03-01,"USA","Visiting Friends or Relatives",8752
2014-04-01,"USA","Visiting Friends or Relatives",10798
2014-05-01,"USA","Visiting Friends or Relatives",10070
2014-06-01,"USA","Visiting Friends or Relatives",13919
2014-07-01,"USA","Visiting Friends or Relatives",10495
2014-08-01,"USA","Visiting Friends or Relatives",11684
2014-09-01,"USA","Visiting Friends or Relatives",11468
2014-10-01,"USA","Visiting Friends or Relatives",11106
2014-11-01,"USA","Visiting Friends or Relatives",10848
2014-12-01,"USA","Visiting Friends or Relatives",20068
2015-01-01,"USA","Visiting Friends or Relatives",9364
2015-02-01,"USA","Visiting Friends or Relatives",8384
2015-03-01,"USA","Visiting Friends or Relatives",11299
2015-04-01,"USA","Visiting Friends or Relatives",11186
2015-05-01,"USA","Visiting Friends or Relatives",13010
2015-06-01,"USA","Visiting Friends or Relatives",14099
2015-07-01,"USA","Visiting Friends or Relatives",14333
2015-08-01,"USA","Visiting Friends or Relatives",13355
2015-09-01,"USA","Visiting Friends or Relatives",14494
2015-10-01,"USA","Visiting Friends or Relatives",13406
2015-11-01,"USA","Visiting Friends or Relatives",11085
2015-12-01,"USA","Visiting Friends or Relatives",22771
2016-01-01,"USA","Visiting Friends or Relatives",11453
2016-02-01,"USA","Visiting Friends or Relatives",7095
2016-03-01,"USA","Visiting Friends or Relatives",12767
2016-04-01,"USA","Visiting Friends or Relatives",13798
2016-05-01,"USA","Visiting Friends or Relatives",13281
2016-06-01,"USA","Visiting Friends or Relatives",16640
2016-07-01,"USA","Visiting Friends or Relatives",15681
2016-08-01,"USA","Visiting Friends or Relatives",13670
2016-09-01,"USA","Visiting Friends or Relatives",15375
2016-10-01,"USA","Visiting Friends or Relatives",13999
2016-11-01,"USA","Visiting Friends or Relatives",12726
2016-12-01,"USA","Visiting Friends or Relatives",26749
2017-01-01,"USA","Visiting Friends or Relatives",12190
2017-02-01,"USA","Visiting Friends or Relatives",9283
2017-03-01,"USA","Visiting Friends or Relatives",11526
2017-04-01,"USA","Visiting Friends or Relatives",14411
2017-05-01,"USA","Visiting Friends or Relatives",14545
2017-06-01,"USA","Visiting Friends or Relatives",16464
2005-01-01,"United Kingdom","Business",2955
2005-02-01,"United Kingdom","Business",4304
2005-03-01,"United Kingdom","Business",4005
2005-04-01,"United Kingdom","Business",4473
2005-05-01,"United Kingdom","Business",5623
2005-06-01,"United Kingdom","Business",6766
2005-07-01,"United Kingdom","Business",4827
2005-08-01,"United Kingdom","Business",3906
2005-09-01,"United Kingdom","Business",6316
2005-10-01,"United Kingdom","Business",4495
2005-11-01,"United Kingdom","Business",4203
2005-12-01,"United Kingdom","Business",1726
2006-01-01,"United Kingdom","Business",3772
2006-02-01,"United Kingdom","Business",3181
2006-03-01,"United Kingdom","Business",4459
2006-04-01,"United Kingdom","Business",3544
2006-05-01,"United Kingdom","Business",5600
2006-06-01,"United Kingdom","Business",4760
2006-07-01,"United Kingdom","Business",4243
2006-08-01,"United Kingdom","Business",3641
2006-09-01,"United Kingdom","Business",6612
2006-10-01,"United Kingdom","Business",5408
2006-11-01,"United Kingdom","Business",3916
2006-12-01,"United Kingdom","Business",1882
2007-01-01,"United Kingdom","Business",3394
2007-02-01,"United Kingdom","Business",3386
2007-03-01,"United Kingdom","Business",3941
2007-04-01,"United Kingdom","Business",4713
2007-05-01,"United Kingdom","Business",6265
2007-06-01,"United Kingdom","Business",5736
2007-07-01,"United Kingdom","Business",6252
2007-08-01,"United Kingdom","Business",5278
2007-09-01,"United Kingdom","Business",5667
2007-10-01,"United Kingdom","Business",5571
2007-11-01,"United Kingdom","Business",4183
2007-12-01,"United Kingdom","Business",2537
2008-01-01,"United Kingdom","Business",4038
2008-02-01,"United Kingdom","Business",3698
2008-03-01,"United Kingdom","Business",4748
2008-04-01,"United Kingdom","Business",5189
2008-05-01,"United Kingdom","Business",7045
2008-06-01,"United Kingdom","Business",7221
2008-07-01,"United Kingdom","Business",4874
2008-08-01,"United Kingdom","Business",5396
2008-09-01,"United Kingdom","Business",6265
2008-10-01,"United Kingdom","Business",4668
2008-11-01,"United Kingdom","Business",4480
2008-12-01,"United Kingdom","Business",2047
2009-01-01,"United Kingdom","Business",3013
2009-02-01,"United Kingdom","Business",3783
2009-03-01,"United Kingdom","Business",4325
2009-04-01,"United Kingdom","Business",3195
2009-05-01,"United Kingdom","Business",5762
2009-06-01,"United Kingdom","Business",6181
2009-07-01,"United Kingdom","Business",4226
2009-08-01,"United Kingdom","Business",4038
2009-09-01,"United Kingdom","Business",6112
2009-10-01,"United Kingdom","Business",3868
2009-11-01,"United Kingdom","Business",4603
2009-12-01,"United Kingdom","Business",2329
2010-01-01,"United Kingdom","Business",3323
2010-02-01,"United Kingdom","Business",3285
2010-03-01,"United Kingdom","Business",3742
2010-04-01,"United Kingdom","Business",4383
2010-05-01,"United Kingdom","Business",5647
2010-06-01,"United Kingdom","Business",7351
2010-07-01,"United Kingdom","Business",5627
2010-08-01,"United Kingdom","Business",5882
2010-09-01,"United Kingdom","Business",6846
2010-10-01,"United Kingdom","Business",5138
2010-11-01,"United Kingdom","Business",4186
2010-12-01,"United Kingdom","Business",1993
2011-01-01,"United Kingdom","Business",4314
2011-02-01,"United Kingdom","Business",3210
2011-03-01,"United Kingdom","Business",4961
2011-04-01,"United Kingdom","Business",4308
2011-05-01,"United Kingdom","Business",7016
2011-06-01,"United Kingdom","Business",7682
2011-07-01,"United Kingdom","Business",5674
2011-08-01,"United Kingdom","Business",4400
2011-09-01,"United Kingdom","Business",6125
2011-10-01,"United Kingdom","Business",4285
2011-11-01,"United Kingdom","Business",3981
2011-12-01,"United Kingdom","Business",2800
2012-01-01,"United Kingdom","Business",3794
2012-02-01,"United Kingdom","Business",3936
2012-03-01,"United Kingdom","Business",6148
2012-04-01,"United Kingdom","Business",5270
2012-05-01,"United Kingdom","Business",5200
2012-06-01,"United Kingdom","Business",6451
2012-07-01,"United Kingdom","Business",4948
2012-08-01,"United Kingdom","Business",4083
2012-09-01,"United Kingdom","Business",7465
2012-10-01,"United Kingdom","Business",4779
2012-11-01,"United Kingdom","Business",3191
2012-12-01,"United Kingdom","Business",1891
2013-01-01,"United Kingdom","Business",3981
2013-02-01,"United Kingdom","Business",3452
2013-03-01,"United Kingdom","Business",3543
2013-04-01,"United Kingdom","Business",5798
2013-05-01,"United Kingdom","Business",5720
2013-06-01,"United Kingdom","Business",7687
2013-07-01,"United Kingdom","Business",6243
2013-08-01,"United Kingdom","Business",4976
2013-09-01,"United Kingdom","Business",6214
2013-10-01,"United Kingdom","Business",5058
2013-11-01,"United Kingdom","Business",4460
2013-12-01,"United Kingdom","Business",2113
2014-01-01,"United Kingdom","Business",2934
2014-02-01,"United Kingdom","Business",2880
2014-03-01,"United Kingdom","Business",6024
2014-04-01,"United Kingdom","Business",4054
2014-05-01,"United Kingdom","Business",6093
2014-06-01,"United Kingdom","Business",7196
2014-07-01,"United Kingdom","Business",5785
2014-08-01,"United Kingdom","Business",6100
2014-09-01,"United Kingdom","Business",6504
2014-10-01,"United Kingdom","Business",4841
2014-11-01,"United Kingdom","Business",4624
2014-12-01,"United Kingdom","Business",1630
2015-01-01,"United Kingdom","Business",3172
2015-02-01,"United Kingdom","Business",3399
2015-03-01,"United Kingdom","Business",5256
2015-04-01,"United Kingdom","Business",6155
2015-05-01,"United Kingdom","Business",6821
2015-06-01,"United Kingdom","Business",7057
2015-07-01,"United Kingdom","Business",5226
2015-08-01,"United Kingdom","Business",5605
2015-09-01,"United Kingdom","Business",6182
2015-10-01,"United Kingdom","Business",5948
2015-11-01,"United Kingdom","Business",5321
2015-12-01,"United Kingdom","Business",2422
2016-01-01,"United Kingdom","Business",3341
2016-02-01,"United Kingdom","Business",4055
2016-03-01,"United Kingdom","Business",3469
2016-04-01,"United Kingdom","Business",5096
2016-05-01,"United Kingdom","Business",7338
2016-06-01,"United Kingdom","Business",7185
2016-07-01,"United Kingdom","Business",5509
2016-08-01,"United Kingdom","Business",6593
2016-09-01,"United Kingdom","Business",7460
2016-10-01,"United Kingdom","Business",5531
2016-11-01,"United Kingdom","Business",5370
2016-12-01,"United Kingdom","Business",3255
2017-01-01,"United Kingdom","Business",4630
2017-02-01,"United Kingdom","Business",3880
2017-03-01,"United Kingdom","Business",6420
2017-04-01,"United Kingdom","Business",4684
2017-05-01,"United Kingdom","Business",8105
2017-06-01,"United Kingdom","Business",8201
2005-01-01,"United Kingdom","Education",556
2005-02-01,"United Kingdom","Education",373
2005-03-01,"United Kingdom","Education",139
2005-04-01,"United Kingdom","Education",348
2005-05-01,"United Kingdom","Education",93
2005-06-01,"United Kingdom","Education",876
2005-07-01,"United Kingdom","Education",198
2005-08-01,"United Kingdom","Education",413
2005-09-01,"United Kingdom","Education",549
2005-10-01,"United Kingdom","Education",76
2005-11-01,"United Kingdom","Education",145
2005-12-01,"United Kingdom","Education",431
2006-01-01,"United Kingdom","Education",563
2006-02-01,"United Kingdom","Education",128
2006-03-01,"United Kingdom","Education",174
2006-04-01,"United Kingdom","Education",174
2006-05-01,"United Kingdom","Education",117
2006-06-01,"United Kingdom","Education",421
2006-07-01,"United Kingdom","Education",259
2006-08-01,"United Kingdom","Education",413
2006-09-01,"United Kingdom","Education",547
2006-10-01,"United Kingdom","Education",115
2006-11-01,"United Kingdom","Education",317
2006-12-01,"United Kingdom","Education",450
2007-01-01,"United Kingdom","Education",759
2007-02-01,"United Kingdom","Education",21
2007-03-01,"United Kingdom","Education",282
2007-04-01,"United Kingdom","Education",546
2007-05-01,"United Kingdom","Education",189
2007-06-01,"United Kingdom","Education",568
2007-07-01,"United Kingdom","Education",528
2007-08-01,"United Kingdom","Education",373
2007-09-01,"United Kingdom","Education",1226
2007-10-01,"United Kingdom","Education",145
2007-11-01,"United Kingdom","Education",126
2007-12-01,"United Kingdom","Education",382
2008-01-01,"United Kingdom","Education",891
2008-02-01,"United Kingdom","Education",243
2008-03-01,"United Kingdom","Education",228
2008-04-01,"United Kingdom","Education",739
2008-05-01,"United Kingdom","Education",178
2008-06-01,"United Kingdom","Education",347
2008-07-01,"United Kingdom","Education",316
2008-08-01,"United Kingdom","Education",441
2008-09-01,"United Kingdom","Education",836
2008-10-01,"United Kingdom","Education",153
2008-11-01,"United Kingdom","Education",408
2008-12-01,"United Kingdom","Education",660
2009-01-01,"United Kingdom","Education",469
2009-02-01,"United Kingdom","Education",52
2009-03-01,"United Kingdom","Education",154
2009-04-01,"United Kingdom","Education",348
2009-05-01,"United Kingdom","Education",228
2009-06-01,"United Kingdom","Education",330
2009-07-01,"United Kingdom","Education",218
2009-08-01,"United Kingdom","Education",456
2009-09-01,"United Kingdom","Education",745
2009-10-01,"United Kingdom","Education",153
2009-11-01,"United Kingdom","Education",255
2009-12-01,"United Kingdom","Education",246
2010-01-01,"United Kingdom","Education",535
2010-02-01,"United Kingdom","Education",51
2010-03-01,"United Kingdom","Education",178
2010-04-01,"United Kingdom","Education",266
2010-05-01,"United Kingdom","Education",330
2010-06-01,"United Kingdom","Education",570
2010-07-01,"United Kingdom","Education",498
2010-08-01,"United Kingdom","Education",381
2010-09-01,"United Kingdom","Education",1369
2010-10-01,"United Kingdom","Education",126
2010-11-01,"United Kingdom","Education",306
2010-12-01,"United Kingdom","Education",585
2011-01-01,"United Kingdom","Education",423
2011-02-01,"United Kingdom","Education",102
2011-03-01,"United Kingdom","Education",205
2011-04-01,"United Kingdom","Education",910
2011-05-01,"United Kingdom","Education",457
2011-06-01,"United Kingdom","Education",542
2011-07-01,"United Kingdom","Education",443
2011-08-01,"United Kingdom","Education",597
2011-09-01,"United Kingdom","Education",1147
2011-10-01,"United Kingdom","Education",317
2011-11-01,"United Kingdom","Education",177
2011-12-01,"United Kingdom","Education",433
2012-01-01,"United Kingdom","Education",697
2012-02-01,"United Kingdom","Education",237
2012-03-01,"United Kingdom","Education",278
2012-04-01,"United Kingdom","Education",223
2012-05-01,"United Kingdom","Education",226
2012-06-01,"United Kingdom","Education",560
2012-07-01,"United Kingdom","Education",694
2012-08-01,"United Kingdom","Education",684
2012-09-01,"United Kingdom","Education",1184
2012-10-01,"United Kingdom","Education",276
2012-11-01,"United Kingdom","Education",228
2012-12-01,"United Kingdom","Education",331
2013-01-01,"United Kingdom","Education",766
2013-02-01,"United Kingdom","Education",204
2013-03-01,"United Kingdom","Education",432
2013-04-01,"United Kingdom","Education",466
2013-05-01,"United Kingdom","Education",490
2013-06-01,"United Kingdom","Education",774
2013-07-01,"United Kingdom","Education",459
2013-08-01,"United Kingdom","Education",660
2013-09-01,"United Kingdom","Education",748
2013-10-01,"United Kingdom","Education",117
2013-11-01,"United Kingdom","Education",175
2013-12-01,"United Kingdom","Education",261
2014-01-01,"United Kingdom","Education",1055
2014-02-01,"United Kingdom","Education",194
2014-03-01,"United Kingdom","Education",153
2014-04-01,"United Kingdom","Education",563
2014-05-01,"United Kingdom","Education",255
2014-06-01,"United Kingdom","Education",789
2014-07-01,"United Kingdom","Education",306
2014-08-01,"United Kingdom","Education",378
2014-09-01,"United Kingdom","Education",1013
2014-10-01,"United Kingdom","Education",307
2014-11-01,"United Kingdom","Education",510
2014-12-01,"United Kingdom","Education",789
2015-01-01,"United Kingdom","Education",725
2015-02-01,"United Kingdom","Education",73
2015-03-01,"United Kingdom","Education",419
2015-04-01,"United Kingdom","Education",408
2015-05-01,"United Kingdom","Education",306
2015-06-01,"United Kingdom","Education",784
2015-07-01,"United Kingdom","Education",629
2015-08-01,"United Kingdom","Education",572
2015-09-01,"United Kingdom","Education",1423
2015-10-01,"United Kingdom","Education",208
2015-11-01,"United Kingdom","Education",195
2015-12-01,"United Kingdom","Education",706
2016-01-01,"United Kingdom","Education",681
2016-02-01,"United Kingdom","Education",366
2016-03-01,"United Kingdom","Education",509
2016-04-01,"United Kingdom","Education",457
2016-05-01,"United Kingdom","Education",147
2016-06-01,"United Kingdom","Education",1068
2016-07-01,"United Kingdom","Education",593
2016-08-01,"United Kingdom","Education",1060
2016-09-01,"United Kingdom","Education",1269
2016-10-01,"United Kingdom","Education",192
2016-11-01,"United Kingdom","Education",357
2016-12-01,"United Kingdom","Education",459
2017-01-01,"United Kingdom","Education",884
2017-02-01,"United Kingdom","Education",18
2017-03-01,"United Kingdom","Education",424
2017-04-01,"United Kingdom","Education",311
2017-05-01,"United Kingdom","Education",367
2017-06-01,"United Kingdom","Education",612
2005-01-01,"United Kingdom","Employment",3043
2005-02-01,"United Kingdom","Employment",1381
2005-03-01,"United Kingdom","Employment",1479
2005-04-01,"United Kingdom","Employment",1688
2005-05-01,"United Kingdom","Employment",857
2005-06-01,"United Kingdom","Employment",968
2005-07-01,"United Kingdom","Employment",683
2005-08-01,"United Kingdom","Employment",761
2005-09-01,"United Kingdom","Employment",820
2005-10-01,"United Kingdom","Employment",978
2005-11-01,"United Kingdom","Employment",796
2005-12-01,"United Kingdom","Employment",1166
2006-01-01,"United Kingdom","Employment",3117
2006-02-01,"United Kingdom","Employment",1208
2006-03-01,"United Kingdom","Employment",1747
2006-04-01,"United Kingdom","Employment",1719
2006-05-01,"United Kingdom","Employment",966
2006-06-01,"United Kingdom","Employment",823
2006-07-01,"United Kingdom","Employment",886
2006-08-01,"United Kingdom","Employment",769
2006-09-01,"United Kingdom","Employment",569
2006-10-01,"United Kingdom","Employment",857
2006-11-01,"United Kingdom","Employment",791
2006-12-01,"United Kingdom","Employment",1541
2007-01-01,"United Kingdom","Employment",3056
2007-02-01,"United Kingdom","Employment",1394
2007-03-01,"United Kingdom","Employment",1571
2007-04-01,"United Kingdom","Employment",1409
2007-05-01,"United Kingdom","Employment",1069
2007-06-01,"United Kingdom","Employment",986
2007-07-01,"United Kingdom","Employment",1638
2007-08-01,"United Kingdom","Employment",1321
2007-09-01,"United Kingdom","Employment",1332
2007-10-01,"United Kingdom","Employment",1275
2007-11-01,"United Kingdom","Employment",1700
2007-12-01,"United Kingdom","Employment",1446
2008-01-01,"United Kingdom","Employment",3173
2008-02-01,"United Kingdom","Employment",1893
2008-03-01,"United Kingdom","Employment",1951
2008-04-01,"United Kingdom","Employment",2574
2008-05-01,"United Kingdom","Employment",1813
2008-06-01,"United Kingdom","Employment",1067
2008-07-01,"United Kingdom","Employment",1295
2008-08-01,"United Kingdom","Employment",1503
2008-09-01,"United Kingdom","Employment",813
2008-10-01,"United Kingdom","Employment",1350
2008-11-01,"United Kingdom","Employment",1132
2008-12-01,"United Kingdom","Employment",1582
2009-01-01,"United Kingdom","Employment",3442
2009-02-01,"United Kingdom","Employment",1865
2009-03-01,"United Kingdom","Employment",2153
2009-04-01,"United Kingdom","Employment",1317
2009-05-01,"United Kingdom","Employment",1726
2009-06-01,"United Kingdom","Employment",1167
2009-07-01,"United Kingdom","Employment",1114
2009-08-01,"United Kingdom","Employment",1430
2009-09-01,"United Kingdom","Employment",773
2009-10-01,"United Kingdom","Employment",850
2009-11-01,"United Kingdom","Employment",1164
2009-12-01,"United Kingdom","Employment",1485
2010-01-01,"United Kingdom","Employment",3264
2010-02-01,"United Kingdom","Employment",1027
2010-03-01,"United Kingdom","Employment",1687
2010-04-01,"United Kingdom","Employment",1460
2010-05-01,"United Kingdom","Employment",1776
2010-06-01,"United Kingdom","Employment",1259
2010-07-01,"United Kingdom","Employment",1460
2010-08-01,"United Kingdom","Employment",978
2010-09-01,"United Kingdom","Employment",743
2010-10-01,"United Kingdom","Employment",603
2010-11-01,"United Kingdom","Employment",1057
2010-12-01,"United Kingdom","Employment",1025
2011-01-01,"United Kingdom","Employment",3224
2011-02-01,"United Kingdom","Employment",1279
2011-03-01,"United Kingdom","Employment",2135
2011-04-01,"United Kingdom","Employment",1350
2011-05-01,"United Kingdom","Employment",1776
2011-06-01,"United Kingdom","Employment",1520
2011-07-01,"United Kingdom","Employment",817
2011-08-01,"United Kingdom","Employment",1373
2011-09-01,"United Kingdom","Employment",865
2011-10-01,"United Kingdom","Employment",951
2011-11-01,"United Kingdom","Employment",812
2011-12-01,"United Kingdom","Employment",1532
2012-01-01,"United Kingdom","Employment",2654
2012-02-01,"United Kingdom","Employment",1221
2012-03-01,"United Kingdom","Employment",1508
2012-04-01,"United Kingdom","Employment",1539
2012-05-01,"United Kingdom","Employment",1051
2012-06-01,"United Kingdom","Employment",1222
2012-07-01,"United Kingdom","Employment",1428
2012-08-01,"United Kingdom","Employment",995
2012-09-01,"United Kingdom","Employment",891
2012-10-01,"United Kingdom","Employment",1258
2012-11-01,"United Kingdom","Employment",1199
2012-12-01,"United Kingdom","Employment",1134
2013-01-01,"United Kingdom","Employment",2272
2013-02-01,"United Kingdom","Employment",990
2013-03-01,"United Kingdom","Employment",1227
2013-04-01,"United Kingdom","Employment",1484
2013-05-01,"United Kingdom","Employment",1118
2013-06-01,"United Kingdom","Employment",736
2013-07-01,"United Kingdom","Employment",764
2013-08-01,"United Kingdom","Employment",1452
2013-09-01,"United Kingdom","Employment",916
2013-10-01,"United Kingdom","Employment",864
2013-11-01,"United Kingdom","Employment",849
2013-12-01,"United Kingdom","Employment",1440
2014-01-01,"United Kingdom","Employment",2488
2014-02-01,"United Kingdom","Employment",924
2014-03-01,"United Kingdom","Employment",1667
2014-04-01,"United Kingdom","Employment",1396
2014-05-01,"United Kingdom","Employment",1177
2014-06-01,"United Kingdom","Employment",954
2014-07-01,"United Kingdom","Employment",1563
2014-08-01,"United Kingdom","Employment",1088
2014-09-01,"United Kingdom","Employment",889
2014-10-01,"United Kingdom","Employment",1235
2014-11-01,"United Kingdom","Employment",830
2014-12-01,"United Kingdom","Employment",1370
2015-01-01,"United Kingdom","Employment",2931
2015-02-01,"United Kingdom","Employment",929
2015-03-01,"United Kingdom","Employment",1489
2015-04-01,"United Kingdom","Employment",2273
2015-05-01,"United Kingdom","Employment",969
2015-06-01,"United Kingdom","Employment",1459
2015-07-01,"United Kingdom","Employment",1701
2015-08-01,"United Kingdom","Employment",1563
2015-09-01,"United Kingdom","Employment",1709
2015-10-01,"United Kingdom","Employment",889
2015-11-01,"United Kingdom","Employment",1316
2015-12-01,"United Kingdom","Employment",1527
2016-01-01,"United Kingdom","Employment",2523
2016-02-01,"United Kingdom","Employment",1267
2016-03-01,"United Kingdom","Employment",1318
2016-04-01,"United Kingdom","Employment",1523
2016-05-01,"United Kingdom","Employment",1553
2016-06-01,"United Kingdom","Employment",1548
2016-07-01,"United Kingdom","Employment",1349
2016-08-01,"United Kingdom","Employment",1506
2016-09-01,"United Kingdom","Employment",808
2016-10-01,"United Kingdom","Employment",1106
2016-11-01,"United Kingdom","Employment",1271
2016-12-01,"United Kingdom","Employment",1771
2017-01-01,"United Kingdom","Employment",2718
2017-02-01,"United Kingdom","Employment",1265
2017-03-01,"United Kingdom","Employment",1404
2017-04-01,"United Kingdom","Employment",1710
2017-05-01,"United Kingdom","Employment",1218
2017-06-01,"United Kingdom","Employment",1272
2005-01-01,"United Kingdom","Holiday",5066
2005-02-01,"United Kingdom","Holiday",5845
2005-03-01,"United Kingdom","Holiday",10759
2005-04-01,"United Kingdom","Holiday",14710
2005-05-01,"United Kingdom","Holiday",25705
2005-06-01,"United Kingdom","Holiday",24651
2005-07-01,"United Kingdom","Holiday",24408
2005-08-01,"United Kingdom","Holiday",21017
2005-09-01,"United Kingdom","Holiday",22376
2005-10-01,"United Kingdom","Holiday",9130
2005-11-01,"United Kingdom","Holiday",7403
2005-12-01,"United Kingdom","Holiday",17813
2006-01-01,"United Kingdom","Holiday",6465
2006-02-01,"United Kingdom","Holiday",4535
2006-03-01,"United Kingdom","Holiday",8481
2006-04-01,"United Kingdom","Holiday",16613
2006-05-01,"United Kingdom","Holiday",26068
2006-06-01,"United Kingdom","Holiday",29630
2006-07-01,"United Kingdom","Holiday",21968
2006-08-01,"United Kingdom","Holiday",23038
2006-09-01,"United Kingdom","Holiday",21777
2006-10-01,"United Kingdom","Holiday",9854
2006-11-01,"United Kingdom","Holiday",6785
2006-12-01,"United Kingdom","Holiday",18010
2007-01-01,"United Kingdom","Holiday",6009
2007-02-01,"United Kingdom","Holiday",4485
2007-03-01,"United Kingdom","Holiday",9388
2007-04-01,"United Kingdom","Holiday",14982
2007-05-01,"United Kingdom","Holiday",26881
2007-06-01,"United Kingdom","Holiday",29286
2007-07-01,"United Kingdom","Holiday",21523
2007-08-01,"United Kingdom","Holiday",23776
2007-09-01,"United Kingdom","Holiday",27275
2007-10-01,"United Kingdom","Holiday",10068
2007-11-01,"United Kingdom","Holiday",7154
2007-12-01,"United Kingdom","Holiday",21860
2008-01-01,"United Kingdom","Holiday",7018
2008-02-01,"United Kingdom","Holiday",6526
2008-03-01,"United Kingdom","Holiday",10844
2008-04-01,"United Kingdom","Holiday",16437
2008-05-01,"United Kingdom","Holiday",26780
2008-06-01,"United Kingdom","Holiday",27877
2008-07-01,"United Kingdom","Holiday",22190
2008-08-01,"United Kingdom","Holiday",23580
2008-09-01,"United Kingdom","Holiday",24863
2008-10-01,"United Kingdom","Holiday",10028
2008-11-01,"United Kingdom","Holiday",8201
2008-12-01,"United Kingdom","Holiday",19402
2009-01-01,"United Kingdom","Holiday",5781
2009-02-01,"United Kingdom","Holiday",5492
2009-03-01,"United Kingdom","Holiday",9693
2009-04-01,"United Kingdom","Holiday",15341
2009-05-01,"United Kingdom","Holiday",24359
2009-06-01,"United Kingdom","Holiday",30119
2009-07-01,"United Kingdom","Holiday",27928
2009-08-01,"United Kingdom","Holiday",23935
2009-09-01,"United Kingdom","Holiday",24991
2009-10-01,"United Kingdom","Holiday",10176
2009-11-01,"United Kingdom","Holiday",7925
2009-12-01,"United Kingdom","Holiday",20774
2010-01-01,"United Kingdom","Holiday",5916
2010-02-01,"United Kingdom","Holiday",4948
2010-03-01,"United Kingdom","Holiday",10670
2010-04-01,"United Kingdom","Holiday",15210
2010-05-01,"United Kingdom","Holiday",30359
2010-06-01,"United Kingdom","Holiday",38755
2010-07-01,"United Kingdom","Holiday",25766
2010-08-01,"United Kingdom","Holiday",27857
2010-09-01,"United Kingdom","Holiday",30491
2010-10-01,"United Kingdom","Holiday",11036
2010-11-01,"United Kingdom","Holiday",8783
2010-12-01,"United Kingdom","Holiday",23409
2011-01-01,"United Kingdom","Holiday",8699
2011-02-01,"United Kingdom","Holiday",5901
2011-03-01,"United Kingdom","Holiday",11088
2011-04-01,"United Kingdom","Holiday",22654
2011-05-01,"United Kingdom","Holiday",29875
2011-06-01,"United Kingdom","Holiday",41864
2011-07-01,"United Kingdom","Holiday",28933
2011-08-01,"United Kingdom","Holiday",30784
2011-09-01,"United Kingdom","Holiday",29355
2011-10-01,"United Kingdom","Holiday",13511
2011-11-01,"United Kingdom","Holiday",10004
2011-12-01,"United Kingdom","Holiday",23979
2012-01-01,"United Kingdom","Holiday",9580
2012-02-01,"United Kingdom","Holiday",7656
2012-03-01,"United Kingdom","Holiday",12219
2012-04-01,"United Kingdom","Holiday",23928
2012-05-01,"United Kingdom","Holiday",30628
2012-06-01,"United Kingdom","Holiday",35307
2012-07-01,"United Kingdom","Holiday",24857
2012-08-01,"United Kingdom","Holiday",27486
2012-09-01,"United Kingdom","Holiday",32166
2012-10-01,"United Kingdom","Holiday",12348
2012-11-01,"United Kingdom","Holiday",11000
2012-12-01,"United Kingdom","Holiday",28497
2013-01-01,"United Kingdom","Holiday",9643
2013-02-01,"United Kingdom","Holiday",6297
2013-03-01,"United Kingdom","Holiday",13807
2013-04-01,"United Kingdom","Holiday",24029
2013-05-01,"United Kingdom","Holiday",33941
2013-06-01,"United Kingdom","Holiday",47026
2013-07-01,"United Kingdom","Holiday",36047
2013-08-01,"United Kingdom","Holiday",33392
2013-09-01,"United Kingdom","Holiday",36811
2013-10-01,"United Kingdom","Holiday",13154
2013-11-01,"United Kingdom","Holiday",11751
2013-12-01,"United Kingdom","Holiday",32253
2014-01-01,"United Kingdom","Holiday",9372
2014-02-01,"United Kingdom","Holiday",7214
2014-03-01,"United Kingdom","Holiday",13955
2014-04-01,"United Kingdom","Holiday",26851
2014-05-01,"United Kingdom","Holiday",34139
2014-06-01,"United Kingdom","Holiday",47519
2014-07-01,"United Kingdom","Holiday",36018
2014-08-01,"United Kingdom","Holiday",36339
2014-09-01,"United Kingdom","Holiday",33481
2014-10-01,"United Kingdom","Holiday",12447
2014-11-01,"United Kingdom","Holiday",10672
2014-12-01,"United Kingdom","Holiday",32179
2015-01-01,"United Kingdom","Holiday",9891
2015-02-01,"United Kingdom","Holiday",6265
2015-03-01,"United Kingdom","Holiday",15035
2015-04-01,"United Kingdom","Holiday",22026
2015-05-01,"United Kingdom","Holiday",31281
2015-06-01,"United Kingdom","Holiday",43688
2015-07-01,"United Kingdom","Holiday",39990
2015-08-01,"United Kingdom","Holiday",35444
2015-09-01,"United Kingdom","Holiday",35284
2015-10-01,"United Kingdom","Holiday",19473
2015-11-01,"United Kingdom","Holiday",13284
2015-12-01,"United Kingdom","Holiday",36377
2016-01-01,"United Kingdom","Holiday",9347
2016-02-01,"United Kingdom","Holiday",6846
2016-03-01,"United Kingdom","Holiday",16326
2016-04-01,"United Kingdom","Holiday",22846
2016-05-01,"United Kingdom","Holiday",31740
2016-06-01,"United Kingdom","Holiday",48390
2016-07-01,"United Kingdom","Holiday",33958
2016-08-01,"United Kingdom","Holiday",35899
2016-09-01,"United Kingdom","Holiday",33820
2016-10-01,"United Kingdom","Holiday",16635
2016-11-01,"United Kingdom","Holiday",14438
2016-12-01,"United Kingdom","Holiday",37431
2017-01-01,"United Kingdom","Holiday",11552
2017-02-01,"United Kingdom","Holiday",9127
2017-03-01,"United Kingdom","Holiday",16800
2017-04-01,"United Kingdom","Holiday",25219
2017-05-01,"United Kingdom","Holiday",33656
2017-06-01,"United Kingdom","Holiday",48342
2005-01-01,"United Kingdom","Other",1501
2005-02-01,"United Kingdom","Other",443
2005-03-01,"United Kingdom","Other",787
2005-04-01,"United Kingdom","Other",1041
2005-05-01,"United Kingdom","Other",470
2005-06-01,"United Kingdom","Other",638
2005-07-01,"United Kingdom","Other",509
2005-08-01,"United Kingdom","Other",609
2005-09-01,"United Kingdom","Other",613
2005-10-01,"United Kingdom","Other",548
2005-11-01,"United Kingdom","Other",419
2005-12-01,"United Kingdom","Other",393
2006-01-01,"United Kingdom","Other",1212
2006-02-01,"United Kingdom","Other",324
2006-03-01,"United Kingdom","Other",416
2006-04-01,"United Kingdom","Other",572
2006-05-01,"United Kingdom","Other",870
2006-06-01,"United Kingdom","Other",905
2006-07-01,"United Kingdom","Other",627
2006-08-01,"United Kingdom","Other",691
2006-09-01,"United Kingdom","Other",495
2006-10-01,"United Kingdom","Other",487
2006-11-01,"United Kingdom","Other",341
2006-12-01,"United Kingdom","Other",460
2007-01-01,"United Kingdom","Other",504
2007-02-01,"United Kingdom","Other",348
2007-03-01,"United Kingdom","Other",439
2007-04-01,"United Kingdom","Other",518
2007-05-01,"United Kingdom","Other",590
2007-06-01,"United Kingdom","Other",436
2007-07-01,"United Kingdom","Other",1009
2007-08-01,"United Kingdom","Other",744
2007-09-01,"United Kingdom","Other",631
2007-10-01,"United Kingdom","Other",431
2007-11-01,"United Kingdom","Other",655
2007-12-01,"United Kingdom","Other",524
2008-01-01,"United Kingdom","Other",735
2008-02-01,"United Kingdom","Other",311
2008-03-01,"United Kingdom","Other",789
2008-04-01,"United Kingdom","Other",1400
2008-05-01,"United Kingdom","Other",869
2008-06-01,"United Kingdom","Other",696
2008-07-01,"United Kingdom","Other",369
2008-08-01,"United Kingdom","Other",563
2008-09-01,"United Kingdom","Other",634
2008-10-01,"United Kingdom","Other",474
2008-11-01,"United Kingdom","Other",684
2008-12-01,"United Kingdom","Other",426
2009-01-01,"United Kingdom","Other",856
2009-02-01,"United Kingdom","Other",655
2009-03-01,"United Kingdom","Other",469
2009-04-01,"United Kingdom","Other",936
2009-05-01,"United Kingdom","Other",683
2009-06-01,"United Kingdom","Other",568
2009-07-01,"United Kingdom","Other",646
2009-08-01,"United Kingdom","Other",622
2009-09-01,"United Kingdom","Other",623
2009-10-01,"United Kingdom","Other",577
2009-11-01,"United Kingdom","Other",579
2009-12-01,"United Kingdom","Other",786
2010-01-01,"United Kingdom","Other",973
2010-02-01,"United Kingdom","Other",558
2010-03-01,"United Kingdom","Other",890
2010-04-01,"United Kingdom","Other",780
2010-05-01,"United Kingdom","Other",892
2010-06-01,"United Kingdom","Other",865
2010-07-01,"United Kingdom","Other",833
2010-08-01,"United Kingdom","Other",926
2010-09-01,"United Kingdom","Other",521
2010-10-01,"United Kingdom","Other",349
2010-11-01,"United Kingdom","Other",466
2010-12-01,"United Kingdom","Other",378
2011-01-01,"United Kingdom","Other",664
2011-02-01,"United Kingdom","Other",485
2011-03-01,"United Kingdom","Other",967
2011-04-01,"United Kingdom","Other",950
2011-05-01,"United Kingdom","Other",799
2011-06-01,"United Kingdom","Other",926
2011-07-01,"United Kingdom","Other",815
2011-08-01,"United Kingdom","Other",464
2011-09-01,"United Kingdom","Other",459
2011-10-01,"United Kingdom","Other",331
2011-11-01,"United Kingdom","Other",684
2011-12-01,"United Kingdom","Other",694
2012-01-01,"United Kingdom","Other",467
2012-02-01,"United Kingdom","Other",369
2012-03-01,"United Kingdom","Other",666
2012-04-01,"United Kingdom","Other",745
2012-05-01,"United Kingdom","Other",492
2012-06-01,"United Kingdom","Other",693
2012-07-01,"United Kingdom","Other",999
2012-08-01,"United Kingdom","Other",1403
2012-09-01,"United Kingdom","Other",623
2012-10-01,"United Kingdom","Other",466
2012-11-01,"United Kingdom","Other",243
2012-12-01,"United Kingdom","Other",154
2013-01-01,"United Kingdom","Other",780
2013-02-01,"United Kingdom","Other",311
2013-03-01,"United Kingdom","Other",235
2013-04-01,"United Kingdom","Other",858
2013-05-01,"United Kingdom","Other",825
2013-06-01,"United Kingdom","Other",756
2013-07-01,"United Kingdom","Other",549
2013-08-01,"United Kingdom","Other",579
2013-09-01,"United Kingdom","Other",982
2013-10-01,"United Kingdom","Other",523
2013-11-01,"United Kingdom","Other",612
2013-12-01,"United Kingdom","Other",514
2014-01-01,"United Kingdom","Other",562
2014-02-01,"United Kingdom","Other",580
2014-03-01,"United Kingdom","Other",800
2014-04-01,"United Kingdom","Other",762
2014-05-01,"United Kingdom","Other",588
2014-06-01,"United Kingdom","Other",1056
2014-07-01,"United Kingdom","Other",898
2014-08-01,"United Kingdom","Other",534
2014-09-01,"United Kingdom","Other",831
2014-10-01,"United Kingdom","Other",454
2014-11-01,"United Kingdom","Other",609
2014-12-01,"United Kingdom","Other",1184
2015-01-01,"United Kingdom","Other",540
2015-02-01,"United Kingdom","Other",531
2015-03-01,"United Kingdom","Other",490
2015-04-01,"United Kingdom","Other",633
2015-05-01,"United Kingdom","Other",1056
2015-06-01,"United Kingdom","Other",1225
2015-07-01,"United Kingdom","Other",1117
2015-08-01,"United Kingdom","Other",675
2015-09-01,"United Kingdom","Other",647
2015-10-01,"United Kingdom","Other",364
2015-11-01,"United Kingdom","Other",324
2015-12-01,"United Kingdom","Other",304
2016-01-01,"United Kingdom","Other",626
2016-02-01,"United Kingdom","Other",279
2016-03-01,"United Kingdom","Other",457
2016-04-01,"United Kingdom","Other",684
2016-05-01,"United Kingdom","Other",831
2016-06-01,"United Kingdom","Other",746
2016-07-01,"United Kingdom","Other",643
2016-08-01,"United Kingdom","Other",467
2016-09-01,"United Kingdom","Other",712
2016-10-01,"United Kingdom","Other",723
2016-11-01,"United Kingdom","Other",275
2016-12-01,"United Kingdom","Other",787
2017-01-01,"United Kingdom","Other",678
2017-02-01,"United Kingdom","Other",688
2017-03-01,"United Kingdom","Other",481
2017-04-01,"United Kingdom","Other",704
2017-05-01,"United Kingdom","Other",531
2017-06-01,"United Kingdom","Other",609
2005-01-01,"United Kingdom","Visiting Friends or Relatives",5380
2005-02-01,"United Kingdom","Visiting Friends or Relatives",5559
2005-03-01,"United Kingdom","Visiting Friends or Relatives",10477
2005-04-01,"United Kingdom","Visiting Friends or Relatives",10567
2005-05-01,"United Kingdom","Visiting Friends or Relatives",19458
2005-06-01,"United Kingdom","Visiting Friends or Relatives",17848
2005-07-01,"United Kingdom","Visiting Friends or Relatives",16814
2005-08-01,"United Kingdom","Visiting Friends or Relatives",15722
2005-09-01,"United Kingdom","Visiting Friends or Relatives",15823
2005-10-01,"United Kingdom","Visiting Friends or Relatives",8641
2005-11-01,"United Kingdom","Visiting Friends or Relatives",8428
2005-12-01,"United Kingdom","Visiting Friends or Relatives",18765
2006-01-01,"United Kingdom","Visiting Friends or Relatives",5320
2006-02-01,"United Kingdom","Visiting Friends or Relatives",4901
2006-03-01,"United Kingdom","Visiting Friends or Relatives",9477
2006-04-01,"United Kingdom","Visiting Friends or Relatives",12874
2006-05-01,"United Kingdom","Visiting Friends or Relatives",18856
2006-06-01,"United Kingdom","Visiting Friends or Relatives",21277
2006-07-01,"United Kingdom","Visiting Friends or Relatives",16145
2006-08-01,"United Kingdom","Visiting Friends or Relatives",16972
2006-09-01,"United Kingdom","Visiting Friends or Relatives",16132
2006-10-01,"United Kingdom","Visiting Friends or Relatives",9959
2006-11-01,"United Kingdom","Visiting Friends or Relatives",8321
2006-12-01,"United Kingdom","Visiting Friends or Relatives",18941
2007-01-01,"United Kingdom","Visiting Friends or Relatives",5322
2007-02-01,"United Kingdom","Visiting Friends or Relatives",6760
2007-03-01,"United Kingdom","Visiting Friends or Relatives",9782
2007-04-01,"United Kingdom","Visiting Friends or Relatives",10492
2007-05-01,"United Kingdom","Visiting Friends or Relatives",17724
2007-06-01,"United Kingdom","Visiting Friends or Relatives",21886
2007-07-01,"United Kingdom","Visiting Friends or Relatives",15567
2007-08-01,"United Kingdom","Visiting Friends or Relatives",15114
2007-09-01,"United Kingdom","Visiting Friends or Relatives",15770
2007-10-01,"United Kingdom","Visiting Friends or Relatives",8829
2007-11-01,"United Kingdom","Visiting Friends or Relatives",6513
2007-12-01,"United Kingdom","Visiting Friends or Relatives",21996
2008-01-01,"United Kingdom","Visiting Friends or Relatives",5515
2008-02-01,"United Kingdom","Visiting Friends or Relatives",4718
2008-03-01,"United Kingdom","Visiting Friends or Relatives",8526
2008-04-01,"United Kingdom","Visiting Friends or Relatives",9628
2008-05-01,"United Kingdom","Visiting Friends or Relatives",15954
2008-06-01,"United Kingdom","Visiting Friends or Relatives",18872
2008-07-01,"United Kingdom","Visiting Friends or Relatives",13787
2008-08-01,"United Kingdom","Visiting Friends or Relatives",15808
2008-09-01,"United Kingdom","Visiting Friends or Relatives",16674
2008-10-01,"United Kingdom","Visiting Friends or Relatives",9340
2008-11-01,"United Kingdom","Visiting Friends or Relatives",7629
2008-12-01,"United Kingdom","Visiting Friends or Relatives",19644
2009-01-01,"United Kingdom","Visiting Friends or Relatives",6347
2009-02-01,"United Kingdom","Visiting Friends or Relatives",6176
2009-03-01,"United Kingdom","Visiting Friends or Relatives",7667
2009-04-01,"United Kingdom","Visiting Friends or Relatives",11778
2009-05-01,"United Kingdom","Visiting Friends or Relatives",18415
2009-06-01,"United Kingdom","Visiting Friends or Relatives",19888
2009-07-01,"United Kingdom","Visiting Friends or Relatives",17515
2009-08-01,"United Kingdom","Visiting Friends or Relatives",17112
2009-09-01,"United Kingdom","Visiting Friends or Relatives",18462
2009-10-01,"United Kingdom","Visiting Friends or Relatives",10161
2009-11-01,"United Kingdom","Visiting Friends or Relatives",9822
2009-12-01,"United Kingdom","Visiting Friends or Relatives",20554
2010-01-01,"United Kingdom","Visiting Friends or Relatives",5980
2010-02-01,"United Kingdom","Visiting Friends or Relatives",6227
2010-03-01,"United Kingdom","Visiting Friends or Relatives",9038
2010-04-01,"United Kingdom","Visiting Friends or Relatives",11719
2010-05-01,"United Kingdom","Visiting Friends or Relatives",17892
2010-06-01,"United Kingdom","Visiting Friends or Relatives",24644
2010-07-01,"United Kingdom","Visiting Friends or Relatives",17555
2010-08-01,"United Kingdom","Visiting Friends or Relatives",17312
2010-09-01,"United Kingdom","Visiting Friends or Relatives",18831
2010-10-01,"United Kingdom","Visiting Friends or Relatives",10058
2010-11-01,"United Kingdom","Visiting Friends or Relatives",10689
2010-12-01,"United Kingdom","Visiting Friends or Relatives",20471
2011-01-01,"United Kingdom","Visiting Friends or Relatives",7491
2011-02-01,"United Kingdom","Visiting Friends or Relatives",6570
2011-03-01,"United Kingdom","Visiting Friends or Relatives",9937
2011-04-01,"United Kingdom","Visiting Friends or Relatives",16054
2011-05-01,"United Kingdom","Visiting Friends or Relatives",18696
2011-06-01,"United Kingdom","Visiting Friends or Relatives",23242
2011-07-01,"United Kingdom","Visiting Friends or Relatives",17829
2011-08-01,"United Kingdom","Visiting Friends or Relatives",19424
2011-09-01,"United Kingdom","Visiting Friends or Relatives",17301
2011-10-01,"United Kingdom","Visiting Friends or Relatives",10074
2011-11-01,"United Kingdom","Visiting Friends or Relatives",9049
2011-12-01,"United Kingdom","Visiting Friends or Relatives",21251
2012-01-01,"United Kingdom","Visiting Friends or Relatives",7221
2012-02-01,"United Kingdom","Visiting Friends or Relatives",6972
2012-03-01,"United Kingdom","Visiting Friends or Relatives",11023
2012-04-01,"United Kingdom","Visiting Friends or Relatives",14595
2012-05-01,"United Kingdom","Visiting Friends or Relatives",19866
2012-06-01,"United Kingdom","Visiting Friends or Relatives",20565
2012-07-01,"United Kingdom","Visiting Friends or Relatives",13590
2012-08-01,"United Kingdom","Visiting Friends or Relatives",16713
2012-09-01,"United Kingdom","Visiting Friends or Relatives",19227
2012-10-01,"United Kingdom","Visiting Friends or Relatives",10134
2012-11-01,"United Kingdom","Visiting Friends or Relatives",8553
2012-12-01,"United Kingdom","Visiting Friends or Relatives",26972
2013-01-01,"United Kingdom","Visiting Friends or Relatives",6607
2013-02-01,"United Kingdom","Visiting Friends or Relatives",6505
2013-03-01,"United Kingdom","Visiting Friends or Relatives",13042
2013-04-01,"United Kingdom","Visiting Friends or Relatives",14996
2013-05-01,"United Kingdom","Visiting Friends or Relatives",20999
2013-06-01,"United Kingdom","Visiting Friends or Relatives",24171
2013-07-01,"United Kingdom","Visiting Friends or Relatives",18355
2013-08-01,"United Kingdom","Visiting Friends or Relatives",18488
2013-09-01,"United Kingdom","Visiting Friends or Relatives",20396
2013-10-01,"United Kingdom","Visiting Friends or Relatives",10260
2013-11-01,"United Kingdom","Visiting Friends or Relatives",8632
2013-12-01,"United Kingdom","Visiting Friends or Relatives",25034
2014-01-01,"United Kingdom","Visiting Friends or Relatives",6883
2014-02-01,"United Kingdom","Visiting Friends or Relatives",6117
2014-03-01,"United Kingdom","Visiting Friends or Relatives",9798
2014-04-01,"United Kingdom","Visiting Friends or Relatives",15772
2014-05-01,"United Kingdom","Visiting Friends or Relatives",19221
2014-06-01,"United Kingdom","Visiting Friends or Relatives",23515
2014-07-01,"United Kingdom","Visiting Friends or Relatives",17884
2014-08-01,"United Kingdom","Visiting Friends or Relatives",17742
2014-09-01,"United Kingdom","Visiting Friends or Relatives",16157
2014-10-01,"United Kingdom","Visiting Friends or Relatives",9791
2014-11-01,"United Kingdom","Visiting Friends or Relatives",9536
2014-12-01,"United Kingdom","Visiting Friends or Relatives",27987
2015-01-01,"United Kingdom","Visiting Friends or Relatives",7005
2015-02-01,"United Kingdom","Visiting Friends or Relatives",6308
2015-03-01,"United Kingdom","Visiting Friends or Relatives",13374
2015-04-01,"United Kingdom","Visiting Friends or Relatives",14376
2015-05-01,"United Kingdom","Visiting Friends or Relatives",17511
2015-06-01,"United Kingdom","Visiting Friends or Relatives",24885
2015-07-01,"United Kingdom","Visiting Friends or Relatives",21555
2015-08-01,"United Kingdom","Visiting Friends or Relatives",18978
2015-09-01,"United Kingdom","Visiting Friends or Relatives",21177
2015-10-01,"United Kingdom","Visiting Friends or Relatives",11378
2015-11-01,"United Kingdom","Visiting Friends or Relatives",9984
2015-12-01,"United Kingdom","Visiting Friends or Relatives",28521
2016-01-01,"United Kingdom","Visiting Friends or Relatives",6812
2016-02-01,"United Kingdom","Visiting Friends or Relatives",6816
2016-03-01,"United Kingdom","Visiting Friends or Relatives",11072
2016-04-01,"United Kingdom","Visiting Friends or Relatives",12839
2016-05-01,"United Kingdom","Visiting Friends or Relatives",18201
2016-06-01,"United Kingdom","Visiting Friends or Relatives",25080
2016-07-01,"United Kingdom","Visiting Friends or Relatives",20005
2016-08-01,"United Kingdom","Visiting Friends or Relatives",19064
2016-09-01,"United Kingdom","Visiting Friends or Relatives",20419
2016-10-01,"United Kingdom","Visiting Friends or Relatives",9579
2016-11-01,"United Kingdom","Visiting Friends or Relatives",10161
2016-12-01,"United Kingdom","Visiting Friends or Relatives",31870
2017-01-01,"United Kingdom","Visiting Friends or Relatives",8053
2017-02-01,"United Kingdom","Visiting Friends or Relatives",6261
2017-03-01,"United Kingdom","Visiting Friends or Relatives",12632
2017-04-01,"United Kingdom","Visiting Friends or Relatives",14425
2017-05-01,"United Kingdom","Visiting Friends or Relatives",18753
2017-06-01,"United Kingdom","Visiting Friends or Relatives",22112
