"fecha","Type","Count"
1995-01-01,"Abduction and kidnapping",15
1995-02-01,"Abduction and kidnapping",16
1995-03-01,"Abduction and kidnapping",23
1995-04-01,"Abduction and kidnapping",22
1995-05-01,"Abduction and kidnapping",14
1995-06-01,"Abduction and kidnapping",13
1995-07-01,"Abduction and kidnapping",19
1995-08-01,"Abduction and kidnapping",23
1995-09-01,"Abduction and kidnapping",13
1995-10-01,"Abduction and kidnapping",21
1995-11-01,"Abduction and kidnapping",37
1995-12-01,"Abduction and kidnapping",12
1996-01-01,"Abduction and kidnapping",18
1996-02-01,"Abduction and kidnapping",16
1996-03-01,"Abduction and kidnapping",13
1996-04-01,"Abduction and kidnapping",21
1996-05-01,"Abduction and kidnapping",23
1996-06-01,"Abduction and kidnapping",30
1996-07-01,"Abduction and kidnapping",24
1996-08-01,"Abduction and kidnapping",22
1996-09-01,"Abduction and kidnapping",35
1996-10-01,"Abduction and kidnapping",31
1996-11-01,"Abduction and kidnapping",19
1996-12-01,"Abduction and kidnapping",19
1997-01-01,"Abduction and kidnapping",29
1997-02-01,"Abduction and kidnapping",17
1997-03-01,"Abduction and kidnapping",44
1997-04-01,"Abduction and kidnapping",23
1997-05-01,"Abduction and kidnapping",28
1997-06-01,"Abduction and kidnapping",22
1997-07-01,"Abduction and kidnapping",17
1997-08-01,"Abduction and kidnapping",22
1997-09-01,"Abduction and kidnapping",29
1997-10-01,"Abduction and kidnapping",31
1997-11-01,"Abduction and kidnapping",35
1997-12-01,"Abduction and kidnapping",24
1998-01-01,"Abduction and kidnapping",36
1998-02-01,"Abduction and kidnapping",34
1998-03-01,"Abduction and kidnapping",28
1998-04-01,"Abduction and kidnapping",27
1998-05-01,"Abduction and kidnapping",22
1998-06-01,"Abduction and kidnapping",29
1998-07-01,"Abduction and kidnapping",27
1998-08-01,"Abduction and kidnapping",33
1998-09-01,"Abduction and kidnapping",51
1998-10-01,"Abduction and kidnapping",56
1998-11-01,"Abduction and kidnapping",46
1998-12-01,"Abduction and kidnapping",41
1999-01-01,"Abduction and kidnapping",34
1999-02-01,"Abduction and kidnapping",36
1999-03-01,"Abduction and kidnapping",34
1999-04-01,"Abduction and kidnapping",25
1999-05-01,"Abduction and kidnapping",27
1999-06-01,"Abduction and kidnapping",29
1999-07-01,"Abduction and kidnapping",26
1999-08-01,"Abduction and kidnapping",29
1999-09-01,"Abduction and kidnapping",24
1999-10-01,"Abduction and kidnapping",44
1999-11-01,"Abduction and kidnapping",30
1999-12-01,"Abduction and kidnapping",39
2000-01-01,"Abduction and kidnapping",35
2000-02-01,"Abduction and kidnapping",24
2000-03-01,"Abduction and kidnapping",35
2000-04-01,"Abduction and kidnapping",26
2000-05-01,"Abduction and kidnapping",25
2000-06-01,"Abduction and kidnapping",26
2000-07-01,"Abduction and kidnapping",23
2000-08-01,"Abduction and kidnapping",48
2000-09-01,"Abduction and kidnapping",37
2000-10-01,"Abduction and kidnapping",21
2000-11-01,"Abduction and kidnapping",29
2000-12-01,"Abduction and kidnapping",20
2001-01-01,"Abduction and kidnapping",43
2001-02-01,"Abduction and kidnapping",36
2001-03-01,"Abduction and kidnapping",33
2001-04-01,"Abduction and kidnapping",28
2001-05-01,"Abduction and kidnapping",37
2001-06-01,"Abduction and kidnapping",31
2001-07-01,"Abduction and kidnapping",37
2001-08-01,"Abduction and kidnapping",41
2001-09-01,"Abduction and kidnapping",31
2001-10-01,"Abduction and kidnapping",60
2001-11-01,"Abduction and kidnapping",32
2001-12-01,"Abduction and kidnapping",30
2002-01-01,"Abduction and kidnapping",36
2002-02-01,"Abduction and kidnapping",36
2002-03-01,"Abduction and kidnapping",30
2002-04-01,"Abduction and kidnapping",30
2002-05-01,"Abduction and kidnapping",32
2002-06-01,"Abduction and kidnapping",25
2002-07-01,"Abduction and kidnapping",29
2002-08-01,"Abduction and kidnapping",26
2002-09-01,"Abduction and kidnapping",30
2002-10-01,"Abduction and kidnapping",25
2002-11-01,"Abduction and kidnapping",30
2002-12-01,"Abduction and kidnapping",38
2003-01-01,"Abduction and kidnapping",27
2003-02-01,"Abduction and kidnapping",19
2003-03-01,"Abduction and kidnapping",25
2003-04-01,"Abduction and kidnapping",30
2003-05-01,"Abduction and kidnapping",31
2003-06-01,"Abduction and kidnapping",30
2003-07-01,"Abduction and kidnapping",26
2003-08-01,"Abduction and kidnapping",35
2003-09-01,"Abduction and kidnapping",22
2003-10-01,"Abduction and kidnapping",38
2003-11-01,"Abduction and kidnapping",34
2003-12-01,"Abduction and kidnapping",21
2004-01-01,"Abduction and kidnapping",36
2004-02-01,"Abduction and kidnapping",35
2004-03-01,"Abduction and kidnapping",31
2004-04-01,"Abduction and kidnapping",30
2004-05-01,"Abduction and kidnapping",32
2004-06-01,"Abduction and kidnapping",37
2004-07-01,"Abduction and kidnapping",36
2004-08-01,"Abduction and kidnapping",25
2004-09-01,"Abduction and kidnapping",35
2004-10-01,"Abduction and kidnapping",31
2004-11-01,"Abduction and kidnapping",34
2004-12-01,"Abduction and kidnapping",24
2005-01-01,"Abduction and kidnapping",30
2005-02-01,"Abduction and kidnapping",24
2005-03-01,"Abduction and kidnapping",29
2005-04-01,"Abduction and kidnapping",30
2005-05-01,"Abduction and kidnapping",27
2005-06-01,"Abduction and kidnapping",22
2005-07-01,"Abduction and kidnapping",25
2005-08-01,"Abduction and kidnapping",38
2005-09-01,"Abduction and kidnapping",29
2005-10-01,"Abduction and kidnapping",39
2005-11-01,"Abduction and kidnapping",47
2005-12-01,"Abduction and kidnapping",36
2006-01-01,"Abduction and kidnapping",31
2006-02-01,"Abduction and kidnapping",31
2006-03-01,"Abduction and kidnapping",39
2006-04-01,"Abduction and kidnapping",21
2006-05-01,"Abduction and kidnapping",30
2006-06-01,"Abduction and kidnapping",29
2006-07-01,"Abduction and kidnapping",23
2006-08-01,"Abduction and kidnapping",31
2006-09-01,"Abduction and kidnapping",31
2006-10-01,"Abduction and kidnapping",34
2006-11-01,"Abduction and kidnapping",38
2006-12-01,"Abduction and kidnapping",26
2007-01-01,"Abduction and kidnapping",23
2007-02-01,"Abduction and kidnapping",25
2007-03-01,"Abduction and kidnapping",39
2007-04-01,"Abduction and kidnapping",24
2007-05-01,"Abduction and kidnapping",38
2007-06-01,"Abduction and kidnapping",24
2007-07-01,"Abduction and kidnapping",28
2007-08-01,"Abduction and kidnapping",36
2007-09-01,"Abduction and kidnapping",28
2007-10-01,"Abduction and kidnapping",25
2007-11-01,"Abduction and kidnapping",24
2007-12-01,"Abduction and kidnapping",27
2008-01-01,"Abduction and kidnapping",19
2008-02-01,"Abduction and kidnapping",30
2008-03-01,"Abduction and kidnapping",46
2008-04-01,"Abduction and kidnapping",25
2008-05-01,"Abduction and kidnapping",38
2008-06-01,"Abduction and kidnapping",27
2008-07-01,"Abduction and kidnapping",19
2008-08-01,"Abduction and kidnapping",26
2008-09-01,"Abduction and kidnapping",47
2008-10-01,"Abduction and kidnapping",52
2008-11-01,"Abduction and kidnapping",34
2008-12-01,"Abduction and kidnapping",37
2009-01-01,"Abduction and kidnapping",25
2009-02-01,"Abduction and kidnapping",29
2009-03-01,"Abduction and kidnapping",43
2009-04-01,"Abduction and kidnapping",21
2009-05-01,"Abduction and kidnapping",24
2009-06-01,"Abduction and kidnapping",25
2009-07-01,"Abduction and kidnapping",30
2009-08-01,"Abduction and kidnapping",27
2009-09-01,"Abduction and kidnapping",40
2009-10-01,"Abduction and kidnapping",20
2009-11-01,"Abduction and kidnapping",27
2009-12-01,"Abduction and kidnapping",19
2010-01-01,"Abduction and kidnapping",24
2010-02-01,"Abduction and kidnapping",19
2010-03-01,"Abduction and kidnapping",23
2010-04-01,"Abduction and kidnapping",18
2010-05-01,"Abduction and kidnapping",25
2010-06-01,"Abduction and kidnapping",32
2010-07-01,"Abduction and kidnapping",26
2010-08-01,"Abduction and kidnapping",30
2010-09-01,"Abduction and kidnapping",18
2010-10-01,"Abduction and kidnapping",26
2010-11-01,"Abduction and kidnapping",26
2010-12-01,"Abduction and kidnapping",29
2011-01-01,"Abduction and kidnapping",20
2011-02-01,"Abduction and kidnapping",26
2011-03-01,"Abduction and kidnapping",43
2011-04-01,"Abduction and kidnapping",26
2011-05-01,"Abduction and kidnapping",44
2011-06-01,"Abduction and kidnapping",36
2011-07-01,"Abduction and kidnapping",24
2011-08-01,"Abduction and kidnapping",36
2011-09-01,"Abduction and kidnapping",31
2011-10-01,"Abduction and kidnapping",25
2011-11-01,"Abduction and kidnapping",33
2011-12-01,"Abduction and kidnapping",39
2012-01-01,"Abduction and kidnapping",23
2012-02-01,"Abduction and kidnapping",27
2012-03-01,"Abduction and kidnapping",23
2012-04-01,"Abduction and kidnapping",26
2012-05-01,"Abduction and kidnapping",31
2012-06-01,"Abduction and kidnapping",20
2012-07-01,"Abduction and kidnapping",20
2012-08-01,"Abduction and kidnapping",41
2012-09-01,"Abduction and kidnapping",28
2012-10-01,"Abduction and kidnapping",26
2012-11-01,"Abduction and kidnapping",32
2012-12-01,"Abduction and kidnapping",27
2013-01-01,"Abduction and kidnapping",18
2013-02-01,"Abduction and kidnapping",18
2013-03-01,"Abduction and kidnapping",29
2013-04-01,"Abduction and kidnapping",22
2013-05-01,"Abduction and kidnapping",22
2013-06-01,"Abduction and kidnapping",23
2013-07-01,"Abduction and kidnapping",28
2013-08-01,"Abduction and kidnapping",23
2013-09-01,"Abduction and kidnapping",24
2013-10-01,"Abduction and kidnapping",19
2013-11-01,"Abduction and kidnapping",21
2013-12-01,"Abduction and kidnapping",17
2014-01-01,"Abduction and kidnapping",28
2014-02-01,"Abduction and kidnapping",31
2014-03-01,"Abduction and kidnapping",32
2014-04-01,"Abduction and kidnapping",19
2014-05-01,"Abduction and kidnapping",27
2014-06-01,"Abduction and kidnapping",23
2014-07-01,"Abduction and kidnapping",21
2014-08-01,"Abduction and kidnapping",15
2014-09-01,"Abduction and kidnapping",25
2014-10-01,"Abduction and kidnapping",17
2014-11-01,"Abduction and kidnapping",34
2014-12-01,"Abduction and kidnapping",17
2015-01-01,"Abduction and kidnapping",27
2015-02-01,"Abduction and kidnapping",22
2015-03-01,"Abduction and kidnapping",26
2015-04-01,"Abduction and kidnapping",13
2015-05-01,"Abduction and kidnapping",24
2015-06-01,"Abduction and kidnapping",23
2015-07-01,"Abduction and kidnapping",14
2015-08-01,"Abduction and kidnapping",22
2015-09-01,"Abduction and kidnapping",24
2015-10-01,"Abduction and kidnapping",12
2015-11-01,"Abduction and kidnapping",25
2015-12-01,"Abduction and kidnapping",20
2016-01-01,"Abduction and kidnapping",26
2016-02-01,"Abduction and kidnapping",22
2016-03-01,"Abduction and kidnapping",19
2016-04-01,"Abduction and kidnapping",18
2016-05-01,"Abduction and kidnapping",22
2016-06-01,"Abduction and kidnapping",28
2016-07-01,"Abduction and kidnapping",23
2016-08-01,"Abduction and kidnapping",12
2016-09-01,"Abduction and kidnapping",23
2016-10-01,"Abduction and kidnapping",13
2016-11-01,"Abduction and kidnapping",19
2016-12-01,"Abduction and kidnapping",13
2017-01-01,"Abduction and kidnapping",19
2017-02-01,"Abduction and kidnapping",22
2017-03-01,"Abduction and kidnapping",18
2017-04-01,"Abduction and kidnapping",18
2017-05-01,"Abduction and kidnapping",21
2017-06-01,"Abduction and kidnapping",22
2017-07-01,"Abduction and kidnapping",11
2017-08-01,"Abduction and kidnapping",24
2017-09-01,"Abduction and kidnapping",21
2017-10-01,"Abduction and kidnapping",12
2017-11-01,"Abduction and kidnapping",11
2017-12-01,"Abduction and kidnapping",22
2018-01-01,"Abduction and kidnapping",18
2018-02-01,"Abduction and kidnapping",16
2018-03-01,"Abduction and kidnapping",16
2018-04-01,"Abduction and kidnapping",19
2018-05-01,"Abduction and kidnapping",16
2018-06-01,"Abduction and kidnapping",16
2018-07-01,"Abduction and kidnapping",16
2018-08-01,"Abduction and kidnapping",12
2018-09-01,"Abduction and kidnapping",21
2018-10-01,"Abduction and kidnapping",17
2018-11-01,"Abduction and kidnapping",18
2018-12-01,"Abduction and kidnapping",22
2019-01-01,"Abduction and kidnapping",14
2019-02-01,"Abduction and kidnapping",16
2019-03-01,"Abduction and kidnapping",21
2019-04-01,"Abduction and kidnapping",21
2019-05-01,"Abduction and kidnapping",19
2019-06-01,"Abduction and kidnapping",16
2019-07-01,"Abduction and kidnapping",8
2019-08-01,"Abduction and kidnapping",17
2019-09-01,"Abduction and kidnapping",13
2019-10-01,"Abduction and kidnapping",18
2019-11-01,"Abduction and kidnapping",29
2019-12-01,"Abduction and kidnapping",17
2020-01-01,"Abduction and kidnapping",20
2020-02-01,"Abduction and kidnapping",12
2020-03-01,"Abduction and kidnapping",9
2020-04-01,"Abduction and kidnapping",13
2020-05-01,"Abduction and kidnapping",18
2020-06-01,"Abduction and kidnapping",19
2020-07-01,"Abduction and kidnapping",15
2020-08-01,"Abduction and kidnapping",12
2020-09-01,"Abduction and kidnapping",17
2020-10-01,"Abduction and kidnapping",22
2020-11-01,"Abduction and kidnapping",27
2020-12-01,"Abduction and kidnapping",18
2021-01-01,"Abduction and kidnapping",22
2021-02-01,"Abduction and kidnapping",15
2021-03-01,"Abduction and kidnapping",24
2021-04-01,"Abduction and kidnapping",17
2021-05-01,"Abduction and kidnapping",25
2021-06-01,"Abduction and kidnapping",20
2021-07-01,"Abduction and kidnapping",12
2021-08-01,"Abduction and kidnapping",11
2021-09-01,"Abduction and kidnapping",10
2021-10-01,"Abduction and kidnapping",21
2021-11-01,"Abduction and kidnapping",15
2021-12-01,"Abduction and kidnapping",15
2022-01-01,"Abduction and kidnapping",12
2022-02-01,"Abduction and kidnapping",19
2022-03-01,"Abduction and kidnapping",23
2022-04-01,"Abduction and kidnapping",21
2022-05-01,"Abduction and kidnapping",9
2022-06-01,"Abduction and kidnapping",15
2022-07-01,"Abduction and kidnapping",20
2022-08-01,"Abduction and kidnapping",23
2022-09-01,"Abduction and kidnapping",14
2022-10-01,"Abduction and kidnapping",16
2022-11-01,"Abduction and kidnapping",12
2022-12-01,"Abduction and kidnapping",18
2023-01-01,"Abduction and kidnapping",19
2023-02-01,"Abduction and kidnapping",24
2023-03-01,"Abduction and kidnapping",14
2023-04-01,"Abduction and kidnapping",24
2023-05-01,"Abduction and kidnapping",22
2023-06-01,"Abduction and kidnapping",29
2023-07-01,"Abduction and kidnapping",27
2023-08-01,"Abduction and kidnapping",17
2023-09-01,"Abduction and kidnapping",28
2023-10-01,"Abduction and kidnapping",21
2023-11-01,"Abduction and kidnapping",21
2023-12-01,"Abduction and kidnapping",23
1995-01-01,"Against justice procedures",1276
1995-02-01,"Against justice procedures",1168
1995-03-01,"Against justice procedures",1330
1995-04-01,"Against justice procedures",1187
1995-05-01,"Against justice procedures",1279
1995-06-01,"Against justice procedures",1223
1995-07-01,"Against justice procedures",1243
1995-08-01,"Against justice procedures",1267
1995-09-01,"Against justice procedures",1346
1995-10-01,"Against justice procedures",1363
1995-11-01,"Against justice procedures",1437
1995-12-01,"Against justice procedures",1504
1996-01-01,"Against justice procedures",1724
1996-02-01,"Against justice procedures",1565
1996-03-01,"Against justice procedures",1591
1996-04-01,"Against justice procedures",1707
1996-05-01,"Against justice procedures",1704
1996-06-01,"Against justice procedures",1602
1996-07-01,"Against justice procedures",1673
1996-08-01,"Against justice procedures",1754
1996-09-01,"Against justice procedures",1738
1996-10-01,"Against justice procedures",1831
1996-11-01,"Against justice procedures",1838
1996-12-01,"Against justice procedures",2034
1997-01-01,"Against justice procedures",2198
1997-02-01,"Against justice procedures",1879
1997-03-01,"Against justice procedures",2026
1997-04-01,"Against justice procedures",1794
1997-05-01,"Against justice procedures",1744
1997-06-01,"Against justice procedures",1643
1997-07-01,"Against justice procedures",1588
1997-08-01,"Against justice procedures",1693
1997-09-01,"Against justice procedures",1737
1997-10-01,"Against justice procedures",1590
1997-11-01,"Against justice procedures",1714
1997-12-01,"Against justice procedures",1964
1998-01-01,"Against justice procedures",2192
1998-02-01,"Against justice procedures",1807
1998-03-01,"Against justice procedures",1943
1998-04-01,"Against justice procedures",1729
1998-05-01,"Against justice procedures",1867
1998-06-01,"Against justice procedures",1630
1998-07-01,"Against justice procedures",1696
1998-08-01,"Against justice procedures",1797
1998-09-01,"Against justice procedures",2027
1998-10-01,"Against justice procedures",2080
1998-11-01,"Against justice procedures",2000
1998-12-01,"Against justice procedures",2224
1999-01-01,"Against justice procedures",2316
1999-02-01,"Against justice procedures",2039
1999-03-01,"Against justice procedures",2301
1999-04-01,"Against justice procedures",1986
1999-05-01,"Against justice procedures",2001
1999-06-01,"Against justice procedures",1982
1999-07-01,"Against justice procedures",2068
1999-08-01,"Against justice procedures",2074
1999-09-01,"Against justice procedures",2048
1999-10-01,"Against justice procedures",2131
1999-11-01,"Against justice procedures",2042
1999-12-01,"Against justice procedures",2112
2000-01-01,"Against justice procedures",2511
2000-02-01,"Against justice procedures",2266
2000-03-01,"Against justice procedures",2267
2000-04-01,"Against justice procedures",2116
2000-05-01,"Against justice procedures",2042
2000-06-01,"Against justice procedures",2113
2000-07-01,"Against justice procedures",2112
2000-08-01,"Against justice procedures",2092
2000-09-01,"Against justice procedures",2016
2000-10-01,"Against justice procedures",2139
2000-11-01,"Against justice procedures",2402
2000-12-01,"Against justice procedures",2558
2001-01-01,"Against justice procedures",2767
2001-02-01,"Against justice procedures",2496
2001-03-01,"Against justice procedures",2615
2001-04-01,"Against justice procedures",2410
2001-05-01,"Against justice procedures",2391
2001-06-01,"Against justice procedures",2425
2001-07-01,"Against justice procedures",2423
2001-08-01,"Against justice procedures",2749
2001-09-01,"Against justice procedures",2714
2001-10-01,"Against justice procedures",2792
2001-11-01,"Against justice procedures",2589
2001-12-01,"Against justice procedures",2961
2002-01-01,"Against justice procedures",3186
2002-02-01,"Against justice procedures",2599
2002-03-01,"Against justice procedures",2701
2002-04-01,"Against justice procedures",2607
2002-05-01,"Against justice procedures",2612
2002-06-01,"Against justice procedures",2526
2002-07-01,"Against justice procedures",2336
2002-08-01,"Against justice procedures",2545
2002-09-01,"Against justice procedures",2640
2002-10-01,"Against justice procedures",2771
2002-11-01,"Against justice procedures",2779
2002-12-01,"Against justice procedures",3080
2003-01-01,"Against justice procedures",3206
2003-02-01,"Against justice procedures",2832
2003-03-01,"Against justice procedures",2980
2003-04-01,"Against justice procedures",2612
2003-05-01,"Against justice procedures",2710
2003-06-01,"Against justice procedures",2609
2003-07-01,"Against justice procedures",2319
2003-08-01,"Against justice procedures",2301
2003-09-01,"Against justice procedures",2274
2003-10-01,"Against justice procedures",2358
2003-11-01,"Against justice procedures",2377
2003-12-01,"Against justice procedures",2611
2004-01-01,"Against justice procedures",2843
2004-02-01,"Against justice procedures",2589
2004-03-01,"Against justice procedures",2590
2004-04-01,"Against justice procedures",2389
2004-05-01,"Against justice procedures",2358
2004-06-01,"Against justice procedures",2279
2004-07-01,"Against justice procedures",2319
2004-08-01,"Against justice procedures",2439
2004-09-01,"Against justice procedures",2378
2004-10-01,"Against justice procedures",2622
2004-11-01,"Against justice procedures",2614
2004-12-01,"Against justice procedures",2881
2005-01-01,"Against justice procedures",3008
2005-02-01,"Against justice procedures",2692
2005-03-01,"Against justice procedures",2753
2005-04-01,"Against justice procedures",2561
2005-05-01,"Against justice procedures",2586
2005-06-01,"Against justice procedures",2388
2005-07-01,"Against justice procedures",2488
2005-08-01,"Against justice procedures",2393
2005-09-01,"Against justice procedures",2332
2005-10-01,"Against justice procedures",2836
2005-11-01,"Against justice procedures",2561
2005-12-01,"Against justice procedures",2766
2006-01-01,"Against justice procedures",2918
2006-02-01,"Against justice procedures",2956
2006-03-01,"Against justice procedures",3051
2006-04-01,"Against justice procedures",2693
2006-05-01,"Against justice procedures",2741
2006-06-01,"Against justice procedures",2590
2006-07-01,"Against justice procedures",2681
2006-08-01,"Against justice procedures",2644
2006-09-01,"Against justice procedures",2810
2006-10-01,"Against justice procedures",3095
2006-11-01,"Against justice procedures",2973
2006-12-01,"Against justice procedures",3571
2007-01-01,"Against justice procedures",3373
2007-02-01,"Against justice procedures",2970
2007-03-01,"Against justice procedures",3388
2007-04-01,"Against justice procedures",3295
2007-05-01,"Against justice procedures",3209
2007-06-01,"Against justice procedures",2892
2007-07-01,"Against justice procedures",2946
2007-08-01,"Against justice procedures",3337
2007-09-01,"Against justice procedures",3186
2007-10-01,"Against justice procedures",3263
2007-11-01,"Against justice procedures",3448
2007-12-01,"Against justice procedures",4010
2008-01-01,"Against justice procedures",3790
2008-02-01,"Against justice procedures",3757
2008-03-01,"Against justice procedures",4015
2008-04-01,"Against justice procedures",3377
2008-05-01,"Against justice procedures",3672
2008-06-01,"Against justice procedures",3664
2008-07-01,"Against justice procedures",3596
2008-08-01,"Against justice procedures",3530
2008-09-01,"Against justice procedures",3777
2008-10-01,"Against justice procedures",3835
2008-11-01,"Against justice procedures",3770
2008-12-01,"Against justice procedures",4078
2009-01-01,"Against justice procedures",4565
2009-02-01,"Against justice procedures",3787
2009-03-01,"Against justice procedures",4017
2009-04-01,"Against justice procedures",3770
2009-05-01,"Against justice procedures",3523
2009-06-01,"Against justice procedures",3462
2009-07-01,"Against justice procedures",3580
2009-08-01,"Against justice procedures",3695
2009-09-01,"Against justice procedures",3885
2009-10-01,"Against justice procedures",3948
2009-11-01,"Against justice procedures",3900
2009-12-01,"Against justice procedures",4172
2010-01-01,"Against justice procedures",4444
2010-02-01,"Against justice procedures",3779
2010-03-01,"Against justice procedures",4362
2010-04-01,"Against justice procedures",3814
2010-05-01,"Against justice procedures",3677
2010-06-01,"Against justice procedures",3751
2010-07-01,"Against justice procedures",3783
2010-08-01,"Against justice procedures",3695
2010-09-01,"Against justice procedures",3819
2010-10-01,"Against justice procedures",4179
2010-11-01,"Against justice procedures",3908
2010-12-01,"Against justice procedures",4745
2011-01-01,"Against justice procedures",4797
2011-02-01,"Against justice procedures",4309
2011-03-01,"Against justice procedures",4802
2011-04-01,"Against justice procedures",4626
2011-05-01,"Against justice procedures",4321
2011-06-01,"Against justice procedures",4547
2011-07-01,"Against justice procedures",4199
2011-08-01,"Against justice procedures",4082
2011-09-01,"Against justice procedures",4264
2011-10-01,"Against justice procedures",4606
2011-11-01,"Against justice procedures",4045
2011-12-01,"Against justice procedures",4659
2012-01-01,"Against justice procedures",4643
2012-02-01,"Against justice procedures",4102
2012-03-01,"Against justice procedures",4200
2012-04-01,"Against justice procedures",4236
2012-05-01,"Against justice procedures",4159
2012-06-01,"Against justice procedures",4066
2012-07-01,"Against justice procedures",4034
2012-08-01,"Against justice procedures",3823
2012-09-01,"Against justice procedures",4179
2012-10-01,"Against justice procedures",4402
2012-11-01,"Against justice procedures",4536
2012-12-01,"Against justice procedures",4758
2013-01-01,"Against justice procedures",4826
2013-02-01,"Against justice procedures",4268
2013-03-01,"Against justice procedures",4793
2013-04-01,"Against justice procedures",4475
2013-05-01,"Against justice procedures",4463
2013-06-01,"Against justice procedures",4395
2013-07-01,"Against justice procedures",4051
2013-08-01,"Against justice procedures",4327
2013-09-01,"Against justice procedures",4227
2013-10-01,"Against justice procedures",4519
2013-11-01,"Against justice procedures",4393
2013-12-01,"Against justice procedures",4948
2014-01-01,"Against justice procedures",4823
2014-02-01,"Against justice procedures",4216
2014-03-01,"Against justice procedures",4913
2014-04-01,"Against justice procedures",4338
2014-05-01,"Against justice procedures",4299
2014-06-01,"Against justice procedures",4087
2014-07-01,"Against justice procedures",4104
2014-08-01,"Against justice procedures",4681
2014-09-01,"Against justice procedures",3965
2014-10-01,"Against justice procedures",4615
2014-11-01,"Against justice procedures",4625
2014-12-01,"Against justice procedures",5115
2015-01-01,"Against justice procedures",5496
2015-02-01,"Against justice procedures",4576
2015-03-01,"Against justice procedures",5156
2015-04-01,"Against justice procedures",4650
2015-05-01,"Against justice procedures",4940
2015-06-01,"Against justice procedures",4653
2015-07-01,"Against justice procedures",4707
2015-08-01,"Against justice procedures",4977
2015-09-01,"Against justice procedures",4813
2015-10-01,"Against justice procedures",5008
2015-11-01,"Against justice procedures",4821
2015-12-01,"Against justice procedures",5375
2016-01-01,"Against justice procedures",5966
2016-02-01,"Against justice procedures",5253
2016-03-01,"Against justice procedures",5698
2016-04-01,"Against justice procedures",5415
2016-05-01,"Against justice procedures",5347
2016-06-01,"Against justice procedures",5046
2016-07-01,"Against justice procedures",5051
2016-08-01,"Against justice procedures",5208
2016-09-01,"Against justice procedures",5406
2016-10-01,"Against justice procedures",5476
2016-11-01,"Against justice procedures",5722
2016-12-01,"Against justice procedures",6247
2017-01-01,"Against justice procedures",6041
2017-02-01,"Against justice procedures",5069
2017-03-01,"Against justice procedures",5535
2017-04-01,"Against justice procedures",5191
2017-05-01,"Against justice procedures",5303
2017-06-01,"Against justice procedures",5231
2017-07-01,"Against justice procedures",4992
2017-08-01,"Against justice procedures",5075
2017-09-01,"Against justice procedures",4929
2017-10-01,"Against justice procedures",5320
2017-11-01,"Against justice procedures",5220
2017-12-01,"Against justice procedures",6168
2018-01-01,"Against justice procedures",6035
2018-02-01,"Against justice procedures",5672
2018-03-01,"Against justice procedures",5835
2018-04-01,"Against justice procedures",5415
2018-05-01,"Against justice procedures",5260
2018-06-01,"Against justice procedures",5098
2018-07-01,"Against justice procedures",4892
2018-08-01,"Against justice procedures",5175
2018-09-01,"Against justice procedures",5229
2018-10-01,"Against justice procedures",5522
2018-11-01,"Against justice procedures",5519
2018-12-01,"Against justice procedures",6449
2019-01-01,"Against justice procedures",6682
2019-02-01,"Against justice procedures",5772
2019-03-01,"Against justice procedures",6136
2019-04-01,"Against justice procedures",5985
2019-05-01,"Against justice procedures",6051
2019-06-01,"Against justice procedures",6032
2019-07-01,"Against justice procedures",5947
2019-08-01,"Against justice procedures",6274
2019-09-01,"Against justice procedures",5871
2019-10-01,"Against justice procedures",6626
2019-11-01,"Against justice procedures",6146
2019-12-01,"Against justice procedures",7057
2020-01-01,"Against justice procedures",6816
2020-02-01,"Against justice procedures",6521
2020-03-01,"Against justice procedures",7050
2020-04-01,"Against justice procedures",6887
2020-05-01,"Against justice procedures",6987
2020-06-01,"Against justice procedures",6607
2020-07-01,"Against justice procedures",6383
2020-08-01,"Against justice procedures",6397
2020-09-01,"Against justice procedures",6141
2020-10-01,"Against justice procedures",6450
2020-11-01,"Against justice procedures",6426
2020-12-01,"Against justice procedures",7401
2021-01-01,"Against justice procedures",7048
2021-02-01,"Against justice procedures",6705
2021-03-01,"Against justice procedures",6976
2021-04-01,"Against justice procedures",6911
2021-05-01,"Against justice procedures",6552
2021-06-01,"Against justice procedures",6482
2021-07-01,"Against justice procedures",6081
2021-08-01,"Against justice procedures",6566
2021-09-01,"Against justice procedures",6483
2021-10-01,"Against justice procedures",7024
2021-11-01,"Against justice procedures",7249
2021-12-01,"Against justice procedures",6953
2022-01-01,"Against justice procedures",7635
2022-02-01,"Against justice procedures",6598
2022-03-01,"Against justice procedures",7388
2022-04-01,"Against justice procedures",6930
2022-05-01,"Against justice procedures",7105
2022-06-01,"Against justice procedures",6759
2022-07-01,"Against justice procedures",7046
2022-08-01,"Against justice procedures",7228
2022-09-01,"Against justice procedures",6591
2022-10-01,"Against justice procedures",7148
2022-11-01,"Against justice procedures",6830
2022-12-01,"Against justice procedures",7882
2023-01-01,"Against justice procedures",7607
2023-02-01,"Against justice procedures",6988
2023-03-01,"Against justice procedures",7600
2023-04-01,"Against justice procedures",6924
2023-05-01,"Against justice procedures",7064
2023-06-01,"Against justice procedures",7059
2023-07-01,"Against justice procedures",6730
2023-08-01,"Against justice procedures",7159
2023-09-01,"Against justice procedures",6943
2023-10-01,"Against justice procedures",7113
2023-11-01,"Against justice procedures",7223
2023-12-01,"Against justice procedures",7673
1995-01-01,"Arson",268
1995-02-01,"Arson",198
1995-03-01,"Arson",209
1995-04-01,"Arson",252
1995-05-01,"Arson",231
1995-06-01,"Arson",229
1995-07-01,"Arson",280
1995-08-01,"Arson",304
1995-09-01,"Arson",273
1995-10-01,"Arson",329
1995-11-01,"Arson",269
1995-12-01,"Arson",332
1996-01-01,"Arson",316
1996-02-01,"Arson",345
1996-03-01,"Arson",323
1996-04-01,"Arson",318
1996-05-01,"Arson",333
1996-06-01,"Arson",386
1996-07-01,"Arson",378
1996-08-01,"Arson",464
1996-09-01,"Arson",407
1996-10-01,"Arson",440
1996-11-01,"Arson",409
1996-12-01,"Arson",356
1997-01-01,"Arson",394
1997-02-01,"Arson",386
1997-03-01,"Arson",424
1997-04-01,"Arson",357
1997-05-01,"Arson",350
1997-06-01,"Arson",361
1997-07-01,"Arson",386
1997-08-01,"Arson",383
1997-09-01,"Arson",382
1997-10-01,"Arson",481
1997-11-01,"Arson",443
1997-12-01,"Arson",436
1998-01-01,"Arson",370
1998-02-01,"Arson",385
1998-03-01,"Arson",417
1998-04-01,"Arson",330
1998-05-01,"Arson",389
1998-06-01,"Arson",389
1998-07-01,"Arson",439
1998-08-01,"Arson",426
1998-09-01,"Arson",343
1998-10-01,"Arson",474
1998-11-01,"Arson",375
1998-12-01,"Arson",368
1999-01-01,"Arson",394
1999-02-01,"Arson",344
1999-03-01,"Arson",390
1999-04-01,"Arson",385
1999-05-01,"Arson",455
1999-06-01,"Arson",401
1999-07-01,"Arson",416
1999-08-01,"Arson",471
1999-09-01,"Arson",451
1999-10-01,"Arson",441
1999-11-01,"Arson",422
1999-12-01,"Arson",400
2000-01-01,"Arson",511
2000-02-01,"Arson",423
2000-03-01,"Arson",383
2000-04-01,"Arson",440
2000-05-01,"Arson",463
2000-06-01,"Arson",487
2000-07-01,"Arson",585
2000-08-01,"Arson",592
2000-09-01,"Arson",652
2000-10-01,"Arson",614
2000-11-01,"Arson",519
2000-12-01,"Arson",508
2001-01-01,"Arson",598
2001-02-01,"Arson",452
2001-03-01,"Arson",535
2001-04-01,"Arson",529
2001-05-01,"Arson",592
2001-06-01,"Arson",664
2001-07-01,"Arson",739
2001-08-01,"Arson",685
2001-09-01,"Arson",626
2001-10-01,"Arson",780
2001-11-01,"Arson",626
2001-12-01,"Arson",601
2002-01-01,"Arson",672
2002-02-01,"Arson",432
2002-03-01,"Arson",529
2002-04-01,"Arson",513
2002-05-01,"Arson",505
2002-06-01,"Arson",493
2002-07-01,"Arson",647
2002-08-01,"Arson",614
2002-09-01,"Arson",644
2002-10-01,"Arson",698
2002-11-01,"Arson",597
2002-12-01,"Arson",499
2003-01-01,"Arson",510
2003-02-01,"Arson",391
2003-03-01,"Arson",444
2003-04-01,"Arson",397
2003-05-01,"Arson",432
2003-06-01,"Arson",439
2003-07-01,"Arson",507
2003-08-01,"Arson",424
2003-09-01,"Arson",551
2003-10-01,"Arson",465
2003-11-01,"Arson",500
2003-12-01,"Arson",398
2004-01-01,"Arson",503
2004-02-01,"Arson",484
2004-03-01,"Arson",528
2004-04-01,"Arson",458
2004-05-01,"Arson",568
2004-06-01,"Arson",520
2004-07-01,"Arson",577
2004-08-01,"Arson",566
2004-09-01,"Arson",566
2004-10-01,"Arson",488
2004-11-01,"Arson",486
2004-12-01,"Arson",487
2005-01-01,"Arson",573
2005-02-01,"Arson",455
2005-03-01,"Arson",526
2005-04-01,"Arson",503
2005-05-01,"Arson",525
2005-06-01,"Arson",483
2005-07-01,"Arson",554
2005-08-01,"Arson",559
2005-09-01,"Arson",516
2005-10-01,"Arson",614
2005-11-01,"Arson",589
2005-12-01,"Arson",627
2006-01-01,"Arson",559
2006-02-01,"Arson",520
2006-03-01,"Arson",551
2006-04-01,"Arson",619
2006-05-01,"Arson",667
2006-06-01,"Arson",561
2006-07-01,"Arson",701
2006-08-01,"Arson",744
2006-09-01,"Arson",695
2006-10-01,"Arson",829
2006-11-01,"Arson",698
2006-12-01,"Arson",650
2007-01-01,"Arson",713
2007-02-01,"Arson",548
2007-03-01,"Arson",545
2007-04-01,"Arson",559
2007-05-01,"Arson",541
2007-06-01,"Arson",513
2007-07-01,"Arson",644
2007-08-01,"Arson",597
2007-09-01,"Arson",621
2007-10-01,"Arson",711
2007-11-01,"Arson",541
2007-12-01,"Arson",577
2008-01-01,"Arson",608
2008-02-01,"Arson",514
2008-03-01,"Arson",626
2008-04-01,"Arson",592
2008-05-01,"Arson",632
2008-06-01,"Arson",619
2008-07-01,"Arson",674
2008-08-01,"Arson",609
2008-09-01,"Arson",633
2008-10-01,"Arson",610
2008-11-01,"Arson",629
2008-12-01,"Arson",553
2009-01-01,"Arson",739
2009-02-01,"Arson",569
2009-03-01,"Arson",528
2009-04-01,"Arson",538
2009-05-01,"Arson",591
2009-06-01,"Arson",524
2009-07-01,"Arson",539
2009-08-01,"Arson",646
2009-09-01,"Arson",649
2009-10-01,"Arson",645
2009-11-01,"Arson",642
2009-12-01,"Arson",634
2010-01-01,"Arson",602
2010-02-01,"Arson",433
2010-03-01,"Arson",488
2010-04-01,"Arson",495
2010-05-01,"Arson",493
2010-06-01,"Arson",465
2010-07-01,"Arson",472
2010-08-01,"Arson",503
2010-09-01,"Arson",509
2010-10-01,"Arson",490
2010-11-01,"Arson",427
2010-12-01,"Arson",492
2011-01-01,"Arson",533
2011-02-01,"Arson",494
2011-03-01,"Arson",480
2011-04-01,"Arson",488
2011-05-01,"Arson",481
2011-06-01,"Arson",486
2011-07-01,"Arson",482
2011-08-01,"Arson",486
2011-09-01,"Arson",571
2011-10-01,"Arson",504
2011-11-01,"Arson",536
2011-12-01,"Arson",590
2012-01-01,"Arson",607
2012-02-01,"Arson",441
2012-03-01,"Arson",548
2012-04-01,"Arson",587
2012-05-01,"Arson",624
2012-06-01,"Arson",499
2012-07-01,"Arson",523
2012-08-01,"Arson",665
2012-09-01,"Arson",738
2012-10-01,"Arson",665
2012-11-01,"Arson",580
2012-12-01,"Arson",579
2013-01-01,"Arson",756
2013-02-01,"Arson",383
2013-03-01,"Arson",522
2013-04-01,"Arson",481
2013-05-01,"Arson",558
2013-06-01,"Arson",541
2013-07-01,"Arson",567
2013-08-01,"Arson",691
2013-09-01,"Arson",717
2013-10-01,"Arson",725
2013-11-01,"Arson",444
2013-12-01,"Arson",475
2014-01-01,"Arson",570
2014-02-01,"Arson",417
2014-03-01,"Arson",457
2014-04-01,"Arson",401
2014-05-01,"Arson",422
2014-06-01,"Arson",398
2014-07-01,"Arson",493
2014-08-01,"Arson",509
2014-09-01,"Arson",492
2014-10-01,"Arson",481
2014-11-01,"Arson",535
2014-12-01,"Arson",456
2015-01-01,"Arson",426
2015-02-01,"Arson",349
2015-03-01,"Arson",472
2015-04-01,"Arson",342
2015-05-01,"Arson",350
2015-06-01,"Arson",374
2015-07-01,"Arson",394
2015-08-01,"Arson",493
2015-09-01,"Arson",461
2015-10-01,"Arson",516
2015-11-01,"Arson",404
2015-12-01,"Arson",452
2016-01-01,"Arson",450
2016-02-01,"Arson",410
2016-03-01,"Arson",454
2016-04-01,"Arson",478
2016-05-01,"Arson",472
2016-06-01,"Arson",375
2016-07-01,"Arson",475
2016-08-01,"Arson",447
2016-09-01,"Arson",424
2016-10-01,"Arson",530
2016-11-01,"Arson",522
2016-12-01,"Arson",562
2017-01-01,"Arson",538
2017-02-01,"Arson",455
2017-03-01,"Arson",405
2017-04-01,"Arson",446
2017-05-01,"Arson",409
2017-06-01,"Arson",425
2017-07-01,"Arson",494
2017-08-01,"Arson",522
2017-09-01,"Arson",676
2017-10-01,"Arson",631
2017-11-01,"Arson",447
2017-12-01,"Arson",447
2018-01-01,"Arson",563
2018-02-01,"Arson",397
2018-03-01,"Arson",463
2018-04-01,"Arson",395
2018-05-01,"Arson",423
2018-06-01,"Arson",365
2018-07-01,"Arson",508
2018-08-01,"Arson",551
2018-09-01,"Arson",506
2018-10-01,"Arson",427
2018-11-01,"Arson",389
2018-12-01,"Arson",379
2019-01-01,"Arson",430
2019-02-01,"Arson",355
2019-03-01,"Arson",397
2019-04-01,"Arson",396
2019-05-01,"Arson",369
2019-06-01,"Arson",381
2019-07-01,"Arson",439
2019-08-01,"Arson",522
2019-09-01,"Arson",491
2019-10-01,"Arson",449
2019-11-01,"Arson",504
2019-12-01,"Arson",481
2020-01-01,"Arson",331
2020-02-01,"Arson",268
2020-03-01,"Arson",343
2020-04-01,"Arson",297
2020-05-01,"Arson",316
2020-06-01,"Arson",324
2020-07-01,"Arson",342
2020-08-01,"Arson",354
2020-09-01,"Arson",341
2020-10-01,"Arson",340
2020-11-01,"Arson",371
2020-12-01,"Arson",312
2021-01-01,"Arson",353
2021-02-01,"Arson",312
2021-03-01,"Arson",289
2021-04-01,"Arson",305
2021-05-01,"Arson",354
2021-06-01,"Arson",304
2021-07-01,"Arson",322
2021-08-01,"Arson",381
2021-09-01,"Arson",286
2021-10-01,"Arson",299
2021-11-01,"Arson",288
2021-12-01,"Arson",290
2022-01-01,"Arson",264
2022-02-01,"Arson",239
2022-03-01,"Arson",297
2022-04-01,"Arson",300
2022-05-01,"Arson",227
2022-06-01,"Arson",267
2022-07-01,"Arson",285
2022-08-01,"Arson",288
2022-09-01,"Arson",251
2022-10-01,"Arson",280
2022-11-01,"Arson",297
2022-12-01,"Arson",359
2023-01-01,"Arson",348
2023-02-01,"Arson",352
2023-03-01,"Arson",376
2023-04-01,"Arson",273
2023-05-01,"Arson",296
2023-06-01,"Arson",384
2023-07-01,"Arson",445
2023-08-01,"Arson",408
2023-09-01,"Arson",545
2023-10-01,"Arson",481
2023-11-01,"Arson",305
2023-12-01,"Arson",360
1995-01-01,"Assault",3222
1995-02-01,"Assault",3045
1995-03-01,"Assault",3187
1995-04-01,"Assault",2973
1995-05-01,"Assault",2860
1995-06-01,"Assault",2890
1995-07-01,"Assault",2929
1995-08-01,"Assault",3182
1995-09-01,"Assault",3256
1995-10-01,"Assault",3583
1995-11-01,"Assault",3541
1995-12-01,"Assault",4086
1996-01-01,"Assault",3911
1996-02-01,"Assault",3622
1996-03-01,"Assault",4140
1996-04-01,"Assault",3480
1996-05-01,"Assault",3700
1996-06-01,"Assault",3951
1996-07-01,"Assault",3555
1996-08-01,"Assault",3949
1996-09-01,"Assault",4152
1996-10-01,"Assault",4269
1996-11-01,"Assault",4435
1996-12-01,"Assault",5049
1997-01-01,"Assault",4531
1997-02-01,"Assault",4432
1997-03-01,"Assault",4959
1997-04-01,"Assault",4040
1997-05-01,"Assault",3926
1997-06-01,"Assault",3878
1997-07-01,"Assault",3877
1997-08-01,"Assault",4319
1997-09-01,"Assault",4267
1997-10-01,"Assault",4649
1997-11-01,"Assault",5031
1997-12-01,"Assault",5585
1998-01-01,"Assault",5291
1998-02-01,"Assault",4719
1998-03-01,"Assault",5155
1998-04-01,"Assault",4294
1998-05-01,"Assault",4524
1998-06-01,"Assault",4192
1998-07-01,"Assault",4447
1998-08-01,"Assault",4697
1998-09-01,"Assault",4730
1998-10-01,"Assault",4992
1998-11-01,"Assault",5118
1998-12-01,"Assault",5529
1999-01-01,"Assault",5649
1999-02-01,"Assault",4960
1999-03-01,"Assault",5140
1999-04-01,"Assault",4366
1999-05-01,"Assault",4554
1999-06-01,"Assault",4085
1999-07-01,"Assault",4306
1999-08-01,"Assault",4588
1999-09-01,"Assault",4691
1999-10-01,"Assault",4902
1999-11-01,"Assault",4879
1999-12-01,"Assault",5366
2000-01-01,"Assault",5530
2000-02-01,"Assault",5043
2000-03-01,"Assault",5534
2000-04-01,"Assault",4906
2000-05-01,"Assault",4598
2000-06-01,"Assault",4691
2000-07-01,"Assault",4836
2000-08-01,"Assault",4910
2000-09-01,"Assault",4836
2000-10-01,"Assault",5203
2000-11-01,"Assault",5352
2000-12-01,"Assault",6088
2001-01-01,"Assault",6172
2001-02-01,"Assault",5799
2001-03-01,"Assault",5910
2001-04-01,"Assault",5150
2001-05-01,"Assault",4989
2001-06-01,"Assault",5292
2001-07-01,"Assault",4956
2001-08-01,"Assault",5285
2001-09-01,"Assault",5695
2001-10-01,"Assault",6031
2001-11-01,"Assault",5919
2001-12-01,"Assault",6550
2002-01-01,"Assault",6480
2002-02-01,"Assault",5689
2002-03-01,"Assault",6271
2002-04-01,"Assault",5421
2002-05-01,"Assault",5451
2002-06-01,"Assault",5271
2002-07-01,"Assault",5200
2002-08-01,"Assault",5597
2002-09-01,"Assault",5856
2002-10-01,"Assault",6155
2002-11-01,"Assault",6553
2002-12-01,"Assault",6802
2003-01-01,"Assault",6741
2003-02-01,"Assault",6366
2003-03-01,"Assault",6692
2003-04-01,"Assault",5435
2003-05-01,"Assault",5615
2003-06-01,"Assault",5580
2003-07-01,"Assault",5164
2003-08-01,"Assault",5302
2003-09-01,"Assault",5703
2003-10-01,"Assault",5668
2003-11-01,"Assault",5985
2003-12-01,"Assault",6541
2004-01-01,"Assault",6177
2004-02-01,"Assault",5994
2004-03-01,"Assault",6023
2004-04-01,"Assault",5191
2004-05-01,"Assault",5191
2004-06-01,"Assault",5132
2004-07-01,"Assault",5238
2004-08-01,"Assault",5448
2004-09-01,"Assault",5329
2004-10-01,"Assault",5899
2004-11-01,"Assault",5965
2004-12-01,"Assault",6449
2005-01-01,"Assault",6449
2005-02-01,"Assault",5718
2005-03-01,"Assault",6249
2005-04-01,"Assault",5515
2005-05-01,"Assault",5393
2005-06-01,"Assault",5157
2005-07-01,"Assault",5423
2005-08-01,"Assault",5319
2005-09-01,"Assault",5414
2005-10-01,"Assault",5918
2005-11-01,"Assault",6104
2005-12-01,"Assault",6709
2006-01-01,"Assault",6410
2006-02-01,"Assault",6124
2006-03-01,"Assault",6452
2006-04-01,"Assault",5442
2006-05-01,"Assault",5232
2006-06-01,"Assault",5096
2006-07-01,"Assault",5386
2006-08-01,"Assault",5445
2006-09-01,"Assault",5618
2006-10-01,"Assault",5945
2006-11-01,"Assault",6125
2006-12-01,"Assault",6723
2007-01-01,"Assault",6403
2007-02-01,"Assault",6003
2007-03-01,"Assault",6915
2007-04-01,"Assault",5849
2007-05-01,"Assault",5811
2007-06-01,"Assault",5161
2007-07-01,"Assault",5333
2007-08-01,"Assault",5652
2007-09-01,"Assault",5780
2007-10-01,"Assault",5788
2007-11-01,"Assault",6082
2007-12-01,"Assault",6596
2008-01-01,"Assault",6478
2008-02-01,"Assault",6042
2008-03-01,"Assault",6575
2008-04-01,"Assault",5220
2008-05-01,"Assault",5886
2008-06-01,"Assault",5411
2008-07-01,"Assault",5254
2008-08-01,"Assault",5725
2008-09-01,"Assault",5730
2008-10-01,"Assault",6187
2008-11-01,"Assault",6412
2008-12-01,"Assault",6317
2009-01-01,"Assault",6602
2009-02-01,"Assault",5878
2009-03-01,"Assault",6355
2009-04-01,"Assault",5478
2009-05-01,"Assault",5480
2009-06-01,"Assault",5073
2009-07-01,"Assault",5007
2009-08-01,"Assault",5669
2009-09-01,"Assault",5488
2009-10-01,"Assault",5847
2009-11-01,"Assault",6231
2009-12-01,"Assault",6514
2010-01-01,"Assault",6672
2010-02-01,"Assault",5807
2010-03-01,"Assault",6226
2010-04-01,"Assault",5209
2010-05-01,"Assault",5304
2010-06-01,"Assault",5143
2010-07-01,"Assault",5055
2010-08-01,"Assault",5458
2010-09-01,"Assault",5494
2010-10-01,"Assault",5764
2010-11-01,"Assault",5816
2010-12-01,"Assault",6435
2011-01-01,"Assault",6541
2011-02-01,"Assault",5756
2011-03-01,"Assault",6168
2011-04-01,"Assault",5375
2011-05-01,"Assault",5165
2011-06-01,"Assault",5204
2011-07-01,"Assault",5143
2011-08-01,"Assault",5237
2011-09-01,"Assault",5232
2011-10-01,"Assault",5650
2011-11-01,"Assault",5476
2011-12-01,"Assault",5814
2012-01-01,"Assault",6006
2012-02-01,"Assault",5511
2012-03-01,"Assault",5693
2012-04-01,"Assault",5379
2012-05-01,"Assault",5064
2012-06-01,"Assault",4727
2012-07-01,"Assault",4984
2012-08-01,"Assault",5252
2012-09-01,"Assault",5339
2012-10-01,"Assault",5425
2012-11-01,"Assault",5666
2012-12-01,"Assault",6304
2013-01-01,"Assault",6002
2013-02-01,"Assault",5211
2013-03-01,"Assault",6041
2013-04-01,"Assault",4970
2013-05-01,"Assault",5090
2013-06-01,"Assault",5014
2013-07-01,"Assault",4810
2013-08-01,"Assault",5204
2013-09-01,"Assault",5264
2013-10-01,"Assault",5509
2013-11-01,"Assault",5564
2013-12-01,"Assault",6471
2014-01-01,"Assault",6029
2014-02-01,"Assault",5169
2014-03-01,"Assault",5902
2014-04-01,"Assault",4969
2014-05-01,"Assault",5109
2014-06-01,"Assault",4594
2014-07-01,"Assault",4600
2014-08-01,"Assault",4875
2014-09-01,"Assault",5011
2014-10-01,"Assault",5525
2014-11-01,"Assault",5772
2014-12-01,"Assault",5919
2015-01-01,"Assault",5803
2015-02-01,"Assault",5247
2015-03-01,"Assault",5564
2015-04-01,"Assault",4783
2015-05-01,"Assault",5007
2015-06-01,"Assault",4645
2015-07-01,"Assault",4568
2015-08-01,"Assault",4953
2015-09-01,"Assault",4748
2015-10-01,"Assault",5467
2015-11-01,"Assault",5797
2015-12-01,"Assault",5864
2016-01-01,"Assault",5717
2016-02-01,"Assault",5506
2016-03-01,"Assault",5806
2016-04-01,"Assault",5138
2016-05-01,"Assault",4991
2016-06-01,"Assault",4580
2016-07-01,"Assault",4740
2016-08-01,"Assault",4719
2016-09-01,"Assault",4980
2016-10-01,"Assault",5356
2016-11-01,"Assault",5583
2016-12-01,"Assault",6109
2017-01-01,"Assault",6009
2017-02-01,"Assault",5339
2017-03-01,"Assault",5657
2017-04-01,"Assault",5026
2017-05-01,"Assault",4938
2017-06-01,"Assault",4706
2017-07-01,"Assault",4523
2017-08-01,"Assault",4700
2017-09-01,"Assault",4916
2017-10-01,"Assault",5622
2017-11-01,"Assault",5431
2017-12-01,"Assault",6173
2018-01-01,"Assault",5968
2018-02-01,"Assault",5268
2018-03-01,"Assault",5830
2018-04-01,"Assault",5123
2018-05-01,"Assault",4885
2018-06-01,"Assault",4803
2018-07-01,"Assault",4712
2018-08-01,"Assault",4952
2018-09-01,"Assault",5148
2018-10-01,"Assault",5303
2018-11-01,"Assault",5606
2018-12-01,"Assault",6493
2019-01-01,"Assault",6100
2019-02-01,"Assault",5317
2019-03-01,"Assault",5878
2019-04-01,"Assault",5260
2019-05-01,"Assault",5123
2019-06-01,"Assault",4970
2019-07-01,"Assault",4981
2019-08-01,"Assault",5312
2019-09-01,"Assault",5374
2019-10-01,"Assault",5686
2019-11-01,"Assault",5941
2019-12-01,"Assault",6300
2020-01-01,"Assault",6082
2020-02-01,"Assault",5540
2020-03-01,"Assault",5604
2020-04-01,"Assault",4035
2020-05-01,"Assault",4510
2020-06-01,"Assault",5302
2020-07-01,"Assault",4804
2020-08-01,"Assault",5253
2020-09-01,"Assault",5378
2020-10-01,"Assault",5687
2020-11-01,"Assault",5966
2020-12-01,"Assault",6196
2021-01-01,"Assault",5837
2021-02-01,"Assault",5436
2021-03-01,"Assault",5629
2021-04-01,"Assault",5452
2021-05-01,"Assault",5576
2021-06-01,"Assault",5199
2021-07-01,"Assault",4539
2021-08-01,"Assault",4182
2021-09-01,"Assault",4210
2021-10-01,"Assault",5150
2021-11-01,"Assault",5723
2021-12-01,"Assault",6151
2022-01-01,"Assault",5586
2022-02-01,"Assault",5382
2022-03-01,"Assault",5962
2022-04-01,"Assault",5240
2022-05-01,"Assault",5430
2022-06-01,"Assault",5024
2022-07-01,"Assault",5292
2022-08-01,"Assault",5809
2022-09-01,"Assault",5515
2022-10-01,"Assault",6060
2022-11-01,"Assault",6136
2022-12-01,"Assault",6276
2023-01-01,"Assault",6098
2023-02-01,"Assault",6149
2023-03-01,"Assault",6665
2023-04-01,"Assault",5453
2023-05-01,"Assault",5474
2023-06-01,"Assault",5675
2023-07-01,"Assault",5658
2023-08-01,"Assault",6258
2023-09-01,"Assault",5995
2023-10-01,"Assault",6245
2023-11-01,"Assault",6263
2023-12-01,"Assault",6848
1995-01-01,"Betting and gaming offences",3
1995-02-01,"Betting and gaming offences",3
1995-03-01,"Betting and gaming offences",6
1995-04-01,"Betting and gaming offences",8
1995-05-01,"Betting and gaming offences",4
1995-06-01,"Betting and gaming offences",7
1995-07-01,"Betting and gaming offences",5
1995-08-01,"Betting and gaming offences",2
1995-09-01,"Betting and gaming offences",3
1995-10-01,"Betting and gaming offences",4
1995-11-01,"Betting and gaming offences",2
1995-12-01,"Betting and gaming offences",5
1996-01-01,"Betting and gaming offences",5
1996-02-01,"Betting and gaming offences",5
1996-03-01,"Betting and gaming offences",7
1996-04-01,"Betting and gaming offences",11
1996-05-01,"Betting and gaming offences",10
1996-06-01,"Betting and gaming offences",15
1996-07-01,"Betting and gaming offences",11
1996-08-01,"Betting and gaming offences",12
1996-09-01,"Betting and gaming offences",10
1996-10-01,"Betting and gaming offences",11
1996-11-01,"Betting and gaming offences",12
1996-12-01,"Betting and gaming offences",18
1997-01-01,"Betting and gaming offences",28
1997-02-01,"Betting and gaming offences",3
1997-03-01,"Betting and gaming offences",6
1997-04-01,"Betting and gaming offences",7
1997-05-01,"Betting and gaming offences",3
1997-06-01,"Betting and gaming offences",6
1997-07-01,"Betting and gaming offences",4
1997-08-01,"Betting and gaming offences",5
1997-09-01,"Betting and gaming offences",4
1997-10-01,"Betting and gaming offences",4
1997-11-01,"Betting and gaming offences",3
1997-12-01,"Betting and gaming offences",2
1998-01-01,"Betting and gaming offences",1
1998-02-01,"Betting and gaming offences",6
1998-03-01,"Betting and gaming offences",0
1998-04-01,"Betting and gaming offences",3
1998-05-01,"Betting and gaming offences",5
1998-06-01,"Betting and gaming offences",1
1998-07-01,"Betting and gaming offences",1
1998-08-01,"Betting and gaming offences",1
1998-09-01,"Betting and gaming offences",5
1998-10-01,"Betting and gaming offences",3
1998-11-01,"Betting and gaming offences",1
1998-12-01,"Betting and gaming offences",1
1999-01-01,"Betting and gaming offences",1
1999-02-01,"Betting and gaming offences",1
1999-03-01,"Betting and gaming offences",2
1999-04-01,"Betting and gaming offences",1
1999-05-01,"Betting and gaming offences",0
1999-06-01,"Betting and gaming offences",3
1999-07-01,"Betting and gaming offences",1
1999-08-01,"Betting and gaming offences",1
1999-09-01,"Betting and gaming offences",1
1999-10-01,"Betting and gaming offences",1
1999-11-01,"Betting and gaming offences",1
1999-12-01,"Betting and gaming offences",0
2000-01-01,"Betting and gaming offences",0
2000-02-01,"Betting and gaming offences",2
2000-03-01,"Betting and gaming offences",3
2000-04-01,"Betting and gaming offences",0
2000-05-01,"Betting and gaming offences",0
2000-06-01,"Betting and gaming offences",2
2000-07-01,"Betting and gaming offences",1
2000-08-01,"Betting and gaming offences",0
2000-09-01,"Betting and gaming offences",0
2000-10-01,"Betting and gaming offences",1
2000-11-01,"Betting and gaming offences",0
2000-12-01,"Betting and gaming offences",1
2001-01-01,"Betting and gaming offences",1
2001-02-01,"Betting and gaming offences",1
2001-03-01,"Betting and gaming offences",1
2001-04-01,"Betting and gaming offences",0
2001-05-01,"Betting and gaming offences",0
2001-06-01,"Betting and gaming offences",0
2001-07-01,"Betting and gaming offences",1
2001-08-01,"Betting and gaming offences",1
2001-09-01,"Betting and gaming offences",6
2001-10-01,"Betting and gaming offences",4
2001-11-01,"Betting and gaming offences",7
2001-12-01,"Betting and gaming offences",3
2002-01-01,"Betting and gaming offences",0
2002-02-01,"Betting and gaming offences",3
2002-03-01,"Betting and gaming offences",2
2002-04-01,"Betting and gaming offences",12
2002-05-01,"Betting and gaming offences",2
2002-06-01,"Betting and gaming offences",1
2002-07-01,"Betting and gaming offences",4
2002-08-01,"Betting and gaming offences",7
2002-09-01,"Betting and gaming offences",3
2002-10-01,"Betting and gaming offences",6
2002-11-01,"Betting and gaming offences",21
2002-12-01,"Betting and gaming offences",14
2003-01-01,"Betting and gaming offences",3
2003-02-01,"Betting and gaming offences",6
2003-03-01,"Betting and gaming offences",40
2003-04-01,"Betting and gaming offences",22
2003-05-01,"Betting and gaming offences",31
2003-06-01,"Betting and gaming offences",5
2003-07-01,"Betting and gaming offences",6
2003-08-01,"Betting and gaming offences",14
2003-09-01,"Betting and gaming offences",8
2003-10-01,"Betting and gaming offences",8
2003-11-01,"Betting and gaming offences",11
2003-12-01,"Betting and gaming offences",14
2004-01-01,"Betting and gaming offences",8
2004-02-01,"Betting and gaming offences",4
2004-03-01,"Betting and gaming offences",5
2004-04-01,"Betting and gaming offences",7
2004-05-01,"Betting and gaming offences",13
2004-06-01,"Betting and gaming offences",33
2004-07-01,"Betting and gaming offences",28
2004-08-01,"Betting and gaming offences",50
2004-09-01,"Betting and gaming offences",11
2004-10-01,"Betting and gaming offences",13
2004-11-01,"Betting and gaming offences",16
2004-12-01,"Betting and gaming offences",23
2005-01-01,"Betting and gaming offences",8
2005-02-01,"Betting and gaming offences",11
2005-03-01,"Betting and gaming offences",6
2005-04-01,"Betting and gaming offences",18
2005-05-01,"Betting and gaming offences",10
2005-06-01,"Betting and gaming offences",9
2005-07-01,"Betting and gaming offences",19
2005-08-01,"Betting and gaming offences",13
2005-09-01,"Betting and gaming offences",7
2005-10-01,"Betting and gaming offences",9
2005-11-01,"Betting and gaming offences",2
2005-12-01,"Betting and gaming offences",22
2006-01-01,"Betting and gaming offences",14
2006-02-01,"Betting and gaming offences",9
2006-03-01,"Betting and gaming offences",27
2006-04-01,"Betting and gaming offences",42
2006-05-01,"Betting and gaming offences",42
2006-06-01,"Betting and gaming offences",49
2006-07-01,"Betting and gaming offences",9
2006-08-01,"Betting and gaming offences",44
2006-09-01,"Betting and gaming offences",21
2006-10-01,"Betting and gaming offences",14
2006-11-01,"Betting and gaming offences",88
2006-12-01,"Betting and gaming offences",36
2007-01-01,"Betting and gaming offences",19
2007-02-01,"Betting and gaming offences",26
2007-03-01,"Betting and gaming offences",51
2007-04-01,"Betting and gaming offences",23
2007-05-01,"Betting and gaming offences",22
2007-06-01,"Betting and gaming offences",34
2007-07-01,"Betting and gaming offences",31
2007-08-01,"Betting and gaming offences",39
2007-09-01,"Betting and gaming offences",19
2007-10-01,"Betting and gaming offences",13
2007-11-01,"Betting and gaming offences",31
2007-12-01,"Betting and gaming offences",21
2008-01-01,"Betting and gaming offences",14
2008-02-01,"Betting and gaming offences",37
2008-03-01,"Betting and gaming offences",44
2008-04-01,"Betting and gaming offences",20
2008-05-01,"Betting and gaming offences",30
2008-06-01,"Betting and gaming offences",38
2008-07-01,"Betting and gaming offences",11
2008-08-01,"Betting and gaming offences",39
2008-09-01,"Betting and gaming offences",6
2008-10-01,"Betting and gaming offences",30
2008-11-01,"Betting and gaming offences",21
2008-12-01,"Betting and gaming offences",21
2009-01-01,"Betting and gaming offences",33
2009-02-01,"Betting and gaming offences",21
2009-03-01,"Betting and gaming offences",34
2009-04-01,"Betting and gaming offences",13
2009-05-01,"Betting and gaming offences",20
2009-06-01,"Betting and gaming offences",34
2009-07-01,"Betting and gaming offences",20
2009-08-01,"Betting and gaming offences",33
2009-09-01,"Betting and gaming offences",33
2009-10-01,"Betting and gaming offences",34
2009-11-01,"Betting and gaming offences",8
2009-12-01,"Betting and gaming offences",62
2010-01-01,"Betting and gaming offences",18
2010-02-01,"Betting and gaming offences",12
2010-03-01,"Betting and gaming offences",9
2010-04-01,"Betting and gaming offences",8
2010-05-01,"Betting and gaming offences",4
2010-06-01,"Betting and gaming offences",5
2010-07-01,"Betting and gaming offences",33
2010-08-01,"Betting and gaming offences",30
2010-09-01,"Betting and gaming offences",27
2010-10-01,"Betting and gaming offences",42
2010-11-01,"Betting and gaming offences",13
2010-12-01,"Betting and gaming offences",30
2011-01-01,"Betting and gaming offences",5
2011-02-01,"Betting and gaming offences",2
2011-03-01,"Betting and gaming offences",10
2011-04-01,"Betting and gaming offences",10
2011-05-01,"Betting and gaming offences",15
2011-06-01,"Betting and gaming offences",17
2011-07-01,"Betting and gaming offences",7
2011-08-01,"Betting and gaming offences",13
2011-09-01,"Betting and gaming offences",7
2011-10-01,"Betting and gaming offences",5
2011-11-01,"Betting and gaming offences",15
2011-12-01,"Betting and gaming offences",23
2012-01-01,"Betting and gaming offences",14
2012-02-01,"Betting and gaming offences",12
2012-03-01,"Betting and gaming offences",13
2012-04-01,"Betting and gaming offences",25
2012-05-01,"Betting and gaming offences",7
2012-06-01,"Betting and gaming offences",5
2012-07-01,"Betting and gaming offences",7
2012-08-01,"Betting and gaming offences",9
2012-09-01,"Betting and gaming offences",9
2012-10-01,"Betting and gaming offences",2
2012-11-01,"Betting and gaming offences",2
2012-12-01,"Betting and gaming offences",20
2013-01-01,"Betting and gaming offences",9
2013-02-01,"Betting and gaming offences",5
2013-03-01,"Betting and gaming offences",7
2013-04-01,"Betting and gaming offences",11
2013-05-01,"Betting and gaming offences",5
2013-06-01,"Betting and gaming offences",10
2013-07-01,"Betting and gaming offences",8
2013-08-01,"Betting and gaming offences",7
2013-09-01,"Betting and gaming offences",5
2013-10-01,"Betting and gaming offences",10
2013-11-01,"Betting and gaming offences",6
2013-12-01,"Betting and gaming offences",7
2014-01-01,"Betting and gaming offences",9
2014-02-01,"Betting and gaming offences",7
2014-03-01,"Betting and gaming offences",11
2014-04-01,"Betting and gaming offences",6
2014-05-01,"Betting and gaming offences",11
2014-06-01,"Betting and gaming offences",19
2014-07-01,"Betting and gaming offences",7
2014-08-01,"Betting and gaming offences",2
2014-09-01,"Betting and gaming offences",9
2014-10-01,"Betting and gaming offences",16
2014-11-01,"Betting and gaming offences",4
2014-12-01,"Betting and gaming offences",14
2015-01-01,"Betting and gaming offences",8
2015-02-01,"Betting and gaming offences",4
2015-03-01,"Betting and gaming offences",5
2015-04-01,"Betting and gaming offences",19
2015-05-01,"Betting and gaming offences",2
2015-06-01,"Betting and gaming offences",2
2015-07-01,"Betting and gaming offences",2
2015-08-01,"Betting and gaming offences",4
2015-09-01,"Betting and gaming offences",6
2015-10-01,"Betting and gaming offences",4
2015-11-01,"Betting and gaming offences",4
2015-12-01,"Betting and gaming offences",5
2016-01-01,"Betting and gaming offences",47
2016-02-01,"Betting and gaming offences",38
2016-03-01,"Betting and gaming offences",30
2016-04-01,"Betting and gaming offences",5
2016-05-01,"Betting and gaming offences",2
2016-06-01,"Betting and gaming offences",6
2016-07-01,"Betting and gaming offences",25
2016-08-01,"Betting and gaming offences",10
2016-09-01,"Betting and gaming offences",2
2016-10-01,"Betting and gaming offences",6
2016-11-01,"Betting and gaming offences",5
2016-12-01,"Betting and gaming offences",12
2017-01-01,"Betting and gaming offences",18
2017-02-01,"Betting and gaming offences",5
2017-03-01,"Betting and gaming offences",2
2017-04-01,"Betting and gaming offences",9
2017-05-01,"Betting and gaming offences",2
2017-06-01,"Betting and gaming offences",3
2017-07-01,"Betting and gaming offences",4
2017-08-01,"Betting and gaming offences",4
2017-09-01,"Betting and gaming offences",2
2017-10-01,"Betting and gaming offences",5
2017-11-01,"Betting and gaming offences",5
2017-12-01,"Betting and gaming offences",21
2018-01-01,"Betting and gaming offences",4
2018-02-01,"Betting and gaming offences",1
2018-03-01,"Betting and gaming offences",7
2018-04-01,"Betting and gaming offences",13
2018-05-01,"Betting and gaming offences",21
2018-06-01,"Betting and gaming offences",2
2018-07-01,"Betting and gaming offences",12
2018-08-01,"Betting and gaming offences",6
2018-09-01,"Betting and gaming offences",10
2018-10-01,"Betting and gaming offences",4
2018-11-01,"Betting and gaming offences",7
2018-12-01,"Betting and gaming offences",30
2019-01-01,"Betting and gaming offences",44
2019-02-01,"Betting and gaming offences",11
2019-03-01,"Betting and gaming offences",24
2019-04-01,"Betting and gaming offences",13
2019-05-01,"Betting and gaming offences",7
2019-06-01,"Betting and gaming offences",12
2019-07-01,"Betting and gaming offences",10
2019-08-01,"Betting and gaming offences",3
2019-09-01,"Betting and gaming offences",3
2019-10-01,"Betting and gaming offences",4
2019-11-01,"Betting and gaming offences",6
2019-12-01,"Betting and gaming offences",9
2020-01-01,"Betting and gaming offences",12
2020-02-01,"Betting and gaming offences",4
2020-03-01,"Betting and gaming offences",4
2020-04-01,"Betting and gaming offences",1
2020-05-01,"Betting and gaming offences",2
2020-06-01,"Betting and gaming offences",4
2020-07-01,"Betting and gaming offences",4
2020-08-01,"Betting and gaming offences",4
2020-09-01,"Betting and gaming offences",5
2020-10-01,"Betting and gaming offences",9
2020-11-01,"Betting and gaming offences",11
2020-12-01,"Betting and gaming offences",13
2021-01-01,"Betting and gaming offences",6
2021-02-01,"Betting and gaming offences",11
2021-03-01,"Betting and gaming offences",6
2021-04-01,"Betting and gaming offences",4
2021-05-01,"Betting and gaming offences",9
2021-06-01,"Betting and gaming offences",2
2021-07-01,"Betting and gaming offences",2
2021-08-01,"Betting and gaming offences",3
2021-09-01,"Betting and gaming offences",0
2021-10-01,"Betting and gaming offences",6
2021-11-01,"Betting and gaming offences",6
2021-12-01,"Betting and gaming offences",2
2022-01-01,"Betting and gaming offences",18
2022-02-01,"Betting and gaming offences",17
2022-03-01,"Betting and gaming offences",2
2022-04-01,"Betting and gaming offences",10
2022-05-01,"Betting and gaming offences",2
2022-06-01,"Betting and gaming offences",12
2022-07-01,"Betting and gaming offences",4
2022-08-01,"Betting and gaming offences",8
2022-09-01,"Betting and gaming offences",11
2022-10-01,"Betting and gaming offences",7
2022-11-01,"Betting and gaming offences",18
2022-12-01,"Betting and gaming offences",10
2023-01-01,"Betting and gaming offences",15
2023-02-01,"Betting and gaming offences",17
2023-03-01,"Betting and gaming offences",4
2023-04-01,"Betting and gaming offences",11
2023-05-01,"Betting and gaming offences",7
2023-06-01,"Betting and gaming offences",2
2023-07-01,"Betting and gaming offences",3
2023-08-01,"Betting and gaming offences",2
2023-09-01,"Betting and gaming offences",1
2023-10-01,"Betting and gaming offences",1
2023-11-01,"Betting and gaming offences",1
2023-12-01,"Betting and gaming offences",7
1995-01-01,"Blackmail and extortion",1
1995-02-01,"Blackmail and extortion",2
1995-03-01,"Blackmail and extortion",2
1995-04-01,"Blackmail and extortion",1
1995-05-01,"Blackmail and extortion",3
1995-06-01,"Blackmail and extortion",1
1995-07-01,"Blackmail and extortion",0
1995-08-01,"Blackmail and extortion",2
1995-09-01,"Blackmail and extortion",3
1995-10-01,"Blackmail and extortion",1
1995-11-01,"Blackmail and extortion",2
1995-12-01,"Blackmail and extortion",1
1996-01-01,"Blackmail and extortion",2
1996-02-01,"Blackmail and extortion",1
1996-03-01,"Blackmail and extortion",0
1996-04-01,"Blackmail and extortion",1
1996-05-01,"Blackmail and extortion",1
1996-06-01,"Blackmail and extortion",5
1996-07-01,"Blackmail and extortion",6
1996-08-01,"Blackmail and extortion",2
1996-09-01,"Blackmail and extortion",1
1996-10-01,"Blackmail and extortion",8
1996-11-01,"Blackmail and extortion",4
1996-12-01,"Blackmail and extortion",1
1997-01-01,"Blackmail and extortion",9
1997-02-01,"Blackmail and extortion",6
1997-03-01,"Blackmail and extortion",6
1997-04-01,"Blackmail and extortion",4
1997-05-01,"Blackmail and extortion",6
1997-06-01,"Blackmail and extortion",2
1997-07-01,"Blackmail and extortion",5
1997-08-01,"Blackmail and extortion",12
1997-09-01,"Blackmail and extortion",1
1997-10-01,"Blackmail and extortion",4
1997-11-01,"Blackmail and extortion",4
1997-12-01,"Blackmail and extortion",3
1998-01-01,"Blackmail and extortion",4
1998-02-01,"Blackmail and extortion",7
1998-03-01,"Blackmail and extortion",7
1998-04-01,"Blackmail and extortion",8
1998-05-01,"Blackmail and extortion",1
1998-06-01,"Blackmail and extortion",6
1998-07-01,"Blackmail and extortion",5
1998-08-01,"Blackmail and extortion",16
1998-09-01,"Blackmail and extortion",7
1998-10-01,"Blackmail and extortion",2
1998-11-01,"Blackmail and extortion",3
1998-12-01,"Blackmail and extortion",3
1999-01-01,"Blackmail and extortion",3
1999-02-01,"Blackmail and extortion",2
1999-03-01,"Blackmail and extortion",7
1999-04-01,"Blackmail and extortion",7
1999-05-01,"Blackmail and extortion",2
1999-06-01,"Blackmail and extortion",3
1999-07-01,"Blackmail and extortion",4
1999-08-01,"Blackmail and extortion",2
1999-09-01,"Blackmail and extortion",11
1999-10-01,"Blackmail and extortion",4
1999-11-01,"Blackmail and extortion",5
1999-12-01,"Blackmail and extortion",17
2000-01-01,"Blackmail and extortion",7
2000-02-01,"Blackmail and extortion",4
2000-03-01,"Blackmail and extortion",2
2000-04-01,"Blackmail and extortion",3
2000-05-01,"Blackmail and extortion",5
2000-06-01,"Blackmail and extortion",7
2000-07-01,"Blackmail and extortion",6
2000-08-01,"Blackmail and extortion",4
2000-09-01,"Blackmail and extortion",4
2000-10-01,"Blackmail and extortion",5
2000-11-01,"Blackmail and extortion",6
2000-12-01,"Blackmail and extortion",1
2001-01-01,"Blackmail and extortion",5
2001-02-01,"Blackmail and extortion",4
2001-03-01,"Blackmail and extortion",2
2001-04-01,"Blackmail and extortion",5
2001-05-01,"Blackmail and extortion",3
2001-06-01,"Blackmail and extortion",3
2001-07-01,"Blackmail and extortion",8
2001-08-01,"Blackmail and extortion",11
2001-09-01,"Blackmail and extortion",1
2001-10-01,"Blackmail and extortion",7
2001-11-01,"Blackmail and extortion",5
2001-12-01,"Blackmail and extortion",3
2002-01-01,"Blackmail and extortion",5
2002-02-01,"Blackmail and extortion",7
2002-03-01,"Blackmail and extortion",3
2002-04-01,"Blackmail and extortion",5
2002-05-01,"Blackmail and extortion",6
2002-06-01,"Blackmail and extortion",4
2002-07-01,"Blackmail and extortion",8
2002-08-01,"Blackmail and extortion",6
2002-09-01,"Blackmail and extortion",4
2002-10-01,"Blackmail and extortion",4
2002-11-01,"Blackmail and extortion",3
2002-12-01,"Blackmail and extortion",0
2003-01-01,"Blackmail and extortion",3
2003-02-01,"Blackmail and extortion",6
2003-03-01,"Blackmail and extortion",3
2003-04-01,"Blackmail and extortion",5
2003-05-01,"Blackmail and extortion",9
2003-06-01,"Blackmail and extortion",8
2003-07-01,"Blackmail and extortion",4
2003-08-01,"Blackmail and extortion",2
2003-09-01,"Blackmail and extortion",2
2003-10-01,"Blackmail and extortion",3
2003-11-01,"Blackmail and extortion",4
2003-12-01,"Blackmail and extortion",5
2004-01-01,"Blackmail and extortion",2
2004-02-01,"Blackmail and extortion",4
2004-03-01,"Blackmail and extortion",6
2004-04-01,"Blackmail and extortion",10
2004-05-01,"Blackmail and extortion",3
2004-06-01,"Blackmail and extortion",2
2004-07-01,"Blackmail and extortion",3
2004-08-01,"Blackmail and extortion",7
2004-09-01,"Blackmail and extortion",5
2004-10-01,"Blackmail and extortion",4
2004-11-01,"Blackmail and extortion",7
2004-12-01,"Blackmail and extortion",10
2005-01-01,"Blackmail and extortion",4
2005-02-01,"Blackmail and extortion",8
2005-03-01,"Blackmail and extortion",6
2005-04-01,"Blackmail and extortion",5
2005-05-01,"Blackmail and extortion",3
2005-06-01,"Blackmail and extortion",2
2005-07-01,"Blackmail and extortion",1
2005-08-01,"Blackmail and extortion",6
2005-09-01,"Blackmail and extortion",14
2005-10-01,"Blackmail and extortion",2
2005-11-01,"Blackmail and extortion",5
2005-12-01,"Blackmail and extortion",3
2006-01-01,"Blackmail and extortion",1
2006-02-01,"Blackmail and extortion",12
2006-03-01,"Blackmail and extortion",4
2006-04-01,"Blackmail and extortion",4
2006-05-01,"Blackmail and extortion",5
2006-06-01,"Blackmail and extortion",5
2006-07-01,"Blackmail and extortion",4
2006-08-01,"Blackmail and extortion",10
2006-09-01,"Blackmail and extortion",5
2006-10-01,"Blackmail and extortion",11
2006-11-01,"Blackmail and extortion",6
2006-12-01,"Blackmail and extortion",4
2007-01-01,"Blackmail and extortion",1
2007-02-01,"Blackmail and extortion",3
2007-03-01,"Blackmail and extortion",7
2007-04-01,"Blackmail and extortion",6
2007-05-01,"Blackmail and extortion",5
2007-06-01,"Blackmail and extortion",4
2007-07-01,"Blackmail and extortion",8
2007-08-01,"Blackmail and extortion",6
2007-09-01,"Blackmail and extortion",4
2007-10-01,"Blackmail and extortion",8
2007-11-01,"Blackmail and extortion",4
2007-12-01,"Blackmail and extortion",3
2008-01-01,"Blackmail and extortion",6
2008-02-01,"Blackmail and extortion",5
2008-03-01,"Blackmail and extortion",13
2008-04-01,"Blackmail and extortion",11
2008-05-01,"Blackmail and extortion",5
2008-06-01,"Blackmail and extortion",7
2008-07-01,"Blackmail and extortion",3
2008-08-01,"Blackmail and extortion",3
2008-09-01,"Blackmail and extortion",7
2008-10-01,"Blackmail and extortion",4
2008-11-01,"Blackmail and extortion",17
2008-12-01,"Blackmail and extortion",5
2009-01-01,"Blackmail and extortion",5
2009-02-01,"Blackmail and extortion",5
2009-03-01,"Blackmail and extortion",6
2009-04-01,"Blackmail and extortion",7
2009-05-01,"Blackmail and extortion",9
2009-06-01,"Blackmail and extortion",57
2009-07-01,"Blackmail and extortion",7
2009-08-01,"Blackmail and extortion",5
2009-09-01,"Blackmail and extortion",5
2009-10-01,"Blackmail and extortion",11
2009-11-01,"Blackmail and extortion",13
2009-12-01,"Blackmail and extortion",28
2010-01-01,"Blackmail and extortion",33
2010-02-01,"Blackmail and extortion",1
2010-03-01,"Blackmail and extortion",14
2010-04-01,"Blackmail and extortion",19
2010-05-01,"Blackmail and extortion",13
2010-06-01,"Blackmail and extortion",14
2010-07-01,"Blackmail and extortion",8
2010-08-01,"Blackmail and extortion",8
2010-09-01,"Blackmail and extortion",6
2010-10-01,"Blackmail and extortion",3
2010-11-01,"Blackmail and extortion",8
2010-12-01,"Blackmail and extortion",4
2011-01-01,"Blackmail and extortion",9
2011-02-01,"Blackmail and extortion",6
2011-03-01,"Blackmail and extortion",9
2011-04-01,"Blackmail and extortion",16
2011-05-01,"Blackmail and extortion",10
2011-06-01,"Blackmail and extortion",8
2011-07-01,"Blackmail and extortion",12
2011-08-01,"Blackmail and extortion",7
2011-09-01,"Blackmail and extortion",8
2011-10-01,"Blackmail and extortion",6
2011-11-01,"Blackmail and extortion",3
2011-12-01,"Blackmail and extortion",5
2012-01-01,"Blackmail and extortion",9
2012-02-01,"Blackmail and extortion",9
2012-03-01,"Blackmail and extortion",5
2012-04-01,"Blackmail and extortion",5
2012-05-01,"Blackmail and extortion",9
2012-06-01,"Blackmail and extortion",7
2012-07-01,"Blackmail and extortion",9
2012-08-01,"Blackmail and extortion",15
2012-09-01,"Blackmail and extortion",13
2012-10-01,"Blackmail and extortion",12
2012-11-01,"Blackmail and extortion",11
2012-12-01,"Blackmail and extortion",10
2013-01-01,"Blackmail and extortion",10
2013-02-01,"Blackmail and extortion",5
2013-03-01,"Blackmail and extortion",14
2013-04-01,"Blackmail and extortion",3
2013-05-01,"Blackmail and extortion",10
2013-06-01,"Blackmail and extortion",6
2013-07-01,"Blackmail and extortion",10
2013-08-01,"Blackmail and extortion",5
2013-09-01,"Blackmail and extortion",7
2013-10-01,"Blackmail and extortion",7
2013-11-01,"Blackmail and extortion",7
2013-12-01,"Blackmail and extortion",10
2014-01-01,"Blackmail and extortion",14
2014-02-01,"Blackmail and extortion",5
2014-03-01,"Blackmail and extortion",13
2014-04-01,"Blackmail and extortion",9
2014-05-01,"Blackmail and extortion",6
2014-06-01,"Blackmail and extortion",7
2014-07-01,"Blackmail and extortion",9
2014-08-01,"Blackmail and extortion",3
2014-09-01,"Blackmail and extortion",4
2014-10-01,"Blackmail and extortion",10
2014-11-01,"Blackmail and extortion",16
2014-12-01,"Blackmail and extortion",10
2015-01-01,"Blackmail and extortion",8
2015-02-01,"Blackmail and extortion",9
2015-03-01,"Blackmail and extortion",6
2015-04-01,"Blackmail and extortion",9
2015-05-01,"Blackmail and extortion",12
2015-06-01,"Blackmail and extortion",8
2015-07-01,"Blackmail and extortion",14
2015-08-01,"Blackmail and extortion",13
2015-09-01,"Blackmail and extortion",18
2015-10-01,"Blackmail and extortion",20
2015-11-01,"Blackmail and extortion",9
2015-12-01,"Blackmail and extortion",11
2016-01-01,"Blackmail and extortion",12
2016-02-01,"Blackmail and extortion",14
2016-03-01,"Blackmail and extortion",5
2016-04-01,"Blackmail and extortion",9
2016-05-01,"Blackmail and extortion",5
2016-06-01,"Blackmail and extortion",5
2016-07-01,"Blackmail and extortion",12
2016-08-01,"Blackmail and extortion",11
2016-09-01,"Blackmail and extortion",11
2016-10-01,"Blackmail and extortion",9
2016-11-01,"Blackmail and extortion",10
2016-12-01,"Blackmail and extortion",8
2017-01-01,"Blackmail and extortion",4
2017-02-01,"Blackmail and extortion",5
2017-03-01,"Blackmail and extortion",8
2017-04-01,"Blackmail and extortion",13
2017-05-01,"Blackmail and extortion",6
2017-06-01,"Blackmail and extortion",6
2017-07-01,"Blackmail and extortion",9
2017-08-01,"Blackmail and extortion",8
2017-09-01,"Blackmail and extortion",5
2017-10-01,"Blackmail and extortion",10
2017-11-01,"Blackmail and extortion",10
2017-12-01,"Blackmail and extortion",3
2018-01-01,"Blackmail and extortion",8
2018-02-01,"Blackmail and extortion",11
2018-03-01,"Blackmail and extortion",5
2018-04-01,"Blackmail and extortion",14
2018-05-01,"Blackmail and extortion",12
2018-06-01,"Blackmail and extortion",13
2018-07-01,"Blackmail and extortion",10
2018-08-01,"Blackmail and extortion",13
2018-09-01,"Blackmail and extortion",9
2018-10-01,"Blackmail and extortion",7
2018-11-01,"Blackmail and extortion",7
2018-12-01,"Blackmail and extortion",7
2019-01-01,"Blackmail and extortion",2
2019-02-01,"Blackmail and extortion",11
2019-03-01,"Blackmail and extortion",7
2019-04-01,"Blackmail and extortion",3
2019-05-01,"Blackmail and extortion",4
2019-06-01,"Blackmail and extortion",12
2019-07-01,"Blackmail and extortion",5
2019-08-01,"Blackmail and extortion",6
2019-09-01,"Blackmail and extortion",5
2019-10-01,"Blackmail and extortion",11
2019-11-01,"Blackmail and extortion",9
2019-12-01,"Blackmail and extortion",4
2020-01-01,"Blackmail and extortion",9
2020-02-01,"Blackmail and extortion",9
2020-03-01,"Blackmail and extortion",6
2020-04-01,"Blackmail and extortion",10
2020-05-01,"Blackmail and extortion",7
2020-06-01,"Blackmail and extortion",3
2020-07-01,"Blackmail and extortion",7
2020-08-01,"Blackmail and extortion",7
2020-09-01,"Blackmail and extortion",3
2020-10-01,"Blackmail and extortion",13
2020-11-01,"Blackmail and extortion",10
2020-12-01,"Blackmail and extortion",10
2021-01-01,"Blackmail and extortion",13
2021-02-01,"Blackmail and extortion",17
2021-03-01,"Blackmail and extortion",8
2021-04-01,"Blackmail and extortion",8
2021-05-01,"Blackmail and extortion",19
2021-06-01,"Blackmail and extortion",6
2021-07-01,"Blackmail and extortion",8
2021-08-01,"Blackmail and extortion",11
2021-09-01,"Blackmail and extortion",7
2021-10-01,"Blackmail and extortion",16
2021-11-01,"Blackmail and extortion",9
2021-12-01,"Blackmail and extortion",5
2022-01-01,"Blackmail and extortion",11
2022-02-01,"Blackmail and extortion",7
2022-03-01,"Blackmail and extortion",17
2022-04-01,"Blackmail and extortion",16
2022-05-01,"Blackmail and extortion",24
2022-06-01,"Blackmail and extortion",34
2022-07-01,"Blackmail and extortion",59
2022-08-01,"Blackmail and extortion",143
2022-09-01,"Blackmail and extortion",125
2022-10-01,"Blackmail and extortion",128
2022-11-01,"Blackmail and extortion",128
2022-12-01,"Blackmail and extortion",152
2023-01-01,"Blackmail and extortion",196
2023-02-01,"Blackmail and extortion",160
2023-03-01,"Blackmail and extortion",146
2023-04-01,"Blackmail and extortion",145
2023-05-01,"Blackmail and extortion",167
2023-06-01,"Blackmail and extortion",165
2023-07-01,"Blackmail and extortion",197
2023-08-01,"Blackmail and extortion",178
2023-09-01,"Blackmail and extortion",145
2023-10-01,"Blackmail and extortion",128
2023-11-01,"Blackmail and extortion",114
2023-12-01,"Blackmail and extortion",113
1995-01-01,"Disorderly conduct",1272
1995-02-01,"Disorderly conduct",1106
1995-03-01,"Disorderly conduct",1113
1995-04-01,"Disorderly conduct",1063
1995-05-01,"Disorderly conduct",1002
1995-06-01,"Disorderly conduct",942
1995-07-01,"Disorderly conduct",907
1995-08-01,"Disorderly conduct",904
1995-09-01,"Disorderly conduct",963
1995-10-01,"Disorderly conduct",977
1995-11-01,"Disorderly conduct",986
1995-12-01,"Disorderly conduct",1265
1996-01-01,"Disorderly conduct",1291
1996-02-01,"Disorderly conduct",1053
1996-03-01,"Disorderly conduct",1196
1996-04-01,"Disorderly conduct",1077
1996-05-01,"Disorderly conduct",1083
1996-06-01,"Disorderly conduct",977
1996-07-01,"Disorderly conduct",969
1996-08-01,"Disorderly conduct",1049
1996-09-01,"Disorderly conduct",1049
1996-10-01,"Disorderly conduct",1080
1996-11-01,"Disorderly conduct",1025
1996-12-01,"Disorderly conduct",1282
1997-01-01,"Disorderly conduct",1420
1997-02-01,"Disorderly conduct",1166
1997-03-01,"Disorderly conduct",1306
1997-04-01,"Disorderly conduct",1141
1997-05-01,"Disorderly conduct",1047
1997-06-01,"Disorderly conduct",980
1997-07-01,"Disorderly conduct",931
1997-08-01,"Disorderly conduct",1089
1997-09-01,"Disorderly conduct",1150
1997-10-01,"Disorderly conduct",1188
1997-11-01,"Disorderly conduct",1371
1997-12-01,"Disorderly conduct",1430
1998-01-01,"Disorderly conduct",1541
1998-02-01,"Disorderly conduct",1204
1998-03-01,"Disorderly conduct",1401
1998-04-01,"Disorderly conduct",1212
1998-05-01,"Disorderly conduct",1245
1998-06-01,"Disorderly conduct",1246
1998-07-01,"Disorderly conduct",1267
1998-08-01,"Disorderly conduct",1381
1998-09-01,"Disorderly conduct",1626
1998-10-01,"Disorderly conduct",1738
1998-11-01,"Disorderly conduct",1674
1998-12-01,"Disorderly conduct",1887
1999-01-01,"Disorderly conduct",2030
1999-02-01,"Disorderly conduct",1789
1999-03-01,"Disorderly conduct",1879
1999-04-01,"Disorderly conduct",1607
1999-05-01,"Disorderly conduct",1696
1999-06-01,"Disorderly conduct",1468
1999-07-01,"Disorderly conduct",1617
1999-08-01,"Disorderly conduct",1698
1999-09-01,"Disorderly conduct",1603
1999-10-01,"Disorderly conduct",1706
1999-11-01,"Disorderly conduct",1556
1999-12-01,"Disorderly conduct",1656
2000-01-01,"Disorderly conduct",1927
2000-02-01,"Disorderly conduct",1658
2000-03-01,"Disorderly conduct",1599
2000-04-01,"Disorderly conduct",1594
2000-05-01,"Disorderly conduct",1411
2000-06-01,"Disorderly conduct",1502
2000-07-01,"Disorderly conduct",1571
2000-08-01,"Disorderly conduct",1532
2000-09-01,"Disorderly conduct",1495
2000-10-01,"Disorderly conduct",1709
2000-11-01,"Disorderly conduct",1564
2000-12-01,"Disorderly conduct",1651
2001-01-01,"Disorderly conduct",1835
2001-02-01,"Disorderly conduct",1778
2001-03-01,"Disorderly conduct",1725
2001-04-01,"Disorderly conduct",1570
2001-05-01,"Disorderly conduct",1457
2001-06-01,"Disorderly conduct",1655
2001-07-01,"Disorderly conduct",1588
2001-08-01,"Disorderly conduct",1739
2001-09-01,"Disorderly conduct",1764
2001-10-01,"Disorderly conduct",1749
2001-11-01,"Disorderly conduct",1653
2001-12-01,"Disorderly conduct",1804
2002-01-01,"Disorderly conduct",1932
2002-02-01,"Disorderly conduct",1771
2002-03-01,"Disorderly conduct",1881
2002-04-01,"Disorderly conduct",1643
2002-05-01,"Disorderly conduct",1590
2002-06-01,"Disorderly conduct",1521
2002-07-01,"Disorderly conduct",1552
2002-08-01,"Disorderly conduct",1698
2002-09-01,"Disorderly conduct",1772
2002-10-01,"Disorderly conduct",1820
2002-11-01,"Disorderly conduct",1797
2002-12-01,"Disorderly conduct",1950
2003-01-01,"Disorderly conduct",2072
2003-02-01,"Disorderly conduct",1781
2003-03-01,"Disorderly conduct",2018
2003-04-01,"Disorderly conduct",1581
2003-05-01,"Disorderly conduct",1705
2003-06-01,"Disorderly conduct",1642
2003-07-01,"Disorderly conduct",1523
2003-08-01,"Disorderly conduct",1563
2003-09-01,"Disorderly conduct",1601
2003-10-01,"Disorderly conduct",1620
2003-11-01,"Disorderly conduct",1598
2003-12-01,"Disorderly conduct",1728
2004-01-01,"Disorderly conduct",1849
2004-02-01,"Disorderly conduct",1592
2004-03-01,"Disorderly conduct",1721
2004-04-01,"Disorderly conduct",1600
2004-05-01,"Disorderly conduct",1500
2004-06-01,"Disorderly conduct",1456
2004-07-01,"Disorderly conduct",1459
2004-08-01,"Disorderly conduct",1658
2004-09-01,"Disorderly conduct",1582
2004-10-01,"Disorderly conduct",1660
2004-11-01,"Disorderly conduct",1736
2004-12-01,"Disorderly conduct",2013
2005-01-01,"Disorderly conduct",2198
2005-02-01,"Disorderly conduct",1778
2005-03-01,"Disorderly conduct",1946
2005-04-01,"Disorderly conduct",1822
2005-05-01,"Disorderly conduct",1787
2005-06-01,"Disorderly conduct",1631
2005-07-01,"Disorderly conduct",1758
2005-08-01,"Disorderly conduct",1607
2005-09-01,"Disorderly conduct",1805
2005-10-01,"Disorderly conduct",1946
2005-11-01,"Disorderly conduct",1739
2005-12-01,"Disorderly conduct",1988
2006-01-01,"Disorderly conduct",1967
2006-02-01,"Disorderly conduct",1702
2006-03-01,"Disorderly conduct",1914
2006-04-01,"Disorderly conduct",1843
2006-05-01,"Disorderly conduct",1531
2006-06-01,"Disorderly conduct",1540
2006-07-01,"Disorderly conduct",1665
2006-08-01,"Disorderly conduct",1729
2006-09-01,"Disorderly conduct",1758
2006-10-01,"Disorderly conduct",1917
2006-11-01,"Disorderly conduct",1803
2006-12-01,"Disorderly conduct",2093
2007-01-01,"Disorderly conduct",2237
2007-02-01,"Disorderly conduct",1788
2007-03-01,"Disorderly conduct",2067
2007-04-01,"Disorderly conduct",1951
2007-05-01,"Disorderly conduct",1797
2007-06-01,"Disorderly conduct",1671
2007-07-01,"Disorderly conduct",1724
2007-08-01,"Disorderly conduct",1778
2007-09-01,"Disorderly conduct",1903
2007-10-01,"Disorderly conduct",1907
2007-11-01,"Disorderly conduct",2112
2007-12-01,"Disorderly conduct",2665
2008-01-01,"Disorderly conduct",2558
2008-02-01,"Disorderly conduct",2100
2008-03-01,"Disorderly conduct",2411
2008-04-01,"Disorderly conduct",2048
2008-05-01,"Disorderly conduct",2151
2008-06-01,"Disorderly conduct",2046
2008-07-01,"Disorderly conduct",1887
2008-08-01,"Disorderly conduct",2059
2008-09-01,"Disorderly conduct",2096
2008-10-01,"Disorderly conduct",2297
2008-11-01,"Disorderly conduct",2228
2008-12-01,"Disorderly conduct",2367
2009-01-01,"Disorderly conduct",2614
2009-02-01,"Disorderly conduct",1981
2009-03-01,"Disorderly conduct",2259
2009-04-01,"Disorderly conduct",2143
2009-05-01,"Disorderly conduct",2231
2009-06-01,"Disorderly conduct",1954
2009-07-01,"Disorderly conduct",1896
2009-08-01,"Disorderly conduct",1965
2009-09-01,"Disorderly conduct",1892
2009-10-01,"Disorderly conduct",2134
2009-11-01,"Disorderly conduct",2152
2009-12-01,"Disorderly conduct",2769
2010-01-01,"Disorderly conduct",2740
2010-02-01,"Disorderly conduct",2049
2010-03-01,"Disorderly conduct",2134
2010-04-01,"Disorderly conduct",2202
2010-05-01,"Disorderly conduct",2115
2010-06-01,"Disorderly conduct",1972
2010-07-01,"Disorderly conduct",1942
2010-08-01,"Disorderly conduct",1916
2010-09-01,"Disorderly conduct",2041
2010-10-01,"Disorderly conduct",2209
2010-11-01,"Disorderly conduct",2009
2010-12-01,"Disorderly conduct",2598
2011-01-01,"Disorderly conduct",2629
2011-02-01,"Disorderly conduct",2132
2011-03-01,"Disorderly conduct",2266
2011-04-01,"Disorderly conduct",2223
2011-05-01,"Disorderly conduct",2080
2011-06-01,"Disorderly conduct",1963
2011-07-01,"Disorderly conduct",1973
2011-08-01,"Disorderly conduct",1888
2011-09-01,"Disorderly conduct",2016
2011-10-01,"Disorderly conduct",2100
2011-11-01,"Disorderly conduct",1557
2011-12-01,"Disorderly conduct",2153
2012-01-01,"Disorderly conduct",2295
2012-02-01,"Disorderly conduct",1885
2012-03-01,"Disorderly conduct",2030
2012-04-01,"Disorderly conduct",1985
2012-05-01,"Disorderly conduct",1741
2012-06-01,"Disorderly conduct",1793
2012-07-01,"Disorderly conduct",1818
2012-08-01,"Disorderly conduct",1788
2012-09-01,"Disorderly conduct",1890
2012-10-01,"Disorderly conduct",1882
2012-11-01,"Disorderly conduct",1966
2012-12-01,"Disorderly conduct",2265
2013-01-01,"Disorderly conduct",2141
2013-02-01,"Disorderly conduct",1712
2013-03-01,"Disorderly conduct",2186
2013-04-01,"Disorderly conduct",1830
2013-05-01,"Disorderly conduct",1735
2013-06-01,"Disorderly conduct",1839
2013-07-01,"Disorderly conduct",1616
2013-08-01,"Disorderly conduct",1833
2013-09-01,"Disorderly conduct",1744
2013-10-01,"Disorderly conduct",1835
2013-11-01,"Disorderly conduct",1827
2013-12-01,"Disorderly conduct",2191
2014-01-01,"Disorderly conduct",2144
2014-02-01,"Disorderly conduct",1795
2014-03-01,"Disorderly conduct",2032
2014-04-01,"Disorderly conduct",1703
2014-05-01,"Disorderly conduct",1717
2014-06-01,"Disorderly conduct",1597
2014-07-01,"Disorderly conduct",1626
2014-08-01,"Disorderly conduct",1755
2014-09-01,"Disorderly conduct",1590
2014-10-01,"Disorderly conduct",1881
2014-11-01,"Disorderly conduct",1854
2014-12-01,"Disorderly conduct",2031
2015-01-01,"Disorderly conduct",2069
2015-02-01,"Disorderly conduct",1765
2015-03-01,"Disorderly conduct",1953
2015-04-01,"Disorderly conduct",1654
2015-05-01,"Disorderly conduct",1740
2015-06-01,"Disorderly conduct",1654
2015-07-01,"Disorderly conduct",1700
2015-08-01,"Disorderly conduct",1728
2015-09-01,"Disorderly conduct",1660
2015-10-01,"Disorderly conduct",1939
2015-11-01,"Disorderly conduct",1785
2015-12-01,"Disorderly conduct",2057
2016-01-01,"Disorderly conduct",2152
2016-02-01,"Disorderly conduct",1842
2016-03-01,"Disorderly conduct",1984
2016-04-01,"Disorderly conduct",1877
2016-05-01,"Disorderly conduct",1670
2016-06-01,"Disorderly conduct",1586
2016-07-01,"Disorderly conduct",1720
2016-08-01,"Disorderly conduct",1621
2016-09-01,"Disorderly conduct",1674
2016-10-01,"Disorderly conduct",1790
2016-11-01,"Disorderly conduct",1800
2016-12-01,"Disorderly conduct",2100
2017-01-01,"Disorderly conduct",2056
2017-02-01,"Disorderly conduct",1600
2017-03-01,"Disorderly conduct",1731
2017-04-01,"Disorderly conduct",1703
2017-05-01,"Disorderly conduct",1636
2017-06-01,"Disorderly conduct",1532
2017-07-01,"Disorderly conduct",1685
2017-08-01,"Disorderly conduct",1581
2017-09-01,"Disorderly conduct",1608
2017-10-01,"Disorderly conduct",1773
2017-11-01,"Disorderly conduct",1634
2017-12-01,"Disorderly conduct",1935
2018-01-01,"Disorderly conduct",1953
2018-02-01,"Disorderly conduct",1627
2018-03-01,"Disorderly conduct",1810
2018-04-01,"Disorderly conduct",1675
2018-05-01,"Disorderly conduct",1393
2018-06-01,"Disorderly conduct",1483
2018-07-01,"Disorderly conduct",1573
2018-08-01,"Disorderly conduct",1481
2018-09-01,"Disorderly conduct",1664
2018-10-01,"Disorderly conduct",1608
2018-11-01,"Disorderly conduct",1695
2018-12-01,"Disorderly conduct",1824
2019-01-01,"Disorderly conduct",1863
2019-02-01,"Disorderly conduct",1618
2019-03-01,"Disorderly conduct",1813
2019-04-01,"Disorderly conduct",1597
2019-05-01,"Disorderly conduct",1619
2019-06-01,"Disorderly conduct",1597
2019-07-01,"Disorderly conduct",1547
2019-08-01,"Disorderly conduct",1608
2019-09-01,"Disorderly conduct",1694
2019-10-01,"Disorderly conduct",1736
2019-11-01,"Disorderly conduct",1773
2019-12-01,"Disorderly conduct",1841
2020-01-01,"Disorderly conduct",1898
2020-02-01,"Disorderly conduct",1655
2020-03-01,"Disorderly conduct",1686
2020-04-01,"Disorderly conduct",1434
2020-05-01,"Disorderly conduct",1494
2020-06-01,"Disorderly conduct",1545
2020-07-01,"Disorderly conduct",1403
2020-08-01,"Disorderly conduct",1453
2020-09-01,"Disorderly conduct",1388
2020-10-01,"Disorderly conduct",1481
2020-11-01,"Disorderly conduct",1509
2020-12-01,"Disorderly conduct",1643
2021-01-01,"Disorderly conduct",1654
2021-02-01,"Disorderly conduct",1459
2021-03-01,"Disorderly conduct",1575
2021-04-01,"Disorderly conduct",1426
2021-05-01,"Disorderly conduct",1463
2021-06-01,"Disorderly conduct",1411
2021-07-01,"Disorderly conduct",1373
2021-08-01,"Disorderly conduct",1286
2021-09-01,"Disorderly conduct",1330
2021-10-01,"Disorderly conduct",1431
2021-11-01,"Disorderly conduct",1450
2021-12-01,"Disorderly conduct",1610
2022-01-01,"Disorderly conduct",1541
2022-02-01,"Disorderly conduct",1371
2022-03-01,"Disorderly conduct",1435
2022-04-01,"Disorderly conduct",1510
2022-05-01,"Disorderly conduct",1373
2022-06-01,"Disorderly conduct",1416
2022-07-01,"Disorderly conduct",1419
2022-08-01,"Disorderly conduct",1552
2022-09-01,"Disorderly conduct",1496
2022-10-01,"Disorderly conduct",1727
2022-11-01,"Disorderly conduct",1634
2022-12-01,"Disorderly conduct",1750
2023-01-01,"Disorderly conduct",1732
2023-02-01,"Disorderly conduct",1585
2023-03-01,"Disorderly conduct",1711
2023-04-01,"Disorderly conduct",1600
2023-05-01,"Disorderly conduct",1584
2023-06-01,"Disorderly conduct",1542
2023-07-01,"Disorderly conduct",1560
2023-08-01,"Disorderly conduct",1631
2023-09-01,"Disorderly conduct",1640
2023-10-01,"Disorderly conduct",1554
2023-11-01,"Disorderly conduct",1507
2023-12-01,"Disorderly conduct",1697
1995-01-01,"Drug offences",1497
1995-02-01,"Drug offences",1716
1995-03-01,"Drug offences",2055
1995-04-01,"Drug offences",1802
1995-05-01,"Drug offences",1635
1995-06-01,"Drug offences",1665
1995-07-01,"Drug offences",1434
1995-08-01,"Drug offences",1535
1995-09-01,"Drug offences",1395
1995-10-01,"Drug offences",1463
1995-11-01,"Drug offences",1493
1995-12-01,"Drug offences",1601
1996-01-01,"Drug offences",1987
1996-02-01,"Drug offences",2014
1996-03-01,"Drug offences",2211
1996-04-01,"Drug offences",1839
1996-05-01,"Drug offences",1893
1996-06-01,"Drug offences",1584
1996-07-01,"Drug offences",1555
1996-08-01,"Drug offences",1469
1996-09-01,"Drug offences",1398
1996-10-01,"Drug offences",1459
1996-11-01,"Drug offences",1376
1996-12-01,"Drug offences",1530
1997-01-01,"Drug offences",1940
1997-02-01,"Drug offences",1849
1997-03-01,"Drug offences",2093
1997-04-01,"Drug offences",1783
1997-05-01,"Drug offences",1947
1997-06-01,"Drug offences",1728
1997-07-01,"Drug offences",1668
1997-08-01,"Drug offences",1713
1997-09-01,"Drug offences",1749
1997-10-01,"Drug offences",1681
1997-11-01,"Drug offences",1736
1997-12-01,"Drug offences",1969
1998-01-01,"Drug offences",2240
1998-02-01,"Drug offences",1943
1998-03-01,"Drug offences",2131
1998-04-01,"Drug offences",1824
1998-05-01,"Drug offences",2058
1998-06-01,"Drug offences",2212
1998-07-01,"Drug offences",2026
1998-08-01,"Drug offences",1886
1998-09-01,"Drug offences",1904
1998-10-01,"Drug offences",1917
1998-11-01,"Drug offences",2145
1998-12-01,"Drug offences",2112
1999-01-01,"Drug offences",2185
1999-02-01,"Drug offences",2299
1999-03-01,"Drug offences",2563
1999-04-01,"Drug offences",2243
1999-05-01,"Drug offences",2323
1999-06-01,"Drug offences",2050
1999-07-01,"Drug offences",1879
1999-08-01,"Drug offences",1834
1999-09-01,"Drug offences",1990
1999-10-01,"Drug offences",1734
1999-11-01,"Drug offences",1819
1999-12-01,"Drug offences",1815
2000-01-01,"Drug offences",2240
2000-02-01,"Drug offences",2034
2000-03-01,"Drug offences",2053
2000-04-01,"Drug offences",1923
2000-05-01,"Drug offences",2091
2000-06-01,"Drug offences",2020
2000-07-01,"Drug offences",1831
2000-08-01,"Drug offences",1955
2000-09-01,"Drug offences",1549
2000-10-01,"Drug offences",1849
2000-11-01,"Drug offences",1988
2000-12-01,"Drug offences",1982
2001-01-01,"Drug offences",2037
2001-02-01,"Drug offences",2274
2001-03-01,"Drug offences",2489
2001-04-01,"Drug offences",1966
2001-05-01,"Drug offences",2719
2001-06-01,"Drug offences",2511
2001-07-01,"Drug offences",2056
2001-08-01,"Drug offences",2441
2001-09-01,"Drug offences",2278
2001-10-01,"Drug offences",2245
2001-11-01,"Drug offences",1914
2001-12-01,"Drug offences",2034
2002-01-01,"Drug offences",2138
2002-02-01,"Drug offences",1776
2002-03-01,"Drug offences",1981
2002-04-01,"Drug offences",1761
2002-05-01,"Drug offences",2233
2002-06-01,"Drug offences",1774
2002-07-01,"Drug offences",1658
2002-08-01,"Drug offences",2010
2002-09-01,"Drug offences",1727
2002-10-01,"Drug offences",1809
2002-11-01,"Drug offences",1690
2002-12-01,"Drug offences",1917
2003-01-01,"Drug offences",2218
2003-02-01,"Drug offences",1743
2003-03-01,"Drug offences",1965
2003-04-01,"Drug offences",1834
2003-05-01,"Drug offences",1880
2003-06-01,"Drug offences",1785
2003-07-01,"Drug offences",1972
2003-08-01,"Drug offences",1813
2003-09-01,"Drug offences",1763
2003-10-01,"Drug offences",1665
2003-11-01,"Drug offences",1763
2003-12-01,"Drug offences",1892
2004-01-01,"Drug offences",2247
2004-02-01,"Drug offences",1879
2004-03-01,"Drug offences",2193
2004-04-01,"Drug offences",1890
2004-05-01,"Drug offences",1977
2004-06-01,"Drug offences",1959
2004-07-01,"Drug offences",1692
2004-08-01,"Drug offences",1692
2004-09-01,"Drug offences",1733
2004-10-01,"Drug offences",1770
2004-11-01,"Drug offences",1758
2004-12-01,"Drug offences",1936
2005-01-01,"Drug offences",2092
2005-02-01,"Drug offences",1686
2005-03-01,"Drug offences",1804
2005-04-01,"Drug offences",1756
2005-05-01,"Drug offences",1978
2005-06-01,"Drug offences",1852
2005-07-01,"Drug offences",1885
2005-08-01,"Drug offences",1866
2005-09-01,"Drug offences",1747
2005-10-01,"Drug offences",1716
2005-11-01,"Drug offences",1670
2005-12-01,"Drug offences",1693
2006-01-01,"Drug offences",1690
2006-02-01,"Drug offences",1654
2006-03-01,"Drug offences",1802
2006-04-01,"Drug offences",1762
2006-05-01,"Drug offences",1897
2006-06-01,"Drug offences",1787
2006-07-01,"Drug offences",1907
2006-08-01,"Drug offences",1950
2006-09-01,"Drug offences",1800
2006-10-01,"Drug offences",1714
2006-11-01,"Drug offences",1651
2006-12-01,"Drug offences",1874
2007-01-01,"Drug offences",1822
2007-02-01,"Drug offences",1667
2007-03-01,"Drug offences",2075
2007-04-01,"Drug offences",1777
2007-05-01,"Drug offences",2119
2007-06-01,"Drug offences",1713
2007-07-01,"Drug offences",1714
2007-08-01,"Drug offences",1993
2007-09-01,"Drug offences",1501
2007-10-01,"Drug offences",1700
2007-11-01,"Drug offences",1998
2007-12-01,"Drug offences",2018
2008-01-01,"Drug offences",2000
2008-02-01,"Drug offences",2000
2008-03-01,"Drug offences",2332
2008-04-01,"Drug offences",2097
2008-05-01,"Drug offences",2303
2008-06-01,"Drug offences",2127
2008-07-01,"Drug offences",2020
2008-08-01,"Drug offences",2125
2008-09-01,"Drug offences",2144
2008-10-01,"Drug offences",2089
2008-11-01,"Drug offences",2122
2008-12-01,"Drug offences",2213
2009-01-01,"Drug offences",2273
2009-02-01,"Drug offences",2281
2009-03-01,"Drug offences",2267
2009-04-01,"Drug offences",2329
2009-05-01,"Drug offences",2272
2009-06-01,"Drug offences",2275
2009-07-01,"Drug offences",2369
2009-08-01,"Drug offences",2252
2009-09-01,"Drug offences",2278
2009-10-01,"Drug offences",2259
2009-11-01,"Drug offences",2226
2009-12-01,"Drug offences",2320
2010-01-01,"Drug offences",2408
2010-02-01,"Drug offences",2267
2010-03-01,"Drug offences",2608
2010-04-01,"Drug offences",2621
2010-05-01,"Drug offences",2639
2010-06-01,"Drug offences",2410
2010-07-01,"Drug offences",2270
2010-08-01,"Drug offences",2449
2010-09-01,"Drug offences",2442
2010-10-01,"Drug offences",2451
2010-11-01,"Drug offences",2526
2010-12-01,"Drug offences",2531
2011-01-01,"Drug offences",2871
2011-02-01,"Drug offences",2717
2011-03-01,"Drug offences",2904
2011-04-01,"Drug offences",2809
2011-05-01,"Drug offences",2657
2011-06-01,"Drug offences",2579
2011-07-01,"Drug offences",2502
2011-08-01,"Drug offences",2662
2011-09-01,"Drug offences",2669
2011-10-01,"Drug offences",2465
2011-11-01,"Drug offences",2123
2011-12-01,"Drug offences",2711
2012-01-01,"Drug offences",2609
2012-02-01,"Drug offences",2606
2012-03-01,"Drug offences",3026
2012-04-01,"Drug offences",2905
2012-05-01,"Drug offences",3001
2012-06-01,"Drug offences",2968
2012-07-01,"Drug offences",3071
2012-08-01,"Drug offences",2916
2012-09-01,"Drug offences",2987
2012-10-01,"Drug offences",2918
2012-11-01,"Drug offences",3217
2012-12-01,"Drug offences",3357
2013-01-01,"Drug offences",3153
2013-02-01,"Drug offences",2815
2013-03-01,"Drug offences",3401
2013-04-01,"Drug offences",2860
2013-05-01,"Drug offences",3014
2013-06-01,"Drug offences",2738
2013-07-01,"Drug offences",2980
2013-08-01,"Drug offences",3105
2013-09-01,"Drug offences",2817
2013-10-01,"Drug offences",2816
2013-11-01,"Drug offences",3252
2013-12-01,"Drug offences",3295
2014-01-01,"Drug offences",3626
2014-02-01,"Drug offences",3379
2014-03-01,"Drug offences",3401
2014-04-01,"Drug offences",3553
2014-05-01,"Drug offences",3377
2014-06-01,"Drug offences",3182
2014-07-01,"Drug offences",3457
2014-08-01,"Drug offences",3495
2014-09-01,"Drug offences",3446
2014-10-01,"Drug offences",3568
2014-11-01,"Drug offences",3595
2014-12-01,"Drug offences",3410
2015-01-01,"Drug offences",3594
2015-02-01,"Drug offences",3646
2015-03-01,"Drug offences",3760
2015-04-01,"Drug offences",3806
2015-05-01,"Drug offences",3892
2015-06-01,"Drug offences",3662
2015-07-01,"Drug offences",4242
2015-08-01,"Drug offences",3922
2015-09-01,"Drug offences",3605
2015-10-01,"Drug offences",4056
2015-11-01,"Drug offences",3788
2015-12-01,"Drug offences",4021
2016-01-01,"Drug offences",3929
2016-02-01,"Drug offences",3917
2016-03-01,"Drug offences",3959
2016-04-01,"Drug offences",4034
2016-05-01,"Drug offences",3770
2016-06-01,"Drug offences",3775
2016-07-01,"Drug offences",4040
2016-08-01,"Drug offences",3925
2016-09-01,"Drug offences",3622
2016-10-01,"Drug offences",4027
2016-11-01,"Drug offences",4014
2016-12-01,"Drug offences",4155
2017-01-01,"Drug offences",4027
2017-02-01,"Drug offences",3290
2017-03-01,"Drug offences",3870
2017-04-01,"Drug offences",3629
2017-05-01,"Drug offences",3807
2017-06-01,"Drug offences",3767
2017-07-01,"Drug offences",4045
2017-08-01,"Drug offences",3497
2017-09-01,"Drug offences",3852
2017-10-01,"Drug offences",3506
2017-11-01,"Drug offences",4213
2017-12-01,"Drug offences",4168
2018-01-01,"Drug offences",4121
2018-02-01,"Drug offences",3731
2018-03-01,"Drug offences",4315
2018-04-01,"Drug offences",3887
2018-05-01,"Drug offences",4126
2018-06-01,"Drug offences",3596
2018-07-01,"Drug offences",3895
2018-08-01,"Drug offences",4366
2018-09-01,"Drug offences",3866
2018-10-01,"Drug offences",3309
2018-11-01,"Drug offences",4148
2018-12-01,"Drug offences",4547
2019-01-01,"Drug offences",4597
2019-02-01,"Drug offences",4192
2019-03-01,"Drug offences",4486
2019-04-01,"Drug offences",4412
2019-05-01,"Drug offences",4306
2019-06-01,"Drug offences",4188
2019-07-01,"Drug offences",4383
2019-08-01,"Drug offences",4507
2019-09-01,"Drug offences",4326
2019-10-01,"Drug offences",4358
2019-11-01,"Drug offences",4501
2019-12-01,"Drug offences",4514
2020-01-01,"Drug offences",4570
2020-02-01,"Drug offences",4082
2020-03-01,"Drug offences",4128
2020-04-01,"Drug offences",5029
2020-05-01,"Drug offences",6104
2020-06-01,"Drug offences",4662
2020-07-01,"Drug offences",4771
2020-08-01,"Drug offences",4097
2020-09-01,"Drug offences",3530
2020-10-01,"Drug offences",3649
2020-11-01,"Drug offences",3477
2020-12-01,"Drug offences",4319
2021-01-01,"Drug offences",4032
2021-02-01,"Drug offences",3759
2021-03-01,"Drug offences",4123
2021-04-01,"Drug offences",4023
2021-05-01,"Drug offences",4249
2021-06-01,"Drug offences",4121
2021-07-01,"Drug offences",3958
2021-08-01,"Drug offences",3812
2021-09-01,"Drug offences",3807
2021-10-01,"Drug offences",4089
2021-11-01,"Drug offences",3708
2021-12-01,"Drug offences",4207
2022-01-01,"Drug offences",3348
2022-02-01,"Drug offences",3430
2022-03-01,"Drug offences",3895
2022-04-01,"Drug offences",3656
2022-05-01,"Drug offences",3648
2022-06-01,"Drug offences",3568
2022-07-01,"Drug offences",3657
2022-08-01,"Drug offences",4054
2022-09-01,"Drug offences",3471
2022-10-01,"Drug offences",3686
2022-11-01,"Drug offences",3604
2022-12-01,"Drug offences",4290
2023-01-01,"Drug offences",3877
2023-02-01,"Drug offences",3180
2023-03-01,"Drug offences",3830
2023-04-01,"Drug offences",3602
2023-05-01,"Drug offences",3610
2023-06-01,"Drug offences",3390
2023-07-01,"Drug offences",3423
2023-08-01,"Drug offences",3589
2023-09-01,"Drug offences",3544
2023-10-01,"Drug offences",2869
2023-11-01,"Drug offences",3201
2023-12-01,"Drug offences",3676
1995-01-01,"Homicide",10
1995-02-01,"Homicide",18
1995-03-01,"Homicide",15
1995-04-01,"Homicide",19
1995-05-01,"Homicide",15
1995-06-01,"Homicide",11
1995-07-01,"Homicide",14
1995-08-01,"Homicide",16
1995-09-01,"Homicide",17
1995-10-01,"Homicide",19
1995-11-01,"Homicide",20
1995-12-01,"Homicide",24
1996-01-01,"Homicide",14
1996-02-01,"Homicide",15
1996-03-01,"Homicide",27
1996-04-01,"Homicide",18
1996-05-01,"Homicide",19
1996-06-01,"Homicide",15
1996-07-01,"Homicide",15
1996-08-01,"Homicide",15
1996-09-01,"Homicide",14
1996-10-01,"Homicide",33
1996-11-01,"Homicide",19
1996-12-01,"Homicide",27
1997-01-01,"Homicide",23
1997-02-01,"Homicide",17
1997-03-01,"Homicide",21
1997-04-01,"Homicide",14
1997-05-01,"Homicide",20
1997-06-01,"Homicide",15
1997-07-01,"Homicide",16
1997-08-01,"Homicide",11
1997-09-01,"Homicide",15
1997-10-01,"Homicide",30
1997-11-01,"Homicide",27
1997-12-01,"Homicide",28
1998-01-01,"Homicide",20
1998-02-01,"Homicide",28
1998-03-01,"Homicide",35
1998-04-01,"Homicide",26
1998-05-01,"Homicide",10
1998-06-01,"Homicide",30
1998-07-01,"Homicide",16
1998-08-01,"Homicide",14
1998-09-01,"Homicide",15
1998-10-01,"Homicide",17
1998-11-01,"Homicide",26
1998-12-01,"Homicide",20
1999-01-01,"Homicide",19
1999-02-01,"Homicide",26
1999-03-01,"Homicide",36
1999-04-01,"Homicide",18
1999-05-01,"Homicide",26
1999-06-01,"Homicide",24
1999-07-01,"Homicide",22
1999-08-01,"Homicide",17
1999-09-01,"Homicide",17
1999-10-01,"Homicide",19
1999-11-01,"Homicide",18
1999-12-01,"Homicide",25
2000-01-01,"Homicide",23
2000-02-01,"Homicide",14
2000-03-01,"Homicide",29
2000-04-01,"Homicide",11
2000-05-01,"Homicide",25
2000-06-01,"Homicide",23
2000-07-01,"Homicide",21
2000-08-01,"Homicide",23
2000-09-01,"Homicide",19
2000-10-01,"Homicide",20
2000-11-01,"Homicide",22
2000-12-01,"Homicide",27
2001-01-01,"Homicide",28
2001-02-01,"Homicide",33
2001-03-01,"Homicide",19
2001-04-01,"Homicide",32
2001-05-01,"Homicide",26
2001-06-01,"Homicide",21
2001-07-01,"Homicide",20
2001-08-01,"Homicide",24
2001-09-01,"Homicide",24
2001-10-01,"Homicide",23
2001-11-01,"Homicide",16
2001-12-01,"Homicide",34
2002-01-01,"Homicide",20
2002-02-01,"Homicide",21
2002-03-01,"Homicide",22
2002-04-01,"Homicide",17
2002-05-01,"Homicide",17
2002-06-01,"Homicide",27
2002-07-01,"Homicide",13
2002-08-01,"Homicide",15
2002-09-01,"Homicide",14
2002-10-01,"Homicide",20
2002-11-01,"Homicide",14
2002-12-01,"Homicide",25
2003-01-01,"Homicide",18
2003-02-01,"Homicide",20
2003-03-01,"Homicide",16
2003-04-01,"Homicide",21
2003-05-01,"Homicide",16
2003-06-01,"Homicide",18
2003-07-01,"Homicide",15
2003-08-01,"Homicide",21
2003-09-01,"Homicide",18
2003-10-01,"Homicide",25
2003-11-01,"Homicide",16
2003-12-01,"Homicide",13
2004-01-01,"Homicide",13
2004-02-01,"Homicide",11
2004-03-01,"Homicide",12
2004-04-01,"Homicide",14
2004-05-01,"Homicide",17
2004-06-01,"Homicide",9
2004-07-01,"Homicide",22
2004-08-01,"Homicide",15
2004-09-01,"Homicide",12
2004-10-01,"Homicide",7
2004-11-01,"Homicide",7
2004-12-01,"Homicide",18
2005-01-01,"Homicide",17
2005-02-01,"Homicide",11
2005-03-01,"Homicide",15
2005-04-01,"Homicide",14
2005-05-01,"Homicide",10
2005-06-01,"Homicide",14
2005-07-01,"Homicide",13
2005-08-01,"Homicide",10
2005-09-01,"Homicide",7
2005-10-01,"Homicide",23
2005-11-01,"Homicide",16
2005-12-01,"Homicide",8
2006-01-01,"Homicide",26
2006-02-01,"Homicide",11
2006-03-01,"Homicide",16
2006-04-01,"Homicide",11
2006-05-01,"Homicide",14
2006-06-01,"Homicide",9
2006-07-01,"Homicide",16
2006-08-01,"Homicide",18
2006-09-01,"Homicide",16
2006-10-01,"Homicide",11
2006-11-01,"Homicide",8
2006-12-01,"Homicide",23
2007-01-01,"Homicide",14
2007-02-01,"Homicide",18
2007-03-01,"Homicide",13
2007-04-01,"Homicide",3
2007-05-01,"Homicide",9
2007-06-01,"Homicide",9
2007-07-01,"Homicide",11
2007-08-01,"Homicide",15
2007-09-01,"Homicide",16
2007-10-01,"Homicide",15
2007-11-01,"Homicide",13
2007-12-01,"Homicide",11
2008-01-01,"Homicide",11
2008-02-01,"Homicide",15
2008-03-01,"Homicide",19
2008-04-01,"Homicide",8
2008-05-01,"Homicide",20
2008-06-01,"Homicide",16
2008-07-01,"Homicide",10
2008-08-01,"Homicide",6
2008-09-01,"Homicide",8
2008-10-01,"Homicide",12
2008-11-01,"Homicide",9
2008-12-01,"Homicide",20
2009-01-01,"Homicide",13
2009-02-01,"Homicide",16
2009-03-01,"Homicide",10
2009-04-01,"Homicide",12
2009-05-01,"Homicide",18
2009-06-01,"Homicide",6
2009-07-01,"Homicide",13
2009-08-01,"Homicide",9
2009-09-01,"Homicide",12
2009-10-01,"Homicide",9
2009-11-01,"Homicide",16
2009-12-01,"Homicide",16
2010-01-01,"Homicide",9
2010-02-01,"Homicide",9
2010-03-01,"Homicide",8
2010-04-01,"Homicide",13
2010-05-01,"Homicide",10
2010-06-01,"Homicide",13
2010-07-01,"Homicide",16
2010-08-01,"Homicide",14
2010-09-01,"Homicide",7
2010-10-01,"Homicide",11
2010-11-01,"Homicide",12
2010-12-01,"Homicide",9
2011-01-01,"Homicide",17
2011-02-01,"Homicide",15
2011-03-01,"Homicide",13
2011-04-01,"Homicide",10
2011-05-01,"Homicide",15
2011-06-01,"Homicide",6
2011-07-01,"Homicide",9
2011-08-01,"Homicide",14
2011-09-01,"Homicide",7
2011-10-01,"Homicide",13
2011-11-01,"Homicide",18
2011-12-01,"Homicide",12
2012-01-01,"Homicide",9
2012-02-01,"Homicide",10
2012-03-01,"Homicide",8
2012-04-01,"Homicide",9
2012-05-01,"Homicide",13
2012-06-01,"Homicide",9
2012-07-01,"Homicide",11
2012-08-01,"Homicide",8
2012-09-01,"Homicide",13
2012-10-01,"Homicide",5
2012-11-01,"Homicide",11
2012-12-01,"Homicide",10
2013-01-01,"Homicide",13
2013-02-01,"Homicide",12
2013-03-01,"Homicide",9
2013-04-01,"Homicide",12
2013-05-01,"Homicide",6
2013-06-01,"Homicide",9
2013-07-01,"Homicide",13
2013-08-01,"Homicide",8
2013-09-01,"Homicide",11
2013-10-01,"Homicide",17
2013-11-01,"Homicide",12
2013-12-01,"Homicide",16
2014-01-01,"Homicide",8
2014-02-01,"Homicide",8
2014-03-01,"Homicide",11
2014-04-01,"Homicide",14
2014-05-01,"Homicide",7
2014-06-01,"Homicide",6
2014-07-01,"Homicide",12
2014-08-01,"Homicide",6
2014-09-01,"Homicide",18
2014-10-01,"Homicide",7
2014-11-01,"Homicide",14
2014-12-01,"Homicide",12
2015-01-01,"Homicide",8
2015-02-01,"Homicide",11
2015-03-01,"Homicide",15
2015-04-01,"Homicide",20
2015-05-01,"Homicide",6
2015-06-01,"Homicide",5
2015-07-01,"Homicide",5
2015-08-01,"Homicide",7
2015-09-01,"Homicide",8
2015-10-01,"Homicide",13
2015-11-01,"Homicide",9
2015-12-01,"Homicide",10
2016-01-01,"Homicide",8
2016-02-01,"Homicide",5
2016-03-01,"Homicide",12
2016-04-01,"Homicide",10
2016-05-01,"Homicide",4
2016-06-01,"Homicide",7
2016-07-01,"Homicide",9
2016-08-01,"Homicide",9
2016-09-01,"Homicide",14
2016-10-01,"Homicide",9
2016-11-01,"Homicide",10
2016-12-01,"Homicide",10
2017-01-01,"Homicide",6
2017-02-01,"Homicide",6
2017-03-01,"Homicide",10
2017-04-01,"Homicide",6
2017-05-01,"Homicide",3
2017-06-01,"Homicide",12
2017-07-01,"Homicide",9
2017-08-01,"Homicide",6
2017-09-01,"Homicide",8
2017-10-01,"Homicide",6
2017-11-01,"Homicide",3
2017-12-01,"Homicide",6
2018-01-01,"Homicide",9
2018-02-01,"Homicide",7
2018-03-01,"Homicide",8
2018-04-01,"Homicide",7
2018-05-01,"Homicide",7
2018-06-01,"Homicide",8
2018-07-01,"Homicide",11
2018-08-01,"Homicide",15
2018-09-01,"Homicide",10
2018-10-01,"Homicide",9
2018-11-01,"Homicide",4
2018-12-01,"Homicide",12
2019-01-01,"Homicide",15
2019-02-01,"Homicide",10
2019-03-01,"Homicide",8
2019-04-01,"Homicide",7
2019-05-01,"Homicide",8
2019-06-01,"Homicide",7
2019-07-01,"Homicide",7
2019-08-01,"Homicide",9
2019-09-01,"Homicide",10
2019-10-01,"Homicide",8
2019-11-01,"Homicide",12
2019-12-01,"Homicide",11
2020-01-01,"Homicide",12
2020-02-01,"Homicide",9
2020-03-01,"Homicide",8
2020-04-01,"Homicide",5
2020-05-01,"Homicide",9
2020-06-01,"Homicide",10
2020-07-01,"Homicide",6
2020-08-01,"Homicide",10
2020-09-01,"Homicide",12
2020-10-01,"Homicide",5
2020-11-01,"Homicide",7
2020-12-01,"Homicide",8
2021-01-01,"Homicide",8
2021-02-01,"Homicide",7
2021-03-01,"Homicide",10
2021-04-01,"Homicide",3
2021-05-01,"Homicide",5
2021-06-01,"Homicide",7
2021-07-01,"Homicide",7
2021-08-01,"Homicide",11
2021-09-01,"Homicide",5
2021-10-01,"Homicide",3
2021-11-01,"Homicide",5
2021-12-01,"Homicide",4
2022-01-01,"Homicide",11
2022-02-01,"Homicide",9
2022-03-01,"Homicide",12
2022-04-01,"Homicide",6
2022-05-01,"Homicide",6
2022-06-01,"Homicide",5
2022-07-01,"Homicide",4
2022-08-01,"Homicide",5
2022-09-01,"Homicide",9
2022-10-01,"Homicide",4
2022-11-01,"Homicide",2
2022-12-01,"Homicide",12
2023-01-01,"Homicide",6
2023-02-01,"Homicide",4
2023-03-01,"Homicide",4
2023-04-01,"Homicide",6
2023-05-01,"Homicide",9
2023-06-01,"Homicide",9
2023-07-01,"Homicide",10
2023-08-01,"Homicide",7
2023-09-01,"Homicide",6
2023-10-01,"Homicide",10
2023-11-01,"Homicide",6
2023-12-01,"Homicide",2
1995-01-01,"Intimidation, stalking and harassment",346
1995-02-01,"Intimidation, stalking and harassment",336
1995-03-01,"Intimidation, stalking and harassment",436
1995-04-01,"Intimidation, stalking and harassment",423
1995-05-01,"Intimidation, stalking and harassment",478
1995-06-01,"Intimidation, stalking and harassment",533
1995-07-01,"Intimidation, stalking and harassment",521
1995-08-01,"Intimidation, stalking and harassment",622
1995-09-01,"Intimidation, stalking and harassment",618
1995-10-01,"Intimidation, stalking and harassment",583
1995-11-01,"Intimidation, stalking and harassment",642
1995-12-01,"Intimidation, stalking and harassment",524
1996-01-01,"Intimidation, stalking and harassment",689
1996-02-01,"Intimidation, stalking and harassment",624
1996-03-01,"Intimidation, stalking and harassment",631
1996-04-01,"Intimidation, stalking and harassment",672
1996-05-01,"Intimidation, stalking and harassment",783
1996-06-01,"Intimidation, stalking and harassment",697
1996-07-01,"Intimidation, stalking and harassment",837
1996-08-01,"Intimidation, stalking and harassment",738
1996-09-01,"Intimidation, stalking and harassment",717
1996-10-01,"Intimidation, stalking and harassment",740
1996-11-01,"Intimidation, stalking and harassment",807
1996-12-01,"Intimidation, stalking and harassment",819
1997-01-01,"Intimidation, stalking and harassment",869
1997-02-01,"Intimidation, stalking and harassment",856
1997-03-01,"Intimidation, stalking and harassment",962
1997-04-01,"Intimidation, stalking and harassment",895
1997-05-01,"Intimidation, stalking and harassment",909
1997-06-01,"Intimidation, stalking and harassment",864
1997-07-01,"Intimidation, stalking and harassment",929
1997-08-01,"Intimidation, stalking and harassment",884
1997-09-01,"Intimidation, stalking and harassment",887
1997-10-01,"Intimidation, stalking and harassment",864
1997-11-01,"Intimidation, stalking and harassment",878
1997-12-01,"Intimidation, stalking and harassment",930
1998-01-01,"Intimidation, stalking and harassment",1063
1998-02-01,"Intimidation, stalking and harassment",869
1998-03-01,"Intimidation, stalking and harassment",1120
1998-04-01,"Intimidation, stalking and harassment",966
1998-05-01,"Intimidation, stalking and harassment",949
1998-06-01,"Intimidation, stalking and harassment",906
1998-07-01,"Intimidation, stalking and harassment",972
1998-08-01,"Intimidation, stalking and harassment",1091
1998-09-01,"Intimidation, stalking and harassment",1090
1998-10-01,"Intimidation, stalking and harassment",1056
1998-11-01,"Intimidation, stalking and harassment",1128
1998-12-01,"Intimidation, stalking and harassment",935
1999-01-01,"Intimidation, stalking and harassment",1072
1999-02-01,"Intimidation, stalking and harassment",955
1999-03-01,"Intimidation, stalking and harassment",1082
1999-04-01,"Intimidation, stalking and harassment",1002
1999-05-01,"Intimidation, stalking and harassment",1126
1999-06-01,"Intimidation, stalking and harassment",992
1999-07-01,"Intimidation, stalking and harassment",999
1999-08-01,"Intimidation, stalking and harassment",1002
1999-09-01,"Intimidation, stalking and harassment",1067
1999-10-01,"Intimidation, stalking and harassment",1133
1999-11-01,"Intimidation, stalking and harassment",1101
1999-12-01,"Intimidation, stalking and harassment",1181
2000-01-01,"Intimidation, stalking and harassment",1201
2000-02-01,"Intimidation, stalking and harassment",1217
2000-03-01,"Intimidation, stalking and harassment",1325
2000-04-01,"Intimidation, stalking and harassment",1183
2000-05-01,"Intimidation, stalking and harassment",1184
2000-06-01,"Intimidation, stalking and harassment",1142
2000-07-01,"Intimidation, stalking and harassment",1274
2000-08-01,"Intimidation, stalking and harassment",1247
2000-09-01,"Intimidation, stalking and harassment",1169
2000-10-01,"Intimidation, stalking and harassment",1244
2000-11-01,"Intimidation, stalking and harassment",1282
2000-12-01,"Intimidation, stalking and harassment",1213
2001-01-01,"Intimidation, stalking and harassment",1386
2001-02-01,"Intimidation, stalking and harassment",1366
2001-03-01,"Intimidation, stalking and harassment",1456
2001-04-01,"Intimidation, stalking and harassment",1296
2001-05-01,"Intimidation, stalking and harassment",1331
2001-06-01,"Intimidation, stalking and harassment",1284
2001-07-01,"Intimidation, stalking and harassment",1385
2001-08-01,"Intimidation, stalking and harassment",1512
2001-09-01,"Intimidation, stalking and harassment",1409
2001-10-01,"Intimidation, stalking and harassment",1487
2001-11-01,"Intimidation, stalking and harassment",1413
2001-12-01,"Intimidation, stalking and harassment",1307
2002-01-01,"Intimidation, stalking and harassment",1401
2002-02-01,"Intimidation, stalking and harassment",1386
2002-03-01,"Intimidation, stalking and harassment",1447
2002-04-01,"Intimidation, stalking and harassment",1336
2002-05-01,"Intimidation, stalking and harassment",1307
2002-06-01,"Intimidation, stalking and harassment",1319
2002-07-01,"Intimidation, stalking and harassment",1420
2002-08-01,"Intimidation, stalking and harassment",1462
2002-09-01,"Intimidation, stalking and harassment",1481
2002-10-01,"Intimidation, stalking and harassment",1582
2002-11-01,"Intimidation, stalking and harassment",1546
2002-12-01,"Intimidation, stalking and harassment",1515
2003-01-01,"Intimidation, stalking and harassment",1678
2003-02-01,"Intimidation, stalking and harassment",1654
2003-03-01,"Intimidation, stalking and harassment",1656
2003-04-01,"Intimidation, stalking and harassment",1407
2003-05-01,"Intimidation, stalking and harassment",1590
2003-06-01,"Intimidation, stalking and harassment",1630
2003-07-01,"Intimidation, stalking and harassment",1612
2003-08-01,"Intimidation, stalking and harassment",1552
2003-09-01,"Intimidation, stalking and harassment",1532
2003-10-01,"Intimidation, stalking and harassment",1598
2003-11-01,"Intimidation, stalking and harassment",1512
2003-12-01,"Intimidation, stalking and harassment",1680
2004-01-01,"Intimidation, stalking and harassment",1837
2004-02-01,"Intimidation, stalking and harassment",1608
2004-03-01,"Intimidation, stalking and harassment",1696
2004-04-01,"Intimidation, stalking and harassment",1463
2004-05-01,"Intimidation, stalking and harassment",1552
2004-06-01,"Intimidation, stalking and harassment",1721
2004-07-01,"Intimidation, stalking and harassment",1717
2004-08-01,"Intimidation, stalking and harassment",1650
2004-09-01,"Intimidation, stalking and harassment",1718
2004-10-01,"Intimidation, stalking and harassment",1746
2004-11-01,"Intimidation, stalking and harassment",1898
2004-12-01,"Intimidation, stalking and harassment",1807
2005-01-01,"Intimidation, stalking and harassment",2093
2005-02-01,"Intimidation, stalking and harassment",1826
2005-03-01,"Intimidation, stalking and harassment",2120
2005-04-01,"Intimidation, stalking and harassment",1933
2005-05-01,"Intimidation, stalking and harassment",1773
2005-06-01,"Intimidation, stalking and harassment",1676
2005-07-01,"Intimidation, stalking and harassment",1726
2005-08-01,"Intimidation, stalking and harassment",1925
2005-09-01,"Intimidation, stalking and harassment",1971
2005-10-01,"Intimidation, stalking and harassment",1987
2005-11-01,"Intimidation, stalking and harassment",1934
2005-12-01,"Intimidation, stalking and harassment",2159
2006-01-01,"Intimidation, stalking and harassment",2099
2006-02-01,"Intimidation, stalking and harassment",1978
2006-03-01,"Intimidation, stalking and harassment",2249
2006-04-01,"Intimidation, stalking and harassment",1701
2006-05-01,"Intimidation, stalking and harassment",1783
2006-06-01,"Intimidation, stalking and harassment",1860
2006-07-01,"Intimidation, stalking and harassment",1971
2006-08-01,"Intimidation, stalking and harassment",2067
2006-09-01,"Intimidation, stalking and harassment",2024
2006-10-01,"Intimidation, stalking and harassment",2064
2006-11-01,"Intimidation, stalking and harassment",2092
2006-12-01,"Intimidation, stalking and harassment",2053
2007-01-01,"Intimidation, stalking and harassment",2300
2007-02-01,"Intimidation, stalking and harassment",2166
2007-03-01,"Intimidation, stalking and harassment",2418
2007-04-01,"Intimidation, stalking and harassment",1976
2007-05-01,"Intimidation, stalking and harassment",2072
2007-06-01,"Intimidation, stalking and harassment",1946
2007-07-01,"Intimidation, stalking and harassment",1949
2007-08-01,"Intimidation, stalking and harassment",2196
2007-09-01,"Intimidation, stalking and harassment",2092
2007-10-01,"Intimidation, stalking and harassment",2265
2007-11-01,"Intimidation, stalking and harassment",2306
2007-12-01,"Intimidation, stalking and harassment",2220
2008-01-01,"Intimidation, stalking and harassment",2351
2008-02-01,"Intimidation, stalking and harassment",2308
2008-03-01,"Intimidation, stalking and harassment",2212
2008-04-01,"Intimidation, stalking and harassment",1893
2008-05-01,"Intimidation, stalking and harassment",2139
2008-06-01,"Intimidation, stalking and harassment",2202
2008-07-01,"Intimidation, stalking and harassment",2097
2008-08-01,"Intimidation, stalking and harassment",2132
2008-09-01,"Intimidation, stalking and harassment",2197
2008-10-01,"Intimidation, stalking and harassment",2277
2008-11-01,"Intimidation, stalking and harassment",2287
2008-12-01,"Intimidation, stalking and harassment",2326
2009-01-01,"Intimidation, stalking and harassment",2510
2009-02-01,"Intimidation, stalking and harassment",2245
2009-03-01,"Intimidation, stalking and harassment",2638
2009-04-01,"Intimidation, stalking and harassment",2122
2009-05-01,"Intimidation, stalking and harassment",2264
2009-06-01,"Intimidation, stalking and harassment",2429
2009-07-01,"Intimidation, stalking and harassment",2188
2009-08-01,"Intimidation, stalking and harassment",2329
2009-09-01,"Intimidation, stalking and harassment",2450
2009-10-01,"Intimidation, stalking and harassment",2446
2009-11-01,"Intimidation, stalking and harassment",2324
2009-12-01,"Intimidation, stalking and harassment",2476
2010-01-01,"Intimidation, stalking and harassment",2637
2010-02-01,"Intimidation, stalking and harassment",2376
2010-03-01,"Intimidation, stalking and harassment",2625
2010-04-01,"Intimidation, stalking and harassment",2161
2010-05-01,"Intimidation, stalking and harassment",2380
2010-06-01,"Intimidation, stalking and harassment",2281
2010-07-01,"Intimidation, stalking and harassment",2281
2010-08-01,"Intimidation, stalking and harassment",2439
2010-09-01,"Intimidation, stalking and harassment",2457
2010-10-01,"Intimidation, stalking and harassment",2512
2010-11-01,"Intimidation, stalking and harassment",2503
2010-12-01,"Intimidation, stalking and harassment",2505
2011-01-01,"Intimidation, stalking and harassment",2734
2011-02-01,"Intimidation, stalking and harassment",2644
2011-03-01,"Intimidation, stalking and harassment",2867
2011-04-01,"Intimidation, stalking and harassment",2214
2011-05-01,"Intimidation, stalking and harassment",2395
2011-06-01,"Intimidation, stalking and harassment",2422
2011-07-01,"Intimidation, stalking and harassment",2250
2011-08-01,"Intimidation, stalking and harassment",2553
2011-09-01,"Intimidation, stalking and harassment",2441
2011-10-01,"Intimidation, stalking and harassment",2384
2011-11-01,"Intimidation, stalking and harassment",2393
2011-12-01,"Intimidation, stalking and harassment",2355
2012-01-01,"Intimidation, stalking and harassment",2614
2012-02-01,"Intimidation, stalking and harassment",2549
2012-03-01,"Intimidation, stalking and harassment",2587
2012-04-01,"Intimidation, stalking and harassment",2361
2012-05-01,"Intimidation, stalking and harassment",2508
2012-06-01,"Intimidation, stalking and harassment",2165
2012-07-01,"Intimidation, stalking and harassment",2331
2012-08-01,"Intimidation, stalking and harassment",2724
2012-09-01,"Intimidation, stalking and harassment",2548
2012-10-01,"Intimidation, stalking and harassment",2668
2012-11-01,"Intimidation, stalking and harassment",2691
2012-12-01,"Intimidation, stalking and harassment",2513
2013-01-01,"Intimidation, stalking and harassment",2669
2013-02-01,"Intimidation, stalking and harassment",2472
2013-03-01,"Intimidation, stalking and harassment",2686
2013-04-01,"Intimidation, stalking and harassment",2253
2013-05-01,"Intimidation, stalking and harassment",2428
2013-06-01,"Intimidation, stalking and harassment",2344
2013-07-01,"Intimidation, stalking and harassment",2347
2013-08-01,"Intimidation, stalking and harassment",2512
2013-09-01,"Intimidation, stalking and harassment",2422
2013-10-01,"Intimidation, stalking and harassment",2444
2013-11-01,"Intimidation, stalking and harassment",2441
2013-12-01,"Intimidation, stalking and harassment",2602
2014-01-01,"Intimidation, stalking and harassment",2823
2014-02-01,"Intimidation, stalking and harassment",2452
2014-03-01,"Intimidation, stalking and harassment",2717
2014-04-01,"Intimidation, stalking and harassment",2218
2014-05-01,"Intimidation, stalking and harassment",2380
2014-06-01,"Intimidation, stalking and harassment",2198
2014-07-01,"Intimidation, stalking and harassment",2221
2014-08-01,"Intimidation, stalking and harassment",2345
2014-09-01,"Intimidation, stalking and harassment",2571
2014-10-01,"Intimidation, stalking and harassment",2638
2014-11-01,"Intimidation, stalking and harassment",2648
2014-12-01,"Intimidation, stalking and harassment",2589
2015-01-01,"Intimidation, stalking and harassment",2770
2015-02-01,"Intimidation, stalking and harassment",2474
2015-03-01,"Intimidation, stalking and harassment",2718
2015-04-01,"Intimidation, stalking and harassment",2280
2015-05-01,"Intimidation, stalking and harassment",2449
2015-06-01,"Intimidation, stalking and harassment",2361
2015-07-01,"Intimidation, stalking and harassment",2330
2015-08-01,"Intimidation, stalking and harassment",2477
2015-09-01,"Intimidation, stalking and harassment",2444
2015-10-01,"Intimidation, stalking and harassment",2765
2015-11-01,"Intimidation, stalking and harassment",2749
2015-12-01,"Intimidation, stalking and harassment",2631
2016-01-01,"Intimidation, stalking and harassment",2740
2016-02-01,"Intimidation, stalking and harassment",2713
2016-03-01,"Intimidation, stalking and harassment",2698
2016-04-01,"Intimidation, stalking and harassment",2463
2016-05-01,"Intimidation, stalking and harassment",2426
2016-06-01,"Intimidation, stalking and harassment",2190
2016-07-01,"Intimidation, stalking and harassment",2357
2016-08-01,"Intimidation, stalking and harassment",2591
2016-09-01,"Intimidation, stalking and harassment",2514
2016-10-01,"Intimidation, stalking and harassment",2673
2016-11-01,"Intimidation, stalking and harassment",2735
2016-12-01,"Intimidation, stalking and harassment",2628
2017-01-01,"Intimidation, stalking and harassment",2700
2017-02-01,"Intimidation, stalking and harassment",2445
2017-03-01,"Intimidation, stalking and harassment",2731
2017-04-01,"Intimidation, stalking and harassment",2244
2017-05-01,"Intimidation, stalking and harassment",2455
2017-06-01,"Intimidation, stalking and harassment",2499
2017-07-01,"Intimidation, stalking and harassment",2289
2017-08-01,"Intimidation, stalking and harassment",2573
2017-09-01,"Intimidation, stalking and harassment",2445
2017-10-01,"Intimidation, stalking and harassment",2764
2017-11-01,"Intimidation, stalking and harassment",2773
2017-12-01,"Intimidation, stalking and harassment",2820
2018-01-01,"Intimidation, stalking and harassment",2939
2018-02-01,"Intimidation, stalking and harassment",2765
2018-03-01,"Intimidation, stalking and harassment",2847
2018-04-01,"Intimidation, stalking and harassment",2337
2018-05-01,"Intimidation, stalking and harassment",2416
2018-06-01,"Intimidation, stalking and harassment",2494
2018-07-01,"Intimidation, stalking and harassment",2451
2018-08-01,"Intimidation, stalking and harassment",2612
2018-09-01,"Intimidation, stalking and harassment",2651
2018-10-01,"Intimidation, stalking and harassment",2841
2018-11-01,"Intimidation, stalking and harassment",2970
2018-12-01,"Intimidation, stalking and harassment",3067
2019-01-01,"Intimidation, stalking and harassment",2999
2019-02-01,"Intimidation, stalking and harassment",2880
2019-03-01,"Intimidation, stalking and harassment",3023
2019-04-01,"Intimidation, stalking and harassment",2664
2019-05-01,"Intimidation, stalking and harassment",2947
2019-06-01,"Intimidation, stalking and harassment",2691
2019-07-01,"Intimidation, stalking and harassment",2738
2019-08-01,"Intimidation, stalking and harassment",3012
2019-09-01,"Intimidation, stalking and harassment",3065
2019-10-01,"Intimidation, stalking and harassment",3210
2019-11-01,"Intimidation, stalking and harassment",3265
2019-12-01,"Intimidation, stalking and harassment",3165
2020-01-01,"Intimidation, stalking and harassment",3311
2020-02-01,"Intimidation, stalking and harassment",3243
2020-03-01,"Intimidation, stalking and harassment",3208
2020-04-01,"Intimidation, stalking and harassment",2548
2020-05-01,"Intimidation, stalking and harassment",2949
2020-06-01,"Intimidation, stalking and harassment",3359
2020-07-01,"Intimidation, stalking and harassment",3052
2020-08-01,"Intimidation, stalking and harassment",3291
2020-09-01,"Intimidation, stalking and harassment",3492
2020-10-01,"Intimidation, stalking and harassment",3630
2020-11-01,"Intimidation, stalking and harassment",3673
2020-12-01,"Intimidation, stalking and harassment",3453
2021-01-01,"Intimidation, stalking and harassment",3622
2021-02-01,"Intimidation, stalking and harassment",3469
2021-03-01,"Intimidation, stalking and harassment",3640
2021-04-01,"Intimidation, stalking and harassment",3248
2021-05-01,"Intimidation, stalking and harassment",3705
2021-06-01,"Intimidation, stalking and harassment",3299
2021-07-01,"Intimidation, stalking and harassment",3040
2021-08-01,"Intimidation, stalking and harassment",3059
2021-09-01,"Intimidation, stalking and harassment",3049
2021-10-01,"Intimidation, stalking and harassment",3564
2021-11-01,"Intimidation, stalking and harassment",3817
2021-12-01,"Intimidation, stalking and harassment",3662
2022-01-01,"Intimidation, stalking and harassment",3548
2022-02-01,"Intimidation, stalking and harassment",3460
2022-03-01,"Intimidation, stalking and harassment",3831
2022-04-01,"Intimidation, stalking and harassment",3290
2022-05-01,"Intimidation, stalking and harassment",3434
2022-06-01,"Intimidation, stalking and harassment",3318
2022-07-01,"Intimidation, stalking and harassment",3406
2022-08-01,"Intimidation, stalking and harassment",3686
2022-09-01,"Intimidation, stalking and harassment",3543
2022-10-01,"Intimidation, stalking and harassment",3821
2022-11-01,"Intimidation, stalking and harassment",3937
2022-12-01,"Intimidation, stalking and harassment",3749
2023-01-01,"Intimidation, stalking and harassment",3875
2023-02-01,"Intimidation, stalking and harassment",3989
2023-03-01,"Intimidation, stalking and harassment",4352
2023-04-01,"Intimidation, stalking and harassment",3413
2023-05-01,"Intimidation, stalking and harassment",3735
2023-06-01,"Intimidation, stalking and harassment",3656
2023-07-01,"Intimidation, stalking and harassment",3674
2023-08-01,"Intimidation, stalking and harassment",4098
2023-09-01,"Intimidation, stalking and harassment",3749
2023-10-01,"Intimidation, stalking and harassment",4006
2023-11-01,"Intimidation, stalking and harassment",3888
2023-12-01,"Intimidation, stalking and harassment",3855
1995-01-01,"Liquor offences",67
1995-02-01,"Liquor offences",72
1995-03-01,"Liquor offences",99
1995-04-01,"Liquor offences",101
1995-05-01,"Liquor offences",87
1995-06-01,"Liquor offences",68
1995-07-01,"Liquor offences",58
1995-08-01,"Liquor offences",81
1995-09-01,"Liquor offences",109
1995-10-01,"Liquor offences",99
1995-11-01,"Liquor offences",109
1995-12-01,"Liquor offences",127
1996-01-01,"Liquor offences",86
1996-02-01,"Liquor offences",92
1996-03-01,"Liquor offences",133
1996-04-01,"Liquor offences",155
1996-05-01,"Liquor offences",114
1996-06-01,"Liquor offences",198
1996-07-01,"Liquor offences",131
1996-08-01,"Liquor offences",129
1996-09-01,"Liquor offences",155
1996-10-01,"Liquor offences",128
1996-11-01,"Liquor offences",146
1996-12-01,"Liquor offences",182
1997-01-01,"Liquor offences",177
1997-02-01,"Liquor offences",142
1997-03-01,"Liquor offences",229
1997-04-01,"Liquor offences",131
1997-05-01,"Liquor offences",168
1997-06-01,"Liquor offences",134
1997-07-01,"Liquor offences",170
1997-08-01,"Liquor offences",225
1997-09-01,"Liquor offences",238
1997-10-01,"Liquor offences",154
1997-11-01,"Liquor offences",262
1997-12-01,"Liquor offences",269
1998-01-01,"Liquor offences",248
1998-02-01,"Liquor offences",241
1998-03-01,"Liquor offences",264
1998-04-01,"Liquor offences",268
1998-05-01,"Liquor offences",308
1998-06-01,"Liquor offences",364
1998-07-01,"Liquor offences",287
1998-08-01,"Liquor offences",385
1998-09-01,"Liquor offences",342
1998-10-01,"Liquor offences",391
1998-11-01,"Liquor offences",393
1998-12-01,"Liquor offences",400
1999-01-01,"Liquor offences",360
1999-02-01,"Liquor offences",333
1999-03-01,"Liquor offences",391
1999-04-01,"Liquor offences",405
1999-05-01,"Liquor offences",573
1999-06-01,"Liquor offences",461
1999-07-01,"Liquor offences",454
1999-08-01,"Liquor offences",414
1999-09-01,"Liquor offences",511
1999-10-01,"Liquor offences",479
1999-11-01,"Liquor offences",394
1999-12-01,"Liquor offences",549
2000-01-01,"Liquor offences",418
2000-02-01,"Liquor offences",573
2000-03-01,"Liquor offences",527
2000-04-01,"Liquor offences",522
2000-05-01,"Liquor offences",533
2000-06-01,"Liquor offences",537
2000-07-01,"Liquor offences",518
2000-08-01,"Liquor offences",436
2000-09-01,"Liquor offences",468
2000-10-01,"Liquor offences",740
2000-11-01,"Liquor offences",708
2000-12-01,"Liquor offences",820
2001-01-01,"Liquor offences",521
2001-02-01,"Liquor offences",642
2001-03-01,"Liquor offences",676
2001-04-01,"Liquor offences",682
2001-05-01,"Liquor offences",537
2001-06-01,"Liquor offences",580
2001-07-01,"Liquor offences",574
2001-08-01,"Liquor offences",641
2001-09-01,"Liquor offences",694
2001-10-01,"Liquor offences",617
2001-11-01,"Liquor offences",752
2001-12-01,"Liquor offences",868
2002-01-01,"Liquor offences",782
2002-02-01,"Liquor offences",892
2002-03-01,"Liquor offences",1013
2002-04-01,"Liquor offences",919
2002-05-01,"Liquor offences",882
2002-06-01,"Liquor offences",914
2002-07-01,"Liquor offences",919
2002-08-01,"Liquor offences",1058
2002-09-01,"Liquor offences",1013
2002-10-01,"Liquor offences",1290
2002-11-01,"Liquor offences",1345
2002-12-01,"Liquor offences",1497
2003-01-01,"Liquor offences",1203
2003-02-01,"Liquor offences",1213
2003-03-01,"Liquor offences",1288
2003-04-01,"Liquor offences",1118
2003-05-01,"Liquor offences",1173
2003-06-01,"Liquor offences",1026
2003-07-01,"Liquor offences",1056
2003-08-01,"Liquor offences",915
2003-09-01,"Liquor offences",1049
2003-10-01,"Liquor offences",905
2003-11-01,"Liquor offences",1095
2003-12-01,"Liquor offences",1262
2004-01-01,"Liquor offences",1208
2004-02-01,"Liquor offences",798
2004-03-01,"Liquor offences",932
2004-04-01,"Liquor offences",1036
2004-05-01,"Liquor offences",822
2004-06-01,"Liquor offences",972
2004-07-01,"Liquor offences",886
2004-08-01,"Liquor offences",953
2004-09-01,"Liquor offences",920
2004-10-01,"Liquor offences",1191
2004-11-01,"Liquor offences",1138
2004-12-01,"Liquor offences",1733
2005-01-01,"Liquor offences",1297
2005-02-01,"Liquor offences",986
2005-03-01,"Liquor offences",1137
2005-04-01,"Liquor offences",1244
2005-05-01,"Liquor offences",927
2005-06-01,"Liquor offences",1048
2005-07-01,"Liquor offences",1091
2005-08-01,"Liquor offences",936
2005-09-01,"Liquor offences",929
2005-10-01,"Liquor offences",1361
2005-11-01,"Liquor offences",1112
2005-12-01,"Liquor offences",1448
2006-01-01,"Liquor offences",1201
2006-02-01,"Liquor offences",1115
2006-03-01,"Liquor offences",1256
2006-04-01,"Liquor offences",1304
2006-05-01,"Liquor offences",1049
2006-06-01,"Liquor offences",933
2006-07-01,"Liquor offences",1009
2006-08-01,"Liquor offences",1344
2006-09-01,"Liquor offences",1267
2006-10-01,"Liquor offences",1292
2006-11-01,"Liquor offences",1641
2006-12-01,"Liquor offences",1943
2007-01-01,"Liquor offences",1400
2007-02-01,"Liquor offences",1163
2007-03-01,"Liquor offences",1777
2007-04-01,"Liquor offences",1533
2007-05-01,"Liquor offences",1306
2007-06-01,"Liquor offences",1471
2007-07-01,"Liquor offences",1529
2007-08-01,"Liquor offences",1337
2007-09-01,"Liquor offences",1267
2007-10-01,"Liquor offences",1232
2007-11-01,"Liquor offences",1758
2007-12-01,"Liquor offences",2284
2008-01-01,"Liquor offences",1562
2008-02-01,"Liquor offences",1425
2008-03-01,"Liquor offences",1962
2008-04-01,"Liquor offences",1272
2008-05-01,"Liquor offences",1262
2008-06-01,"Liquor offences",1210
2008-07-01,"Liquor offences",1157
2008-08-01,"Liquor offences",1326
2008-09-01,"Liquor offences",1364
2008-10-01,"Liquor offences",1627
2008-11-01,"Liquor offences",1631
2008-12-01,"Liquor offences",2242
2009-01-01,"Liquor offences",1848
2009-02-01,"Liquor offences",1409
2009-03-01,"Liquor offences",1402
2009-04-01,"Liquor offences",1406
2009-05-01,"Liquor offences",1409
2009-06-01,"Liquor offences",1269
2009-07-01,"Liquor offences",1428
2009-08-01,"Liquor offences",1272
2009-09-01,"Liquor offences",1378
2009-10-01,"Liquor offences",1653
2009-11-01,"Liquor offences",1503
2009-12-01,"Liquor offences",2257
2010-01-01,"Liquor offences",2024
2010-02-01,"Liquor offences",1267
2010-03-01,"Liquor offences",1286
2010-04-01,"Liquor offences",1458
2010-05-01,"Liquor offences",1295
2010-06-01,"Liquor offences",1209
2010-07-01,"Liquor offences",1363
2010-08-01,"Liquor offences",1071
2010-09-01,"Liquor offences",1420
2010-10-01,"Liquor offences",1481
2010-11-01,"Liquor offences",1336
2010-12-01,"Liquor offences",2229
2011-01-01,"Liquor offences",1672
2011-02-01,"Liquor offences",1160
2011-03-01,"Liquor offences",1440
2011-04-01,"Liquor offences",1713
2011-05-01,"Liquor offences",1407
2011-06-01,"Liquor offences",1262
2011-07-01,"Liquor offences",1248
2011-08-01,"Liquor offences",1248
2011-09-01,"Liquor offences",1510
2011-10-01,"Liquor offences",1236
2011-11-01,"Liquor offences",780
2011-12-01,"Liquor offences",1555
2012-01-01,"Liquor offences",1218
2012-02-01,"Liquor offences",1240
2012-03-01,"Liquor offences",1155
2012-04-01,"Liquor offences",1082
2012-05-01,"Liquor offences",996
2012-06-01,"Liquor offences",1299
2012-07-01,"Liquor offences",1233
2012-08-01,"Liquor offences",1106
2012-09-01,"Liquor offences",1078
2012-10-01,"Liquor offences",924
2012-11-01,"Liquor offences",1295
2012-12-01,"Liquor offences",1915
2013-01-01,"Liquor offences",1317
2013-02-01,"Liquor offences",1058
2013-03-01,"Liquor offences",1261
2013-04-01,"Liquor offences",1049
2013-05-01,"Liquor offences",999
2013-06-01,"Liquor offences",1002
2013-07-01,"Liquor offences",905
2013-08-01,"Liquor offences",1134
2013-09-01,"Liquor offences",1265
2013-10-01,"Liquor offences",1231
2013-11-01,"Liquor offences",1531
2013-12-01,"Liquor offences",1874
2014-01-01,"Liquor offences",1315
2014-02-01,"Liquor offences",914
2014-03-01,"Liquor offences",1208
2014-04-01,"Liquor offences",1311
2014-05-01,"Liquor offences",985
2014-06-01,"Liquor offences",1159
2014-07-01,"Liquor offences",1000
2014-08-01,"Liquor offences",1014
2014-09-01,"Liquor offences",886
2014-10-01,"Liquor offences",867
2014-11-01,"Liquor offences",1097
2014-12-01,"Liquor offences",1495
2015-01-01,"Liquor offences",1333
2015-02-01,"Liquor offences",827
2015-03-01,"Liquor offences",853
2015-04-01,"Liquor offences",936
2015-05-01,"Liquor offences",883
2015-06-01,"Liquor offences",907
2015-07-01,"Liquor offences",975
2015-08-01,"Liquor offences",861
2015-09-01,"Liquor offences",822
2015-10-01,"Liquor offences",915
2015-11-01,"Liquor offences",943
2015-12-01,"Liquor offences",1056
2016-01-01,"Liquor offences",986
2016-02-01,"Liquor offences",977
2016-03-01,"Liquor offences",800
2016-04-01,"Liquor offences",997
2016-05-01,"Liquor offences",820
2016-06-01,"Liquor offences",874
2016-07-01,"Liquor offences",985
2016-08-01,"Liquor offences",730
2016-09-01,"Liquor offences",772
2016-10-01,"Liquor offences",892
2016-11-01,"Liquor offences",957
2016-12-01,"Liquor offences",1207
2017-01-01,"Liquor offences",1138
2017-02-01,"Liquor offences",952
2017-03-01,"Liquor offences",859
2017-04-01,"Liquor offences",972
2017-05-01,"Liquor offences",866
2017-06-01,"Liquor offences",715
2017-07-01,"Liquor offences",776
2017-08-01,"Liquor offences",811
2017-09-01,"Liquor offences",803
2017-10-01,"Liquor offences",981
2017-11-01,"Liquor offences",876
2017-12-01,"Liquor offences",1386
2018-01-01,"Liquor offences",978
2018-02-01,"Liquor offences",897
2018-03-01,"Liquor offences",1106
2018-04-01,"Liquor offences",941
2018-05-01,"Liquor offences",782
2018-06-01,"Liquor offences",977
2018-07-01,"Liquor offences",946
2018-08-01,"Liquor offences",922
2018-09-01,"Liquor offences",916
2018-10-01,"Liquor offences",843
2018-11-01,"Liquor offences",956
2018-12-01,"Liquor offences",1279
2019-01-01,"Liquor offences",940
2019-02-01,"Liquor offences",863
2019-03-01,"Liquor offences",1130
2019-04-01,"Liquor offences",1035
2019-05-01,"Liquor offences",1055
2019-06-01,"Liquor offences",1073
2019-07-01,"Liquor offences",962
2019-08-01,"Liquor offences",888
2019-09-01,"Liquor offences",779
2019-10-01,"Liquor offences",787
2019-11-01,"Liquor offences",995
2019-12-01,"Liquor offences",1196
2020-01-01,"Liquor offences",957
2020-02-01,"Liquor offences",787
2020-03-01,"Liquor offences",738
2020-04-01,"Liquor offences",172
2020-05-01,"Liquor offences",313
2020-06-01,"Liquor offences",811
2020-07-01,"Liquor offences",616
2020-08-01,"Liquor offences",572
2020-09-01,"Liquor offences",707
2020-10-01,"Liquor offences",738
2020-11-01,"Liquor offences",631
2020-12-01,"Liquor offences",1068
2021-01-01,"Liquor offences",893
2021-02-01,"Liquor offences",833
2021-03-01,"Liquor offences",690
2021-04-01,"Liquor offences",1033
2021-05-01,"Liquor offences",723
2021-06-01,"Liquor offences",760
2021-07-01,"Liquor offences",394
2021-08-01,"Liquor offences",198
2021-09-01,"Liquor offences",212
2021-10-01,"Liquor offences",643
2021-11-01,"Liquor offences",934
2021-12-01,"Liquor offences",1094
2022-01-01,"Liquor offences",1141
2022-02-01,"Liquor offences",1173
2022-03-01,"Liquor offences",781
2022-04-01,"Liquor offences",1071
2022-05-01,"Liquor offences",662
2022-06-01,"Liquor offences",808
2022-07-01,"Liquor offences",869
2022-08-01,"Liquor offences",737
2022-09-01,"Liquor offences",925
2022-10-01,"Liquor offences",1007
2022-11-01,"Liquor offences",959
2022-12-01,"Liquor offences",946
2023-01-01,"Liquor offences",714
2023-02-01,"Liquor offences",553
2023-03-01,"Liquor offences",584
2023-04-01,"Liquor offences",770
2023-05-01,"Liquor offences",476
2023-06-01,"Liquor offences",560
2023-07-01,"Liquor offences",518
2023-08-01,"Liquor offences",576
2023-09-01,"Liquor offences",491
2023-10-01,"Liquor offences",733
2023-11-01,"Liquor offences",576
2023-12-01,"Liquor offences",646
1995-01-01,"Malicious damage to property",6178
1995-02-01,"Malicious damage to property",5351
1995-03-01,"Malicious damage to property",5752
1995-04-01,"Malicious damage to property",5529
1995-05-01,"Malicious damage to property",5739
1995-06-01,"Malicious damage to property",5610
1995-07-01,"Malicious damage to property",6226
1995-08-01,"Malicious damage to property",5789
1995-09-01,"Malicious damage to property",6161
1995-10-01,"Malicious damage to property",6867
1995-11-01,"Malicious damage to property",6059
1995-12-01,"Malicious damage to property",6474
1996-01-01,"Malicious damage to property",6493
1996-02-01,"Malicious damage to property",5786
1996-03-01,"Malicious damage to property",6433
1996-04-01,"Malicious damage to property",5935
1996-05-01,"Malicious damage to property",6005
1996-06-01,"Malicious damage to property",6372
1996-07-01,"Malicious damage to property",6842
1996-08-01,"Malicious damage to property",7016
1996-09-01,"Malicious damage to property",6698
1996-10-01,"Malicious damage to property",7337
1996-11-01,"Malicious damage to property",6820
1996-12-01,"Malicious damage to property",6950
1997-01-01,"Malicious damage to property",6883
1997-02-01,"Malicious damage to property",5660
1997-03-01,"Malicious damage to property",6182
1997-04-01,"Malicious damage to property",6136
1997-05-01,"Malicious damage to property",6061
1997-06-01,"Malicious damage to property",6104
1997-07-01,"Malicious damage to property",6468
1997-08-01,"Malicious damage to property",6896
1997-09-01,"Malicious damage to property",7015
1997-10-01,"Malicious damage to property",7631
1997-11-01,"Malicious damage to property",7327
1997-12-01,"Malicious damage to property",7201
1998-01-01,"Malicious damage to property",6992
1998-02-01,"Malicious damage to property",5980
1998-03-01,"Malicious damage to property",7047
1998-04-01,"Malicious damage to property",6769
1998-05-01,"Malicious damage to property",6774
1998-06-01,"Malicious damage to property",7276
1998-07-01,"Malicious damage to property",7846
1998-08-01,"Malicious damage to property",8359
1998-09-01,"Malicious damage to property",7975
1998-10-01,"Malicious damage to property",8195
1998-11-01,"Malicious damage to property",8420
1998-12-01,"Malicious damage to property",7860
1999-01-01,"Malicious damage to property",7710
1999-02-01,"Malicious damage to property",6913
1999-03-01,"Malicious damage to property",7694
1999-04-01,"Malicious damage to property",7247
1999-05-01,"Malicious damage to property",7723
1999-06-01,"Malicious damage to property",7164
1999-07-01,"Malicious damage to property",7403
1999-08-01,"Malicious damage to property",8168
1999-09-01,"Malicious damage to property",7914
1999-10-01,"Malicious damage to property",8475
1999-11-01,"Malicious damage to property",8146
1999-12-01,"Malicious damage to property",7472
2000-01-01,"Malicious damage to property",8418
2000-02-01,"Malicious damage to property",7472
2000-03-01,"Malicious damage to property",7602
2000-04-01,"Malicious damage to property",6938
2000-05-01,"Malicious damage to property",7557
2000-06-01,"Malicious damage to property",7191
2000-07-01,"Malicious damage to property",8262
2000-08-01,"Malicious damage to property",7960
2000-09-01,"Malicious damage to property",7924
2000-10-01,"Malicious damage to property",9124
2000-11-01,"Malicious damage to property",8096
2000-12-01,"Malicious damage to property",7813
2001-01-01,"Malicious damage to property",7924
2001-02-01,"Malicious damage to property",7257
2001-03-01,"Malicious damage to property",7645
2001-04-01,"Malicious damage to property",7507
2001-05-01,"Malicious damage to property",7564
2001-06-01,"Malicious damage to property",8223
2001-07-01,"Malicious damage to property",8683
2001-08-01,"Malicious damage to property",8253
2001-09-01,"Malicious damage to property",8542
2001-10-01,"Malicious damage to property",8939
2001-11-01,"Malicious damage to property",8177
2001-12-01,"Malicious damage to property",7849
2002-01-01,"Malicious damage to property",7941
2002-02-01,"Malicious damage to property",6732
2002-03-01,"Malicious damage to property",7427
2002-04-01,"Malicious damage to property",7512
2002-05-01,"Malicious damage to property",6982
2002-06-01,"Malicious damage to property",7311
2002-07-01,"Malicious damage to property",8066
2002-08-01,"Malicious damage to property",8131
2002-09-01,"Malicious damage to property",8569
2002-10-01,"Malicious damage to property",8929
2002-11-01,"Malicious damage to property",8235
2002-12-01,"Malicious damage to property",7675
2003-01-01,"Malicious damage to property",7970
2003-02-01,"Malicious damage to property",7139
2003-03-01,"Malicious damage to property",8017
2003-04-01,"Malicious damage to property",7363
2003-05-01,"Malicious damage to property",7432
2003-06-01,"Malicious damage to property",7773
2003-07-01,"Malicious damage to property",7911
2003-08-01,"Malicious damage to property",7703
2003-09-01,"Malicious damage to property",8320
2003-10-01,"Malicious damage to property",8340
2003-11-01,"Malicious damage to property",8347
2003-12-01,"Malicious damage to property",8235
2004-01-01,"Malicious damage to property",8101
2004-02-01,"Malicious damage to property",7337
2004-03-01,"Malicious damage to property",7823
2004-04-01,"Malicious damage to property",7254
2004-05-01,"Malicious damage to property",7370
2004-06-01,"Malicious damage to property",7378
2004-07-01,"Malicious damage to property",7855
2004-08-01,"Malicious damage to property",8577
2004-09-01,"Malicious damage to property",8318
2004-10-01,"Malicious damage to property",8503
2004-11-01,"Malicious damage to property",8261
2004-12-01,"Malicious damage to property",7946
2005-01-01,"Malicious damage to property",8630
2005-02-01,"Malicious damage to property",7871
2005-03-01,"Malicious damage to property",8771
2005-04-01,"Malicious damage to property",8492
2005-05-01,"Malicious damage to property",7830
2005-06-01,"Malicious damage to property",7852
2005-07-01,"Malicious damage to property",8787
2005-08-01,"Malicious damage to property",8475
2005-09-01,"Malicious damage to property",8728
2005-10-01,"Malicious damage to property",9437
2005-11-01,"Malicious damage to property",8797
2005-12-01,"Malicious damage to property",9413
2006-01-01,"Malicious damage to property",9135
2006-02-01,"Malicious damage to property",8085
2006-03-01,"Malicious damage to property",8626
2006-04-01,"Malicious damage to property",8552
2006-05-01,"Malicious damage to property",8541
2006-06-01,"Malicious damage to property",8339
2006-07-01,"Malicious damage to property",9341
2006-08-01,"Malicious damage to property",9195
2006-09-01,"Malicious damage to property",9311
2006-10-01,"Malicious damage to property",10503
2006-11-01,"Malicious damage to property",9455
2006-12-01,"Malicious damage to property",9614
2007-01-01,"Malicious damage to property",9864
2007-02-01,"Malicious damage to property",8338
2007-03-01,"Malicious damage to property",8897
2007-04-01,"Malicious damage to property",8867
2007-05-01,"Malicious damage to property",8563
2007-06-01,"Malicious damage to property",7863
2007-07-01,"Malicious damage to property",8948
2007-08-01,"Malicious damage to property",8570
2007-09-01,"Malicious damage to property",9202
2007-10-01,"Malicious damage to property",9907
2007-11-01,"Malicious damage to property",9102
2007-12-01,"Malicious damage to property",9075
2008-01-01,"Malicious damage to property",9280
2008-02-01,"Malicious damage to property",8134
2008-03-01,"Malicious damage to property",8997
2008-04-01,"Malicious damage to property",8669
2008-05-01,"Malicious damage to property",9157
2008-06-01,"Malicious damage to property",8930
2008-07-01,"Malicious damage to property",9083
2008-08-01,"Malicious damage to property",9107
2008-09-01,"Malicious damage to property",9355
2008-10-01,"Malicious damage to property",9941
2008-11-01,"Malicious damage to property",9557
2008-12-01,"Malicious damage to property",9205
2009-01-01,"Malicious damage to property",9388
2009-02-01,"Malicious damage to property",7739
2009-03-01,"Malicious damage to property",8729
2009-04-01,"Malicious damage to property",8154
2009-05-01,"Malicious damage to property",8041
2009-06-01,"Malicious damage to property",8043
2009-07-01,"Malicious damage to property",8021
2009-08-01,"Malicious damage to property",8804
2009-09-01,"Malicious damage to property",8698
2009-10-01,"Malicious damage to property",9177
2009-11-01,"Malicious damage to property",8379
2009-12-01,"Malicious damage to property",8423
2010-01-01,"Malicious damage to property",8684
2010-02-01,"Malicious damage to property",6969
2010-03-01,"Malicious damage to property",7710
2010-04-01,"Malicious damage to property",7278
2010-05-01,"Malicious damage to property",6979
2010-06-01,"Malicious damage to property",7023
2010-07-01,"Malicious damage to property",7608
2010-08-01,"Malicious damage to property",7797
2010-09-01,"Malicious damage to property",7826
2010-10-01,"Malicious damage to property",8274
2010-11-01,"Malicious damage to property",7721
2010-12-01,"Malicious damage to property",7662
2011-01-01,"Malicious damage to property",8109
2011-02-01,"Malicious damage to property",6738
2011-03-01,"Malicious damage to property",7344
2011-04-01,"Malicious damage to property",7019
2011-05-01,"Malicious damage to property",6869
2011-06-01,"Malicious damage to property",6858
2011-07-01,"Malicious damage to property",7206
2011-08-01,"Malicious damage to property",7229
2011-09-01,"Malicious damage to property",7433
2011-10-01,"Malicious damage to property",7737
2011-11-01,"Malicious damage to property",7019
2011-12-01,"Malicious damage to property",7551
2012-01-01,"Malicious damage to property",7945
2012-02-01,"Malicious damage to property",6455
2012-03-01,"Malicious damage to property",6953
2012-04-01,"Malicious damage to property",6780
2012-05-01,"Malicious damage to property",6390
2012-06-01,"Malicious damage to property",6356
2012-07-01,"Malicious damage to property",6922
2012-08-01,"Malicious damage to property",6950
2012-09-01,"Malicious damage to property",7007
2012-10-01,"Malicious damage to property",7170
2012-11-01,"Malicious damage to property",7012
2012-12-01,"Malicious damage to property",6808
2013-01-01,"Malicious damage to property",6999
2013-02-01,"Malicious damage to property",5835
2013-03-01,"Malicious damage to property",6557
2013-04-01,"Malicious damage to property",6572
2013-05-01,"Malicious damage to property",6638
2013-06-01,"Malicious damage to property",6269
2013-07-01,"Malicious damage to property",6261
2013-08-01,"Malicious damage to property",6369
2013-09-01,"Malicious damage to property",6361
2013-10-01,"Malicious damage to property",6112
2013-11-01,"Malicious damage to property",5976
2013-12-01,"Malicious damage to property",6278
2014-01-01,"Malicious damage to property",6498
2014-02-01,"Malicious damage to property",5383
2014-03-01,"Malicious damage to property",6008
2014-04-01,"Malicious damage to property",5479
2014-05-01,"Malicious damage to property",5466
2014-06-01,"Malicious damage to property",5383
2014-07-01,"Malicious damage to property",5653
2014-08-01,"Malicious damage to property",5343
2014-09-01,"Malicious damage to property",5692
2014-10-01,"Malicious damage to property",5791
2014-11-01,"Malicious damage to property",5763
2014-12-01,"Malicious damage to property",5727
2015-01-01,"Malicious damage to property",5963
2015-02-01,"Malicious damage to property",5115
2015-03-01,"Malicious damage to property",5378
2015-04-01,"Malicious damage to property",5027
2015-05-01,"Malicious damage to property",5094
2015-06-01,"Malicious damage to property",4961
2015-07-01,"Malicious damage to property",5163
2015-08-01,"Malicious damage to property",5329
2015-09-01,"Malicious damage to property",5255
2015-10-01,"Malicious damage to property",5552
2015-11-01,"Malicious damage to property",5516
2015-12-01,"Malicious damage to property",5682
2016-01-01,"Malicious damage to property",5704
2016-02-01,"Malicious damage to property",5191
2016-03-01,"Malicious damage to property",5564
2016-04-01,"Malicious damage to property",5027
2016-05-01,"Malicious damage to property",4980
2016-06-01,"Malicious damage to property",4578
2016-07-01,"Malicious damage to property",5063
2016-08-01,"Malicious damage to property",4937
2016-09-01,"Malicious damage to property",5315
2016-10-01,"Malicious damage to property",5511
2016-11-01,"Malicious damage to property",5264
2016-12-01,"Malicious damage to property",5675
2017-01-01,"Malicious damage to property",5730
2017-02-01,"Malicious damage to property",4926
2017-03-01,"Malicious damage to property",5300
2017-04-01,"Malicious damage to property",5023
2017-05-01,"Malicious damage to property",4922
2017-06-01,"Malicious damage to property",4722
2017-07-01,"Malicious damage to property",4774
2017-08-01,"Malicious damage to property",4636
2017-09-01,"Malicious damage to property",5038
2017-10-01,"Malicious damage to property",5440
2017-11-01,"Malicious damage to property",5216
2017-12-01,"Malicious damage to property",5465
2018-01-01,"Malicious damage to property",5647
2018-02-01,"Malicious damage to property",4645
2018-03-01,"Malicious damage to property",4943
2018-04-01,"Malicious damage to property",4710
2018-05-01,"Malicious damage to property",4602
2018-06-01,"Malicious damage to property",4502
2018-07-01,"Malicious damage to property",4641
2018-08-01,"Malicious damage to property",4792
2018-09-01,"Malicious damage to property",4825
2018-10-01,"Malicious damage to property",5196
2018-11-01,"Malicious damage to property",4967
2018-12-01,"Malicious damage to property",5117
2019-01-01,"Malicious damage to property",5425
2019-02-01,"Malicious damage to property",4422
2019-03-01,"Malicious damage to property",4952
2019-04-01,"Malicious damage to property",4595
2019-05-01,"Malicious damage to property",4343
2019-06-01,"Malicious damage to property",4403
2019-07-01,"Malicious damage to property",4541
2019-08-01,"Malicious damage to property",4671
2019-09-01,"Malicious damage to property",4685
2019-10-01,"Malicious damage to property",4987
2019-11-01,"Malicious damage to property",5056
2019-12-01,"Malicious damage to property",5091
2020-01-01,"Malicious damage to property",4909
2020-02-01,"Malicious damage to property",4318
2020-03-01,"Malicious damage to property",4580
2020-04-01,"Malicious damage to property",3638
2020-05-01,"Malicious damage to property",3870
2020-06-01,"Malicious damage to property",4302
2020-07-01,"Malicious damage to property",4425
2020-08-01,"Malicious damage to property",4347
2020-09-01,"Malicious damage to property",4590
2020-10-01,"Malicious damage to property",4721
2020-11-01,"Malicious damage to property",4783
2020-12-01,"Malicious damage to property",4842
2021-01-01,"Malicious damage to property",4692
2021-02-01,"Malicious damage to property",4112
2021-03-01,"Malicious damage to property",4400
2021-04-01,"Malicious damage to property",4185
2021-05-01,"Malicious damage to property",4283
2021-06-01,"Malicious damage to property",4066
2021-07-01,"Malicious damage to property",3851
2021-08-01,"Malicious damage to property",3354
2021-09-01,"Malicious damage to property",3347
2021-10-01,"Malicious damage to property",4185
2021-11-01,"Malicious damage to property",4225
2021-12-01,"Malicious damage to property",4594
2022-01-01,"Malicious damage to property",4355
2022-02-01,"Malicious damage to property",3852
2022-03-01,"Malicious damage to property",4104
2022-04-01,"Malicious damage to property",3971
2022-05-01,"Malicious damage to property",3833
2022-06-01,"Malicious damage to property",3945
2022-07-01,"Malicious damage to property",3740
2022-08-01,"Malicious damage to property",4071
2022-09-01,"Malicious damage to property",4003
2022-10-01,"Malicious damage to property",4311
2022-11-01,"Malicious damage to property",4097
2022-12-01,"Malicious damage to property",4270
2023-01-01,"Malicious damage to property",4643
2023-02-01,"Malicious damage to property",3853
2023-03-01,"Malicious damage to property",4334
2023-04-01,"Malicious damage to property",3896
2023-05-01,"Malicious damage to property",3712
2023-06-01,"Malicious damage to property",3805
2023-07-01,"Malicious damage to property",3954
2023-08-01,"Malicious damage to property",4110
2023-09-01,"Malicious damage to property",4209
2023-10-01,"Malicious damage to property",4398
2023-11-01,"Malicious damage to property",4099
2023-12-01,"Malicious damage to property",4286
1995-01-01,"Other offences",596
1995-02-01,"Other offences",516
1995-03-01,"Other offences",560
1995-04-01,"Other offences",492
1995-05-01,"Other offences",616
1995-06-01,"Other offences",544
1995-07-01,"Other offences",586
1995-08-01,"Other offences",660
1995-09-01,"Other offences",603
1995-10-01,"Other offences",547
1995-11-01,"Other offences",575
1995-12-01,"Other offences",624
1996-01-01,"Other offences",702
1996-02-01,"Other offences",635
1996-03-01,"Other offences",667
1996-04-01,"Other offences",629
1996-05-01,"Other offences",686
1996-06-01,"Other offences",621
1996-07-01,"Other offences",675
1996-08-01,"Other offences",651
1996-09-01,"Other offences",630
1996-10-01,"Other offences",723
1996-11-01,"Other offences",688
1996-12-01,"Other offences",694
1997-01-01,"Other offences",726
1997-02-01,"Other offences",647
1997-03-01,"Other offences",766
1997-04-01,"Other offences",612
1997-05-01,"Other offences",747
1997-06-01,"Other offences",651
1997-07-01,"Other offences",661
1997-08-01,"Other offences",701
1997-09-01,"Other offences",712
1997-10-01,"Other offences",766
1997-11-01,"Other offences",715
1997-12-01,"Other offences",754
1998-01-01,"Other offences",854
1998-02-01,"Other offences",701
1998-03-01,"Other offences",833
1998-04-01,"Other offences",759
1998-05-01,"Other offences",802
1998-06-01,"Other offences",680
1998-07-01,"Other offences",793
1998-08-01,"Other offences",743
1998-09-01,"Other offences",795
1998-10-01,"Other offences",766
1998-11-01,"Other offences",747
1998-12-01,"Other offences",864
1999-01-01,"Other offences",885
1999-02-01,"Other offences",807
1999-03-01,"Other offences",876
1999-04-01,"Other offences",819
1999-05-01,"Other offences",891
1999-06-01,"Other offences",894
1999-07-01,"Other offences",922
1999-08-01,"Other offences",976
1999-09-01,"Other offences",912
1999-10-01,"Other offences",927
1999-11-01,"Other offences",926
1999-12-01,"Other offences",953
2000-01-01,"Other offences",1136
2000-02-01,"Other offences",985
2000-03-01,"Other offences",1054
2000-04-01,"Other offences",1046
2000-05-01,"Other offences",1022
2000-06-01,"Other offences",1161
2000-07-01,"Other offences",1067
2000-08-01,"Other offences",1115
2000-09-01,"Other offences",1107
2000-10-01,"Other offences",1168
2000-11-01,"Other offences",1163
2000-12-01,"Other offences",1330
2001-01-01,"Other offences",1650
2001-02-01,"Other offences",1129
2001-03-01,"Other offences",1316
2001-04-01,"Other offences",1350
2001-05-01,"Other offences",1255
2001-06-01,"Other offences",1469
2001-07-01,"Other offences",1274
2001-08-01,"Other offences",1308
2001-09-01,"Other offences",1344
2001-10-01,"Other offences",1516
2001-11-01,"Other offences",1359
2001-12-01,"Other offences",1554
2002-01-01,"Other offences",1652
2002-02-01,"Other offences",1260
2002-03-01,"Other offences",1447
2002-04-01,"Other offences",1394
2002-05-01,"Other offences",1456
2002-06-01,"Other offences",1368
2002-07-01,"Other offences",1322
2002-08-01,"Other offences",1421
2002-09-01,"Other offences",1447
2002-10-01,"Other offences",1627
2002-11-01,"Other offences",1612
2002-12-01,"Other offences",1897
2003-01-01,"Other offences",1934
2003-02-01,"Other offences",1663
2003-03-01,"Other offences",1710
2003-04-01,"Other offences",1544
2003-05-01,"Other offences",1609
2003-06-01,"Other offences",1519
2003-07-01,"Other offences",1802
2003-08-01,"Other offences",1729
2003-09-01,"Other offences",1691
2003-10-01,"Other offences",1670
2003-11-01,"Other offences",1560
2003-12-01,"Other offences",1889
2004-01-01,"Other offences",1979
2004-02-01,"Other offences",1533
2004-03-01,"Other offences",1504
2004-04-01,"Other offences",1625
2004-05-01,"Other offences",1472
2004-06-01,"Other offences",1415
2004-07-01,"Other offences",1516
2004-08-01,"Other offences",1469
2004-09-01,"Other offences",1333
2004-10-01,"Other offences",1499
2004-11-01,"Other offences",1509
2004-12-01,"Other offences",1620
2005-01-01,"Other offences",1739
2005-02-01,"Other offences",1410
2005-03-01,"Other offences",1470
2005-04-01,"Other offences",1420
2005-05-01,"Other offences",1358
2005-06-01,"Other offences",1312
2005-07-01,"Other offences",1500
2005-08-01,"Other offences",1387
2005-09-01,"Other offences",1392
2005-10-01,"Other offences",1587
2005-11-01,"Other offences",1317
2005-12-01,"Other offences",1546
2006-01-01,"Other offences",1457
2006-02-01,"Other offences",1286
2006-03-01,"Other offences",1419
2006-04-01,"Other offences",1441
2006-05-01,"Other offences",1310
2006-06-01,"Other offences",1275
2006-07-01,"Other offences",1397
2006-08-01,"Other offences",1415
2006-09-01,"Other offences",1351
2006-10-01,"Other offences",1256
2006-11-01,"Other offences",1337
2006-12-01,"Other offences",1552
2007-01-01,"Other offences",1542
2007-02-01,"Other offences",1318
2007-03-01,"Other offences",1536
2007-04-01,"Other offences",1297
2007-05-01,"Other offences",1152
2007-06-01,"Other offences",1040
2007-07-01,"Other offences",1049
2007-08-01,"Other offences",1167
2007-09-01,"Other offences",1215
2007-10-01,"Other offences",1215
2007-11-01,"Other offences",1307
2007-12-01,"Other offences",1630
2008-01-01,"Other offences",1661
2008-02-01,"Other offences",1189
2008-03-01,"Other offences",1491
2008-04-01,"Other offences",1148
2008-05-01,"Other offences",1276
2008-06-01,"Other offences",1210
2008-07-01,"Other offences",1096
2008-08-01,"Other offences",1146
2008-09-01,"Other offences",1169
2008-10-01,"Other offences",1366
2008-11-01,"Other offences",1310
2008-12-01,"Other offences",1528
2009-01-01,"Other offences",1714
2009-02-01,"Other offences",1149
2009-03-01,"Other offences",1326
2009-04-01,"Other offences",1240
2009-05-01,"Other offences",1095
2009-06-01,"Other offences",1070
2009-07-01,"Other offences",1090
2009-08-01,"Other offences",1031
2009-09-01,"Other offences",1160
2009-10-01,"Other offences",1232
2009-11-01,"Other offences",1283
2009-12-01,"Other offences",1613
2010-01-01,"Other offences",1748
2010-02-01,"Other offences",1176
2010-03-01,"Other offences",1285
2010-04-01,"Other offences",1372
2010-05-01,"Other offences",1182
2010-06-01,"Other offences",1086
2010-07-01,"Other offences",1138
2010-08-01,"Other offences",1257
2010-09-01,"Other offences",1120
2010-10-01,"Other offences",1171
2010-11-01,"Other offences",1178
2010-12-01,"Other offences",1579
2011-01-01,"Other offences",1698
2011-02-01,"Other offences",1093
2011-03-01,"Other offences",1247
2011-04-01,"Other offences",1277
2011-05-01,"Other offences",1086
2011-06-01,"Other offences",1086
2011-07-01,"Other offences",1050
2011-08-01,"Other offences",1118
2011-09-01,"Other offences",1101
2011-10-01,"Other offences",1311
2011-11-01,"Other offences",808
2011-12-01,"Other offences",1299
2012-01-01,"Other offences",1734
2012-02-01,"Other offences",1230
2012-03-01,"Other offences",1088
2012-04-01,"Other offences",1372
2012-05-01,"Other offences",1245
2012-06-01,"Other offences",1149
2012-07-01,"Other offences",1026
2012-08-01,"Other offences",1167
2012-09-01,"Other offences",1207
2012-10-01,"Other offences",1214
2012-11-01,"Other offences",1340
2012-12-01,"Other offences",1658
2013-01-01,"Other offences",1725
2013-02-01,"Other offences",1135
2013-03-01,"Other offences",1284
2013-04-01,"Other offences",1176
2013-05-01,"Other offences",1234
2013-06-01,"Other offences",1178
2013-07-01,"Other offences",1138
2013-08-01,"Other offences",1237
2013-09-01,"Other offences",1096
2013-10-01,"Other offences",1465
2013-11-01,"Other offences",1367
2013-12-01,"Other offences",1550
2014-01-01,"Other offences",1720
2014-02-01,"Other offences",1195
2014-03-01,"Other offences",1315
2014-04-01,"Other offences",1299
2014-05-01,"Other offences",1171
2014-06-01,"Other offences",1179
2014-07-01,"Other offences",1151
2014-08-01,"Other offences",1030
2014-09-01,"Other offences",1100
2014-10-01,"Other offences",1264
2014-11-01,"Other offences",1296
2014-12-01,"Other offences",1570
2015-01-01,"Other offences",1689
2015-02-01,"Other offences",1214
2015-03-01,"Other offences",1280
2015-04-01,"Other offences",1246
2015-05-01,"Other offences",1160
2015-06-01,"Other offences",1220
2015-07-01,"Other offences",1234
2015-08-01,"Other offences",1128
2015-09-01,"Other offences",1200
2015-10-01,"Other offences",1406
2015-11-01,"Other offences",1276
2015-12-01,"Other offences",1523
2016-01-01,"Other offences",1589
2016-02-01,"Other offences",1318
2016-03-01,"Other offences",1256
2016-04-01,"Other offences",1249
2016-05-01,"Other offences",1123
2016-06-01,"Other offences",1162
2016-07-01,"Other offences",1102
2016-08-01,"Other offences",1183
2016-09-01,"Other offences",1067
2016-10-01,"Other offences",1302
2016-11-01,"Other offences",1257
2016-12-01,"Other offences",1553
2017-01-01,"Other offences",1606
2017-02-01,"Other offences",1106
2017-03-01,"Other offences",1140
2017-04-01,"Other offences",1273
2017-05-01,"Other offences",1167
2017-06-01,"Other offences",1163
2017-07-01,"Other offences",1116
2017-08-01,"Other offences",1177
2017-09-01,"Other offences",1181
2017-10-01,"Other offences",1392
2017-11-01,"Other offences",1346
2017-12-01,"Other offences",1505
2018-01-01,"Other offences",1596
2018-02-01,"Other offences",1175
2018-03-01,"Other offences",1354
2018-04-01,"Other offences",1246
2018-05-01,"Other offences",1219
2018-06-01,"Other offences",1065
2018-07-01,"Other offences",1049
2018-08-01,"Other offences",1148
2018-09-01,"Other offences",1214
2018-10-01,"Other offences",1101
2018-11-01,"Other offences",1206
2018-12-01,"Other offences",1438
2019-01-01,"Other offences",1618
2019-02-01,"Other offences",1172
2019-03-01,"Other offences",1252
2019-04-01,"Other offences",1242
2019-05-01,"Other offences",1217
2019-06-01,"Other offences",1005
2019-07-01,"Other offences",1070
2019-08-01,"Other offences",1049
2019-09-01,"Other offences",1103
2019-10-01,"Other offences",1253
2019-11-01,"Other offences",1235
2019-12-01,"Other offences",1384
2020-01-01,"Other offences",1331
2020-02-01,"Other offences",966
2020-03-01,"Other offences",1881
2020-04-01,"Other offences",7092
2020-05-01,"Other offences",2348
2020-06-01,"Other offences",1446
2020-07-01,"Other offences",2355
2020-08-01,"Other offences",2594
2020-09-01,"Other offences",2114
2020-10-01,"Other offences",2013
2020-11-01,"Other offences",1493
2020-12-01,"Other offences",1803
2021-01-01,"Other offences",4639
2021-02-01,"Other offences",3469
2021-03-01,"Other offences",2780
2021-04-01,"Other offences",1252
2021-05-01,"Other offences",1489
2021-06-01,"Other offences",3300
2021-07-01,"Other offences",17232
2021-08-01,"Other offences",29599
2021-09-01,"Other offences",16509
2021-10-01,"Other offences",6043
2021-11-01,"Other offences",3184
2021-12-01,"Other offences",3818
2022-01-01,"Other offences",3262
2022-02-01,"Other offences",2920
2022-03-01,"Other offences",2475
2022-04-01,"Other offences",1876
2022-05-01,"Other offences",1525
2022-06-01,"Other offences",1316
2022-07-01,"Other offences",1192
2022-08-01,"Other offences",1162
2022-09-01,"Other offences",1091
2022-10-01,"Other offences",1215
2022-11-01,"Other offences",1243
2022-12-01,"Other offences",1461
2023-01-01,"Other offences",1585
2023-02-01,"Other offences",1292
2023-03-01,"Other offences",1206
2023-04-01,"Other offences",1043
2023-05-01,"Other offences",1119
2023-06-01,"Other offences",983
2023-07-01,"Other offences",903
2023-08-01,"Other offences",965
2023-09-01,"Other offences",973
2023-10-01,"Other offences",1009
2023-11-01,"Other offences",937
2023-12-01,"Other offences",1188
1995-01-01,"Other offences against the person",96
1995-02-01,"Other offences against the person",69
1995-03-01,"Other offences against the person",81
1995-04-01,"Other offences against the person",84
1995-05-01,"Other offences against the person",72
1995-06-01,"Other offences against the person",72
1995-07-01,"Other offences against the person",83
1995-08-01,"Other offences against the person",61
1995-09-01,"Other offences against the person",75
1995-10-01,"Other offences against the person",89
1995-11-01,"Other offences against the person",66
1995-12-01,"Other offences against the person",85
1996-01-01,"Other offences against the person",73
1996-02-01,"Other offences against the person",70
1996-03-01,"Other offences against the person",81
1996-04-01,"Other offences against the person",67
1996-05-01,"Other offences against the person",68
1996-06-01,"Other offences against the person",59
1996-07-01,"Other offences against the person",50
1996-08-01,"Other offences against the person",75
1996-09-01,"Other offences against the person",66
1996-10-01,"Other offences against the person",74
1996-11-01,"Other offences against the person",44
1996-12-01,"Other offences against the person",58
1997-01-01,"Other offences against the person",57
1997-02-01,"Other offences against the person",51
1997-03-01,"Other offences against the person",61
1997-04-01,"Other offences against the person",58
1997-05-01,"Other offences against the person",59
1997-06-01,"Other offences against the person",53
1997-07-01,"Other offences against the person",68
1997-08-01,"Other offences against the person",60
1997-09-01,"Other offences against the person",61
1997-10-01,"Other offences against the person",72
1997-11-01,"Other offences against the person",65
1997-12-01,"Other offences against the person",53
1998-01-01,"Other offences against the person",44
1998-02-01,"Other offences against the person",60
1998-03-01,"Other offences against the person",60
1998-04-01,"Other offences against the person",58
1998-05-01,"Other offences against the person",53
1998-06-01,"Other offences against the person",66
1998-07-01,"Other offences against the person",56
1998-08-01,"Other offences against the person",61
1998-09-01,"Other offences against the person",80
1998-10-01,"Other offences against the person",47
1998-11-01,"Other offences against the person",61
1998-12-01,"Other offences against the person",51
1999-01-01,"Other offences against the person",67
1999-02-01,"Other offences against the person",61
1999-03-01,"Other offences against the person",84
1999-04-01,"Other offences against the person",53
1999-05-01,"Other offences against the person",77
1999-06-01,"Other offences against the person",59
1999-07-01,"Other offences against the person",55
1999-08-01,"Other offences against the person",61
1999-09-01,"Other offences against the person",80
1999-10-01,"Other offences against the person",73
1999-11-01,"Other offences against the person",67
1999-12-01,"Other offences against the person",60
2000-01-01,"Other offences against the person",77
2000-02-01,"Other offences against the person",65
2000-03-01,"Other offences against the person",49
2000-04-01,"Other offences against the person",67
2000-05-01,"Other offences against the person",65
2000-06-01,"Other offences against the person",61
2000-07-01,"Other offences against the person",47
2000-08-01,"Other offences against the person",62
2000-09-01,"Other offences against the person",64
2000-10-01,"Other offences against the person",76
2000-11-01,"Other offences against the person",75
2000-12-01,"Other offences against the person",84
2001-01-01,"Other offences against the person",63
2001-02-01,"Other offences against the person",82
2001-03-01,"Other offences against the person",79
2001-04-01,"Other offences against the person",63
2001-05-01,"Other offences against the person",81
2001-06-01,"Other offences against the person",81
2001-07-01,"Other offences against the person",87
2001-08-01,"Other offences against the person",66
2001-09-01,"Other offences against the person",98
2001-10-01,"Other offences against the person",95
2001-11-01,"Other offences against the person",94
2001-12-01,"Other offences against the person",90
2002-01-01,"Other offences against the person",100
2002-02-01,"Other offences against the person",69
2002-03-01,"Other offences against the person",91
2002-04-01,"Other offences against the person",87
2002-05-01,"Other offences against the person",85
2002-06-01,"Other offences against the person",74
2002-07-01,"Other offences against the person",99
2002-08-01,"Other offences against the person",114
2002-09-01,"Other offences against the person",97
2002-10-01,"Other offences against the person",103
2002-11-01,"Other offences against the person",105
2002-12-01,"Other offences against the person",107
2003-01-01,"Other offences against the person",133
2003-02-01,"Other offences against the person",106
2003-03-01,"Other offences against the person",93
2003-04-01,"Other offences against the person",73
2003-05-01,"Other offences against the person",111
2003-06-01,"Other offences against the person",115
2003-07-01,"Other offences against the person",100
2003-08-01,"Other offences against the person",102
2003-09-01,"Other offences against the person",109
2003-10-01,"Other offences against the person",87
2003-11-01,"Other offences against the person",111
2003-12-01,"Other offences against the person",110
2004-01-01,"Other offences against the person",114
2004-02-01,"Other offences against the person",102
2004-03-01,"Other offences against the person",115
2004-04-01,"Other offences against the person",99
2004-05-01,"Other offences against the person",104
2004-06-01,"Other offences against the person",108
2004-07-01,"Other offences against the person",117
2004-08-01,"Other offences against the person",114
2004-09-01,"Other offences against the person",105
2004-10-01,"Other offences against the person",142
2004-11-01,"Other offences against the person",137
2004-12-01,"Other offences against the person",116
2005-01-01,"Other offences against the person",143
2005-02-01,"Other offences against the person",131
2005-03-01,"Other offences against the person",136
2005-04-01,"Other offences against the person",117
2005-05-01,"Other offences against the person",119
2005-06-01,"Other offences against the person",124
2005-07-01,"Other offences against the person",110
2005-08-01,"Other offences against the person",130
2005-09-01,"Other offences against the person",100
2005-10-01,"Other offences against the person",133
2005-11-01,"Other offences against the person",106
2005-12-01,"Other offences against the person",126
2006-01-01,"Other offences against the person",135
2006-02-01,"Other offences against the person",115
2006-03-01,"Other offences against the person",177
2006-04-01,"Other offences against the person",117
2006-05-01,"Other offences against the person",126
2006-06-01,"Other offences against the person",114
2006-07-01,"Other offences against the person",121
2006-08-01,"Other offences against the person",156
2006-09-01,"Other offences against the person",121
2006-10-01,"Other offences against the person",125
2006-11-01,"Other offences against the person",172
2006-12-01,"Other offences against the person",154
2007-01-01,"Other offences against the person",144
2007-02-01,"Other offences against the person",142
2007-03-01,"Other offences against the person",160
2007-04-01,"Other offences against the person",130
2007-05-01,"Other offences against the person",138
2007-06-01,"Other offences against the person",135
2007-07-01,"Other offences against the person",111
2007-08-01,"Other offences against the person",126
2007-09-01,"Other offences against the person",145
2007-10-01,"Other offences against the person",122
2007-11-01,"Other offences against the person",152
2007-12-01,"Other offences against the person",142
2008-01-01,"Other offences against the person",115
2008-02-01,"Other offences against the person",122
2008-03-01,"Other offences against the person",118
2008-04-01,"Other offences against the person",111
2008-05-01,"Other offences against the person",113
2008-06-01,"Other offences against the person",110
2008-07-01,"Other offences against the person",118
2008-08-01,"Other offences against the person",129
2008-09-01,"Other offences against the person",135
2008-10-01,"Other offences against the person",137
2008-11-01,"Other offences against the person",119
2008-12-01,"Other offences against the person",133
2009-01-01,"Other offences against the person",125
2009-02-01,"Other offences against the person",115
2009-03-01,"Other offences against the person",135
2009-04-01,"Other offences against the person",116
2009-05-01,"Other offences against the person",122
2009-06-01,"Other offences against the person",124
2009-07-01,"Other offences against the person",116
2009-08-01,"Other offences against the person",137
2009-09-01,"Other offences against the person",104
2009-10-01,"Other offences against the person",114
2009-11-01,"Other offences against the person",134
2009-12-01,"Other offences against the person",114
2010-01-01,"Other offences against the person",120
2010-02-01,"Other offences against the person",100
2010-03-01,"Other offences against the person",125
2010-04-01,"Other offences against the person",110
2010-05-01,"Other offences against the person",134
2010-06-01,"Other offences against the person",105
2010-07-01,"Other offences against the person",100
2010-08-01,"Other offences against the person",110
2010-09-01,"Other offences against the person",117
2010-10-01,"Other offences against the person",120
2010-11-01,"Other offences against the person",110
2010-12-01,"Other offences against the person",112
2011-01-01,"Other offences against the person",121
2011-02-01,"Other offences against the person",134
2011-03-01,"Other offences against the person",126
2011-04-01,"Other offences against the person",112
2011-05-01,"Other offences against the person",115
2011-06-01,"Other offences against the person",107
2011-07-01,"Other offences against the person",117
2011-08-01,"Other offences against the person",143
2011-09-01,"Other offences against the person",88
2011-10-01,"Other offences against the person",101
2011-11-01,"Other offences against the person",115
2011-12-01,"Other offences against the person",95
2012-01-01,"Other offences against the person",98
2012-02-01,"Other offences against the person",94
2012-03-01,"Other offences against the person",94
2012-04-01,"Other offences against the person",99
2012-05-01,"Other offences against the person",108
2012-06-01,"Other offences against the person",104
2012-07-01,"Other offences against the person",107
2012-08-01,"Other offences against the person",108
2012-09-01,"Other offences against the person",120
2012-10-01,"Other offences against the person",93
2012-11-01,"Other offences against the person",89
2012-12-01,"Other offences against the person",97
2013-01-01,"Other offences against the person",121
2013-02-01,"Other offences against the person",104
2013-03-01,"Other offences against the person",99
2013-04-01,"Other offences against the person",105
2013-05-01,"Other offences against the person",98
2013-06-01,"Other offences against the person",76
2013-07-01,"Other offences against the person",86
2013-08-01,"Other offences against the person",101
2013-09-01,"Other offences against the person",120
2013-10-01,"Other offences against the person",107
2013-11-01,"Other offences against the person",103
2013-12-01,"Other offences against the person",102
2014-01-01,"Other offences against the person",113
2014-02-01,"Other offences against the person",116
2014-03-01,"Other offences against the person",139
2014-04-01,"Other offences against the person",95
2014-05-01,"Other offences against the person",91
2014-06-01,"Other offences against the person",87
2014-07-01,"Other offences against the person",96
2014-08-01,"Other offences against the person",115
2014-09-01,"Other offences against the person",111
2014-10-01,"Other offences against the person",100
2014-11-01,"Other offences against the person",119
2014-12-01,"Other offences against the person",110
2015-01-01,"Other offences against the person",116
2015-02-01,"Other offences against the person",88
2015-03-01,"Other offences against the person",101
2015-04-01,"Other offences against the person",103
2015-05-01,"Other offences against the person",101
2015-06-01,"Other offences against the person",122
2015-07-01,"Other offences against the person",78
2015-08-01,"Other offences against the person",117
2015-09-01,"Other offences against the person",104
2015-10-01,"Other offences against the person",130
2015-11-01,"Other offences against the person",133
2015-12-01,"Other offences against the person",121
2016-01-01,"Other offences against the person",107
2016-02-01,"Other offences against the person",123
2016-03-01,"Other offences against the person",125
2016-04-01,"Other offences against the person",102
2016-05-01,"Other offences against the person",106
2016-06-01,"Other offences against the person",80
2016-07-01,"Other offences against the person",91
2016-08-01,"Other offences against the person",101
2016-09-01,"Other offences against the person",98
2016-10-01,"Other offences against the person",117
2016-11-01,"Other offences against the person",108
2016-12-01,"Other offences against the person",107
2017-01-01,"Other offences against the person",121
2017-02-01,"Other offences against the person",105
2017-03-01,"Other offences against the person",112
2017-04-01,"Other offences against the person",51
2017-05-01,"Other offences against the person",18
2017-06-01,"Other offences against the person",25
2017-07-01,"Other offences against the person",17
2017-08-01,"Other offences against the person",25
2017-09-01,"Other offences against the person",23
2017-10-01,"Other offences against the person",28
2017-11-01,"Other offences against the person",25
2017-12-01,"Other offences against the person",17
2018-01-01,"Other offences against the person",24
2018-02-01,"Other offences against the person",21
2018-03-01,"Other offences against the person",25
2018-04-01,"Other offences against the person",48
2018-05-01,"Other offences against the person",90
2018-06-01,"Other offences against the person",94
2018-07-01,"Other offences against the person",85
2018-08-01,"Other offences against the person",71
2018-09-01,"Other offences against the person",104
2018-10-01,"Other offences against the person",91
2018-11-01,"Other offences against the person",98
2018-12-01,"Other offences against the person",109
2019-01-01,"Other offences against the person",114
2019-02-01,"Other offences against the person",100
2019-03-01,"Other offences against the person",115
2019-04-01,"Other offences against the person",84
2019-05-01,"Other offences against the person",107
2019-06-01,"Other offences against the person",102
2019-07-01,"Other offences against the person",108
2019-08-01,"Other offences against the person",102
2019-09-01,"Other offences against the person",104
2019-10-01,"Other offences against the person",100
2019-11-01,"Other offences against the person",106
2019-12-01,"Other offences against the person",106
2020-01-01,"Other offences against the person",97
2020-02-01,"Other offences against the person",88
2020-03-01,"Other offences against the person",113
2020-04-01,"Other offences against the person",156
2020-05-01,"Other offences against the person",107
2020-06-01,"Other offences against the person",105
2020-07-01,"Other offences against the person",113
2020-08-01,"Other offences against the person",119
2020-09-01,"Other offences against the person",116
2020-10-01,"Other offences against the person",115
2020-11-01,"Other offences against the person",121
2020-12-01,"Other offences against the person",118
2021-01-01,"Other offences against the person",137
2021-02-01,"Other offences against the person",123
2021-03-01,"Other offences against the person",131
2021-04-01,"Other offences against the person",98
2021-05-01,"Other offences against the person",98
2021-06-01,"Other offences against the person",138
2021-07-01,"Other offences against the person",324
2021-08-01,"Other offences against the person",304
2021-09-01,"Other offences against the person",176
2021-10-01,"Other offences against the person",144
2021-11-01,"Other offences against the person",114
2021-12-01,"Other offences against the person",118
2022-01-01,"Other offences against the person",108
2022-02-01,"Other offences against the person",93
2022-03-01,"Other offences against the person",102
2022-04-01,"Other offences against the person",101
2022-05-01,"Other offences against the person",102
2022-06-01,"Other offences against the person",86
2022-07-01,"Other offences against the person",95
2022-08-01,"Other offences against the person",111
2022-09-01,"Other offences against the person",130
2022-10-01,"Other offences against the person",126
2022-11-01,"Other offences against the person",145
2022-12-01,"Other offences against the person",140
2023-01-01,"Other offences against the person",140
2023-02-01,"Other offences against the person",142
2023-03-01,"Other offences against the person",156
2023-04-01,"Other offences against the person",126
2023-05-01,"Other offences against the person",124
2023-06-01,"Other offences against the person",137
2023-07-01,"Other offences against the person",133
2023-08-01,"Other offences against the person",128
2023-09-01,"Other offences against the person",127
2023-10-01,"Other offences against the person",142
2023-11-01,"Other offences against the person",142
2023-12-01,"Other offences against the person",138
1995-01-01,"Pornography offences",2
1995-02-01,"Pornography offences",3
1995-03-01,"Pornography offences",4
1995-04-01,"Pornography offences",1
1995-05-01,"Pornography offences",3
1995-06-01,"Pornography offences",3
1995-07-01,"Pornography offences",1
1995-08-01,"Pornography offences",6
1995-09-01,"Pornography offences",3
1995-10-01,"Pornography offences",1
1995-11-01,"Pornography offences",1
1995-12-01,"Pornography offences",2
1996-01-01,"Pornography offences",1
1996-02-01,"Pornography offences",6
1996-03-01,"Pornography offences",5
1996-04-01,"Pornography offences",0
1996-05-01,"Pornography offences",0
1996-06-01,"Pornography offences",0
1996-07-01,"Pornography offences",2
1996-08-01,"Pornography offences",5
1996-09-01,"Pornography offences",5
1996-10-01,"Pornography offences",3
1996-11-01,"Pornography offences",3
1996-12-01,"Pornography offences",4
1997-01-01,"Pornography offences",6
1997-02-01,"Pornography offences",2
1997-03-01,"Pornography offences",4
1997-04-01,"Pornography offences",0
1997-05-01,"Pornography offences",1
1997-06-01,"Pornography offences",2
1997-07-01,"Pornography offences",0
1997-08-01,"Pornography offences",2
1997-09-01,"Pornography offences",0
1997-10-01,"Pornography offences",3
1997-11-01,"Pornography offences",1
1997-12-01,"Pornography offences",0
1998-01-01,"Pornography offences",2
1998-02-01,"Pornography offences",3
1998-03-01,"Pornography offences",1
1998-04-01,"Pornography offences",1
1998-05-01,"Pornography offences",10
1998-06-01,"Pornography offences",1
1998-07-01,"Pornography offences",10
1998-08-01,"Pornography offences",2
1998-09-01,"Pornography offences",4
1998-10-01,"Pornography offences",0
1998-11-01,"Pornography offences",0
1998-12-01,"Pornography offences",1
1999-01-01,"Pornography offences",6
1999-02-01,"Pornography offences",1
1999-03-01,"Pornography offences",8
1999-04-01,"Pornography offences",5
1999-05-01,"Pornography offences",4
1999-06-01,"Pornography offences",2
1999-07-01,"Pornography offences",5
1999-08-01,"Pornography offences",5
1999-09-01,"Pornography offences",1
1999-10-01,"Pornography offences",12
1999-11-01,"Pornography offences",2
1999-12-01,"Pornography offences",2
2000-01-01,"Pornography offences",8
2000-02-01,"Pornography offences",2
2000-03-01,"Pornography offences",2
2000-04-01,"Pornography offences",6
2000-05-01,"Pornography offences",4
2000-06-01,"Pornography offences",5
2000-07-01,"Pornography offences",4
2000-08-01,"Pornography offences",4
2000-09-01,"Pornography offences",2
2000-10-01,"Pornography offences",10
2000-11-01,"Pornography offences",2
2000-12-01,"Pornography offences",3
2001-01-01,"Pornography offences",6
2001-02-01,"Pornography offences",1
2001-03-01,"Pornography offences",12
2001-04-01,"Pornography offences",8
2001-05-01,"Pornography offences",3
2001-06-01,"Pornography offences",6
2001-07-01,"Pornography offences",3
2001-08-01,"Pornography offences",2
2001-09-01,"Pornography offences",4
2001-10-01,"Pornography offences",6
2001-11-01,"Pornography offences",6
2001-12-01,"Pornography offences",5
2002-01-01,"Pornography offences",6
2002-02-01,"Pornography offences",7
2002-03-01,"Pornography offences",10
2002-04-01,"Pornography offences",8
2002-05-01,"Pornography offences",7
2002-06-01,"Pornography offences",5
2002-07-01,"Pornography offences",6
2002-08-01,"Pornography offences",3
2002-09-01,"Pornography offences",8
2002-10-01,"Pornography offences",9
2002-11-01,"Pornography offences",6
2002-12-01,"Pornography offences",5
2003-01-01,"Pornography offences",5
2003-02-01,"Pornography offences",10
2003-03-01,"Pornography offences",2
2003-04-01,"Pornography offences",9
2003-05-01,"Pornography offences",8
2003-06-01,"Pornography offences",6
2003-07-01,"Pornography offences",22
2003-08-01,"Pornography offences",12
2003-09-01,"Pornography offences",4
2003-10-01,"Pornography offences",11
2003-11-01,"Pornography offences",5
2003-12-01,"Pornography offences",4
2004-01-01,"Pornography offences",17
2004-02-01,"Pornography offences",8
2004-03-01,"Pornography offences",9
2004-04-01,"Pornography offences",4
2004-05-01,"Pornography offences",9
2004-06-01,"Pornography offences",7
2004-07-01,"Pornography offences",12
2004-08-01,"Pornography offences",6
2004-09-01,"Pornography offences",53
2004-10-01,"Pornography offences",50
2004-11-01,"Pornography offences",16
2004-12-01,"Pornography offences",12
2005-01-01,"Pornography offences",10
2005-02-01,"Pornography offences",9
2005-03-01,"Pornography offences",20
2005-04-01,"Pornography offences",6
2005-05-01,"Pornography offences",9
2005-06-01,"Pornography offences",6
2005-07-01,"Pornography offences",8
2005-08-01,"Pornography offences",11
2005-09-01,"Pornography offences",15
2005-10-01,"Pornography offences",9
2005-11-01,"Pornography offences",10
2005-12-01,"Pornography offences",4
2006-01-01,"Pornography offences",5
2006-02-01,"Pornography offences",8
2006-03-01,"Pornography offences",9
2006-04-01,"Pornography offences",6
2006-05-01,"Pornography offences",7
2006-06-01,"Pornography offences",16
2006-07-01,"Pornography offences",27
2006-08-01,"Pornography offences",16
2006-09-01,"Pornography offences",8
2006-10-01,"Pornography offences",13
2006-11-01,"Pornography offences",12
2006-12-01,"Pornography offences",9
2007-01-01,"Pornography offences",8
2007-02-01,"Pornography offences",6
2007-03-01,"Pornography offences",10
2007-04-01,"Pornography offences",5
2007-05-01,"Pornography offences",11
2007-06-01,"Pornography offences",7
2007-07-01,"Pornography offences",11
2007-08-01,"Pornography offences",22
2007-09-01,"Pornography offences",32
2007-10-01,"Pornography offences",15
2007-11-01,"Pornography offences",13
2007-12-01,"Pornography offences",41
2008-01-01,"Pornography offences",12
2008-02-01,"Pornography offences",25
2008-03-01,"Pornography offences",12
2008-04-01,"Pornography offences",12
2008-05-01,"Pornography offences",14
2008-06-01,"Pornography offences",13
2008-07-01,"Pornography offences",10
2008-08-01,"Pornography offences",16
2008-09-01,"Pornography offences",16
2008-10-01,"Pornography offences",26
2008-11-01,"Pornography offences",26
2008-12-01,"Pornography offences",19
2009-01-01,"Pornography offences",19
2009-02-01,"Pornography offences",22
2009-03-01,"Pornography offences",34
2009-04-01,"Pornography offences",25
2009-05-01,"Pornography offences",18
2009-06-01,"Pornography offences",17
2009-07-01,"Pornography offences",13
2009-08-01,"Pornography offences",30
2009-09-01,"Pornography offences",37
2009-10-01,"Pornography offences",25
2009-11-01,"Pornography offences",27
2009-12-01,"Pornography offences",17
2010-01-01,"Pornography offences",17
2010-02-01,"Pornography offences",24
2010-03-01,"Pornography offences",28
2010-04-01,"Pornography offences",17
2010-05-01,"Pornography offences",27
2010-06-01,"Pornography offences",30
2010-07-01,"Pornography offences",19
2010-08-01,"Pornography offences",26
2010-09-01,"Pornography offences",24
2010-10-01,"Pornography offences",16
2010-11-01,"Pornography offences",19
2010-12-01,"Pornography offences",11
2011-01-01,"Pornography offences",40
2011-02-01,"Pornography offences",28
2011-03-01,"Pornography offences",23
2011-04-01,"Pornography offences",28
2011-05-01,"Pornography offences",28
2011-06-01,"Pornography offences",32
2011-07-01,"Pornography offences",17
2011-08-01,"Pornography offences",27
2011-09-01,"Pornography offences",27
2011-10-01,"Pornography offences",21
2011-11-01,"Pornography offences",33
2011-12-01,"Pornography offences",27
2012-01-01,"Pornography offences",25
2012-02-01,"Pornography offences",34
2012-03-01,"Pornography offences",27
2012-04-01,"Pornography offences",34
2012-05-01,"Pornography offences",35
2012-06-01,"Pornography offences",29
2012-07-01,"Pornography offences",28
2012-08-01,"Pornography offences",36
2012-09-01,"Pornography offences",28
2012-10-01,"Pornography offences",45
2012-11-01,"Pornography offences",23
2012-12-01,"Pornography offences",14
2013-01-01,"Pornography offences",34
2013-02-01,"Pornography offences",31
2013-03-01,"Pornography offences",45
2013-04-01,"Pornography offences",34
2013-05-01,"Pornography offences",53
2013-06-01,"Pornography offences",28
2013-07-01,"Pornography offences",40
2013-08-01,"Pornography offences",50
2013-09-01,"Pornography offences",46
2013-10-01,"Pornography offences",40
2013-11-01,"Pornography offences",38
2013-12-01,"Pornography offences",40
2014-01-01,"Pornography offences",60
2014-02-01,"Pornography offences",54
2014-03-01,"Pornography offences",49
2014-04-01,"Pornography offences",40
2014-05-01,"Pornography offences",43
2014-06-01,"Pornography offences",37
2014-07-01,"Pornography offences",39
2014-08-01,"Pornography offences",42
2014-09-01,"Pornography offences",36
2014-10-01,"Pornography offences",39
2014-11-01,"Pornography offences",43
2014-12-01,"Pornography offences",42
2015-01-01,"Pornography offences",35
2015-02-01,"Pornography offences",45
2015-03-01,"Pornography offences",59
2015-04-01,"Pornography offences",31
2015-05-01,"Pornography offences",44
2015-06-01,"Pornography offences",43
2015-07-01,"Pornography offences",48
2015-08-01,"Pornography offences",58
2015-09-01,"Pornography offences",54
2015-10-01,"Pornography offences",55
2015-11-01,"Pornography offences",63
2015-12-01,"Pornography offences",47
2016-01-01,"Pornography offences",40
2016-02-01,"Pornography offences",51
2016-03-01,"Pornography offences",53
2016-04-01,"Pornography offences",45
2016-05-01,"Pornography offences",48
2016-06-01,"Pornography offences",50
2016-07-01,"Pornography offences",40
2016-08-01,"Pornography offences",69
2016-09-01,"Pornography offences",55
2016-10-01,"Pornography offences",45
2016-11-01,"Pornography offences",44
2016-12-01,"Pornography offences",43
2017-01-01,"Pornography offences",44
2017-02-01,"Pornography offences",54
2017-03-01,"Pornography offences",56
2017-04-01,"Pornography offences",43
2017-05-01,"Pornography offences",53
2017-06-01,"Pornography offences",52
2017-07-01,"Pornography offences",57
2017-08-01,"Pornography offences",54
2017-09-01,"Pornography offences",50
2017-10-01,"Pornography offences",58
2017-11-01,"Pornography offences",51
2017-12-01,"Pornography offences",37
2018-01-01,"Pornography offences",56
2018-02-01,"Pornography offences",59
2018-03-01,"Pornography offences",64
2018-04-01,"Pornography offences",46
2018-05-01,"Pornography offences",52
2018-06-01,"Pornography offences",60
2018-07-01,"Pornography offences",57
2018-08-01,"Pornography offences",54
2018-09-01,"Pornography offences",60
2018-10-01,"Pornography offences",59
2018-11-01,"Pornography offences",74
2018-12-01,"Pornography offences",54
2019-01-01,"Pornography offences",38
2019-02-01,"Pornography offences",52
2019-03-01,"Pornography offences",57
2019-04-01,"Pornography offences",48
2019-05-01,"Pornography offences",69
2019-06-01,"Pornography offences",59
2019-07-01,"Pornography offences",58
2019-08-01,"Pornography offences",81
2019-09-01,"Pornography offences",68
2019-10-01,"Pornography offences",47
2019-11-01,"Pornography offences",68
2019-12-01,"Pornography offences",44
2020-01-01,"Pornography offences",36
2020-02-01,"Pornography offences",65
2020-03-01,"Pornography offences",71
2020-04-01,"Pornography offences",51
2020-05-01,"Pornography offences",70
2020-06-01,"Pornography offences",104
2020-07-01,"Pornography offences",74
2020-08-01,"Pornography offences",90
2020-09-01,"Pornography offences",105
2020-10-01,"Pornography offences",84
2020-11-01,"Pornography offences",81
2020-12-01,"Pornography offences",65
2021-01-01,"Pornography offences",67
2021-02-01,"Pornography offences",88
2021-03-01,"Pornography offences",82
2021-04-01,"Pornography offences",44
2021-05-01,"Pornography offences",96
2021-06-01,"Pornography offences",78
2021-07-01,"Pornography offences",60
2021-08-01,"Pornography offences",78
2021-09-01,"Pornography offences",66
2021-10-01,"Pornography offences",75
2021-11-01,"Pornography offences",82
2021-12-01,"Pornography offences",67
2022-01-01,"Pornography offences",72
2022-02-01,"Pornography offences",90
2022-03-01,"Pornography offences",120
2022-04-01,"Pornography offences",52
2022-05-01,"Pornography offences",118
2022-06-01,"Pornography offences",87
2022-07-01,"Pornography offences",76
2022-08-01,"Pornography offences",90
2022-09-01,"Pornography offences",94
2022-10-01,"Pornography offences",100
2022-11-01,"Pornography offences",122
2022-12-01,"Pornography offences",91
2023-01-01,"Pornography offences",62
2023-02-01,"Pornography offences",72
2023-03-01,"Pornography offences",123
2023-04-01,"Pornography offences",70
2023-05-01,"Pornography offences",92
2023-06-01,"Pornography offences",130
2023-07-01,"Pornography offences",101
2023-08-01,"Pornography offences",114
2023-09-01,"Pornography offences",121
2023-10-01,"Pornography offences",133
2023-11-01,"Pornography offences",99
2023-12-01,"Pornography offences",78
1995-01-01,"Prohibited and regulated weapons offences",275
1995-02-01,"Prohibited and regulated weapons offences",283
1995-03-01,"Prohibited and regulated weapons offences",329
1995-04-01,"Prohibited and regulated weapons offences",357
1995-05-01,"Prohibited and regulated weapons offences",300
1995-06-01,"Prohibited and regulated weapons offences",346
1995-07-01,"Prohibited and regulated weapons offences",392
1995-08-01,"Prohibited and regulated weapons offences",348
1995-09-01,"Prohibited and regulated weapons offences",304
1995-10-01,"Prohibited and regulated weapons offences",308
1995-11-01,"Prohibited and regulated weapons offences",377
1995-12-01,"Prohibited and regulated weapons offences",304
1996-01-01,"Prohibited and regulated weapons offences",350
1996-02-01,"Prohibited and regulated weapons offences",375
1996-03-01,"Prohibited and regulated weapons offences",404
1996-04-01,"Prohibited and regulated weapons offences",332
1996-05-01,"Prohibited and regulated weapons offences",443
1996-06-01,"Prohibited and regulated weapons offences",318
1996-07-01,"Prohibited and regulated weapons offences",383
1996-08-01,"Prohibited and regulated weapons offences",364
1996-09-01,"Prohibited and regulated weapons offences",320
1996-10-01,"Prohibited and regulated weapons offences",370
1996-11-01,"Prohibited and regulated weapons offences",364
1996-12-01,"Prohibited and regulated weapons offences",322
1997-01-01,"Prohibited and regulated weapons offences",374
1997-02-01,"Prohibited and regulated weapons offences",346
1997-03-01,"Prohibited and regulated weapons offences",446
1997-04-01,"Prohibited and regulated weapons offences",374
1997-05-01,"Prohibited and regulated weapons offences",422
1997-06-01,"Prohibited and regulated weapons offences",366
1997-07-01,"Prohibited and regulated weapons offences",402
1997-08-01,"Prohibited and regulated weapons offences",349
1997-09-01,"Prohibited and regulated weapons offences",354
1997-10-01,"Prohibited and regulated weapons offences",350
1997-11-01,"Prohibited and regulated weapons offences",386
1997-12-01,"Prohibited and regulated weapons offences",402
1998-01-01,"Prohibited and regulated weapons offences",330
1998-02-01,"Prohibited and regulated weapons offences",359
1998-03-01,"Prohibited and regulated weapons offences",356
1998-04-01,"Prohibited and regulated weapons offences",337
1998-05-01,"Prohibited and regulated weapons offences",357
1998-06-01,"Prohibited and regulated weapons offences",398
1998-07-01,"Prohibited and regulated weapons offences",594
1998-08-01,"Prohibited and regulated weapons offences",620
1998-09-01,"Prohibited and regulated weapons offences",706
1998-10-01,"Prohibited and regulated weapons offences",720
1998-11-01,"Prohibited and regulated weapons offences",692
1998-12-01,"Prohibited and regulated weapons offences",816
1999-01-01,"Prohibited and regulated weapons offences",754
1999-02-01,"Prohibited and regulated weapons offences",721
1999-03-01,"Prohibited and regulated weapons offences",817
1999-04-01,"Prohibited and regulated weapons offences",808
1999-05-01,"Prohibited and regulated weapons offences",877
1999-06-01,"Prohibited and regulated weapons offences",757
1999-07-01,"Prohibited and regulated weapons offences",762
1999-08-01,"Prohibited and regulated weapons offences",755
1999-09-01,"Prohibited and regulated weapons offences",712
1999-10-01,"Prohibited and regulated weapons offences",686
1999-11-01,"Prohibited and regulated weapons offences",715
1999-12-01,"Prohibited and regulated weapons offences",644
2000-01-01,"Prohibited and regulated weapons offences",753
2000-02-01,"Prohibited and regulated weapons offences",749
2000-03-01,"Prohibited and regulated weapons offences",768
2000-04-01,"Prohibited and regulated weapons offences",620
2000-05-01,"Prohibited and regulated weapons offences",769
2000-06-01,"Prohibited and regulated weapons offences",723
2000-07-01,"Prohibited and regulated weapons offences",723
2000-08-01,"Prohibited and regulated weapons offences",843
2000-09-01,"Prohibited and regulated weapons offences",678
2000-10-01,"Prohibited and regulated weapons offences",752
2000-11-01,"Prohibited and regulated weapons offences",778
2000-12-01,"Prohibited and regulated weapons offences",726
2001-01-01,"Prohibited and regulated weapons offences",794
2001-02-01,"Prohibited and regulated weapons offences",847
2001-03-01,"Prohibited and regulated weapons offences",847
2001-04-01,"Prohibited and regulated weapons offences",803
2001-05-01,"Prohibited and regulated weapons offences",805
2001-06-01,"Prohibited and regulated weapons offences",884
2001-07-01,"Prohibited and regulated weapons offences",789
2001-08-01,"Prohibited and regulated weapons offences",878
2001-09-01,"Prohibited and regulated weapons offences",943
2001-10-01,"Prohibited and regulated weapons offences",922
2001-11-01,"Prohibited and regulated weapons offences",825
2001-12-01,"Prohibited and regulated weapons offences",720
2002-01-01,"Prohibited and regulated weapons offences",763
2002-02-01,"Prohibited and regulated weapons offences",681
2002-03-01,"Prohibited and regulated weapons offences",749
2002-04-01,"Prohibited and regulated weapons offences",793
2002-05-01,"Prohibited and regulated weapons offences",789
2002-06-01,"Prohibited and regulated weapons offences",741
2002-07-01,"Prohibited and regulated weapons offences",700
2002-08-01,"Prohibited and regulated weapons offences",839
2002-09-01,"Prohibited and regulated weapons offences",870
2002-10-01,"Prohibited and regulated weapons offences",863
2002-11-01,"Prohibited and regulated weapons offences",824
2002-12-01,"Prohibited and regulated weapons offences",866
2003-01-01,"Prohibited and regulated weapons offences",914
2003-02-01,"Prohibited and regulated weapons offences",811
2003-03-01,"Prohibited and regulated weapons offences",883
2003-04-01,"Prohibited and regulated weapons offences",789
2003-05-01,"Prohibited and regulated weapons offences",814
2003-06-01,"Prohibited and regulated weapons offences",790
2003-07-01,"Prohibited and regulated weapons offences",625
2003-08-01,"Prohibited and regulated weapons offences",610
2003-09-01,"Prohibited and regulated weapons offences",616
2003-10-01,"Prohibited and regulated weapons offences",877
2003-11-01,"Prohibited and regulated weapons offences",743
2003-12-01,"Prohibited and regulated weapons offences",768
2004-01-01,"Prohibited and regulated weapons offences",1046
2004-02-01,"Prohibited and regulated weapons offences",1066
2004-03-01,"Prohibited and regulated weapons offences",1033
2004-04-01,"Prohibited and regulated weapons offences",860
2004-05-01,"Prohibited and regulated weapons offences",890
2004-06-01,"Prohibited and regulated weapons offences",885
2004-07-01,"Prohibited and regulated weapons offences",543
2004-08-01,"Prohibited and regulated weapons offences",636
2004-09-01,"Prohibited and regulated weapons offences",616
2004-10-01,"Prohibited and regulated weapons offences",657
2004-11-01,"Prohibited and regulated weapons offences",679
2004-12-01,"Prohibited and regulated weapons offences",739
2005-01-01,"Prohibited and regulated weapons offences",730
2005-02-01,"Prohibited and regulated weapons offences",674
2005-03-01,"Prohibited and regulated weapons offences",606
2005-04-01,"Prohibited and regulated weapons offences",611
2005-05-01,"Prohibited and regulated weapons offences",604
2005-06-01,"Prohibited and regulated weapons offences",631
2005-07-01,"Prohibited and regulated weapons offences",598
2005-08-01,"Prohibited and regulated weapons offences",690
2005-09-01,"Prohibited and regulated weapons offences",633
2005-10-01,"Prohibited and regulated weapons offences",751
2005-11-01,"Prohibited and regulated weapons offences",652
2005-12-01,"Prohibited and regulated weapons offences",753
2006-01-01,"Prohibited and regulated weapons offences",615
2006-02-01,"Prohibited and regulated weapons offences",601
2006-03-01,"Prohibited and regulated weapons offences",733
2006-04-01,"Prohibited and regulated weapons offences",684
2006-05-01,"Prohibited and regulated weapons offences",635
2006-06-01,"Prohibited and regulated weapons offences",676
2006-07-01,"Prohibited and regulated weapons offences",638
2006-08-01,"Prohibited and regulated weapons offences",747
2006-09-01,"Prohibited and regulated weapons offences",652
2006-10-01,"Prohibited and regulated weapons offences",752
2006-11-01,"Prohibited and regulated weapons offences",659
2006-12-01,"Prohibited and regulated weapons offences",734
2007-01-01,"Prohibited and regulated weapons offences",735
2007-02-01,"Prohibited and regulated weapons offences",685
2007-03-01,"Prohibited and regulated weapons offences",808
2007-04-01,"Prohibited and regulated weapons offences",715
2007-05-01,"Prohibited and regulated weapons offences",705
2007-06-01,"Prohibited and regulated weapons offences",697
2007-07-01,"Prohibited and regulated weapons offences",622
2007-08-01,"Prohibited and regulated weapons offences",763
2007-09-01,"Prohibited and regulated weapons offences",615
2007-10-01,"Prohibited and regulated weapons offences",623
2007-11-01,"Prohibited and regulated weapons offences",716
2007-12-01,"Prohibited and regulated weapons offences",690
2008-01-01,"Prohibited and regulated weapons offences",711
2008-02-01,"Prohibited and regulated weapons offences",731
2008-03-01,"Prohibited and regulated weapons offences",736
2008-04-01,"Prohibited and regulated weapons offences",700
2008-05-01,"Prohibited and regulated weapons offences",778
2008-06-01,"Prohibited and regulated weapons offences",755
2008-07-01,"Prohibited and regulated weapons offences",710
2008-08-01,"Prohibited and regulated weapons offences",694
2008-09-01,"Prohibited and regulated weapons offences",702
2008-10-01,"Prohibited and regulated weapons offences",776
2008-11-01,"Prohibited and regulated weapons offences",722
2008-12-01,"Prohibited and regulated weapons offences",741
2009-01-01,"Prohibited and regulated weapons offences",744
2009-02-01,"Prohibited and regulated weapons offences",705
2009-03-01,"Prohibited and regulated weapons offences",811
2009-04-01,"Prohibited and regulated weapons offences",675
2009-05-01,"Prohibited and regulated weapons offences",666
2009-06-01,"Prohibited and regulated weapons offences",701
2009-07-01,"Prohibited and regulated weapons offences",639
2009-08-01,"Prohibited and regulated weapons offences",636
2009-09-01,"Prohibited and regulated weapons offences",599
2009-10-01,"Prohibited and regulated weapons offences",628
2009-11-01,"Prohibited and regulated weapons offences",586
2009-12-01,"Prohibited and regulated weapons offences",771
2010-01-01,"Prohibited and regulated weapons offences",634
2010-02-01,"Prohibited and regulated weapons offences",624
2010-03-01,"Prohibited and regulated weapons offences",709
2010-04-01,"Prohibited and regulated weapons offences",655
2010-05-01,"Prohibited and regulated weapons offences",654
2010-06-01,"Prohibited and regulated weapons offences",719
2010-07-01,"Prohibited and regulated weapons offences",572
2010-08-01,"Prohibited and regulated weapons offences",645
2010-09-01,"Prohibited and regulated weapons offences",571
2010-10-01,"Prohibited and regulated weapons offences",684
2010-11-01,"Prohibited and regulated weapons offences",685
2010-12-01,"Prohibited and regulated weapons offences",663
2011-01-01,"Prohibited and regulated weapons offences",723
2011-02-01,"Prohibited and regulated weapons offences",690
2011-03-01,"Prohibited and regulated weapons offences",753
2011-04-01,"Prohibited and regulated weapons offences",605
2011-05-01,"Prohibited and regulated weapons offences",649
2011-06-01,"Prohibited and regulated weapons offences",653
2011-07-01,"Prohibited and regulated weapons offences",637
2011-08-01,"Prohibited and regulated weapons offences",680
2011-09-01,"Prohibited and regulated weapons offences",677
2011-10-01,"Prohibited and regulated weapons offences",602
2011-11-01,"Prohibited and regulated weapons offences",493
2011-12-01,"Prohibited and regulated weapons offences",647
2012-01-01,"Prohibited and regulated weapons offences",737
2012-02-01,"Prohibited and regulated weapons offences",647
2012-03-01,"Prohibited and regulated weapons offences",621
2012-04-01,"Prohibited and regulated weapons offences",708
2012-05-01,"Prohibited and regulated weapons offences",710
2012-06-01,"Prohibited and regulated weapons offences",661
2012-07-01,"Prohibited and regulated weapons offences",701
2012-08-01,"Prohibited and regulated weapons offences",679
2012-09-01,"Prohibited and regulated weapons offences",645
2012-10-01,"Prohibited and regulated weapons offences",740
2012-11-01,"Prohibited and regulated weapons offences",730
2012-12-01,"Prohibited and regulated weapons offences",709
2013-01-01,"Prohibited and regulated weapons offences",717
2013-02-01,"Prohibited and regulated weapons offences",634
2013-03-01,"Prohibited and regulated weapons offences",691
2013-04-01,"Prohibited and regulated weapons offences",622
2013-05-01,"Prohibited and regulated weapons offences",791
2013-06-01,"Prohibited and regulated weapons offences",669
2013-07-01,"Prohibited and regulated weapons offences",907
2013-08-01,"Prohibited and regulated weapons offences",892
2013-09-01,"Prohibited and regulated weapons offences",869
2013-10-01,"Prohibited and regulated weapons offences",951
2013-11-01,"Prohibited and regulated weapons offences",1038
2013-12-01,"Prohibited and regulated weapons offences",934
2014-01-01,"Prohibited and regulated weapons offences",984
2014-02-01,"Prohibited and regulated weapons offences",983
2014-03-01,"Prohibited and regulated weapons offences",971
2014-04-01,"Prohibited and regulated weapons offences",912
2014-05-01,"Prohibited and regulated weapons offences",930
2014-06-01,"Prohibited and regulated weapons offences",979
2014-07-01,"Prohibited and regulated weapons offences",1059
2014-08-01,"Prohibited and regulated weapons offences",1059
2014-09-01,"Prohibited and regulated weapons offences",995
2014-10-01,"Prohibited and regulated weapons offences",1051
2014-11-01,"Prohibited and regulated weapons offences",933
2014-12-01,"Prohibited and regulated weapons offences",996
2015-01-01,"Prohibited and regulated weapons offences",966
2015-02-01,"Prohibited and regulated weapons offences",886
2015-03-01,"Prohibited and regulated weapons offences",905
2015-04-01,"Prohibited and regulated weapons offences",883
2015-05-01,"Prohibited and regulated weapons offences",994
2015-06-01,"Prohibited and regulated weapons offences",954
2015-07-01,"Prohibited and regulated weapons offences",1058
2015-08-01,"Prohibited and regulated weapons offences",986
2015-09-01,"Prohibited and regulated weapons offences",1062
2015-10-01,"Prohibited and regulated weapons offences",1073
2015-11-01,"Prohibited and regulated weapons offences",1070
2015-12-01,"Prohibited and regulated weapons offences",1082
2016-01-01,"Prohibited and regulated weapons offences",1110
2016-02-01,"Prohibited and regulated weapons offences",1120
2016-03-01,"Prohibited and regulated weapons offences",1035
2016-04-01,"Prohibited and regulated weapons offences",1048
2016-05-01,"Prohibited and regulated weapons offences",1093
2016-06-01,"Prohibited and regulated weapons offences",1094
2016-07-01,"Prohibited and regulated weapons offences",980
2016-08-01,"Prohibited and regulated weapons offences",1012
2016-09-01,"Prohibited and regulated weapons offences",1022
2016-10-01,"Prohibited and regulated weapons offences",1152
2016-11-01,"Prohibited and regulated weapons offences",1044
2016-12-01,"Prohibited and regulated weapons offences",1070
2017-01-01,"Prohibited and regulated weapons offences",1009
2017-02-01,"Prohibited and regulated weapons offences",905
2017-03-01,"Prohibited and regulated weapons offences",1047
2017-04-01,"Prohibited and regulated weapons offences",944
2017-05-01,"Prohibited and regulated weapons offences",1076
2017-06-01,"Prohibited and regulated weapons offences",1041
2017-07-01,"Prohibited and regulated weapons offences",1081
2017-08-01,"Prohibited and regulated weapons offences",1035
2017-09-01,"Prohibited and regulated weapons offences",1047
2017-10-01,"Prohibited and regulated weapons offences",1186
2017-11-01,"Prohibited and regulated weapons offences",1133
2017-12-01,"Prohibited and regulated weapons offences",1121
2018-01-01,"Prohibited and regulated weapons offences",1267
2018-02-01,"Prohibited and regulated weapons offences",1025
2018-03-01,"Prohibited and regulated weapons offences",1183
2018-04-01,"Prohibited and regulated weapons offences",1069
2018-05-01,"Prohibited and regulated weapons offences",1192
2018-06-01,"Prohibited and regulated weapons offences",1182
2018-07-01,"Prohibited and regulated weapons offences",1170
2018-08-01,"Prohibited and regulated weapons offences",1298
2018-09-01,"Prohibited and regulated weapons offences",1285
2018-10-01,"Prohibited and regulated weapons offences",1291
2018-11-01,"Prohibited and regulated weapons offences",1173
2018-12-01,"Prohibited and regulated weapons offences",1161
2019-01-01,"Prohibited and regulated weapons offences",1328
2019-02-01,"Prohibited and regulated weapons offences",1274
2019-03-01,"Prohibited and regulated weapons offences",1281
2019-04-01,"Prohibited and regulated weapons offences",1174
2019-05-01,"Prohibited and regulated weapons offences",1469
2019-06-01,"Prohibited and regulated weapons offences",1270
2019-07-01,"Prohibited and regulated weapons offences",1389
2019-08-01,"Prohibited and regulated weapons offences",1662
2019-09-01,"Prohibited and regulated weapons offences",1418
2019-10-01,"Prohibited and regulated weapons offences",1394
2019-11-01,"Prohibited and regulated weapons offences",1383
2019-12-01,"Prohibited and regulated weapons offences",1305
2020-01-01,"Prohibited and regulated weapons offences",1459
2020-02-01,"Prohibited and regulated weapons offences",1284
2020-03-01,"Prohibited and regulated weapons offences",1445
2020-04-01,"Prohibited and regulated weapons offences",1385
2020-05-01,"Prohibited and regulated weapons offences",1404
2020-06-01,"Prohibited and regulated weapons offences",1289
2020-07-01,"Prohibited and regulated weapons offences",1163
2020-08-01,"Prohibited and regulated weapons offences",1093
2020-09-01,"Prohibited and regulated weapons offences",1219
2020-10-01,"Prohibited and regulated weapons offences",1313
2020-11-01,"Prohibited and regulated weapons offences",1304
2020-12-01,"Prohibited and regulated weapons offences",1155
2021-01-01,"Prohibited and regulated weapons offences",1303
2021-02-01,"Prohibited and regulated weapons offences",1189
2021-03-01,"Prohibited and regulated weapons offences",1348
2021-04-01,"Prohibited and regulated weapons offences",1168
2021-05-01,"Prohibited and regulated weapons offences",1279
2021-06-01,"Prohibited and regulated weapons offences",1492
2021-07-01,"Prohibited and regulated weapons offences",1357
2021-08-01,"Prohibited and regulated weapons offences",1195
2021-09-01,"Prohibited and regulated weapons offences",984
2021-10-01,"Prohibited and regulated weapons offences",1199
2021-11-01,"Prohibited and regulated weapons offences",1154
2021-12-01,"Prohibited and regulated weapons offences",1172
2022-01-01,"Prohibited and regulated weapons offences",1114
2022-02-01,"Prohibited and regulated weapons offences",983
2022-03-01,"Prohibited and regulated weapons offences",1119
2022-04-01,"Prohibited and regulated weapons offences",1161
2022-05-01,"Prohibited and regulated weapons offences",1107
2022-06-01,"Prohibited and regulated weapons offences",1094
2022-07-01,"Prohibited and regulated weapons offences",971
2022-08-01,"Prohibited and regulated weapons offences",1160
2022-09-01,"Prohibited and regulated weapons offences",1062
2022-10-01,"Prohibited and regulated weapons offences",1148
2022-11-01,"Prohibited and regulated weapons offences",1225
2022-12-01,"Prohibited and regulated weapons offences",1148
2023-01-01,"Prohibited and regulated weapons offences",1138
2023-02-01,"Prohibited and regulated weapons offences",1148
2023-03-01,"Prohibited and regulated weapons offences",1239
2023-04-01,"Prohibited and regulated weapons offences",1016
2023-05-01,"Prohibited and regulated weapons offences",1234
2023-06-01,"Prohibited and regulated weapons offences",961
2023-07-01,"Prohibited and regulated weapons offences",1089
2023-08-01,"Prohibited and regulated weapons offences",1274
2023-09-01,"Prohibited and regulated weapons offences",1381
2023-10-01,"Prohibited and regulated weapons offences",1205
2023-11-01,"Prohibited and regulated weapons offences",1176
2023-12-01,"Prohibited and regulated weapons offences",1118
1995-01-01,"Prostitution offences",49
1995-02-01,"Prostitution offences",17
1995-03-01,"Prostitution offences",35
1995-04-01,"Prostitution offences",52
1995-05-01,"Prostitution offences",35
1995-06-01,"Prostitution offences",28
1995-07-01,"Prostitution offences",31
1995-08-01,"Prostitution offences",35
1995-09-01,"Prostitution offences",31
1995-10-01,"Prostitution offences",50
1995-11-01,"Prostitution offences",29
1995-12-01,"Prostitution offences",19
1996-01-01,"Prostitution offences",30
1996-02-01,"Prostitution offences",29
1996-03-01,"Prostitution offences",22
1996-04-01,"Prostitution offences",24
1996-05-01,"Prostitution offences",76
1996-06-01,"Prostitution offences",16
1996-07-01,"Prostitution offences",7
1996-08-01,"Prostitution offences",40
1996-09-01,"Prostitution offences",15
1996-10-01,"Prostitution offences",25
1996-11-01,"Prostitution offences",27
1996-12-01,"Prostitution offences",34
1997-01-01,"Prostitution offences",14
1997-02-01,"Prostitution offences",18
1997-03-01,"Prostitution offences",15
1997-04-01,"Prostitution offences",19
1997-05-01,"Prostitution offences",22
1997-06-01,"Prostitution offences",12
1997-07-01,"Prostitution offences",13
1997-08-01,"Prostitution offences",27
1997-09-01,"Prostitution offences",24
1997-10-01,"Prostitution offences",22
1997-11-01,"Prostitution offences",52
1997-12-01,"Prostitution offences",11
1998-01-01,"Prostitution offences",54
1998-02-01,"Prostitution offences",19
1998-03-01,"Prostitution offences",46
1998-04-01,"Prostitution offences",39
1998-05-01,"Prostitution offences",17
1998-06-01,"Prostitution offences",25
1998-07-01,"Prostitution offences",20
1998-08-01,"Prostitution offences",34
1998-09-01,"Prostitution offences",25
1998-10-01,"Prostitution offences",19
1998-11-01,"Prostitution offences",5
1998-12-01,"Prostitution offences",10
1999-01-01,"Prostitution offences",27
1999-02-01,"Prostitution offences",8
1999-03-01,"Prostitution offences",25
1999-04-01,"Prostitution offences",15
1999-05-01,"Prostitution offences",28
1999-06-01,"Prostitution offences",29
1999-07-01,"Prostitution offences",4
1999-08-01,"Prostitution offences",18
1999-09-01,"Prostitution offences",22
1999-10-01,"Prostitution offences",21
1999-11-01,"Prostitution offences",8
1999-12-01,"Prostitution offences",5
2000-01-01,"Prostitution offences",9
2000-02-01,"Prostitution offences",16
2000-03-01,"Prostitution offences",19
2000-04-01,"Prostitution offences",17
2000-05-01,"Prostitution offences",45
2000-06-01,"Prostitution offences",25
2000-07-01,"Prostitution offences",17
2000-08-01,"Prostitution offences",27
2000-09-01,"Prostitution offences",6
2000-10-01,"Prostitution offences",12
2000-11-01,"Prostitution offences",28
2000-12-01,"Prostitution offences",9
2001-01-01,"Prostitution offences",6
2001-02-01,"Prostitution offences",81
2001-03-01,"Prostitution offences",115
2001-04-01,"Prostitution offences",75
2001-05-01,"Prostitution offences",22
2001-06-01,"Prostitution offences",102
2001-07-01,"Prostitution offences",19
2001-08-01,"Prostitution offences",45
2001-09-01,"Prostitution offences",30
2001-10-01,"Prostitution offences",30
2001-11-01,"Prostitution offences",27
2001-12-01,"Prostitution offences",33
2002-01-01,"Prostitution offences",27
2002-02-01,"Prostitution offences",24
2002-03-01,"Prostitution offences",26
2002-04-01,"Prostitution offences",22
2002-05-01,"Prostitution offences",43
2002-06-01,"Prostitution offences",38
2002-07-01,"Prostitution offences",11
2002-08-01,"Prostitution offences",15
2002-09-01,"Prostitution offences",30
2002-10-01,"Prostitution offences",45
2002-11-01,"Prostitution offences",12
2002-12-01,"Prostitution offences",39
2003-01-01,"Prostitution offences",82
2003-02-01,"Prostitution offences",21
2003-03-01,"Prostitution offences",13
2003-04-01,"Prostitution offences",9
2003-05-01,"Prostitution offences",7
2003-06-01,"Prostitution offences",28
2003-07-01,"Prostitution offences",12
2003-08-01,"Prostitution offences",5
2003-09-01,"Prostitution offences",0
2003-10-01,"Prostitution offences",1
2003-11-01,"Prostitution offences",1
2003-12-01,"Prostitution offences",19
2004-01-01,"Prostitution offences",1
2004-02-01,"Prostitution offences",16
2004-03-01,"Prostitution offences",8
2004-04-01,"Prostitution offences",20
2004-05-01,"Prostitution offences",14
2004-06-01,"Prostitution offences",4
2004-07-01,"Prostitution offences",16
2004-08-01,"Prostitution offences",14
2004-09-01,"Prostitution offences",26
2004-10-01,"Prostitution offences",6
2004-11-01,"Prostitution offences",25
2004-12-01,"Prostitution offences",17
2005-01-01,"Prostitution offences",16
2005-02-01,"Prostitution offences",13
2005-03-01,"Prostitution offences",19
2005-04-01,"Prostitution offences",25
2005-05-01,"Prostitution offences",19
2005-06-01,"Prostitution offences",19
2005-07-01,"Prostitution offences",6
2005-08-01,"Prostitution offences",3
2005-09-01,"Prostitution offences",12
2005-10-01,"Prostitution offences",4
2005-11-01,"Prostitution offences",3
2005-12-01,"Prostitution offences",1
2006-01-01,"Prostitution offences",5
2006-02-01,"Prostitution offences",8
2006-03-01,"Prostitution offences",16
2006-04-01,"Prostitution offences",7
2006-05-01,"Prostitution offences",16
2006-06-01,"Prostitution offences",13
2006-07-01,"Prostitution offences",5
2006-08-01,"Prostitution offences",2
2006-09-01,"Prostitution offences",13
2006-10-01,"Prostitution offences",2
2006-11-01,"Prostitution offences",12
2006-12-01,"Prostitution offences",12
2007-01-01,"Prostitution offences",3
2007-02-01,"Prostitution offences",20
2007-03-01,"Prostitution offences",8
2007-04-01,"Prostitution offences",14
2007-05-01,"Prostitution offences",33
2007-06-01,"Prostitution offences",10
2007-07-01,"Prostitution offences",3
2007-08-01,"Prostitution offences",19
2007-09-01,"Prostitution offences",5
2007-10-01,"Prostitution offences",2
2007-11-01,"Prostitution offences",1
2007-12-01,"Prostitution offences",17
2008-01-01,"Prostitution offences",12
2008-02-01,"Prostitution offences",16
2008-03-01,"Prostitution offences",7
2008-04-01,"Prostitution offences",10
2008-05-01,"Prostitution offences",38
2008-06-01,"Prostitution offences",11
2008-07-01,"Prostitution offences",7
2008-08-01,"Prostitution offences",12
2008-09-01,"Prostitution offences",3
2008-10-01,"Prostitution offences",19
2008-11-01,"Prostitution offences",11
2008-12-01,"Prostitution offences",1
2009-01-01,"Prostitution offences",8
2009-02-01,"Prostitution offences",10
2009-03-01,"Prostitution offences",7
2009-04-01,"Prostitution offences",39
2009-05-01,"Prostitution offences",6
2009-06-01,"Prostitution offences",7
2009-07-01,"Prostitution offences",2
2009-08-01,"Prostitution offences",3
2009-09-01,"Prostitution offences",5
2009-10-01,"Prostitution offences",2
2009-11-01,"Prostitution offences",14
2009-12-01,"Prostitution offences",4
2010-01-01,"Prostitution offences",1
2010-02-01,"Prostitution offences",2
2010-03-01,"Prostitution offences",13
2010-04-01,"Prostitution offences",13
2010-05-01,"Prostitution offences",18
2010-06-01,"Prostitution offences",17
2010-07-01,"Prostitution offences",22
2010-08-01,"Prostitution offences",33
2010-09-01,"Prostitution offences",21
2010-10-01,"Prostitution offences",36
2010-11-01,"Prostitution offences",24
2010-12-01,"Prostitution offences",16
2011-01-01,"Prostitution offences",16
2011-02-01,"Prostitution offences",16
2011-03-01,"Prostitution offences",23
2011-04-01,"Prostitution offences",9
2011-05-01,"Prostitution offences",9
2011-06-01,"Prostitution offences",11
2011-07-01,"Prostitution offences",8
2011-08-01,"Prostitution offences",4
2011-09-01,"Prostitution offences",7
2011-10-01,"Prostitution offences",6
2011-11-01,"Prostitution offences",2
2011-12-01,"Prostitution offences",1
2012-01-01,"Prostitution offences",2
2012-02-01,"Prostitution offences",9
2012-03-01,"Prostitution offences",1
2012-04-01,"Prostitution offences",3
2012-05-01,"Prostitution offences",12
2012-06-01,"Prostitution offences",8
2012-07-01,"Prostitution offences",11
2012-08-01,"Prostitution offences",19
2012-09-01,"Prostitution offences",19
2012-10-01,"Prostitution offences",13
2012-11-01,"Prostitution offences",1
2012-12-01,"Prostitution offences",1
2013-01-01,"Prostitution offences",1
2013-02-01,"Prostitution offences",5
2013-03-01,"Prostitution offences",2
2013-04-01,"Prostitution offences",4
2013-05-01,"Prostitution offences",7
2013-06-01,"Prostitution offences",7
2013-07-01,"Prostitution offences",4
2013-08-01,"Prostitution offences",5
2013-09-01,"Prostitution offences",2
2013-10-01,"Prostitution offences",5
2013-11-01,"Prostitution offences",1
2013-12-01,"Prostitution offences",1
2014-01-01,"Prostitution offences",4
2014-02-01,"Prostitution offences",3
2014-03-01,"Prostitution offences",9
2014-04-01,"Prostitution offences",25
2014-05-01,"Prostitution offences",26
2014-06-01,"Prostitution offences",72
2014-07-01,"Prostitution offences",46
2014-08-01,"Prostitution offences",15
2014-09-01,"Prostitution offences",12
2014-10-01,"Prostitution offences",14
2014-11-01,"Prostitution offences",26
2014-12-01,"Prostitution offences",7
2015-01-01,"Prostitution offences",16
2015-02-01,"Prostitution offences",14
2015-03-01,"Prostitution offences",28
2015-04-01,"Prostitution offences",9
2015-05-01,"Prostitution offences",9
2015-06-01,"Prostitution offences",9
2015-07-01,"Prostitution offences",7
2015-08-01,"Prostitution offences",8
2015-09-01,"Prostitution offences",11
2015-10-01,"Prostitution offences",4
2015-11-01,"Prostitution offences",4
2015-12-01,"Prostitution offences",3
2016-01-01,"Prostitution offences",2
2016-02-01,"Prostitution offences",2
2016-03-01,"Prostitution offences",2
2016-04-01,"Prostitution offences",3
2016-05-01,"Prostitution offences",2
2016-06-01,"Prostitution offences",3
2016-07-01,"Prostitution offences",8
2016-08-01,"Prostitution offences",1
2016-09-01,"Prostitution offences",13
2016-10-01,"Prostitution offences",8
2016-11-01,"Prostitution offences",2
2016-12-01,"Prostitution offences",5
2017-01-01,"Prostitution offences",9
2017-02-01,"Prostitution offences",12
2017-03-01,"Prostitution offences",9
2017-04-01,"Prostitution offences",15
2017-05-01,"Prostitution offences",1
2017-06-01,"Prostitution offences",5
2017-07-01,"Prostitution offences",3
2017-08-01,"Prostitution offences",5
2017-09-01,"Prostitution offences",5
2017-10-01,"Prostitution offences",3
2017-11-01,"Prostitution offences",0
2017-12-01,"Prostitution offences",5
2018-01-01,"Prostitution offences",5
2018-02-01,"Prostitution offences",2
2018-03-01,"Prostitution offences",2
2018-04-01,"Prostitution offences",6
2018-05-01,"Prostitution offences",2
2018-06-01,"Prostitution offences",3
2018-07-01,"Prostitution offences",0
2018-08-01,"Prostitution offences",1
2018-09-01,"Prostitution offences",0
2018-10-01,"Prostitution offences",1
2018-11-01,"Prostitution offences",2
2018-12-01,"Prostitution offences",3
2019-01-01,"Prostitution offences",0
2019-02-01,"Prostitution offences",3
2019-03-01,"Prostitution offences",3
2019-04-01,"Prostitution offences",0
2019-05-01,"Prostitution offences",3
2019-06-01,"Prostitution offences",4
2019-07-01,"Prostitution offences",2
2019-08-01,"Prostitution offences",1
2019-09-01,"Prostitution offences",1
2019-10-01,"Prostitution offences",1
2019-11-01,"Prostitution offences",3
2019-12-01,"Prostitution offences",0
2020-01-01,"Prostitution offences",2
2020-02-01,"Prostitution offences",3
2020-03-01,"Prostitution offences",4
2020-04-01,"Prostitution offences",2
2020-05-01,"Prostitution offences",2
2020-06-01,"Prostitution offences",2
2020-07-01,"Prostitution offences",0
2020-08-01,"Prostitution offences",1
2020-09-01,"Prostitution offences",0
2020-10-01,"Prostitution offences",0
2020-11-01,"Prostitution offences",2
2020-12-01,"Prostitution offences",2
2021-01-01,"Prostitution offences",0
2021-02-01,"Prostitution offences",1
2021-03-01,"Prostitution offences",6
2021-04-01,"Prostitution offences",1
2021-05-01,"Prostitution offences",4
2021-06-01,"Prostitution offences",0
2021-07-01,"Prostitution offences",1
2021-08-01,"Prostitution offences",2
2021-09-01,"Prostitution offences",2
2021-10-01,"Prostitution offences",1
2021-11-01,"Prostitution offences",2
2021-12-01,"Prostitution offences",1
2022-01-01,"Prostitution offences",1
2022-02-01,"Prostitution offences",3
2022-03-01,"Prostitution offences",2
2022-04-01,"Prostitution offences",0
2022-05-01,"Prostitution offences",1
2022-06-01,"Prostitution offences",2
2022-07-01,"Prostitution offences",3
2022-08-01,"Prostitution offences",6
2022-09-01,"Prostitution offences",3
2022-10-01,"Prostitution offences",5
2022-11-01,"Prostitution offences",5
2022-12-01,"Prostitution offences",1
2023-01-01,"Prostitution offences",2
2023-02-01,"Prostitution offences",1
2023-03-01,"Prostitution offences",3
2023-04-01,"Prostitution offences",0
2023-05-01,"Prostitution offences",2
2023-06-01,"Prostitution offences",1
2023-07-01,"Prostitution offences",0
2023-08-01,"Prostitution offences",2
2023-09-01,"Prostitution offences",2
2023-10-01,"Prostitution offences",2
2023-11-01,"Prostitution offences",6
2023-12-01,"Prostitution offences",2
1995-01-01,"Robbery",675
1995-02-01,"Robbery",498
1995-03-01,"Robbery",546
1995-04-01,"Robbery",562
1995-05-01,"Robbery",579
1995-06-01,"Robbery",522
1995-07-01,"Robbery",569
1995-08-01,"Robbery",561
1995-09-01,"Robbery",559
1995-10-01,"Robbery",678
1995-11-01,"Robbery",678
1995-12-01,"Robbery",731
1996-01-01,"Robbery",662
1996-02-01,"Robbery",582
1996-03-01,"Robbery",695
1996-04-01,"Robbery",662
1996-05-01,"Robbery",775
1996-06-01,"Robbery",736
1996-07-01,"Robbery",639
1996-08-01,"Robbery",614
1996-09-01,"Robbery",619
1996-10-01,"Robbery",723
1996-11-01,"Robbery",767
1996-12-01,"Robbery",740
1997-01-01,"Robbery",884
1997-02-01,"Robbery",887
1997-03-01,"Robbery",1033
1997-04-01,"Robbery",911
1997-05-01,"Robbery",1093
1997-06-01,"Robbery",974
1997-07-01,"Robbery",1026
1997-08-01,"Robbery",908
1997-09-01,"Robbery",961
1997-10-01,"Robbery",988
1997-11-01,"Robbery",1016
1997-12-01,"Robbery",1052
1998-01-01,"Robbery",908
1998-02-01,"Robbery",904
1998-03-01,"Robbery",1117
1998-04-01,"Robbery",1130
1998-05-01,"Robbery",1248
1998-06-01,"Robbery",1066
1998-07-01,"Robbery",1045
1998-08-01,"Robbery",1053
1998-09-01,"Robbery",983
1998-10-01,"Robbery",1085
1998-11-01,"Robbery",1022
1998-12-01,"Robbery",1009
1999-01-01,"Robbery",970
1999-02-01,"Robbery",910
1999-03-01,"Robbery",989
1999-04-01,"Robbery",1006
1999-05-01,"Robbery",1021
1999-06-01,"Robbery",865
1999-07-01,"Robbery",879
1999-08-01,"Robbery",954
1999-09-01,"Robbery",866
1999-10-01,"Robbery",947
1999-11-01,"Robbery",1008
1999-12-01,"Robbery",927
2000-01-01,"Robbery",988
2000-02-01,"Robbery",900
2000-03-01,"Robbery",1146
2000-04-01,"Robbery",987
2000-05-01,"Robbery",1058
2000-06-01,"Robbery",1104
2000-07-01,"Robbery",1078
2000-08-01,"Robbery",960
2000-09-01,"Robbery",893
2000-10-01,"Robbery",939
2000-11-01,"Robbery",1033
2000-12-01,"Robbery",1002
2001-01-01,"Robbery",1237
2001-02-01,"Robbery",1435
2001-03-01,"Robbery",1494
2001-04-01,"Robbery",1217
2001-05-01,"Robbery",1178
2001-06-01,"Robbery",1086
2001-07-01,"Robbery",1131
2001-08-01,"Robbery",1097
2001-09-01,"Robbery",1029
2001-10-01,"Robbery",1069
2001-11-01,"Robbery",967
2001-12-01,"Robbery",960
2002-01-01,"Robbery",1037
2002-02-01,"Robbery",855
2002-03-01,"Robbery",997
2002-04-01,"Robbery",945
2002-05-01,"Robbery",945
2002-06-01,"Robbery",821
2002-07-01,"Robbery",826
2002-08-01,"Robbery",818
2002-09-01,"Robbery",876
2002-10-01,"Robbery",785
2002-11-01,"Robbery",905
2002-12-01,"Robbery",787
2003-01-01,"Robbery",808
2003-02-01,"Robbery",815
2003-03-01,"Robbery",901
2003-04-01,"Robbery",963
2003-05-01,"Robbery",978
2003-06-01,"Robbery",802
2003-07-01,"Robbery",852
2003-08-01,"Robbery",667
2003-09-01,"Robbery",719
2003-10-01,"Robbery",723
2003-11-01,"Robbery",783
2003-12-01,"Robbery",686
2004-01-01,"Robbery",702
2004-02-01,"Robbery",650
2004-03-01,"Robbery",793
2004-04-01,"Robbery",746
2004-05-01,"Robbery",788
2004-06-01,"Robbery",627
2004-07-01,"Robbery",642
2004-08-01,"Robbery",596
2004-09-01,"Robbery",572
2004-10-01,"Robbery",579
2004-11-01,"Robbery",588
2004-12-01,"Robbery",609
2005-01-01,"Robbery",577
2005-02-01,"Robbery",535
2005-03-01,"Robbery",770
2005-04-01,"Robbery",706
2005-05-01,"Robbery",584
2005-06-01,"Robbery",635
2005-07-01,"Robbery",610
2005-08-01,"Robbery",643
2005-09-01,"Robbery",730
2005-10-01,"Robbery",717
2005-11-01,"Robbery",720
2005-12-01,"Robbery",717
2006-01-01,"Robbery",702
2006-02-01,"Robbery",657
2006-03-01,"Robbery",737
2006-04-01,"Robbery",611
2006-05-01,"Robbery",603
2006-06-01,"Robbery",651
2006-07-01,"Robbery",634
2006-08-01,"Robbery",630
2006-09-01,"Robbery",580
2006-10-01,"Robbery",606
2006-11-01,"Robbery",647
2006-12-01,"Robbery",595
2007-01-01,"Robbery",591
2007-02-01,"Robbery",589
2007-03-01,"Robbery",778
2007-04-01,"Robbery",777
2007-05-01,"Robbery",676
2007-06-01,"Robbery",548
2007-07-01,"Robbery",607
2007-08-01,"Robbery",579
2007-09-01,"Robbery",602
2007-10-01,"Robbery",603
2007-11-01,"Robbery",550
2007-12-01,"Robbery",545
2008-01-01,"Robbery",576
2008-02-01,"Robbery",605
2008-03-01,"Robbery",719
2008-04-01,"Robbery",623
2008-05-01,"Robbery",583
2008-06-01,"Robbery",532
2008-07-01,"Robbery",453
2008-08-01,"Robbery",526
2008-09-01,"Robbery",489
2008-10-01,"Robbery",600
2008-11-01,"Robbery",519
2008-12-01,"Robbery",464
2009-01-01,"Robbery",482
2009-02-01,"Robbery",471
2009-03-01,"Robbery",501
2009-04-01,"Robbery",562
2009-05-01,"Robbery",544
2009-06-01,"Robbery",477
2009-07-01,"Robbery",467
2009-08-01,"Robbery",518
2009-09-01,"Robbery",459
2009-10-01,"Robbery",487
2009-11-01,"Robbery",487
2009-12-01,"Robbery",455
2010-01-01,"Robbery",518
2010-02-01,"Robbery",405
2010-03-01,"Robbery",563
2010-04-01,"Robbery",467
2010-05-01,"Robbery",504
2010-06-01,"Robbery",441
2010-07-01,"Robbery",454
2010-08-01,"Robbery",426
2010-09-01,"Robbery",428
2010-10-01,"Robbery",382
2010-11-01,"Robbery",404
2010-12-01,"Robbery",427
2011-01-01,"Robbery",471
2011-02-01,"Robbery",350
2011-03-01,"Robbery",478
2011-04-01,"Robbery",440
2011-05-01,"Robbery",420
2011-06-01,"Robbery",387
2011-07-01,"Robbery",322
2011-08-01,"Robbery",337
2011-09-01,"Robbery",427
2011-10-01,"Robbery",359
2011-11-01,"Robbery",413
2011-12-01,"Robbery",462
2012-01-01,"Robbery",389
2012-02-01,"Robbery",386
2012-03-01,"Robbery",451
2012-04-01,"Robbery",416
2012-05-01,"Robbery",390
2012-06-01,"Robbery",380
2012-07-01,"Robbery",330
2012-08-01,"Robbery",362
2012-09-01,"Robbery",368
2012-10-01,"Robbery",421
2012-11-01,"Robbery",359
2012-12-01,"Robbery",330
2013-01-01,"Robbery",380
2013-02-01,"Robbery",316
2013-03-01,"Robbery",379
2013-04-01,"Robbery",342
2013-05-01,"Robbery",393
2013-06-01,"Robbery",351
2013-07-01,"Robbery",338
2013-08-01,"Robbery",357
2013-09-01,"Robbery",325
2013-10-01,"Robbery",345
2013-11-01,"Robbery",336
2013-12-01,"Robbery",323
2014-01-01,"Robbery",294
2014-02-01,"Robbery",307
2014-03-01,"Robbery",274
2014-04-01,"Robbery",294
2014-05-01,"Robbery",297
2014-06-01,"Robbery",283
2014-07-01,"Robbery",266
2014-08-01,"Robbery",310
2014-09-01,"Robbery",285
2014-10-01,"Robbery",295
2014-11-01,"Robbery",260
2014-12-01,"Robbery",269
2015-01-01,"Robbery",253
2015-02-01,"Robbery",235
2015-03-01,"Robbery",268
2015-04-01,"Robbery",238
2015-05-01,"Robbery",273
2015-06-01,"Robbery",237
2015-07-01,"Robbery",197
2015-08-01,"Robbery",184
2015-09-01,"Robbery",195
2015-10-01,"Robbery",221
2015-11-01,"Robbery",199
2015-12-01,"Robbery",199
2016-01-01,"Robbery",184
2016-02-01,"Robbery",197
2016-03-01,"Robbery",208
2016-04-01,"Robbery",209
2016-05-01,"Robbery",202
2016-06-01,"Robbery",179
2016-07-01,"Robbery",198
2016-08-01,"Robbery",164
2016-09-01,"Robbery",190
2016-10-01,"Robbery",194
2016-11-01,"Robbery",219
2016-12-01,"Robbery",212
2017-01-01,"Robbery",209
2017-02-01,"Robbery",182
2017-03-01,"Robbery",219
2017-04-01,"Robbery",183
2017-05-01,"Robbery",202
2017-06-01,"Robbery",200
2017-07-01,"Robbery",247
2017-08-01,"Robbery",190
2017-09-01,"Robbery",176
2017-10-01,"Robbery",206
2017-11-01,"Robbery",186
2017-12-01,"Robbery",232
2018-01-01,"Robbery",234
2018-02-01,"Robbery",205
2018-03-01,"Robbery",239
2018-04-01,"Robbery",189
2018-05-01,"Robbery",179
2018-06-01,"Robbery",203
2018-07-01,"Robbery",213
2018-08-01,"Robbery",191
2018-09-01,"Robbery",241
2018-10-01,"Robbery",192
2018-11-01,"Robbery",198
2018-12-01,"Robbery",209
2019-01-01,"Robbery",241
2019-02-01,"Robbery",219
2019-03-01,"Robbery",264
2019-04-01,"Robbery",197
2019-05-01,"Robbery",216
2019-06-01,"Robbery",171
2019-07-01,"Robbery",184
2019-08-01,"Robbery",207
2019-09-01,"Robbery",219
2019-10-01,"Robbery",196
2019-11-01,"Robbery",215
2019-12-01,"Robbery",226
2020-01-01,"Robbery",214
2020-02-01,"Robbery",224
2020-03-01,"Robbery",201
2020-04-01,"Robbery",125
2020-05-01,"Robbery",135
2020-06-01,"Robbery",177
2020-07-01,"Robbery",157
2020-08-01,"Robbery",168
2020-09-01,"Robbery",181
2020-10-01,"Robbery",168
2020-11-01,"Robbery",193
2020-12-01,"Robbery",174
2021-01-01,"Robbery",193
2021-02-01,"Robbery",141
2021-03-01,"Robbery",159
2021-04-01,"Robbery",178
2021-05-01,"Robbery",196
2021-06-01,"Robbery",215
2021-07-01,"Robbery",120
2021-08-01,"Robbery",96
2021-09-01,"Robbery",93
2021-10-01,"Robbery",106
2021-11-01,"Robbery",127
2021-12-01,"Robbery",144
2022-01-01,"Robbery",152
2022-02-01,"Robbery",135
2022-03-01,"Robbery",153
2022-04-01,"Robbery",140
2022-05-01,"Robbery",139
2022-06-01,"Robbery",132
2022-07-01,"Robbery",128
2022-08-01,"Robbery",159
2022-09-01,"Robbery",172
2022-10-01,"Robbery",187
2022-11-01,"Robbery",182
2022-12-01,"Robbery",164
2023-01-01,"Robbery",153
2023-02-01,"Robbery",157
2023-03-01,"Robbery",181
2023-04-01,"Robbery",164
2023-05-01,"Robbery",157
2023-06-01,"Robbery",149
2023-07-01,"Robbery",166
2023-08-01,"Robbery",158
2023-09-01,"Robbery",179
2023-10-01,"Robbery",162
2023-11-01,"Robbery",139
2023-12-01,"Robbery",156
1995-01-01,"Sexual offences",629
1995-02-01,"Sexual offences",502
1995-03-01,"Sexual offences",633
1995-04-01,"Sexual offences",521
1995-05-01,"Sexual offences",490
1995-06-01,"Sexual offences",474
1995-07-01,"Sexual offences",446
1995-08-01,"Sexual offences",657
1995-09-01,"Sexual offences",577
1995-10-01,"Sexual offences",587
1995-11-01,"Sexual offences",632
1995-12-01,"Sexual offences",636
1996-01-01,"Sexual offences",793
1996-02-01,"Sexual offences",591
1996-03-01,"Sexual offences",727
1996-04-01,"Sexual offences",807
1996-05-01,"Sexual offences",827
1996-06-01,"Sexual offences",777
1996-07-01,"Sexual offences",650
1996-08-01,"Sexual offences",844
1996-09-01,"Sexual offences",696
1996-10-01,"Sexual offences",734
1996-11-01,"Sexual offences",719
1996-12-01,"Sexual offences",615
1997-01-01,"Sexual offences",851
1997-02-01,"Sexual offences",782
1997-03-01,"Sexual offences",919
1997-04-01,"Sexual offences",881
1997-05-01,"Sexual offences",870
1997-06-01,"Sexual offences",725
1997-07-01,"Sexual offences",772
1997-08-01,"Sexual offences",971
1997-09-01,"Sexual offences",860
1997-10-01,"Sexual offences",876
1997-11-01,"Sexual offences",856
1997-12-01,"Sexual offences",872
1998-01-01,"Sexual offences",817
1998-02-01,"Sexual offences",778
1998-03-01,"Sexual offences",789
1998-04-01,"Sexual offences",702
1998-05-01,"Sexual offences",725
1998-06-01,"Sexual offences",748
1998-07-01,"Sexual offences",593
1998-08-01,"Sexual offences",662
1998-09-01,"Sexual offences",846
1998-10-01,"Sexual offences",762
1998-11-01,"Sexual offences",703
1998-12-01,"Sexual offences",616
1999-01-01,"Sexual offences",714
1999-02-01,"Sexual offences",732
1999-03-01,"Sexual offences",765
1999-04-01,"Sexual offences",575
1999-05-01,"Sexual offences",691
1999-06-01,"Sexual offences",724
1999-07-01,"Sexual offences",577
1999-08-01,"Sexual offences",649
1999-09-01,"Sexual offences",685
1999-10-01,"Sexual offences",639
1999-11-01,"Sexual offences",657
1999-12-01,"Sexual offences",713
2000-01-01,"Sexual offences",764
2000-02-01,"Sexual offences",831
2000-03-01,"Sexual offences",869
2000-04-01,"Sexual offences",707
2000-05-01,"Sexual offences",705
2000-06-01,"Sexual offences",704
2000-07-01,"Sexual offences",740
2000-08-01,"Sexual offences",749
2000-09-01,"Sexual offences",622
2000-10-01,"Sexual offences",787
2000-11-01,"Sexual offences",767
2000-12-01,"Sexual offences",713
2001-01-01,"Sexual offences",792
2001-02-01,"Sexual offences",901
2001-03-01,"Sexual offences",897
2001-04-01,"Sexual offences",692
2001-05-01,"Sexual offences",697
2001-06-01,"Sexual offences",728
2001-07-01,"Sexual offences",653
2001-08-01,"Sexual offences",674
2001-09-01,"Sexual offences",720
2001-10-01,"Sexual offences",814
2001-11-01,"Sexual offences",737
2001-12-01,"Sexual offences",642
2002-01-01,"Sexual offences",777
2002-02-01,"Sexual offences",852
2002-03-01,"Sexual offences",752
2002-04-01,"Sexual offences",784
2002-05-01,"Sexual offences",835
2002-06-01,"Sexual offences",696
2002-07-01,"Sexual offences",624
2002-08-01,"Sexual offences",790
2002-09-01,"Sexual offences",814
2002-10-01,"Sexual offences",870
2002-11-01,"Sexual offences",879
2002-12-01,"Sexual offences",930
2003-01-01,"Sexual offences",814
2003-02-01,"Sexual offences",748
2003-03-01,"Sexual offences",870
2003-04-01,"Sexual offences",739
2003-05-01,"Sexual offences",835
2003-06-01,"Sexual offences",765
2003-07-01,"Sexual offences",699
2003-08-01,"Sexual offences",819
2003-09-01,"Sexual offences",772
2003-10-01,"Sexual offences",715
2003-11-01,"Sexual offences",784
2003-12-01,"Sexual offences",738
2004-01-01,"Sexual offences",791
2004-02-01,"Sexual offences",847
2004-03-01,"Sexual offences",889
2004-04-01,"Sexual offences",691
2004-05-01,"Sexual offences",711
2004-06-01,"Sexual offences",701
2004-07-01,"Sexual offences",747
2004-08-01,"Sexual offences",820
2004-09-01,"Sexual offences",768
2004-10-01,"Sexual offences",793
2004-11-01,"Sexual offences",874
2004-12-01,"Sexual offences",809
2005-01-01,"Sexual offences",773
2005-02-01,"Sexual offences",865
2005-03-01,"Sexual offences",923
2005-04-01,"Sexual offences",672
2005-05-01,"Sexual offences",810
2005-06-01,"Sexual offences",761
2005-07-01,"Sexual offences",624
2005-08-01,"Sexual offences",828
2005-09-01,"Sexual offences",767
2005-10-01,"Sexual offences",796
2005-11-01,"Sexual offences",850
2005-12-01,"Sexual offences",722
2006-01-01,"Sexual offences",704
2006-02-01,"Sexual offences",768
2006-03-01,"Sexual offences",918
2006-04-01,"Sexual offences",701
2006-05-01,"Sexual offences",773
2006-06-01,"Sexual offences",695
2006-07-01,"Sexual offences",653
2006-08-01,"Sexual offences",780
2006-09-01,"Sexual offences",720
2006-10-01,"Sexual offences",768
2006-11-01,"Sexual offences",831
2006-12-01,"Sexual offences",753
2007-01-01,"Sexual offences",856
2007-02-01,"Sexual offences",765
2007-03-01,"Sexual offences",900
2007-04-01,"Sexual offences",702
2007-05-01,"Sexual offences",809
2007-06-01,"Sexual offences",679
2007-07-01,"Sexual offences",697
2007-08-01,"Sexual offences",669
2007-09-01,"Sexual offences",783
2007-10-01,"Sexual offences",822
2007-11-01,"Sexual offences",785
2007-12-01,"Sexual offences",691
2008-01-01,"Sexual offences",799
2008-02-01,"Sexual offences",700
2008-03-01,"Sexual offences",866
2008-04-01,"Sexual offences",727
2008-05-01,"Sexual offences",765
2008-06-01,"Sexual offences",747
2008-07-01,"Sexual offences",669
2008-08-01,"Sexual offences",726
2008-09-01,"Sexual offences",811
2008-10-01,"Sexual offences",787
2008-11-01,"Sexual offences",927
2008-12-01,"Sexual offences",799
2009-01-01,"Sexual offences",761
2009-02-01,"Sexual offences",748
2009-03-01,"Sexual offences",965
2009-04-01,"Sexual offences",653
2009-05-01,"Sexual offences",864
2009-06-01,"Sexual offences",776
2009-07-01,"Sexual offences",664
2009-08-01,"Sexual offences",880
2009-09-01,"Sexual offences",929
2009-10-01,"Sexual offences",812
2009-11-01,"Sexual offences",873
2009-12-01,"Sexual offences",844
2010-01-01,"Sexual offences",812
2010-02-01,"Sexual offences",856
2010-03-01,"Sexual offences",1000
2010-04-01,"Sexual offences",794
2010-05-01,"Sexual offences",774
2010-06-01,"Sexual offences",786
2010-07-01,"Sexual offences",741
2010-08-01,"Sexual offences",812
2010-09-01,"Sexual offences",809
2010-10-01,"Sexual offences",767
2010-11-01,"Sexual offences",873
2010-12-01,"Sexual offences",755
2011-01-01,"Sexual offences",821
2011-02-01,"Sexual offences",822
2011-03-01,"Sexual offences",1075
2011-04-01,"Sexual offences",746
2011-05-01,"Sexual offences",844
2011-06-01,"Sexual offences",848
2011-07-01,"Sexual offences",710
2011-08-01,"Sexual offences",935
2011-09-01,"Sexual offences",929
2011-10-01,"Sexual offences",958
2011-11-01,"Sexual offences",952
2011-12-01,"Sexual offences",721
2012-01-01,"Sexual offences",830
2012-02-01,"Sexual offences",904
2012-03-01,"Sexual offences",863
2012-04-01,"Sexual offences",760
2012-05-01,"Sexual offences",854
2012-06-01,"Sexual offences",782
2012-07-01,"Sexual offences",724
2012-08-01,"Sexual offences",964
2012-09-01,"Sexual offences",863
2012-10-01,"Sexual offences",954
2012-11-01,"Sexual offences",1144
2012-12-01,"Sexual offences",856
2013-01-01,"Sexual offences",838
2013-02-01,"Sexual offences",851
2013-03-01,"Sexual offences",942
2013-04-01,"Sexual offences",827
2013-05-01,"Sexual offences",1012
2013-06-01,"Sexual offences",846
2013-07-01,"Sexual offences",819
2013-08-01,"Sexual offences",971
2013-09-01,"Sexual offences",980
2013-10-01,"Sexual offences",1010
2013-11-01,"Sexual offences",996
2013-12-01,"Sexual offences",985
2014-01-01,"Sexual offences",918
2014-02-01,"Sexual offences",1057
2014-03-01,"Sexual offences",1142
2014-04-01,"Sexual offences",863
2014-05-01,"Sexual offences",1029
2014-06-01,"Sexual offences",953
2014-07-01,"Sexual offences",916
2014-08-01,"Sexual offences",946
2014-09-01,"Sexual offences",840
2014-10-01,"Sexual offences",978
2014-11-01,"Sexual offences",990
2014-12-01,"Sexual offences",887
2015-01-01,"Sexual offences",857
2015-02-01,"Sexual offences",902
2015-03-01,"Sexual offences",1113
2015-04-01,"Sexual offences",882
2015-05-01,"Sexual offences",998
2015-06-01,"Sexual offences",983
2015-07-01,"Sexual offences",991
2015-08-01,"Sexual offences",940
2015-09-01,"Sexual offences",1021
2015-10-01,"Sexual offences",1066
2015-11-01,"Sexual offences",1080
2015-12-01,"Sexual offences",951
2016-01-01,"Sexual offences",920
2016-02-01,"Sexual offences",1078
2016-03-01,"Sexual offences",1222
2016-04-01,"Sexual offences",935
2016-05-01,"Sexual offences",949
2016-06-01,"Sexual offences",1016
2016-07-01,"Sexual offences",869
2016-08-01,"Sexual offences",1032
2016-09-01,"Sexual offences",964
2016-10-01,"Sexual offences",1084
2016-11-01,"Sexual offences",1150
2016-12-01,"Sexual offences",986
2017-01-01,"Sexual offences",1143
2017-02-01,"Sexual offences",1242
2017-03-01,"Sexual offences",1250
2017-04-01,"Sexual offences",914
2017-05-01,"Sexual offences",1227
2017-06-01,"Sexual offences",1088
2017-07-01,"Sexual offences",1057
2017-08-01,"Sexual offences",1159
2017-09-01,"Sexual offences",1087
2017-10-01,"Sexual offences",1281
2017-11-01,"Sexual offences",1165
2017-12-01,"Sexual offences",1054
2018-01-01,"Sexual offences",1089
2018-02-01,"Sexual offences",1119
2018-03-01,"Sexual offences",1308
2018-04-01,"Sexual offences",1099
2018-05-01,"Sexual offences",1292
2018-06-01,"Sexual offences",1165
2018-07-01,"Sexual offences",1033
2018-08-01,"Sexual offences",1170
2018-09-01,"Sexual offences",1028
2018-10-01,"Sexual offences",1129
2018-11-01,"Sexual offences",1344
2018-12-01,"Sexual offences",1108
2019-01-01,"Sexual offences",1069
2019-02-01,"Sexual offences",1262
2019-03-01,"Sexual offences",1476
2019-04-01,"Sexual offences",1065
2019-05-01,"Sexual offences",1203
2019-06-01,"Sexual offences",1081
2019-07-01,"Sexual offences",1118
2019-08-01,"Sexual offences",1250
2019-09-01,"Sexual offences",1352
2019-10-01,"Sexual offences",1240
2019-11-01,"Sexual offences",1397
2019-12-01,"Sexual offences",1178
2020-01-01,"Sexual offences",1059
2020-02-01,"Sexual offences",1340
2020-03-01,"Sexual offences",1283
2020-04-01,"Sexual offences",836
2020-05-01,"Sexual offences",1094
2020-06-01,"Sexual offences",1404
2020-07-01,"Sexual offences",1253
2020-08-01,"Sexual offences",1285
2020-09-01,"Sexual offences",1411
2020-10-01,"Sexual offences",1320
2020-11-01,"Sexual offences",1398
2020-12-01,"Sexual offences",1335
2021-01-01,"Sexual offences",1059
2021-02-01,"Sexual offences",1391
2021-03-01,"Sexual offences",1995
2021-04-01,"Sexual offences",1303
2021-05-01,"Sexual offences",1503
2021-06-01,"Sexual offences",1416
2021-07-01,"Sexual offences",1151
2021-08-01,"Sexual offences",1041
2021-09-01,"Sexual offences",1097
2021-10-01,"Sexual offences",1253
2021-11-01,"Sexual offences",1653
2021-12-01,"Sexual offences",1219
2022-01-01,"Sexual offences",1043
2022-02-01,"Sexual offences",1346
2022-03-01,"Sexual offences",1613
2022-04-01,"Sexual offences",1276
2022-05-01,"Sexual offences",1510
2022-06-01,"Sexual offences",1555
2022-07-01,"Sexual offences",1486
2022-08-01,"Sexual offences",1570
2022-09-01,"Sexual offences",1438
2022-10-01,"Sexual offences",1452
2022-11-01,"Sexual offences",1664
2022-12-01,"Sexual offences",1390
2023-01-01,"Sexual offences",1312
2023-02-01,"Sexual offences",1572
2023-03-01,"Sexual offences",1854
2023-04-01,"Sexual offences",988
2023-05-01,"Sexual offences",1164
2023-06-01,"Sexual offences",1180
2023-07-01,"Sexual offences",1332
2023-08-01,"Sexual offences",1616
2023-09-01,"Sexual offences",1599
2023-10-01,"Sexual offences",1600
2023-11-01,"Sexual offences",1731
2023-12-01,"Sexual offences",1438
1995-01-01,"Theft",27365
1995-02-01,"Theft",24936
1995-03-01,"Theft",27869
1995-04-01,"Theft",25234
1995-05-01,"Theft",26614
1995-06-01,"Theft",26328
1995-07-01,"Theft",27120
1995-08-01,"Theft",28911
1995-09-01,"Theft",29024
1995-10-01,"Theft",31230
1995-11-01,"Theft",29264
1995-12-01,"Theft",29355
1996-01-01,"Theft",31278
1996-02-01,"Theft",28847
1996-03-01,"Theft",30724
1996-04-01,"Theft",28260
1996-05-01,"Theft",31179
1996-06-01,"Theft",30421
1996-07-01,"Theft",31299
1996-08-01,"Theft",32053
1996-09-01,"Theft",31532
1996-10-01,"Theft",34176
1996-11-01,"Theft",32053
1996-12-01,"Theft",31835
1997-01-01,"Theft",33355
1997-02-01,"Theft",30765
1997-03-01,"Theft",34037
1997-04-01,"Theft",31885
1997-05-01,"Theft",33599
1997-06-01,"Theft",31292
1997-07-01,"Theft",32257
1997-08-01,"Theft",32969
1997-09-01,"Theft",34012
1997-10-01,"Theft",35616
1997-11-01,"Theft",35114
1997-12-01,"Theft",35738
1998-01-01,"Theft",36676
1998-02-01,"Theft",33268
1998-03-01,"Theft",37173
1998-04-01,"Theft",35146
1998-05-01,"Theft",36602
1998-06-01,"Theft",35480
1998-07-01,"Theft",35400
1998-08-01,"Theft",36479
1998-09-01,"Theft",35206
1998-10-01,"Theft",35751
1998-11-01,"Theft",33318
1998-12-01,"Theft",32769
1999-01-01,"Theft",34404
1999-02-01,"Theft",32036
1999-03-01,"Theft",35378
1999-04-01,"Theft",32846
1999-05-01,"Theft",34551
1999-06-01,"Theft",33057
1999-07-01,"Theft",34606
1999-08-01,"Theft",35741
1999-09-01,"Theft",35578
1999-10-01,"Theft",36248
1999-11-01,"Theft",36479
1999-12-01,"Theft",35723
2000-01-01,"Theft",38353
2000-02-01,"Theft",36148
2000-03-01,"Theft",38935
2000-04-01,"Theft",35971
2000-05-01,"Theft",38283
2000-06-01,"Theft",37219
2000-07-01,"Theft",39146
2000-08-01,"Theft",37903
2000-09-01,"Theft",36965
2000-10-01,"Theft",40745
2000-11-01,"Theft",39298
2000-12-01,"Theft",37355
2001-01-01,"Theft",42385
2001-02-01,"Theft",36765
2001-03-01,"Theft",39057
2001-04-01,"Theft",36925
2001-05-01,"Theft",39883
2001-06-01,"Theft",38048
2001-07-01,"Theft",39849
2001-08-01,"Theft",39641
2001-09-01,"Theft",36585
2001-10-01,"Theft",38624
2001-11-01,"Theft",37119
2001-12-01,"Theft",36169
2002-01-01,"Theft",37632
2002-02-01,"Theft",33232
2002-03-01,"Theft",36161
2002-04-01,"Theft",35244
2002-05-01,"Theft",34750
2002-06-01,"Theft",32591
2002-07-01,"Theft",34833
2002-08-01,"Theft",33508
2002-09-01,"Theft",32784
2002-10-01,"Theft",33704
2002-11-01,"Theft",32736
2002-12-01,"Theft",31009
2003-01-01,"Theft",32182
2003-02-01,"Theft",29426
2003-03-01,"Theft",32924
2003-04-01,"Theft",30594
2003-05-01,"Theft",32036
2003-06-01,"Theft",30640
2003-07-01,"Theft",30871
2003-08-01,"Theft",29029
2003-09-01,"Theft",29567
2003-10-01,"Theft",29437
2003-11-01,"Theft",28262
2003-12-01,"Theft",28327
2004-01-01,"Theft",29580
2004-02-01,"Theft",27383
2004-03-01,"Theft",30106
2004-04-01,"Theft",27333
2004-05-01,"Theft",27018
2004-06-01,"Theft",24860
2004-07-01,"Theft",25381
2004-08-01,"Theft",27112
2004-09-01,"Theft",24952
2004-10-01,"Theft",26295
2004-11-01,"Theft",27872
2004-12-01,"Theft",26612
2005-01-01,"Theft",26896
2005-02-01,"Theft",24383
2005-03-01,"Theft",26908
2005-04-01,"Theft",24935
2005-05-01,"Theft",25676
2005-06-01,"Theft",24244
2005-07-01,"Theft",24914
2005-08-01,"Theft",23875
2005-09-01,"Theft",24471
2005-10-01,"Theft",25048
2005-11-01,"Theft",24559
2005-12-01,"Theft",24208
2006-01-01,"Theft",26422
2006-02-01,"Theft",23787
2006-03-01,"Theft",25959
2006-04-01,"Theft",24414
2006-05-01,"Theft",26030
2006-06-01,"Theft",25281
2006-07-01,"Theft",25337
2006-08-01,"Theft",23941
2006-09-01,"Theft",23611
2006-10-01,"Theft",24693
2006-11-01,"Theft",24293
2006-12-01,"Theft",23612
2007-01-01,"Theft",25609
2007-02-01,"Theft",22846
2007-03-01,"Theft",25573
2007-04-01,"Theft",24335
2007-05-01,"Theft",25628
2007-06-01,"Theft",24027
2007-07-01,"Theft",23743
2007-08-01,"Theft",23258
2007-09-01,"Theft",23141
2007-10-01,"Theft",25130
2007-11-01,"Theft",24845
2007-12-01,"Theft",23712
2008-01-01,"Theft",24781
2008-02-01,"Theft",22995
2008-03-01,"Theft",24925
2008-04-01,"Theft",24033
2008-05-01,"Theft",24981
2008-06-01,"Theft",24997
2008-07-01,"Theft",23698
2008-08-01,"Theft",22983
2008-09-01,"Theft",23262
2008-10-01,"Theft",24153
2008-11-01,"Theft",22645
2008-12-01,"Theft",21105
2009-01-01,"Theft",22886
2009-02-01,"Theft",21191
2009-03-01,"Theft",22643
2009-04-01,"Theft",21589
2009-05-01,"Theft",21645
2009-06-01,"Theft",21361
2009-07-01,"Theft",20545
2009-08-01,"Theft",20575
2009-09-01,"Theft",20651
2009-10-01,"Theft",21487
2009-11-01,"Theft",21461
2009-12-01,"Theft",22212
2010-01-01,"Theft",22650
2010-02-01,"Theft",20354
2010-03-01,"Theft",22923
2010-04-01,"Theft",20198
2010-05-01,"Theft",21635
2010-06-01,"Theft",20954
2010-07-01,"Theft",19796
2010-08-01,"Theft",20273
2010-09-01,"Theft",19926
2010-10-01,"Theft",20457
2010-11-01,"Theft",20579
2010-12-01,"Theft",21187
2011-01-01,"Theft",22447
2011-02-01,"Theft",20184
2011-03-01,"Theft",22752
2011-04-01,"Theft",20841
2011-05-01,"Theft",22489
2011-06-01,"Theft",20911
2011-07-01,"Theft",19581
2011-08-01,"Theft",20222
2011-09-01,"Theft",20732
2011-10-01,"Theft",21241
2011-11-01,"Theft",20795
2011-12-01,"Theft",22136
2012-01-01,"Theft",22708
2012-02-01,"Theft",21233
2012-03-01,"Theft",22590
2012-04-01,"Theft",21655
2012-05-01,"Theft",22224
2012-06-01,"Theft",20019
2012-07-01,"Theft",20400
2012-08-01,"Theft",20631
2012-09-01,"Theft",21213
2012-10-01,"Theft",23263
2012-11-01,"Theft",22444
2012-12-01,"Theft",21726
2013-01-01,"Theft",23090
2013-02-01,"Theft",20035
2013-03-01,"Theft",21989
2013-04-01,"Theft",20909
2013-05-01,"Theft",21470
2013-06-01,"Theft",21199
2013-07-01,"Theft",21108
2013-08-01,"Theft",21012
2013-09-01,"Theft",20265
2013-10-01,"Theft",20531
2013-11-01,"Theft",20834
2013-12-01,"Theft",20474
2014-01-01,"Theft",21730
2014-02-01,"Theft",19236
2014-03-01,"Theft",21301
2014-04-01,"Theft",19419
2014-05-01,"Theft",20652
2014-06-01,"Theft",19932
2014-07-01,"Theft",19130
2014-08-01,"Theft",19262
2014-09-01,"Theft",20285
2014-10-01,"Theft",20759
2014-11-01,"Theft",20534
2014-12-01,"Theft",20616
2015-01-01,"Theft",21414
2015-02-01,"Theft",19211
2015-03-01,"Theft",21192
2015-04-01,"Theft",20170
2015-05-01,"Theft",20620
2015-06-01,"Theft",19543
2015-07-01,"Theft",18714
2015-08-01,"Theft",18517
2015-09-01,"Theft",18573
2015-10-01,"Theft",19248
2015-11-01,"Theft",19618
2015-12-01,"Theft",20473
2016-01-01,"Theft",20049
2016-02-01,"Theft",19721
2016-03-01,"Theft",20317
2016-04-01,"Theft",20288
2016-05-01,"Theft",20008
2016-06-01,"Theft",19352
2016-07-01,"Theft",18875
2016-08-01,"Theft",19089
2016-09-01,"Theft",18757
2016-10-01,"Theft",19180
2016-11-01,"Theft",19672
2016-12-01,"Theft",19078
2017-01-01,"Theft",19871
2017-02-01,"Theft",17791
2017-03-01,"Theft",20104
2017-04-01,"Theft",18526
2017-05-01,"Theft",19472
2017-06-01,"Theft",18006
2017-07-01,"Theft",17350
2017-08-01,"Theft",17956
2017-09-01,"Theft",17437
2017-10-01,"Theft",19783
2017-11-01,"Theft",19510
2017-12-01,"Theft",18843
2018-01-01,"Theft",20452
2018-02-01,"Theft",17880
2018-03-01,"Theft",18683
2018-04-01,"Theft",18625
2018-05-01,"Theft",19877
2018-06-01,"Theft",17388
2018-07-01,"Theft",17875
2018-08-01,"Theft",17775
2018-09-01,"Theft",17868
2018-10-01,"Theft",19314
2018-11-01,"Theft",19278
2018-12-01,"Theft",18767
2019-01-01,"Theft",19586
2019-02-01,"Theft",17577
2019-03-01,"Theft",19286
2019-04-01,"Theft",18644
2019-05-01,"Theft",19476
2019-06-01,"Theft",17631
2019-07-01,"Theft",18572
2019-08-01,"Theft",19362
2019-09-01,"Theft",19739
2019-10-01,"Theft",19411
2019-11-01,"Theft",18620
2019-12-01,"Theft",18446
2020-01-01,"Theft",19081
2020-02-01,"Theft",17756
2020-03-01,"Theft",18026
2020-04-01,"Theft",12873
2020-05-01,"Theft",12491
2020-06-01,"Theft",13156
2020-07-01,"Theft",13317
2020-08-01,"Theft",13560
2020-09-01,"Theft",13892
2020-10-01,"Theft",14898
2020-11-01,"Theft",15029
2020-12-01,"Theft",15255
2021-01-01,"Theft",15530
2021-02-01,"Theft",14785
2021-03-01,"Theft",15884
2021-04-01,"Theft",14534
2021-05-01,"Theft",16299
2021-06-01,"Theft",15593
2021-07-01,"Theft",13585
2021-08-01,"Theft",11693
2021-09-01,"Theft",11368
2021-10-01,"Theft",12805
2021-11-01,"Theft",13972
2021-12-01,"Theft",14605
2022-01-01,"Theft",14582
2022-02-01,"Theft",13828
2022-03-01,"Theft",14864
2022-04-01,"Theft",13877
2022-05-01,"Theft",14747
2022-06-01,"Theft",14639
2022-07-01,"Theft",14509
2022-08-01,"Theft",15476
2022-09-01,"Theft",14734
2022-10-01,"Theft",15406
2022-11-01,"Theft",15792
2022-12-01,"Theft",15777
2023-01-01,"Theft",16794
2023-02-01,"Theft",15052
2023-03-01,"Theft",16929
2023-04-01,"Theft",15246
2023-05-01,"Theft",15410
2023-06-01,"Theft",15726
2023-07-01,"Theft",15970
2023-08-01,"Theft",17209
2023-09-01,"Theft",16236
2023-10-01,"Theft",16688
2023-11-01,"Theft",15562
2023-12-01,"Theft",15461
1995-01-01,"Transport regulatory offences",40
1995-02-01,"Transport regulatory offences",57
1995-03-01,"Transport regulatory offences",57
1995-04-01,"Transport regulatory offences",53
1995-05-01,"Transport regulatory offences",86
1995-06-01,"Transport regulatory offences",66
1995-07-01,"Transport regulatory offences",84
1995-08-01,"Transport regulatory offences",87
1995-09-01,"Transport regulatory offences",53
1995-10-01,"Transport regulatory offences",52
1995-11-01,"Transport regulatory offences",49
1995-12-01,"Transport regulatory offences",62
1996-01-01,"Transport regulatory offences",75
1996-02-01,"Transport regulatory offences",60
1996-03-01,"Transport regulatory offences",78
1996-04-01,"Transport regulatory offences",68
1996-05-01,"Transport regulatory offences",76
1996-06-01,"Transport regulatory offences",83
1996-07-01,"Transport regulatory offences",82
1996-08-01,"Transport regulatory offences",69
1996-09-01,"Transport regulatory offences",74
1996-10-01,"Transport regulatory offences",80
1996-11-01,"Transport regulatory offences",63
1996-12-01,"Transport regulatory offences",48
1997-01-01,"Transport regulatory offences",57
1997-02-01,"Transport regulatory offences",49
1997-03-01,"Transport regulatory offences",56
1997-04-01,"Transport regulatory offences",65
1997-05-01,"Transport regulatory offences",53
1997-06-01,"Transport regulatory offences",47
1997-07-01,"Transport regulatory offences",45
1997-08-01,"Transport regulatory offences",57
1997-09-01,"Transport regulatory offences",42
1997-10-01,"Transport regulatory offences",42
1997-11-01,"Transport regulatory offences",51
1997-12-01,"Transport regulatory offences",46
1998-01-01,"Transport regulatory offences",61
1998-02-01,"Transport regulatory offences",48
1998-03-01,"Transport regulatory offences",62
1998-04-01,"Transport regulatory offences",53
1998-05-01,"Transport regulatory offences",73
1998-06-01,"Transport regulatory offences",59
1998-07-01,"Transport regulatory offences",50
1998-08-01,"Transport regulatory offences",95
1998-09-01,"Transport regulatory offences",85
1998-10-01,"Transport regulatory offences",84
1998-11-01,"Transport regulatory offences",92
1998-12-01,"Transport regulatory offences",100
1999-01-01,"Transport regulatory offences",102
1999-02-01,"Transport regulatory offences",109
1999-03-01,"Transport regulatory offences",108
1999-04-01,"Transport regulatory offences",148
1999-05-01,"Transport regulatory offences",134
1999-06-01,"Transport regulatory offences",244
1999-07-01,"Transport regulatory offences",259
1999-08-01,"Transport regulatory offences",320
1999-09-01,"Transport regulatory offences",358
1999-10-01,"Transport regulatory offences",247
1999-11-01,"Transport regulatory offences",301
1999-12-01,"Transport regulatory offences",235
2000-01-01,"Transport regulatory offences",397
2000-02-01,"Transport regulatory offences",325
2000-03-01,"Transport regulatory offences",333
2000-04-01,"Transport regulatory offences",312
2000-05-01,"Transport regulatory offences",398
2000-06-01,"Transport regulatory offences",518
2000-07-01,"Transport regulatory offences",507
2000-08-01,"Transport regulatory offences",481
2000-09-01,"Transport regulatory offences",201
2000-10-01,"Transport regulatory offences",294
2000-11-01,"Transport regulatory offences",574
2000-12-01,"Transport regulatory offences",397
2001-01-01,"Transport regulatory offences",438
2001-02-01,"Transport regulatory offences",439
2001-03-01,"Transport regulatory offences",525
2001-04-01,"Transport regulatory offences",517
2001-05-01,"Transport regulatory offences",711
2001-06-01,"Transport regulatory offences",575
2001-07-01,"Transport regulatory offences",582
2001-08-01,"Transport regulatory offences",722
2001-09-01,"Transport regulatory offences",717
2001-10-01,"Transport regulatory offences",836
2001-11-01,"Transport regulatory offences",1074
2001-12-01,"Transport regulatory offences",1000
2002-01-01,"Transport regulatory offences",1469
2002-02-01,"Transport regulatory offences",1536
2002-03-01,"Transport regulatory offences",1986
2002-04-01,"Transport regulatory offences",1963
2002-05-01,"Transport regulatory offences",2101
2002-06-01,"Transport regulatory offences",1902
2002-07-01,"Transport regulatory offences",2161
2002-08-01,"Transport regulatory offences",2176
2002-09-01,"Transport regulatory offences",2287
2002-10-01,"Transport regulatory offences",2405
2002-11-01,"Transport regulatory offences",1891
2002-12-01,"Transport regulatory offences",2596
2003-01-01,"Transport regulatory offences",2964
2003-02-01,"Transport regulatory offences",3663
2003-03-01,"Transport regulatory offences",4305
2003-04-01,"Transport regulatory offences",4431
2003-05-01,"Transport regulatory offences",4700
2003-06-01,"Transport regulatory offences",3679
2003-07-01,"Transport regulatory offences",3308
2003-08-01,"Transport regulatory offences",3041
2003-09-01,"Transport regulatory offences",3373
2003-10-01,"Transport regulatory offences",3594
2003-11-01,"Transport regulatory offences",3243
2003-12-01,"Transport regulatory offences",3457
2004-01-01,"Transport regulatory offences",3389
2004-02-01,"Transport regulatory offences",3334
2004-03-01,"Transport regulatory offences",3622
2004-04-01,"Transport regulatory offences",3585
2004-05-01,"Transport regulatory offences",4148
2004-06-01,"Transport regulatory offences",4072
2004-07-01,"Transport regulatory offences",3916
2004-08-01,"Transport regulatory offences",3676
2004-09-01,"Transport regulatory offences",3256
2004-10-01,"Transport regulatory offences",3185
2004-11-01,"Transport regulatory offences",2913
2004-12-01,"Transport regulatory offences",3215
2005-01-01,"Transport regulatory offences",3011
2005-02-01,"Transport regulatory offences",2516
2005-03-01,"Transport regulatory offences",2490
2005-04-01,"Transport regulatory offences",2872
2005-05-01,"Transport regulatory offences",3938
2005-06-01,"Transport regulatory offences",3536
2005-07-01,"Transport regulatory offences",3109
2005-08-01,"Transport regulatory offences",3204
2005-09-01,"Transport regulatory offences",3183
2005-10-01,"Transport regulatory offences",3138
2005-11-01,"Transport regulatory offences",2927
2005-12-01,"Transport regulatory offences",2798
2006-01-01,"Transport regulatory offences",2802
2006-02-01,"Transport regulatory offences",2605
2006-03-01,"Transport regulatory offences",3459
2006-04-01,"Transport regulatory offences",2799
2006-05-01,"Transport regulatory offences",2783
2006-06-01,"Transport regulatory offences",2824
2006-07-01,"Transport regulatory offences",3251
2006-08-01,"Transport regulatory offences",3324
2006-09-01,"Transport regulatory offences",3023
2006-10-01,"Transport regulatory offences",2476
2006-11-01,"Transport regulatory offences",2512
2006-12-01,"Transport regulatory offences",2627
2007-01-01,"Transport regulatory offences",2816
2007-02-01,"Transport regulatory offences",2495
2007-03-01,"Transport regulatory offences",2646
2007-04-01,"Transport regulatory offences",2985
2007-05-01,"Transport regulatory offences",3395
2007-06-01,"Transport regulatory offences",3199
2007-07-01,"Transport regulatory offences",3207
2007-08-01,"Transport regulatory offences",3539
2007-09-01,"Transport regulatory offences",2888
2007-10-01,"Transport regulatory offences",2438
2007-11-01,"Transport regulatory offences",3905
2007-12-01,"Transport regulatory offences",2966
2008-01-01,"Transport regulatory offences",2908
2008-02-01,"Transport regulatory offences",2989
2008-03-01,"Transport regulatory offences",3436
2008-04-01,"Transport regulatory offences",3824
2008-05-01,"Transport regulatory offences",3702
2008-06-01,"Transport regulatory offences",3121
2008-07-01,"Transport regulatory offences",3138
2008-08-01,"Transport regulatory offences",3287
2008-09-01,"Transport regulatory offences",3281
2008-10-01,"Transport regulatory offences",3284
2008-11-01,"Transport regulatory offences",3301
2008-12-01,"Transport regulatory offences",3101
2009-01-01,"Transport regulatory offences",3528
2009-02-01,"Transport regulatory offences",3520
2009-03-01,"Transport regulatory offences",3673
2009-04-01,"Transport regulatory offences",3313
2009-05-01,"Transport regulatory offences",3656
2009-06-01,"Transport regulatory offences",3417
2009-07-01,"Transport regulatory offences",3743
2009-08-01,"Transport regulatory offences",3111
2009-09-01,"Transport regulatory offences",3161
2009-10-01,"Transport regulatory offences",4001
2009-11-01,"Transport regulatory offences",3536
2009-12-01,"Transport regulatory offences",3955
2010-01-01,"Transport regulatory offences",3639
2010-02-01,"Transport regulatory offences",3976
2010-03-01,"Transport regulatory offences",4819
2010-04-01,"Transport regulatory offences",4649
2010-05-01,"Transport regulatory offences",4586
2010-06-01,"Transport regulatory offences",4645
2010-07-01,"Transport regulatory offences",4692
2010-08-01,"Transport regulatory offences",4061
2010-09-01,"Transport regulatory offences",4446
2010-10-01,"Transport regulatory offences",4427
2010-11-01,"Transport regulatory offences",4726
2010-12-01,"Transport regulatory offences",5144
2011-01-01,"Transport regulatory offences",4929
2011-02-01,"Transport regulatory offences",5208
2011-03-01,"Transport regulatory offences",5990
2011-04-01,"Transport regulatory offences",5302
2011-05-01,"Transport regulatory offences",4992
2011-06-01,"Transport regulatory offences",5213
2011-07-01,"Transport regulatory offences",4767
2011-08-01,"Transport regulatory offences",5131
2011-09-01,"Transport regulatory offences",5117
2011-10-01,"Transport regulatory offences",5373
2011-11-01,"Transport regulatory offences",1547
2011-12-01,"Transport regulatory offences",3691
2012-01-01,"Transport regulatory offences",4649
2012-02-01,"Transport regulatory offences",4296
2012-03-01,"Transport regulatory offences",5540
2012-04-01,"Transport regulatory offences",4333
2012-05-01,"Transport regulatory offences",6273
2012-06-01,"Transport regulatory offences",5748
2012-07-01,"Transport regulatory offences",5046
2012-08-01,"Transport regulatory offences",4415
2012-09-01,"Transport regulatory offences",3926
2012-10-01,"Transport regulatory offences",4413
2012-11-01,"Transport regulatory offences",5353
2012-12-01,"Transport regulatory offences",4662
2013-01-01,"Transport regulatory offences",5443
2013-02-01,"Transport regulatory offences",4567
2013-03-01,"Transport regulatory offences",5720
2013-04-01,"Transport regulatory offences",6167
2013-05-01,"Transport regulatory offences",7067
2013-06-01,"Transport regulatory offences",5685
2013-07-01,"Transport regulatory offences",4836
2013-08-01,"Transport regulatory offences",5811
2013-09-01,"Transport regulatory offences",5329
2013-10-01,"Transport regulatory offences",7005
2013-11-01,"Transport regulatory offences",6818
2013-12-01,"Transport regulatory offences",6278
2014-01-01,"Transport regulatory offences",7313
2014-02-01,"Transport regulatory offences",6359
2014-03-01,"Transport regulatory offences",6841
2014-04-01,"Transport regulatory offences",6749
2014-05-01,"Transport regulatory offences",6978
2014-06-01,"Transport regulatory offences",6385
2014-07-01,"Transport regulatory offences",6146
2014-08-01,"Transport regulatory offences",5876
2014-09-01,"Transport regulatory offences",6830
2014-10-01,"Transport regulatory offences",8559
2014-11-01,"Transport regulatory offences",7127
2014-12-01,"Transport regulatory offences",9162
2015-01-01,"Transport regulatory offences",10886
2015-02-01,"Transport regulatory offences",9381
2015-03-01,"Transport regulatory offences",9571
2015-04-01,"Transport regulatory offences",10597
2015-05-01,"Transport regulatory offences",11135
2015-06-01,"Transport regulatory offences",10876
2015-07-01,"Transport regulatory offences",10720
2015-08-01,"Transport regulatory offences",9935
2015-09-01,"Transport regulatory offences",9098
2015-10-01,"Transport regulatory offences",9332
2015-11-01,"Transport regulatory offences",8629
2015-12-01,"Transport regulatory offences",9107
2016-01-01,"Transport regulatory offences",9704
2016-02-01,"Transport regulatory offences",8979
2016-03-01,"Transport regulatory offences",9238
2016-04-01,"Transport regulatory offences",9687
2016-05-01,"Transport regulatory offences",9098
2016-06-01,"Transport regulatory offences",9510
2016-07-01,"Transport regulatory offences",10375
2016-08-01,"Transport regulatory offences",11285
2016-09-01,"Transport regulatory offences",10417
2016-10-01,"Transport regulatory offences",9645
2016-11-01,"Transport regulatory offences",10999
2016-12-01,"Transport regulatory offences",11126
2017-01-01,"Transport regulatory offences",10087
2017-02-01,"Transport regulatory offences",11057
2017-03-01,"Transport regulatory offences",11500
2017-04-01,"Transport regulatory offences",10335
2017-05-01,"Transport regulatory offences",12278
2017-06-01,"Transport regulatory offences",11118
2017-07-01,"Transport regulatory offences",10470
2017-08-01,"Transport regulatory offences",11039
2017-09-01,"Transport regulatory offences",10086
2017-10-01,"Transport regulatory offences",10738
2017-11-01,"Transport regulatory offences",10385
2017-12-01,"Transport regulatory offences",10435
2018-01-01,"Transport regulatory offences",10008
2018-02-01,"Transport regulatory offences",8722
2018-03-01,"Transport regulatory offences",10213
2018-04-01,"Transport regulatory offences",10002
2018-05-01,"Transport regulatory offences",11841
2018-06-01,"Transport regulatory offences",9919
2018-07-01,"Transport regulatory offences",9157
2018-08-01,"Transport regulatory offences",10042
2018-09-01,"Transport regulatory offences",8661
2018-10-01,"Transport regulatory offences",8487
2018-11-01,"Transport regulatory offences",8808
2018-12-01,"Transport regulatory offences",8497
2019-01-01,"Transport regulatory offences",9005
2019-02-01,"Transport regulatory offences",8485
2019-03-01,"Transport regulatory offences",9910
2019-04-01,"Transport regulatory offences",9100
2019-05-01,"Transport regulatory offences",9508
2019-06-01,"Transport regulatory offences",9575
2019-07-01,"Transport regulatory offences",9545
2019-08-01,"Transport regulatory offences",9405
2019-09-01,"Transport regulatory offences",9581
2019-10-01,"Transport regulatory offences",9654
2019-11-01,"Transport regulatory offences",9931
2019-12-01,"Transport regulatory offences",9543
2020-01-01,"Transport regulatory offences",8864
2020-02-01,"Transport regulatory offences",8253
2020-03-01,"Transport regulatory offences",7119
2020-04-01,"Transport regulatory offences",2761
2020-05-01,"Transport regulatory offences",6664
2020-06-01,"Transport regulatory offences",8218
2020-07-01,"Transport regulatory offences",5892
2020-08-01,"Transport regulatory offences",4708
2020-09-01,"Transport regulatory offences",4954
2020-10-01,"Transport regulatory offences",4084
2020-11-01,"Transport regulatory offences",3908
2020-12-01,"Transport regulatory offences",8149
2021-01-01,"Transport regulatory offences",7439
2021-02-01,"Transport regulatory offences",6056
2021-03-01,"Transport regulatory offences",7263
2021-04-01,"Transport regulatory offences",7198
2021-05-01,"Transport regulatory offences",7467
2021-06-01,"Transport regulatory offences",7431
2021-07-01,"Transport regulatory offences",5075
2021-08-01,"Transport regulatory offences",4123
2021-09-01,"Transport regulatory offences",3518
2021-10-01,"Transport regulatory offences",5466
2021-11-01,"Transport regulatory offences",6254
2021-12-01,"Transport regulatory offences",6410
2022-01-01,"Transport regulatory offences",5912
2022-02-01,"Transport regulatory offences",6056
2022-03-01,"Transport regulatory offences",5153
2022-04-01,"Transport regulatory offences",4499
2022-05-01,"Transport regulatory offences",6481
2022-06-01,"Transport regulatory offences",5997
2022-07-01,"Transport regulatory offences",5125
2022-08-01,"Transport regulatory offences",5656
2022-09-01,"Transport regulatory offences",5414
2022-10-01,"Transport regulatory offences",5513
2022-11-01,"Transport regulatory offences",4228
2022-12-01,"Transport regulatory offences",5783
2023-01-01,"Transport regulatory offences",6825
2023-02-01,"Transport regulatory offences",6103
2023-03-01,"Transport regulatory offences",6633
2023-04-01,"Transport regulatory offences",6441
2023-05-01,"Transport regulatory offences",7148
2023-06-01,"Transport regulatory offences",7023
2023-07-01,"Transport regulatory offences",5645
2023-08-01,"Transport regulatory offences",6159
2023-09-01,"Transport regulatory offences",6268
2023-10-01,"Transport regulatory offences",4488
2023-11-01,"Transport regulatory offences",5002
2023-12-01,"Transport regulatory offences",5586
